est_x,est_y,odom_x,odom_y,gt_x,gt_y,cov_x,cov_y,cov_xy,cov_yx,heading_cmd,speed_cmd,heading,speed,setpoint_x,setpoint_y,gt_heading,gt_speed,collision,step
nan,nan,-0.5,-0.5,-0.5,-0.5,nan,nan,nan,nan,0.0,0.0,-0.0053566936403512955,0.0,0.5,0.5,0.0,0.0,0.0,1
-0.4943830668926239,-0.479744017124176,-0.5,-0.5,-0.5,-0.5,0.0007766865310259163,0.0007766865310259163,0.0,0.0,0.0025269410107284784,0.0,-0.004510411527007818,0.0,0.5,0.5,0.0025269410107284784,0.0,0.0,2
-0.5118809938430786,-0.49332672357559204,-0.5,-0.5,-0.5,-0.5,0.0006350140320137143,0.0006603853544220328,0.0,0.0,0.0016987649723887444,0.0,-0.02155154198408127,0.0,0.5,0.5,0.0016987649723887444,0.0,0.0,3
-0.5116633176803589,-0.5090581774711609,-0.4999772012233734,-0.4993596076965332,-0.49996721744537354,-0.49920129776000977,0.0005781002691946924,0.0005702384514734149,0.0,0.0,0.041036512702703476,0.00800000037997961,0.035593923181295395,0.0064080217853188515,0.5,0.5,0.041036512702703476,0.007993810810148716,0.0,4
-0.5046299695968628,-0.496154248714447,-0.49995869398117065,-0.4975845217704773,-0.4999399185180664,-0.4976019859313965,0.0005429335287772119,0.0004959141369909048,0.0,0.0,0.017073430120944977,0.01600000075995922,0.010421483777463436,0.017751924693584442,0.5,0.5,0.017073430120944977,0.015995405614376068,0.0,5
-0.49422958493232727,-0.4942275285720825,-0.5000239014625549,-0.4950769245624542,-0.4999912977218628,-0.4952043294906616,0.0005205536144785583,0.0004898185143247247,0.0,0.0,-0.021429898217320442,0.024000000208616257,-0.02600715681910515,0.025084322318434715,0.5,0.5,-0.021429898217320442,0.0239822119474411,0.0,6
-0.50566166639328,-0.4944927394390106,-0.4999457895755768,-0.49170422554016113,-0.4999241530895233,-0.49200791120529175,0.0005060426192358136,0.0004857640014961362,0.0,0.0,0.021005460992455482,0.03200000151991844,0.023152051493525505,0.033736057579517365,0.5,0.5,0.021005460992455482,0.031971193850040436,0.0,7
-0.5109654068946838,-0.49257513880729675,-0.4998353123664856,-0.48781073093414307,-0.49979567527770996,-0.4888730049133301,0.0004965196130797267,0.00046406572801060975,0.0,0.0,0.04095769301056862,0.03138156607747078,0.028367038816213608,0.03895065560936928,0.5,0.5,0.04095769301056862,0.03137531876564026,0.0,8
-0.4966847896575928,-0.4818146228790283,-0.4998283088207245,-0.4836283326148987,-0.4998369812965393,-0.4856741726398468,0.00045188196236267686,0.0004684522864408791,0.0,0.0,-0.012908217497169971,0.03203754499554634,0.0016719894483685493,0.04182392731308937,0.5,0.5,-0.012908217497169971,0.03199107572436333,0.0,9
-0.48071637749671936,-0.46761152148246765,-0.5000954866409302,-0.48026907444000244,-0.5000783205032349,-0.4826377332210541,0.00046015792759135365,0.00045289992704056203,0.0,0.0,-0.07931683212518692,0.030527353286743164,-0.07936137169599533,0.03369878605008125,0.5,0.5,-0.07931683212518692,0.030460065230727196,0.0,10
-0.49591439962387085,-0.46385622024536133,-0.5001665949821472,-0.47781291604042053,-0.5001259446144104,-0.4798523783683777,0.0004475066380109638,0.0004427638777997345,0.0,0.0,-0.01710323989391327,0.027911676093935966,-0.02894441969692707,0.024571901187300682,0.5,0.5,-0.01710323989391327,0.02785767801105976,0.0,11
-0.5005345940589905,-0.4741942584514618,-0.5001491904258728,-0.4746157228946686,-0.5001187920570374,-0.47652459144592285,0.00043922540498897433,0.00043610366992652416,0.0,0.0,0.002145271748304367,0.03328422084450722,0.005434968043118715,0.031972452998161316,0.5,0.5,0.002145271748304367,0.03327805548906326,0.0,12
-0.48616132140159607,-0.4596749246120453,-0.500347912311554,-0.47121521830558777,-0.5002992749214172,-0.4734642207622528,0.00045146967750042677,0.00044931532465852797,0.0,0.0,-0.058901309967041016,0.03071415424346924,-0.05838102102279663,0.034063104540109634,0.5,0.5,-0.058901309967041016,0.03065694123506546,0.0,13
-0.4796842634677887,-0.4649571478366852,-0.5006754994392395,-0.46762868762016296,-0.5005637407302856,-0.4703405499458313,0.00045987608609721065,0.0004584019770845771,0.0,0.0,-0.08446264266967773,0.031358715146780014,-0.09107791632413864,0.036014705896377563,0.5,0.5,-0.08446264266967773,0.03134847432374954,0.0,14
-0.48335209488868713,-0.4449928402900696,-0.5008406043052673,-0.46555113792419434,-0.5007621645927429,-0.46771836280822754,0.0004656077071558684,0.0004463612276595086,0.0,0.0,-0.07553080469369888,0.026298033073544502,-0.07930643856525421,0.020840859040617943,0.5,0.5,-0.07553080469369888,0.026296984404325485,0.0,15
-0.4981960654258728,-0.440848171710968,-0.5008940696716309,-0.4621896743774414,-0.5007832050323486,-0.4652000367641449,0.000451053463621065,0.0004563772235997021,0.0,0.0,-0.00835723802447319,0.025241030380129814,-0.015903295949101448,0.03361888229846954,0.5,0.5,-0.00835723802447319,0.025184104219079018,0.0,16
-0.501227855682373,-0.42856359481811523,-0.5008675456047058,-0.4590831398963928,-0.5007675886154175,-0.4626084864139557,0.00044155382784083486,0.00044503886601887643,0.0,0.0,0.006031728349626064,0.025918608531355858,0.008529582060873508,0.031066598370671272,0.5,0.5,0.006031728349626064,0.025915926322340965,0.0,17
-0.49969080090522766,-0.43689247965812683,-0.5008556842803955,-0.45575496554374695,-0.500771701335907,-0.4597752094268799,0.00045307358959689736,0.0004376022843644023,0.0,0.0,-0.0014592852676287293,0.02833370491862297,0.0035675433464348316,0.03328185901045799,0.5,0.5,-0.0014592852676287293,0.02833290956914425,0.0,18
-0.501355767250061,-0.4476442337036133,-0.5008590221405029,-0.4525439143180847,-0.5007540583610535,-0.4568747580051422,0.0004428776155691594,0.0004503500822465867,0.0,0.0,0.006089416332542896,0.029005857184529305,-0.0010412645060569048,0.032110605388879776,0.5,0.5,0.006089416332542896,0.029005032032728195,0.0,19
-0.5216817259788513,-0.4427114725112915,-0.500597357749939,-0.4498962163925171,-0.5005002021789551,-0.45432576537132263,0.0004539843648672104,0.0004410924739204347,0.0,0.0,0.09926185011863708,0.025727706030011177,0.09850483387708664,0.02660590596497059,0.5,0.5,0.09926185011863708,0.0256161130964756,0.0,20
-0.5111733078956604,-0.4487929940223694,-0.5004030466079712,-0.44656822085380554,-0.5003630518913269,-0.45157861709594727,0.0004615940270014107,0.0004527560085989535,0.0,0.0,0.049885571002960205,0.027539363130927086,0.05832289904356003,0.03333675488829613,0.5,0.5,0.049885571002960205,0.027505800127983093,0.0,21
-0.50169837474823,-0.4383644163608551,-0.5003871917724609,-0.44417309761047363,-0.5003409385681152,-0.4487980008125305,0.00046677509089931846,0.00046075519639998674,0.0,0.0,0.00795975886285305,0.02783152647316456,0.0066093080677092075,0.02395188994705677,0.5,0.5,0.00795975886285305,0.027807068079710007,0.0,22
-0.5148157477378845,-0.43480756878852844,-0.5002168416976929,-0.44134101271629333,-0.5001506209373474,-0.44610294699668884,0.00047028757398948073,0.0004478959599509835,0.0,0.0,0.07049873471260071,0.027070557698607445,0.06006871908903122,0.02837205119431019,0.5,0.5,0.07049873471260071,0.027017636224627495,0.0,23
-0.5085106492042542,-0.4221112132072449,-0.5000603199005127,-0.43860629200935364,-0.5000572800636292,-0.4439416229724884,0.0004726619808934629,0.0004394812567625195,0.0,0.0,0.04315014183521271,0.02164136990904808,0.05717279016971588,0.027392081916332245,0.5,0.5,0.04315014183521271,0.021633276715874672,0.0,24
-0.5276386737823486,-0.41252467036247253,-0.4996874928474426,-0.43614017963409424,-0.4997217357158661,-0.4416649639606476,0.0004372144758235663,0.000433937442721799,0.0,0.0,0.1463334560394287,0.023135490715503693,0.1500457376241684,0.024941325187683105,0.5,0.5,0.1463334560394287,0.023012440651655197,0.0,25
-0.5194560885429382,-0.418099969625473,-0.49941134452819824,-0.4331592619419098,-0.49947553873062134,-0.4392213523387909,0.0004500824143178761,0.0004478177288547158,0.0,0.0,0.1004176065325737,0.02458571083843708,0.09238028526306152,0.029936684295535088,0.5,0.5,0.1004176065325737,0.02455979771912098,0.0,26
-0.5182258486747742,-0.4180944263935089,-0.4992528259754181,-0.4314778447151184,-0.4992470443248749,-0.43680059909820557,0.00045892709749750793,0.00045737603795714676,0.0,0.0,0.09410940855741501,0.02431558072566986,0.09399407356977463,0.016888681799173355,0.5,0.5,0.09410940855741501,0.02431509643793106,0.0,27
-0.5122053027153015,-0.41943666338920593,-0.49907127022743225,-0.42880502343177795,-0.4990699291229248,-0.4339788854122162,0.00042867468437179923,0.00044569140300154686,0.0,0.0,0.06269030272960663,0.028286756947636604,0.06782082468271255,0.026789657771587372,0.5,0.5,0.06269030272960663,0.02827279642224312,0.0,28
-0.5144343972206116,-0.42099106311798096,-0.49895694851875305,-0.42727094888687134,-0.4989023506641388,-0.4317032992839813,0.00044417023309506476,0.00045591755770146847,0.0,0.0,0.07351560145616531,0.022818854078650475,0.07438179105520248,0.015383157879114151,0.5,0.5,0.07351560145616531,0.022817516699433327,0.0,29
-0.4978797435760498,-0.41207650303840637,-0.4989624619483948,-0.4247320890426636,-0.4989290237426758,-0.4293510913848877,0.0004194202774669975,0.00044473842717707157,0.0,0.0,-0.011333171278238297,0.02360856719315052,-0.002166623482480645,0.02538873441517353,0.5,0.5,-0.011333171278238297,0.023523636162281036,0.0,30
-0.4929259121417999,-0.41368213295936584,-0.4990786015987396,-0.42269033193588257,-0.49901023507118225,-0.4271852672100067,0.0004205997393000871,0.00043740449473261833,0.0,0.0,-0.03747452422976494,0.02168094739317894,-0.05682412162423134,0.02045067772269249,0.5,0.5,-0.03747452422976494,0.02167353965342045,0.0,31
-0.4958660304546356,-0.4229186177253723,-0.49915143847465515,-0.41980692744255066,-0.4990650713443756,-0.4245603680610657,0.0004385483916848898,0.0004502135852817446,0.0,0.0,-0.020884163677692413,0.026258287951350212,-0.025252847000956535,0.028843116015195847,0.5,0.5,-0.020884163677692413,0.026254674419760704,0.0,32
-0.5008024573326111,-0.4074530601501465,-0.4991740882396698,-0.41830208897590637,-0.49905556440353394,-0.42240211367607117,0.00045100285205990076,0.00045901688281446695,0.0,0.0,0.004398012068122625,0.02158958651125431,-0.015044637955725193,0.015050035901367664,0.5,0.5,0.004398012068122625,0.02158268541097641,0.0,33
-0.49130842089653015,-0.4080713987350464,-0.4992833435535431,-0.41649165749549866,-0.4991554319858551,-0.42029890418052673,0.0004237154498696327,0.0004467624530661851,0.0,0.0,-0.04744086042046547,0.021084215492010117,-0.06026735156774521,0.018137365579605103,0.5,0.5,-0.04744086042046547,0.02105589210987091,0.0,34
-0.49696215987205505,-0.4026697278022766,-0.4993736445903778,-0.41376811265945435,-0.49919578433036804,-0.4179389774799347,0.0004407212254591286,0.0004387361987028271,0.0,0.0,-0.017096571624279022,0.023613616824150085,-0.03314806520938873,0.027250340208411217,0.5,0.5,-0.017096571624279022,0.023602746427059174,0.0,35
-0.49013611674308777,-0.40677309036254883,-0.49955490231513977,-0.4106958508491516,-0.4993251860141754,-0.4155544638633728,0.0004525003314483911,0.00043344515142962337,0.0,0.0,-0.05421161279082298,0.023896608501672745,-0.05892974138259888,0.03077613189816475,0.5,0.5,-0.05421161279082298,0.02388015203177929,0.0,36
-0.49070852994918823,-0.38560670614242554,-0.4996725916862488,-0.4087282121181488,-0.49942269921302795,-0.41386905312538147,0.00044250214705243707,0.0004299423308111727,0.0,0.0,-0.057787928730249405,0.016882451251149178,-0.05974298715591431,0.019711533561348915,0.5,0.5,-0.057787928730249405,0.016882343217730522,0.0,37
-0.49248066544532776,-0.3929639756679535,-0.4997073709964752,-0.4079645276069641,-0.4995019733905792,-0.41209810972213745,0.0004537261265795678,0.0004276168183423579,0.0,0.0,-0.04473762959241867,0.017728732898831367,-0.04551107808947563,0.007644654251635075,0.5,0.5,-0.04473762959241867,0.01772722229361534,0.0,38
-0.4995778799057007,-0.38827356696128845,-0.4996931552886963,-0.4060545563697815,-0.4995070993900299,-0.4101110100746155,0.00044330485980026424,0.00042607003706507385,0.0,0.0,-0.0025852813851088285,0.01988867111504078,0.007438700646162033,0.019100172445178032,0.5,0.5,-0.0025852813851088285,0.019871003925800323,0.0,39
-0.5038933753967285,-0.39818909764289856,-0.499580979347229,-0.4028065800666809,-0.4994519352912903,-0.40765663981437683,0.00045427813893184066,0.00042503990698605776,0.0,0.0,0.02247677929699421,0.024557597935199738,0.03452074155211449,0.03249917924404144,0.5,0.5,0.02247677929699421,0.024549884721636772,0.0,40
-0.5146533846855164,-0.40742170810699463,-0.49949708580970764,-0.4010991156101227,-0.49926960468292236,-0.40538689494132996,0.00046179452328942716,0.0004416434676386416,0.0,0.0,0.08015497028827667,0.022808481007814407,0.04909159988164902,0.01709527149796486,0.5,0.5,0.08015497028827667,0.022770551964640617,0.0,41
-0.499563604593277,-0.4075506031513214,-0.49945974349975586,-0.39864423871040344,-0.49927520751953125,-0.403037965297699,0.00046691123861819506,0.0004531353188212961,0.0,0.0,-0.0023905152920633554,0.023569688200950623,0.015216158702969551,0.02455168403685093,0.5,0.5,-0.0023905152920633554,0.023489434272050858,0.0,42
-0.5031423568725586,-0.38142940402030945,-0.4994172751903534,-0.3967229723930359,-0.49923622608184814,-0.4010976254940033,0.0004703797458205372,0.0004429180407896638,0.0,0.0,0.020085347816348076,0.019412100315093994,0.022104447707533836,0.019217470660805702,0.5,0.5,0.020085347816348076,0.019407197833061218,0.0,43
-0.4923248291015625,-0.39053645730018616,-0.49952560663223267,-0.3946811556816101,-0.4993272125720978,-0.3991352319717407,0.0004727242048829794,0.0004362052713986486,0.0,0.0,-0.04633230343461037,0.019688336178660393,-0.05300917848944664,0.020446740090847015,0.5,0.5,-0.04633230343461037,0.019644927233457565,0.0,44
-0.5012825727462769,-0.36858874559402466,-0.49952834844589233,-0.3930962085723877,-0.49931150674819946,-0.3973778784275055,0.0004556666244752705,0.0004493855230975896,0.0,0.0,0.008932111784815788,0.017601042985916138,-0.0017262683250010014,0.01584957167506218,0.5,0.5,0.008932111784815788,0.017574170604348183,0.0,45
-0.5009994506835938,-0.3646954894065857,-0.49953779578208923,-0.39174655079841614,-0.49929890036582947,-0.39561453461647034,0.00046274164924398065,0.0004404594947118312,0.0,0.0,0.00715456111356616,0.017634015530347824,-0.007010332774370909,0.013496816158294678,0.5,0.5,0.00715456111356616,0.017633987590670586,0.0,46
-0.4749460816383362,-0.35872596502304077,-0.49988263845443726,-0.3900001645088196,-0.4996283948421478,-0.39385589957237244,0.00046755417133681476,0.00045232009142637253,0.0,0.0,-0.1852056384086609,0.01822856068611145,-0.19496147334575653,0.01780099608004093,0.5,0.5,-0.1852056384086609,0.017892347648739815,0.0,47
-0.4794137179851532,-0.3699050843715668,-0.5000753402709961,-0.3885984718799591,-0.49985387921333313,-0.3922688364982605,0.0004523172974586487,0.000460457376902923,0.0,0.0,-0.14112301170825958,0.01604561321437359,-0.1366061568260193,0.014148647896945477,0.5,0.5,-0.14112301170825958,0.016030024737119675,0.0,48
-0.4852077066898346,-0.37669163942337036,-0.500237762928009,-0.3870989978313446,-0.500048816204071,-0.39027005434036255,0.00044238221016712487,0.0004477018374018371,0.0,0.0,-0.09720828384160995,0.02010202407836914,-0.10791372507810593,0.015082391910254955,0.5,0.5,-0.09720828384160995,0.020082643255591393,0.0,49
-0.4939035177230835,-0.37026533484458923,-0.5003206133842468,-0.38476935029029846,-0.5001308917999268,-0.38831472396850586,0.00045364361722022295,0.0004572965844999999,0.0,0.0,-0.04194336012005806,0.01960058882832527,-0.03554483875632286,0.023311255499720573,0.5,0.5,-0.04194336012005806,0.019570663571357727,0.0,50
-0.5036097168922424,-0.3661470115184784,-0.5002947449684143,-0.3827716112136841,-0.500090479850769,-0.38673505187034607,0.000443250872194767,0.0004638523969333619,0.0,0.0,0.02556854672729969,0.015838028863072395,0.012958943843841553,0.019978975877165794,0.5,0.5,0.02556854672729969,0.01580194942653179,0.0,51
-0.4920429289340973,-0.36201047897338867,-0.5004212260246277,-0.3804907202720642,-0.5002235174179077,-0.3844445049762726,0.00045424100244417787,0.00046830764040350914,0.0,0.0,-0.05801115557551384,0.023024583235383034,-0.05540485680103302,0.022843871265649796,0.5,0.5,-0.05801115557551384,0.022944210097193718,0.0,52
-0.49505695700645447,-0.36919260025024414,-0.5004680156707764,-0.3792230784893036,-0.5002748966217041,-0.3829454183578491,0.0004617692029569298,0.0004528060962911695,0.0,0.0,-0.03426743671298027,0.015003819018602371,-0.03690531849861145,0.012685026973485947,0.5,0.5,-0.03426743671298027,0.014999589882791042,0.0,53
-0.4850377142429352,-0.380005419254303,-0.5006716847419739,-0.37727710604667664,-0.5004768371582031,-0.38085314631462097,0.00044855655869469047,0.00046078942250460386,0.0,0.0,-0.0962294265627861,0.02106042020022869,-0.10427248477935791,0.01956602931022644,0.5,0.5,-0.0962294265627861,0.021020004525780678,0.0,54
-0.49649104475975037,-0.3717520534992218,-0.5007390379905701,-0.3753494322299957,-0.500519335269928,-0.37907567620277405,0.00045788229908794165,0.0004479182534851134,0.0,0.0,-0.023906301707029343,0.01782648079097271,-0.03492848575115204,0.019288592040538788,0.5,0.5,-0.023906301707029343,0.0177798792719841,0.0,55
-0.4884251654148102,-0.37192004919052124,-0.5008751749992371,-0.37360602617263794,-0.5006680488586426,-0.37718838453292847,0.00046425123582594097,0.0004394958959892392,0.0,0.0,-0.07862086594104767,0.01895970106124878,-0.07794517278671265,0.017487095668911934,0.5,0.5,-0.07862086594104767,0.018931329250335693,0.0,56
-0.4881238639354706,-0.38375622034072876,-0.5010092854499817,-0.37172266840934753,-0.500821590423584,-0.3751358091831207,0.0004685780731961131,0.0004339471342973411,0.0,0.0,-0.0746682733297348,0.020583217963576317,-0.07108218967914581,0.01888122223317623,0.5,0.5,-0.0746682733297348,0.020583057776093483,0.0,57
-0.4876819849014282,-0.38921576738357544,-0.5012162327766418,-0.36930111050605774,-0.5009945631027222,-0.37282949686050415,0.0004529814759735018,0.00043027516221627593,0.0,0.0,-0.0748710185289383,0.023127982392907143,-0.08526340126991272,0.024303868412971497,0.5,0.5,-0.0748710185289383,0.023127982392907143,0.0,58
-0.4772661626338959,-0.3815161883831024,-0.5015071034431458,-0.36732518672943115,-0.5012829303741455,-0.370844304561615,0.0004428172833286226,0.00042783800745382905,0.0,0.0,-0.1442403942346573,0.020108662545681,-0.14615316689014435,0.019972195848822594,0.5,0.5,-0.1442403942346573,0.020060298964381218,0.0,59
-0.4665553569793701,-0.3721465766429901,-0.5017434358596802,-0.36630409955978394,-0.5016124248504639,-0.3693946897983551,0.00045394289190880954,0.000426217244239524,0.0,0.0,-0.22349104285240173,0.01491269189864397,-0.22744114696979523,0.010480670258402824,0.5,0.5,-0.22349104285240173,0.014865885488688946,0.0,60
-0.459987998008728,-0.37035930156707764,-0.5023940801620483,-0.3638598918914795,-0.5021516680717468,-0.36743560433387756,0.00044344677007757127,0.00044246259494684637,0.0,0.0,-0.2686103880405426,0.020340217277407646,-0.26016148924827576,0.02529335208237171,0.5,0.5,-0.2686103880405426,0.020319517701864243,0.0,61
-0.48063379526138306,-0.3494419455528259,-0.5025357604026794,-0.36299625039100647,-0.5023600459098816,-0.36609673500061035,0.00045437569497153163,0.00045369891449809074,0.0,0.0,-0.15438605844974518,0.013638712465763092,-0.16257265210151672,0.00875180959701538,0.5,0.5,-0.15438605844974518,0.013549835421144962,0.0,62
-0.4837103486061096,-0.356488436460495,-0.5027121305465698,-0.3615287244319916,-0.5025660991668701,-0.36443352699279785,0.0004618610837496817,0.0004432870482560247,0.0,0.0,-0.12325860559940338,0.016767337918281555,-0.1196129322052002,0.014780832454562187,0.5,0.5,-0.12325860559940338,0.01675921492278576,0.0,63
-0.48056986927986145,-0.3436203896999359,-0.5029972791671753,-0.3596786558628082,-0.502810537815094,-0.36294108629226685,0.00046695643686689436,0.00045426591532304883,0.0,0.0,-0.16235917806625366,0.015134873799979687,-0.15293295681476593,0.018719179555773735,0.5,0.5,-0.16235917806625366,0.015123305842280388,0.0,64
-0.48285555839538574,-0.33463388681411743,-0.5032557249069214,-0.3581148684024811,-0.5030459761619568,-0.36143559217453003,0.00047041033394634724,0.0004617861704900861,0.0,0.0,-0.15512266755104065,0.015238317660987377,-0.16378775238990784,0.01585010439157486,0.5,0.5,-0.15512266755104065,0.015237919054925442,0.0,65
-0.4944310188293457,-0.34234464168548584,-0.5033520460128784,-0.3564411401748657,-0.50311678647995,-0.3599437177181244,0.0004727448686026037,0.000466905563371256,0.0,0.0,-0.047422707080841064,0.015022692270576954,-0.05747057870030403,0.016764825209975243,0.5,0.5,-0.047422707080841064,0.014935650862753391,0.0,66
-0.48864027857780457,-0.3483061194419861,-0.5034970045089722,-0.35477063059806824,-0.503266453742981,-0.3583192229270935,0.00047431979328393936,0.0004703759041149169,0.0,0.0,-0.09186679124832153,0.016329720616340637,-0.08655428141355515,0.01676790602505207,0.5,0.5,-0.09186679124832153,0.016313593834638596,0.0,67
-0.4769156575202942,-0.35856813192367554,-0.5038286447525024,-0.352892130613327,-0.5035420060157776,-0.35672473907470703,0.00045669806422665715,0.00047272161464206874,0.0,0.0,-0.1711377054452896,0.01623220182955265,-0.17474210262298584,0.019075455144047737,0.5,0.5,-0.1711377054452896,0.016181228682398796,0.0,68
-0.49546268582344055,-0.33610036969184875,-0.5039147138595581,-0.35123902559280396,-0.5035862326622009,-0.3556424677371979,0.0004634446813724935,0.0004743041063193232,0.0,0.0,-0.040817081928253174,0.010924368165433407,-0.05202830955386162,0.0165533609688282,0.5,0.5,-0.040817081928253174,0.010831732302904129,0.0,69
-0.5004793405532837,-0.33659687638282776,-0.5039147138595581,-0.35123902559280396,-0.503580629825592,-0.3543313443660736,0.0004496471956372261,0.0004753703251481056,0.0,0.0,0.004295201972126961,0.013124657794833183,0.0010797276627272367,0.0,0.5,0.5,0.004295201972126961,0.013111305423080921,0.0,70
-0.5074837803840637,-0.33652397990226746,-0.5037655234336853,-0.3492453098297119,-0.5034806132316589,-0.3528405725955963,0.000422864657593891,0.0004573766200337559,0.0,0.0,0.06700403988361359,0.014970709569752216,0.07470224797725677,0.019993038848042488,0.5,0.5,0.06700403988361359,0.014941283501684666,0.0,71
-0.5080475211143494,-0.3514917194843292,-0.503616452217102,-0.3467862904071808,-0.5033910870552063,-0.35143378376960754,0.0004401283513288945,0.00046390690840780735,0.0,0.0,0.06353544443845749,0.01409631222486496,0.06054352968931198,0.024635285139083862,0.5,0.5,0.06353544443845749,0.01409622747451067,0.0,72
-0.5103273987770081,-0.3597241938114166,-0.5034460425376892,-0.3442515730857849,-0.5032715201377869,-0.3498736321926117,0.00045209197560325265,0.0004499478673096746,0.0,0.0,0.07650632411241531,0.015648717060685158,0.06713178753852844,0.025404291227459908,0.5,0.5,0.07650632411241531,0.01564740017056465,0.0,73
-0.5172163248062134,-0.34685218334198,-0.5033382177352905,-0.34354373812675476,-0.5030664801597595,-0.3484225869178772,0.00046030146768316627,0.0004588350129779428,0.0,0.0,0.1403593271970749,0.014684496447443962,0.15116465091705322,0.0071601467207074165,0.5,0.5,0.1403593271970749,0.014654570259153843,0.0,74
-0.5018134117126465,-0.34563812613487244,-0.5032923221588135,-0.3417535126209259,-0.5030453205108643,-0.34701377153396606,0.0004658968828152865,0.00044664382585324347,0.0,0.0,0.015030737034976482,0.014201169833540916,0.02562972716987133,0.017908107489347458,0.5,0.5,0.015030737034976482,0.01408978458493948,0.0,75
-0.48329102993011475,-0.3339085578918457,-0.5035367608070374,-0.34014877676963806,-0.5032498240470886,-0.34568098187446594,0.00046969307004474103,0.0004565710842143744,0.0,0.0,-0.15223509073257446,0.013674640096724033,-0.15116985142230988,0.016232507303357124,0.5,0.5,-0.15223509073257446,0.01348379161208868,0.0,76
-0.4874487817287445,-0.33123981952667236,-0.5036544799804688,-0.3391611576080322,-0.5033870339393616,-0.3445197343826294,0.00047226049355231225,0.0004451655549928546,0.0,0.0,-0.11759530007839203,0.011700324714183807,-0.11861138790845871,0.00994605477899313,0.5,0.5,-0.11759530007839203,0.01169330533593893,0.0,77
-0.49848484992980957,-0.3394745886325836,-0.5036592483520508,-0.3382727801799774,-0.50340735912323,-0.34298548102378845,0.00047399321920238435,0.00043768566683866084,0.0,0.0,-0.013234836049377918,0.015427852980792522,-0.005365392658859491,0.008883762173354626,0.5,0.5,-0.013234836049377918,0.015343916602432728,0.0,78
-0.5179036259651184,-0.34707725048065186,-0.5035169720649719,-0.33732444047927856,-0.5032108426094055,-0.3416455090045929,0.0004751609521917999,0.00043275061761960387,0.0,0.0,0.1456199586391449,0.013715732842683792,0.1489403396844864,0.009589573368430138,0.5,0.5,0.1456199586391449,0.013543039560317993,0.0,79
-0.5162505507469177,-0.34689417481422424,-0.503279447555542,-0.33541807532310486,-0.5029443502426147,-0.3396466076374054,0.0004759471339639276,0.00044699630234390497,0.0,0.0,0.13253545761108398,0.020167581737041473,0.12395619601011276,0.019211040809750557,0.5,0.5,0.13253545761108398,0.020165856927633286,0.0,80
-0.4991118609905243,-0.34182050824165344,-0.503279447555542,-0.33541807532310486,-0.5029536485671997,-0.3384222984313965,0.0004764761251863092,0.00043888995423913,0.0,0.0,-0.007602573838084936,0.012364585883915424,-0.010129459202289581,0.0,0.5,0.5,-0.007602573838084936,0.01224337238818407,0.0,81
-0.49549567699432373,-0.3349549174308777,-0.5033504366874695,-0.3338697850704193,-0.5030151605606079,-0.3369205594062805,0.00047683189040981233,0.0004335467529017478,0.0,0.0,-0.04094236344099045,0.015038392506539822,-0.045809973031282425,0.015499291941523552,0.5,0.5,-0.04094236344099045,0.015030035749077797,0.0,82
-0.5037761330604553,-0.3440566062927246,-0.503282368183136,-0.3323667049407959,-0.5029674172401428,-0.3354155123233795,0.00047707106568850577,0.0004475473833736032,0.0,0.0,0.031706251204013824,0.0150978472083807,0.045260630548000336,0.015046292915940285,0.5,0.5,0.031706251204013824,0.015058022923767567,0.0,83
-0.5111886858940125,-0.33951595425605774,-0.5032229423522949,-0.33182254433631897,-0.5028225779533386,-0.33393311500549316,0.0004772318643517792,0.000439252209616825,0.0,0.0,0.09739524126052856,0.014926798641681671,0.10882757604122162,0.005473976489156485,0.5,0.5,0.09739524126052856,0.014894605614244938,0.0,84
-0.5115892291069031,-0.33090630173683167,-0.5030434131622314,-0.33035731315612793,-0.5026866793632507,-0.33269113302230835,0.0004773399268742651,0.00045148812932893634,0.0,0.0,0.10899531841278076,0.012494866736233234,0.1219242513179779,0.01476195640861988,0.5,0.5,0.10899531841278076,0.012494025751948357,0.0,85
-0.5259854197502136,-0.33622172474861145,-0.5026736855506897,-0.3287741243839264,-0.5023671984672546,-0.3313235938549042,0.0004774125409312546,0.0004418388125486672,0.0,0.0,0.22951900959014893,0.014146165922284126,0.22942042350769043,0.01625778153538704,0.5,0.5,0.22951900959014893,0.014043547213077545,0.0,86
-0.5143890976905823,-0.339964896440506,-0.5025160312652588,-0.32745638489723206,-0.5021940469741821,-0.32994014024734497,0.00047746134805493057,0.000435493653640151,0.0,0.0,0.12451354414224625,0.01401975005865097,0.11907396465539932,0.01327128242701292,0.5,0.5,0.12451354414224625,0.013942529447376728,0.0,87
-0.4995867609977722,-0.3450103998184204,-0.5025395154953003,-0.3263152539730072,-0.5021982192993164,-0.32872703671455383,0.0004774941480718553,0.0004312999080866575,0.0,0.0,-0.0034433279652148485,0.012230953201651573,-0.020577723160386086,0.011413631029427052,0.5,0.5,-0.0034433279652148485,0.012130961753427982,0.0,88
-0.49698781967163086,-0.3473224937915802,-0.5025643706321716,-0.3248733580112457,-0.502240002155304,-0.32703015208244324,0.0004587470320984721,0.0004285187169443816,0.0,0.0,-0.02461993135511875,0.016977880150079727,-0.017228150740265846,0.0144211295992136,0.5,0.5,-0.02461993135511875,0.0169740729033947,0.0,89
-0.4817027747631073,-0.3396092355251312,-0.5027565956115723,-0.3236188590526581,-0.5024112462997437,-0.32595738768577576,0.00044658640399575233,0.00042667018715292215,0.0,0.0,-0.1583128273487091,0.010961297899484634,-0.15205001831054688,0.012691505253314972,0.5,0.5,-0.1583128273487091,0.010863483883440495,0.0,90
-0.4887109696865082,-0.31983065605163574,-0.5029487013816833,-0.32219675183296204,-0.5025587677955627,-0.3247183561325073,0.00045653170673176646,0.00044277755660004914,0.0,0.0,-0.11848651617765427,0.012487683445215225,-0.13425850868225098,0.014350169338285923,0.5,0.5,-0.11848651617765427,0.012477780692279339,0.0,91
-0.5020684599876404,-0.3341872990131378,-0.5029028654098511,-0.3207539916038513,-0.5025339722633362,-0.32340866327285767,0.00046333132195286453,0.00043611269211396575,0.0,0.0,0.01894207112491131,0.013223810121417046,0.03176688402891159,0.014434814453125,0.5,0.5,0.01894207112491131,0.013099130243062973,0.0,92
-0.494660884141922,-0.34136903285980225,-0.5029597282409668,-0.3192271590232849,-0.5026013851165771,-0.3219397962093353,0.000467954232590273,0.0004317097773309797,0.0,0.0,-0.04584871232509613,0.014735116623342037,-0.037226248532533646,0.015278982929885387,0.5,0.5,-0.04584871232509613,0.014704199507832527,0.0,93
-0.4889402687549591,-0.34067845344543457,-0.5031149387359619,-0.3177928924560547,-0.5027304887771606,-0.320589154958725,0.0004525768745224923,0.0004287908668629825,0.0,0.0,-0.09531786292791367,0.013584732078015804,-0.10781562328338623,0.01442640833556652,0.5,0.5,-0.09531786292791367,0.013568113557994366,0.0,94
-0.4943912923336029,-0.35190629959106445,-0.503195583820343,-0.3162633776664734,-0.5028064250946045,-0.3188704550266266,0.00044255226384848356,0.00042685121297836304,0.0,0.0,-0.04416702315211296,0.017226263880729675,-0.05269092321395874,0.015316378325223923,0.5,0.5,-0.04416702315211296,0.017203733325004578,0.0,95
-0.4947972893714905,-0.3308202624320984,-0.5032429099082947,-0.3149263858795166,-0.5028590559959412,-0.31780052185058594,0.000453760614618659,0.00044290340156294405,0.0,0.0,-0.049125995486974716,0.010712435469031334,-0.03539020195603371,0.013378185220062733,0.5,0.5,-0.049125995486974716,0.010712303221225739,0.0,96
-0.48653745651245117,-0.3313209116458893,-0.503349244594574,-0.31400731205940247,-0.5030381679534912,-0.3163861036300659,0.00046144126099534333,0.00043619563803076744,0.0,0.0,-0.12595154345035553,0.014299381524324417,-0.11520743370056152,0.00925203412771225,0.5,0.5,-0.12595154345035553,0.014257203787565231,0.0,97
-0.4966895282268524,-0.3156461715698242,-0.5033750534057617,-0.31328514218330383,-0.5030770301818848,-0.3153214156627655,0.0004483429656829685,0.000449378858320415,0.0,0.0,-0.036504533141851425,0.010696631856262684,-0.035728808492422104,0.007226261310279369,0.5,0.5,-0.036504533141851425,0.010653870180249214,0.0,98
-0.48575183749198914,-0.325357049703598,-0.5035013556480408,-0.31240200996398926,-0.5032585263252258,-0.31404298543930054,0.0004577359650284052,0.0004404551291372627,0.0,0.0,-0.14103223383426666,0.012983487918972969,-0.14207670092582703,0.008921361528337002,0.5,0.5,-0.14103223383426666,0.012912623584270477,0.0,99
-0.49681171774864197,-0.3181177079677582,-0.5035373568534851,-0.31167542934417725,-0.5032927989959717,-0.31304121017456055,0.00044592644553631544,0.0004523170937318355,0.0,0.0,-0.03422598913311958,0.010080943815410137,-0.04946747049689293,0.007274720352143049,0.5,0.5,-0.03422598913311958,0.01002349890768528,0.0,100
-0.49770063161849976,-0.3276454210281372,-0.503558874130249,-0.3110184073448181,-0.5033245086669922,-0.3116247355937958,0.0004381863691378385,0.00046045531053096056,0.0,0.0,-0.022397277876734734,0.01416925247758627,-0.03275801241397858,0.006573893595486879,0.5,0.5,-0.022397277876734734,0.014168261550366879,0.0,101
-0.5128967761993408,-0.32304808497428894,-0.5032420754432678,-0.30856606364250183,-0.5031483769416809,-0.3102858066558838,0.00045075311209075153,0.0004477004986256361,0.0,0.0,0.1307845264673233,0.01366467121988535,0.12847226858139038,0.024727260693907738,0.5,0.5,0.1307845264673233,0.013504665344953537,0.0,102
-0.5084291100502014,-0.31232836842536926,-0.5031954050064087,-0.3080039918422699,-0.503073513507843,-0.3095100224018097,0.0004593860066961497,0.0004572956822812557,0.0,0.0,0.09622380882501602,0.0077984225936234,0.08279292285442352,0.005639973562210798,0.5,0.5,0.09622380882501602,0.007793765515089035,0.0,103
-0.504962146282196,-0.311079740524292,-0.5031443238258362,-0.3070765733718872,-0.5029978156089783,-0.30819693207740784,0.0004652744682971388,0.0004456388996914029,0.0,0.0,0.057582102715969086,0.013162669725716114,0.05499827116727829,0.009288092143833637,0.5,0.5,0.057582102715969086,0.01315284427255392,0.0,104
-0.5272893905639648,-0.3197590708732605,-0.5028682351112366,-0.3061794340610504,-0.5027498006820679,-0.30733582377433777,0.00046927150106057525,0.00043799716513603926,0.0,0.0,0.2803996503353119,0.009188211522996426,0.29853543639183044,0.009386561810970306,0.5,0.5,0.2803996503353119,0.008961067534983158,0.0,105
-0.5140445828437805,-0.3088328242301941,-0.5027881264686584,-0.3057020902633667,-0.5025250315666199,-0.30599409341812134,0.0004719757125712931,0.00043295661453157663,0.0,0.0,0.1659892052412033,0.01369385328143835,0.16629807651042938,0.004840217996388674,0.5,0.5,0.1659892052412033,0.013604327104985714,0.0,106
-0.5147607326507568,-0.30195850133895874,-0.5025820136070251,-0.30469515919685364,-0.5023654103279114,-0.30516180396080017,0.00047380116302520037,0.00042961828876286745,0.0,0.0,0.1894998997449875,0.00847701821476221,0.20190007984638214,0.010278062894940376,0.5,0.5,0.1894998997449875,0.008474675007164478,0.0,107
-0.5073549747467041,-0.29369449615478516,-0.502422571182251,-0.3039158284664154,-0.5022095441818237,-0.30434906482696533,0.0004750315856654197,0.0004448251856956631,0.0,0.0,0.1894998997449875,0.008275588043034077,0.20179490745067596,0.007954741828143597,0.5,0.5,0.1894998997449875,0.008275588043034077,0.0,108
-0.5111528038978577,-0.2920581102371216,-0.502422571182251,-0.3039158284664154,-0.5020321011543274,-0.30342376232147217,0.00043868066859431565,0.00043746159644797444,0.0,0.0,0.1894998997449875,0.009421593509614468,0.1834225058555603,0.0,0.5,0.5,0.1894998997449875,0.009421593509614468,0.0,109
-0.5084802508354187,-0.3042795658111572,-0.5022586584091187,-0.3031235933303833,-0.5018306374549866,-0.3023732304573059,0.00045109406346455216,0.0004326024209149182,0.0,0.0,0.1894998997449875,0.010696799494326115,0.2039995938539505,0.008090085349977016,0.5,0.5,0.1894998997449875,0.010696799494326115,0.0,110
-0.5121543407440186,-0.2910197377204895,-0.5020801424980164,-0.30217474699020386,-0.5017191767692566,-0.3017922043800354,0.0004596192156895995,0.00044689368223771453,0.0,0.0,0.1894998997449875,0.005916200578212738,0.185946986079216,0.009655043482780457,0.5,0.5,0.1894998997449875,0.005916200578212738,0.0,111
-0.5165754556655884,-0.29875802993774414,-0.5016178488731384,-0.2998605966567993,-0.5014998912811279,-0.30064886808395386,0.00046543305506929755,0.00045674247667193413,0.0,0.0,0.1894998997449875,0.011641732417047024,0.19717109203338623,0.023598669096827507,0.5,0.5,0.1894998997449875,0.011641732417047024,0.0,112
-0.5294179320335388,-0.3050036132335663,-0.5014668703079224,-0.2994643449783325,-0.5011814832687378,-0.2997829020023346,0.00046937892329879105,0.00046347492025233805,0.0,0.0,0.3523617684841156,0.009350351989269257,0.36397266387939453,0.004240349866449833,0.5,0.5,0.3523617684841156,0.009226622059941292,0.0,113
-0.5207535028457642,-0.3046715259552002,-0.5013479590415955,-0.2989839017391205,-0.5009216666221619,-0.29878541827201843,0.0004720482975244522,0.0004680516431108117,0.0,0.0,0.2548253536224365,0.010356822051107883,0.24262529611587524,0.004949469119310379,0.5,0.5,0.2548253536224365,0.010307596996426582,0.0,114
-0.5036042332649231,-0.30002734065055847,-0.5013301968574524,-0.29864031076431274,-0.500878095626831,-0.29787787795066833,0.0004738501156680286,0.0004711511719506234,0.0,0.0,0.04800175875425339,0.009283867664635181,0.05156718194484711,0.00344042107462883,0.5,0.5,0.04800175875425339,0.009086010977625847,0.0,115
-0.5126287937164307,-0.28717052936553955,-0.5012746453285217,-0.29731711745262146,-0.500847578048706,-0.29724255204200745,0.0004750645603053272,0.00045464871800504625,0.0,0.0,0.04800175875425339,0.006360544357448816,0.041945118457078934,0.013243557885289192,0.5,0.5,0.04800175875425339,0.006360544357448816,0.0,116
-0.5075817108154297,-0.28408074378967285,-0.5012649893760681,-0.29698777198791504,-0.5008059740066528,-0.29637664556503296,0.00043870104127563536,0.00046204737736843526,0.0,0.0,0.04800175875425339,0.008669013157486916,0.029344549402594566,0.0032947382424026728,0.5,0.5,0.04800175875425339,0.008669013157486916,0.0,117
-0.4929310381412506,-0.2736375331878662,-0.5012649893760681,-0.29698777198791504,-0.5008059740066528,-0.29637664556503296,0.00041596940718591213,0.00046708292211405933,0.0,0.0,0.0442320816218853,0.0,0.054598141461610794,0.0,0.5,0.5,0.0442320816218853,0.0,0.0,118
-0.495734304189682,-0.29025793075561523,-0.5012649893760681,-0.29698777198791504,-0.5008578300476074,-0.2955831289291382,0.00041828802204690874,0.00047049589920789003,0.0,0.0,-0.06527379155158997,0.00800000037997961,-0.060502003878355026,0.0,0.5,0.5,-0.06527379155158997,0.007952081970870495,0.0,119
-0.49933603405952454,-0.28952911496162415,-0.5012990832328796,-0.29645344614982605,-0.5009135007858276,-0.29473164677619934,0.0004198417882435024,0.0004728026397060603,0.0,0.0,-0.06527379155158997,0.008533013984560966,-0.06375227868556976,0.005354276858270168,0.5,0.5,-0.06527379155158997,0.008533013984560966,0.0,120
-0.5007399916648865,-0.28740814328193665,-0.5013172030448914,-0.2961103618144989,-0.5009667873382568,-0.2939164936542511,0.0004380191385280341,0.0004557173524517566,0.0,0.0,-0.06527379155158997,0.008168797008693218,-0.05275295302271843,0.003435550956055522,0.5,0.5,-0.06527379155158997,0.008168797008693218,0.0,121
-0.5040373206138611,-0.3071552515029907,-0.5012379884719849,-0.29466065764427185,-0.5009179711341858,-0.2929227948188782,0.00045063774450682104,0.0004627762536983937,0.0,0.0,0.04910337179899216,0.010014458559453487,0.05458823963999748,0.014518773183226585,0.5,0.5,0.04910337179899216,0.009949024766683578,0.0,122
-0.49943476915359497,-0.3008071482181549,-0.5012346506118774,-0.2939060926437378,-0.5009248852729797,-0.29199448227882385,0.00045930707710795105,0.0004675776290241629,0.0,0.0,-0.007455908693373203,0.00929818581789732,0.004427369683980942,0.00754582230001688,0.5,0.5,-0.007455908693373203,0.009283317252993584,0.0,123
-0.5133817195892334,-0.2911105751991272,-0.5012398362159729,-0.29329270124435425,-0.5009320378303528,-0.29103830456733704,0.00046522077172994614,0.00045233251876197755,0.0,0.0,-0.007455908693373203,0.009561972692608833,-0.008472220040857792,0.006134252529591322,0.5,0.5,-0.007455908693373203,0.009561972692608833,0.0,124
-0.5146802067756653,-0.29030194878578186,-0.5012521147727966,-0.292738139629364,-0.5009382963180542,-0.29019948840141296,0.00046923512127250433,0.0004423921927809715,0.0,0.0,-0.007455908693373203,0.008388533256947994,-0.02211558260023594,0.005546878557652235,0.5,0.5,-0.007455908693373203,0.008388533256947994,0.0,125
-0.5226693153381348,-0.29966628551483154,-0.5012521147727966,-0.292738139629364,-0.5009446740150452,-0.2893439829349518,0.0004350903909653425,0.00045365048572421074,0.0,0.0,-0.007455908693373203,0.00855518039315939,-0.002365317428484559,0.0,0.5,0.5,-0.007455908693373203,0.00855518039315939,0.0,126
-0.5241862535476685,-0.30367761850357056,-0.5008702874183655,-0.291428804397583,-0.5006574392318726,-0.28839024901390076,0.0004486150573939085,0.00044325535418465734,0.0,0.0,0.2982403635978699,0.010444821789860725,0.2837715446949005,0.013638717122375965,0.5,0.5,0.29254409670829773,0.00996057502925396,0.0,127
-0.5233078002929688,-0.29641854763031006,-0.5004200339317322,-0.2899591624736786,-0.5004502534866333,-0.28775545954704285,0.000457922404166311,0.00045424411655403674,0.0,0.0,0.3154567778110504,0.006679079961031675,0.2973080575466156,0.015370681881904602,0.5,0.5,0.3154567778110504,0.006677326746284962,0.0,128
-0.5071069002151489,-0.2896654009819031,-0.5002878904342651,-0.2895653545856476,-0.5002067685127258,-0.28700944781303406,0.0004642785352189094,0.00044364389032125473,0.0,0.0,0.3154567778110504,0.007847417145967484,0.3236715793609619,0.004153903108090162,0.5,0.5,0.3154567778110504,0.007847417145967484,0.0,129
-0.49592605233192444,-0.28751125931739807,-0.5001423954963684,-0.28911498188972473,-0.5000612735748291,-0.2865636944770813,0.00043201036169193685,0.0004545112024061382,0.0,0.0,0.3154567778110504,0.004688954912126064,0.31240880489349365,0.004732961300760508,0.5,0.5,0.3154567778110504,0.004688954912126064,0.0,130
-0.49832120537757874,-0.294425904750824,-0.5001423954963684,-0.28911498188972473,-0.4997745454311371,-0.28568512201309204,0.00044648360926657915,0.0004619535757228732,0.0,0.0,0.3154567778110504,0.009241746738553047,0.3190005123615265,0.0,0.5,0.5,0.3154567778110504,0.009241746738553047,0.0,131
-0.4892171323299408,-0.2958947420120239,-0.49975889921188354,-0.28796347975730896,-0.4994853138923645,-0.28479886054992676,0.0004564611881505698,0.00044867664109915495,0.0,0.0,0.3154567778110504,0.009322653524577618,0.3214896023273468,0.012136862613260746,0.5,0.5,0.3154567778110504,0.009322653524577618,0.0,132
-0.5001415610313416,-0.2710721790790558,-0.49975889921188354,-0.28796347975730896,-0.4994853138923645,-0.28479886054992676,0.0004450937267392874,0.00045796457561664283,0.0,0.0,0.3121177852153778,0.0,0.3005760610103607,0.0,0.5,0.5,0.3121177852153778,0.0,0.0,133
-0.4871281385421753,-0.2758423089981079,-0.49975866079330444,-0.28753554821014404,-0.4994770884513855,-0.2841211259365082,0.00045550725189968944,0.0004643072315957397,0.0,0.0,-0.2479618489742279,0.00800000037997961,0.00057606102200225,0.004279258660972118,0.5,0.5,0.012117785401642323,0.0067777023650705814,0.0,134
-0.4958471357822418,-0.28349214792251587,-0.49993830919265747,-0.28685620427131653,-0.49962112307548523,-0.2835521399974823,0.00046263300464488566,0.0004686160245910287,0.0,0.0,-0.2479618489742279,0.006073549389839172,-0.2585127651691437,0.00702705467119813,0.5,0.5,-0.2479618489742279,0.0058692931197583675,0.0,135
-0.4896203279495239,-0.29343655705451965,-0.5002443790435791,-0.2857097387313843,-0.49989986419677734,-0.28245121240615845,0.00044911899021826684,0.0004530060978140682,0.0,0.0,-0.2479618489742279,0.011356720700860023,-0.26087212562561035,0.011866001412272453,0.5,0.5,-0.2479618489742279,0.011356720700860023,0.0,136
-0.49854233860969543,-0.28529593348503113,-0.5002915263175964,-0.2855257987976074,-0.5000243782997131,-0.28195932507514954,0.00045826754649169743,0.00046092603588476777,0.0,0.0,-0.2479618489742279,0.0050740428268909454,-0.25088468194007874,0.0018989612581208348,0.5,0.5,-0.2479618489742279,0.0050740428268909454,0.0,137
-0.49976617097854614,-0.28497815132141113,-0.5005020499229431,-0.284667432308197,-0.5002219080924988,-0.28117915987968445,0.00044627347961068153,0.00044800728210248053,0.0,0.0,-0.2479618489742279,0.008047949522733688,-0.24049589037895203,0.008837885223329067,0.5,0.5,-0.2479618489742279,0.008047949522733688,0.0,138
-0.48442405462265015,-0.2900698781013489,-0.5006201863288879,-0.28419628739356995,-0.5004429817199707,-0.28030601143836975,0.00045631700777448714,0.0004575059574563056,0.0,0.0,-0.2479618489742279,0.009007113054394722,-0.24561555683612823,0.00485730217769742,0.5,0.5,-0.2479618489742279,0.009007113054394722,0.0,139
-0.47727471590042114,-0.2866351902484894,-0.5007585883140564,-0.2836608290672302,-0.5006882548332214,-0.27933722734451294,0.00046318501699715853,0.0004639949765987694,0.0,0.0,-0.2479618489742279,0.009993438608944416,-0.2528969943523407,0.005530463065952063,0.5,0.5,-0.2479618489742279,0.009993438608944416,0.0,140
-0.48684632778167725,-0.291779100894928,-0.5008884072303772,-0.28314900398254395,-0.5008860230445862,-0.27855607867240906,0.00046785498852841556,0.0004684043233282864,0.0,0.0,-0.2479618489742279,0.008057964965701103,-0.2483716905117035,0.00528029166162014,0.5,0.5,-0.2479618489742279,0.008057964965701103,0.0,141
-0.4878537356853485,-0.2812628746032715,-0.5011160373687744,-0.2822527289390564,-0.5010554790496826,-0.27788662910461426,0.00045251246774569154,0.0004713896196335554,0.0,0.0,-0.2479618489742279,0.006905571091920137,-0.24870255589485168,0.009247343987226486,0.5,0.5,-0.2479618489742279,0.006905571091920137,0.0,142
-0.49090585112571716,-0.2810377776622772,-0.501357913017273,-0.28133296966552734,-0.5012255907058716,-0.2772146165370941,0.00044251009239815176,0.00045480308472178876,0.0,0.0,-0.2479618489742279,0.006932239513844252,-0.25718069076538086,0.009510419331490993,0.5,0.5,-0.2479618489742279,0.006932239513844252,0.0,143
-0.4937688410282135,-0.28017616271972656,-0.5015912652015686,-0.28038379549980164,-0.5013598203659058,-0.2766845226287842,0.0004359363520052284,0.0004621527041308582,0.0,0.0,-0.2479618489742279,0.005468113347887993,-0.2410387098789215,0.009774459525942802,0.5,0.5,-0.2479618489742279,0.005468113347887993,0.0,144
-0.47527363896369934,-0.2802746295928955,-0.5018374919891357,-0.2793949544429779,-0.5015650987625122,-0.27587372064590454,0.0004491997242439538,0.0004671544302254915,0.0,0.0,-0.2479618489742279,0.008363780565559864,-0.2440209686756134,0.010190422646701336,0.5,0.5,-0.2479618489742279,0.008363780565559864,0.0,145
-0.4778858423233032,-0.2732560932636261,-0.5018374919891357,-0.2793949544429779,-0.5015650987625122,-0.27587372064590454,0.0004583228437695652,0.0004705442988779396,0.0,0.0,-0.24846632778644562,0.0,-0.24311323463916779,0.0,0.5,0.5,-0.24846632778644562,0.0,0.0,146
-0.46656009554862976,-0.2823830842971802,-0.5022486448287964,-0.27869725227355957,-0.5019522905349731,-0.2752092778682709,0.0004463095683604479,0.00047283529420383275,0.0,0.0,-0.5276378393173218,0.00800000037997961,-0.5324786901473999,0.00809834897518158,0.5,0.5,-0.5276378393173218,0.00769027229398489,0.0,147
-0.47179460525512695,-0.2803264558315277,-0.50244140625,-0.2783668339252472,-0.5022631287574768,-0.2746759355068207,0.0004563417751342058,0.00045573845272883773,0.0,0.0,-0.5276378393173218,0.00617305189371109,-0.5281305313110352,0.0038252798840403557,0.5,0.5,-0.5276378393173218,0.00617305189371109,0.0,148
-0.48093152046203613,-0.2828269600868225,-0.5028800368309021,-0.2776220142841339,-0.5028052926063538,-0.2737455666065216,0.00046320189721882343,0.00046279063099063933,0.0,0.0,-0.5276378393173218,0.01076834462583065,-0.5322482585906982,0.008643871173262596,0.5,0.5,-0.5276378393173218,0.01076834462583065,0.0,149
-0.4872472584247589,-0.28347525000572205,-0.5033667087554932,-0.2767952084541321,-0.5031518936157227,-0.2731507420539856,0.0004678664554376155,0.00046758740791119635,0.0,0.0,-0.5276378393173218,0.006884486880153418,-0.5320236086845398,0.00959418062120676,0.5,0.5,-0.5276378393173218,0.006884486880153418,0.0,150
-0.49278244376182556,-0.2798211872577667,-0.5036198496818542,-0.2763582766056061,-0.5034555792808533,-0.27262958884239197,0.00047102593816816807,0.0004523388633970171,0.0,0.0,-0.5276378393173218,0.006031982135027647,-0.5251362323760986,0.00504965428262949,0.5,0.5,-0.5276378393173218,0.006031982135027647,0.0,151
-0.48880210518836975,-0.27722617983818054,-0.503742516040802,-0.2761535346508026,-0.5038178563117981,-0.27200794219970703,0.00045456760562956333,0.00044239635462872684,0.0,0.0,-0.5276378393173218,0.007194969337433577,-0.5398191809654236,0.002386932261288166,0.5,0.5,-0.5276378393173218,0.007194969337433577,0.0,152
-0.50925612449646,-0.2824530303478241,-0.5041587352752686,-0.2754261791706085,-0.5042407512664795,-0.27128225564956665,0.000461992050986737,0.0004358613514341414,0.0,0.0,-0.5276378393173218,0.008399109356105328,-0.5197624564170837,0.00838017463684082,0.5,0.5,-0.5276378393173218,0.008399109356105328,0.0,153
-0.5147611498832703,-0.2685735821723938,-0.5041587352752686,-0.2754261791706085,-0.5042407512664795,-0.27128225564956665,0.00043058645678684115,0.00044914791942574084,0.0,0.0,-0.5245440006256104,0.0,-0.5141299366950989,0.0,0.5,0.5,-0.5245440006256104,0.0,0.0,154
-0.5218499302864075,-0.27146047353744507,-0.504326581954956,-0.27465423941612244,-0.5043423175811768,-0.27083760499954224,0.00041082818643189967,0.000458287337096408,0.0,0.0,0.439598947763443,0.00800000037997961,-0.21412993967533112,0.00789974071085453,0.5,0.5,-0.2245440036058426,0.004560969769954681,0.0,155
-0.5123342275619507,-0.2857378125190735,-0.5042762160301208,-0.2740688621997833,-0.5042921304702759,-0.2701740860939026,0.0004317041311878711,0.0004462864017114043,0.0,0.0,0.439598947763443,0.008450423367321491,0.08587005734443665,0.005875375587493181,0.5,0.5,0.07545599341392517,0.006654246710240841,0.0,156
-0.5043814778327942,-0.28036558628082275,-0.5042513012886047,-0.27400755882263184,-0.5040597915649414,-0.26958468556404114,0.0004115378251299262,0.000438423128798604,0.0,0.0,0.439598947763443,0.006779736839234829,0.3858700692653656,0.000661682803183794,0.5,0.5,0.3754560053348541,0.006335184909403324,0.0,157
-0.5139360427856445,-0.27614784240722656,-0.5039976835250854,-0.2734517753124237,-0.5037610530853271,-0.2689494490623474,0.0004322027089074254,0.0004509164427872747,0.0,0.0,0.439598947763443,0.007034323178231716,0.4281368553638458,0.006109214387834072,0.5,0.5,0.439598947763443,0.007019857410341501,0.0,158
-0.520592451095581,-0.2836472988128662,-0.5030195116996765,-0.27140745520591736,-0.5033255815505981,-0.2680235207080841,0.0004118542419746518,0.0004594977363012731,0.0,0.0,0.439598947763443,0.010232274420559406,0.44629162549972534,0.022662954404950142,0.5,0.5,0.439598947763443,0.010232274420559406,0.0,159
-0.5132246017456055,-0.2903217077255249,-0.5025310516357422,-0.2703586220741272,-0.5029411315917969,-0.26720601320266724,0.000432424945756793,0.00046535045839846134,0.0,0.0,0.439598947763443,0.009033985435962677,0.4358227849006653,0.011569921858608723,0.5,0.5,0.439598947763443,0.009033985435962677,0.0,160
-0.5062847137451172,-0.2955944240093231,-0.5023882389068604,-0.27006831765174866,-0.5026543140411377,-0.26659607887268066,0.00041199522092938423,0.00046932295663282275,0.0,0.0,0.439598947763443,0.006740130018442869,0.457149863243103,0.0032354192808270454,0.5,0.5,0.439598947763443,0.006740130018442869,0.0,161
-0.5123172998428345,-0.2899715304374695,-0.5020660758018494,-0.2693784832954407,-0.5022324919700623,-0.2656991481781006,0.00039895306690596044,0.00045346442493610084,0.0,0.0,0.439598947763443,0.009911675937473774,0.4368892014026642,0.007613403256982565,0.5,0.5,0.439598947763443,0.009911675937473774,0.0,162
-0.5236409902572632,-0.2877596616744995,-0.5018504858016968,-0.26890891790390015,-0.5019525289535522,-0.265103816986084,0.00042332502198405564,0.00044313352555036545,0.0,0.0,0.439598947763443,0.006578746717423201,0.43041419982910156,0.005166912451386452,0.5,0.5,0.439598947763443,0.006578746717423201,0.0,163
-0.5216233134269714,-0.2790248990058899,-0.5015771389007568,-0.26833897829055786,-0.5016065239906311,-0.26436808705329895,0.00044044919195584953,0.00043634732719510794,0.0,0.0,0.439598947763443,0.008130243048071861,0.4471950829029083,0.006320911459624767,0.5,0.5,0.439598947763443,0.008130243048071861,0.0,164
-0.5315261483192444,-0.2735641896724701,-0.5014280676841736,-0.26801222562789917,-0.5012960433959961,-0.2637079060077667,0.0004523129900917411,0.00044948363211005926,0.0,0.0,0.439598947763443,0.007295533549040556,0.4280009865760803,0.0035914962645620108,0.5,0.5,0.439598947763443,0.007295533549040556,0.0,165
-0.5288212895393372,-0.2797558903694153,-0.5011414885520935,-0.26740187406539917,-0.5009011626243591,-0.2628682553768158,0.00042453702189959586,0.00044052390148863196,0.0,0.0,0.439598947763443,0.009278667159378529,0.4389815032482147,0.006742960773408413,0.5,0.5,0.439598947763443,0.009278667159378529,0.0,166
-0.5242772102355957,-0.27618730068206787,-0.5011414885520935,-0.26740187406539917,-0.5009011626243591,-0.2628682553768158,0.00044129337766207755,0.0004346259811427444,0.0,0.0,0.4426054358482361,0.0,0.44992321729660034,0.0,0.5,0.5,0.4426054358482361,0.0,0.0,167
-0.5328062176704407,-0.298433780670166,-0.5010520219802856,-0.2672020196914673,-0.5005749464035034,-0.2621380090713501,0.0004528943100012839,0.0004482939839363098,0.0,0.0,0.42014461755752563,0.00800000037997961,0.4208584725856781,0.002189708175137639,0.5,0.5,0.42014461755752563,0.007997982203960419,0.0,168
-0.5241792798042297,-0.29908353090286255,-0.5009714961051941,-0.2669585347175598,-0.5002264380455017,-0.26107022166252136,0.00046084969653747976,0.0004397427255753428,0.0,0.0,0.31547799706459045,0.011293892748653889,0.3194526135921478,0.0025646735448390245,0.5,0.5,0.31547799706459045,0.011232086457312107,0.0,169
-0.5236562490463257,-0.2937456965446472,-0.5005870461463928,-0.2657587230205536,-0.5000511407852173,-0.2605331242084503,0.0004662694700527936,0.00045182625763118267,0.0,0.0,0.31547799706459045,0.005649719387292862,0.3100702464580536,0.012599023059010506,0.5,0.5,0.31547799706459045,0.005649719387292862,0.0,170
-0.5252699851989746,-0.2903880178928375,-0.500259280204773,-0.26476094126701355,-0.4997665286064148,-0.25966107845306396,0.0004332486423663795,0.0004420604382175952,0.0,0.0,0.31547799706459045,0.009173054248094559,0.3173985481262207,0.010502489283680916,0.5,0.5,0.31547799706459045,0.009173054248094559,0.0,171
-0.5327837467193604,-0.28855884075164795,-0.5000110864639282,-0.26398617029190063,-0.49950724840164185,-0.25886669754981995,0.00044734106631949544,0.0004534222243819386,0.0,0.0,0.31547799706459045,0.008356129750609398,0.3100380003452301,0.008135613985359669,0.5,0.5,0.31547799706459045,0.008356129750609398,0.0,172
-0.5272868871688843,-0.2837132513523102,-0.499843031167984,-0.2634522020816803,-0.4992305040359497,-0.25801873207092285,0.00045704926014877856,0.0004612102347891778,0.0,0.0,0.31547799706459045,0.008919725194573402,0.3049379587173462,0.005597870796918869,0.5,0.5,0.31547799706459045,0.008919725194573402,0.0,173
-0.5132028460502625,-0.27575168013572693,-0.499843031167984,-0.2634522020816803,-0.4992305040359497,-0.25801873207092285,0.00042750159627757967,0.0004665144078899175,0.0,0.0,0.31604817509651184,0.0,0.30425387620925903,0.0,0.5,0.5,0.31604817509651184,0.0,0.0,174
-0.5063117742538452,-0.28354692459106445,-0.49966633319854736,-0.261884480714798,-0.49914661049842834,-0.2572405934333801,0.00044335544225759804,0.000470111146569252,0.0,0.0,0.10739252716302872,0.00800000037997961,0.112234927713871,0.015776343643665314,0.5,0.5,0.10739252716302872,0.007826481945812702,0.0,175
-0.5121424198150635,-0.2798367142677307,-0.49959030747413635,-0.2612024247646332,-0.49905651807785034,-0.2564049959182739,0.00045431291800923645,0.00045397516805678606,0.0,0.0,0.10739252716302872,0.008404338732361794,0.11101365834474564,0.006862942595034838,0.5,0.5,0.10739252716302872,0.008404338732361794,0.0,176
-0.51789391040802,-0.2743612229824066,-0.4995010197162628,-0.26040270924568176,-0.4989795684814453,-0.25569114089012146,0.0004618182429112494,0.00046158774057403207,0.0,0.0,0.10739252716302872,0.007179893087595701,0.11119242012500763,0.008046743459999561,0.5,0.5,0.10739252716302872,0.007179893087595701,0.0,177
-0.5259928107261658,-0.256672739982605,-0.4995010197162628,-0.26040270924568176,-0.4989795684814453,-0.25569114089012146,0.0004669273621402681,0.0004667708126362413,0.0,0.0,0.11167491972446442,0.0,0.10580861568450928,0.0,0.5,0.5,0.11167491972446442,0.0,0.0,178
-0.5137568712234497,-0.26203444600105286,-0.4995010197162628,-0.26040270924568176,-0.4989795684814453,-0.25569114089012146,0.00047039063065312803,0.0004702846927102655,0.0,0.0,0.10452191531658173,0.0,0.11501073837280273,0.0,0.5,0.5,0.10452191531658173,0.0,0.0,179
-0.5109781622886658,-0.24369844794273376,-0.4995010197162628,-0.26040270924568176,-0.4989795684814453,-0.25569114089012146,0.00047273156815208495,0.0004726600309368223,0.0,0.0,0.10720129311084747,0.0,0.10911121219396591,0.0,0.5,0.5,0.10720129311084747,0.0,0.0,180
-0.4815325438976288,-0.24849753081798553,-0.4995010197162628,-0.26040270924568176,-0.4989795684814453,-0.25569114089012146,0.0004743108293041587,0.0004742626042570919,0.0,0.0,0.10418259352445602,0.0,0.10647457093000412,0.0,0.5,0.5,0.10418259352445602,0.0,0.0,181
-0.47415104508399963,-0.2615748643875122,-0.4995010197162628,-0.26040270924568176,-0.4989795684814453,-0.25569114089012146,0.0004753748362418264,0.0004659749392885715,0.0,0.0,0.10136677324771881,0.0,0.10586454719305038,0.0,0.5,0.5,0.10136677324771881,0.0,0.0,182
-0.5017491579055786,-0.27122560143470764,-0.4995010197162628,-0.26040270924568176,-0.4989795684814453,-0.25569114089012146,0.00045737953041680157,0.00045129202771931887,0.0,0.0,0.10473021864891052,0.0,0.09886281937360764,0.0,0.5,0.5,0.10473021864891052,0.0,0.0,183
-0.5164228081703186,-0.25230252742767334,-0.4995010197162628,-0.26040270924568176,-0.4989795684814453,-0.25569114089012146,0.0004639088874682784,0.00044171023182570934,0.0,0.0,0.09905699640512466,0.0,0.09382333606481552,0.0,0.5,0.5,0.09905699640512466,0.0,0.0,184
-0.516744077205658,-0.25301727652549744,-0.4995010197162628,-0.26040270924568176,-0.4989795684814453,-0.25569114089012146,0.0004683459410443902,0.0004531812446657568,0.0,0.0,0.09706094861030579,0.0,0.09625130146741867,0.0,0.5,0.5,0.09706094861030579,0.0,0.0,185
-0.5129510760307312,-0.25509369373321533,-0.4995010197162628,-0.26040270924568176,-0.4989795684814453,-0.25569114089012146,0.0004713501548394561,0.00044294813415035605,0.0,0.0,0.0972709208726883,0.0,0.07348166406154633,0.0,0.5,0.5,0.0972709208726883,0.0,0.0,186
-0.5062284469604492,-0.26881125569343567,-0.4995010197162628,-0.26040270924568176,-0.4989795684814453,-0.25569114089012146,0.0004733791865874082,0.0004540328518487513,0.0,0.0,0.08651844412088394,0.0,0.10033192485570908,0.0,0.5,0.5,0.08651844412088394,0.0,0.0,187
-0.5163030624389648,-0.2657240927219391,-0.4995010197162628,-0.26040270924568176,-0.4989795684814453,-0.25569114089012146,0.0004376584547571838,0.00044350564712658525,0.0,0.0,0.08575975894927979,0.0,0.07897509634494781,0.0,0.5,0.5,0.08575975894927979,0.0,0.0,188
-0.5089194178581238,-0.27394771575927734,-0.4995010197162628,-0.26040270924568176,-0.4989795684814453,-0.25569114089012146,0.0004503888776525855,0.0004365925269667059,0.0,0.0,0.08610901981592178,0.0,0.0899159386754036,0.0,0.5,0.5,0.08610901981592178,0.0,0.0,189
-0.49649685621261597,-0.27451205253601074,-0.4995010197162628,-0.26040270924568176,-0.4989795684814453,-0.25569114089012146,0.00045913681969977915,0.0004320274165365845,0.0,0.0,0.09024301916360855,0.0,0.1074499636888504,0.0,0.5,0.5,0.09024301916360855,0.0,0.0,190
-0.4828539192676544,-0.26706230640411377,-0.4995010197162628,-0.26040270924568176,-0.4989795684814453,-0.25569114089012146,0.0004468407132662833,0.00042900172411464155,0.0,0.0,0.09416522830724716,0.0,0.12265978008508682,0.0,0.5,0.5,0.09416522830724716,0.0,0.0,191
-0.4661867022514343,-0.2724716365337372,-0.49961039423942566,-0.2597924768924713,-0.49910324811935425,-0.2550988495349884,0.0004387876542750746,0.00042699146433733404,0.0,0.0,-0.6189227104187012,0.00800000037997961,-0.17734022438526154,0.006199540104717016,0.5,0.5,-0.2058347761631012,0.00605076365172863,0.0,192
-0.4709324836730957,-0.26541808247566223,-0.49961039423942566,-0.2597924768924713,-0.49910324811935425,-0.2550988495349884,0.00045116784167476,0.0004430008993949741,0.0,0.0,-0.18844760954380035,0.0,-0.18504966795444489,0.0,0.5,0.5,-0.18844760954380035,0.0,0.0,193
-0.4637022912502289,-0.261510968208313,-0.500237762928009,-0.2586021423339844,-0.4994143545627594,-0.2545134127140045,0.00044162882841192186,0.00045406914432533085,0.0,0.0,-0.7824689745903015,0.00800000037997961,-0.48504966497421265,0.01345553807914257,0.5,0.5,-0.4884476065635681,0.006629573181271553,0.0,194
-0.45963606238365173,-0.25716739892959595,-0.5004127621650696,-0.2584250867366791,-0.49993982911109924,-0.25398483872413635,0.00043535514851100743,0.00044352939585223794,0.0,0.0,-0.7824689745903015,0.007787487935274839,-0.7795483469963074,0.002489633159711957,0.5,0.5,-0.7824689745903015,0.0074532972648739815,0.0,195
-0.47657865285873413,-0.25127092003822327,-0.5004127621650696,-0.2584250867366791,-0.49993982911109924,-0.25398483872413635,0.0004487980913836509,0.00043660818482749164,0.0,0.0,-0.7824129462242126,0.0,-0.7886825799942017,0.0,0.5,0.5,-0.7824129462242126,0.0,0.0,196
-0.4702017903327942,-0.2512649595737457,-0.5004127621650696,-0.2584250867366791,-0.49993982911109924,-0.25398483872413635,0.0004400738107506186,0.0004320377775002271,0.0,0.0,-0.7791820764541626,0.0,-0.7724477052688599,0.0,0.5,0.5,-0.7791820764541626,0.0,0.0,197
-0.4741705656051636,-0.2565995156764984,-0.5004127621650696,-0.2584250867366791,-0.49993982911109924,-0.25398483872413635,0.000452054402558133,0.00042900859261862934,0.0,0.0,-0.7781445384025574,0.0,-0.7698644399642944,0.0,0.5,0.5,-0.7781445384025574,0.0,0.0,198
-0.4725797176361084,-0.26755043864250183,-0.5010566115379333,-0.25743064284324646,-0.5003640651702881,-0.25332656502723694,0.0004602757981047034,0.00044440204510465264,0.0,0.0,-0.5724413394927979,0.00800000037997961,-0.5745803713798523,0.01184677891433239,0.5,0.5,-0.5724413394927979,0.007831340655684471,0.0,199
-0.4842703342437744,-0.25965985655784607,-0.5010566115379333,-0.25743064284324646,-0.5003640651702881,-0.25332656502723694,0.0004475834721233696,0.00043718298547901213,0.0,0.0,-0.5754832029342651,0.0,-0.5784635543823242,0.0,0.5,0.5,-0.5754832029342651,0.0,0.0,200
-0.4899516701698303,-0.26417434215545654,-0.5010566115379333,-0.25743064284324646,-0.5003640651702881,-0.25332656502723694,0.0004572154430206865,0.0004324181063566357,0.0,0.0,-0.5764238834381104,0.0,-0.5938302278518677,0.0,0.5,0.5,-0.5764238834381104,0.0,0.0,201
-0.4841189384460449,-0.25437623262405396,-0.5010566115379333,-0.25743064284324646,-0.5003640651702881,-0.25332656502723694,0.0004455865127965808,0.0004467660328373313,0.0,0.0,-0.5803515911102295,0.0,-0.594149112701416,0.0,0.5,0.5,-0.5803515911102295,0.0,0.0,202
-0.4931033253669739,-0.2462795078754425,-0.5010566115379333,-0.25743064284324646,-0.5003640651702881,-0.25332656502723694,0.00045584558392874897,0.00045665493234992027,0.0,0.0,-0.5800977349281311,0.0,-0.5831012725830078,0.0,0.5,0.5,-0.5800977349281311,0.0,0.0,203
-0.4862695336341858,-0.25776854157447815,-0.5010566115379333,-0.25743064284324646,-0.5003640651702881,-0.25332656502723694,0.0004628636525012553,0.0004542903625406325,0.0,0.0,-0.5826245546340942,0.0,-0.577878475189209,0.0,0.5,0.5,-0.5826245546340942,0.0,0.0,204
-0.4899325668811798,-0.262937068939209,-0.5010566115379333,-0.25743064284324646,-0.5003640651702881,-0.25332656502723694,0.00046763697173446417,0.0004436741874087602,0.0,0.0,-0.590632438659668,0.0,-0.5839203000068665,0.0,0.5,0.5,-0.590632438659668,0.0,0.0,205
-0.489016592502594,-0.2777802050113678,-0.501301109790802,-0.25659269094467163,-0.5005764961242676,-0.25261634588241577,0.0004523710231296718,0.00045453201164491475,0.0,0.0,-0.20516884326934814,0.00800000037997961,-0.2839202880859375,0.008728879503905773,0.5,0.5,-0.290632426738739,0.007412993814796209,0.0,206
-0.48300042748451233,-0.28000107407569885,-0.5015760064125061,-0.2552194595336914,-0.5006958246231079,-0.2520430386066437,0.00044241739669814706,0.00044383227941580117,0.0,0.0,-0.20516884326934814,0.005877260118722916,-0.19755367934703827,0.014004644937813282,0.5,0.5,-0.20516884326934814,0.005855809431523085,0.0,207
-0.4805951416492462,-0.28013119101524353,-0.5016649961471558,-0.254801481962204,-0.5008811354637146,-0.25115248560905457,0.00043587523396126926,0.0004546406853478402,0.0,0.0,-0.20516884326934814,0.00909624993801117,-0.20979607105255127,0.004273580852895975,0.5,0.5,-0.20516884326934814,0.00909624993801117,0.0,208
-0.4854557514190674,-0.2647232711315155,-0.5016649961471558,-0.254801481962204,-0.5008811354637146,-0.25115248560905457,0.00044915752368979156,0.0004620419058483094,0.0,0.0,-0.2013319581747055,0.0,-0.20742587745189667,0.0,0.5,0.5,-0.2013319581747055,0.0,0.0,209
-0.49350160360336304,-0.2683558762073517,-0.5016649961471558,-0.254801481962204,-0.5008811354637146,-0.25115248560905457,0.00045829391456209123,0.00044873415026813745,0.0,0.0,-0.19888685643672943,0.0,-0.20795224606990814,0.0,0.5,0.5,-0.19888685643672943,0.0,0.0,210
-0.48724231123924255,-0.26617124676704407,-0.5016649961471558,-0.254801481962204,-0.5008811354637146,-0.25115248560905457,0.00044629067997448146,0.00045800398220308125,0.0,0.0,-0.19954396784305573,0.0,-0.18442678451538086,0.0,0.5,0.5,-0.19954396784305573,0.0,0.0,211
-0.4942130744457245,-0.24931642413139343,-0.5016649961471558,-0.254801481962204,-0.5008811354637146,-0.25115248560905457,0.00045632882392965257,0.0004461014177650213,0.0,0.0,-0.20231902599334717,0.0,-0.2105666697025299,0.0,0.5,0.5,-0.20231902599334717,0.0,0.0,212
-0.5095874667167664,-0.2569772005081177,-0.5016649961471558,-0.254801481962204,-0.5008811354637146,-0.25115248560905457,0.00044500723015516996,0.0004472224391065538,0.0,0.0,-0.20144669711589813,0.0,-0.19406940042972565,0.0,0.5,0.5,-0.20144669711589813,0.0,0.0,213
-0.5053497552871704,-0.2541384696960449,-0.5016649961471558,-0.254801481962204,-0.5008811354637146,-0.25115248560905457,0.00045544785098172724,0.000456967914942652,0.0,0.0,-0.20447508990764618,0.0,-0.2177433967590332,0.0,0.5,0.5,-0.20447508990764618,0.0,0.0,214
-0.5018563866615295,-0.24176378548145294,-0.5016649961471558,-0.254801481962204,-0.5008811354637146,-0.25115248560905457,0.0004625924921128899,0.0004636285302694887,0.0,0.0,-0.20756082236766815,0.0,-0.22024641931056976,0.0,0.5,0.5,-0.20756082236766815,0.0,0.0,215
-0.5161553025245667,-0.2504046559333801,-0.5016649961471558,-0.254801481962204,-0.5008811354637146,-0.25115248560905457,0.00046745294821448624,0.000458934111520648,0.0,0.0,-0.20386384427547455,0.0,-0.20594124495983124,0.0,0.5,0.5,-0.20386384427547455,0.0,0.0,216
-0.5226488709449768,-0.25689008831977844,-0.5016649961471558,-0.254801481962204,-0.5008811354637146,-0.25115248560905457,0.00043398397974669933,0.0004649670736398548,0.0,0.0,-0.2058177888393402,0.0,-0.20316165685653687,0.0,0.5,0.5,-0.2058177888393402,0.0,0.0,217
-0.5246340036392212,-0.2648469805717468,-0.5016649961471558,-0.254801481962204,-0.5008811354637146,-0.25115248560905457,0.0004129838780499995,0.00046906323404982686,0.0,0.0,-0.2060997635126114,0.0,-0.20141306519508362,0.0,0.5,0.5,-0.2060997635126114,0.0,0.0,218
-0.5144410729408264,-0.257755845785141,-0.5016649961471558,-0.254801481962204,-0.5008811354637146,-0.25115248560905457,0.00043321793782524765,0.00047183496644720435,0.0,0.0,-0.20703090727329254,0.0,-0.22398167848587036,0.0,0.5,0.5,-0.20703090727329254,0.0,0.0,219
-0.5192989110946655,-0.2546323835849762,-0.5016649961471558,-0.254801481962204,-0.5008811354637146,-0.25115248560905457,0.000447319820523262,0.00045509132905863225,0.0,0.0,-0.2139676809310913,0.0,-0.21144148707389832,0.0,0.5,0.5,-0.2139676809310913,0.0,0.0,220
-0.5214679837226868,-0.26004692912101746,-0.5016649961471558,-0.254801481962204,-0.5008811354637146,-0.25115248560905457,0.00045703467912971973,0.0004623493296094239,0.0,0.0,-0.20975886285305023,0.0,-0.20757153630256653,0.0,0.5,0.5,-0.20975886285305023,0.0,0.0,221
-0.5050880908966064,-0.2678444981575012,-0.5016649961471558,-0.254801481962204,-0.5008811354637146,-0.25115248560905457,0.00046367401955649257,0.0004672879003919661,0.0,0.0,-0.20555804669857025,0.0,-0.19646723568439484,0.0,0.5,0.5,-0.20555804669857025,0.0,0.0,222
-0.5275445580482483,-0.26628378033638,-0.5016649961471558,-0.254801481962204,-0.5008811354637146,-0.25115248560905457,0.00046818668488413095,0.00045214450801722705,0.0,0.0,-0.19898611307144165,0.0,-0.19120554625988007,0.0,0.5,0.5,-0.19898611307144165,0.0,0.0,223
-0.5268257260322571,-0.2663115859031677,-0.5016649961471558,-0.254801481962204,-0.5008811354637146,-0.25115248560905457,0.00047124247066676617,0.0004422689962666482,0.0,0.0,-0.20240621268749237,0.0,-0.2003432810306549,0.0,0.5,0.5,-0.20240621268749237,0.0,0.0,224
-0.5390366315841675,-0.27315419912338257,-0.5016258955001831,-0.25441011786460876,-0.500831663608551,-0.2506473958492279,0.0004733065143227577,0.0004357773868832737,0.0,0.0,0.6812065839767456,0.00800000037997961,0.09965671598911285,0.003933013416826725,0.5,0.5,0.09759378433227539,0.005074899643659592,0.0,225
-0.5328966379165649,-0.24583734571933746,-0.5016258955001831,-0.25441011786460876,-0.500831663608551,-0.2506473958492279,0.00047469831770285964,0.0004314878024160862,0.0,0.0,0.10718267410993576,0.0,0.12385017424821854,0.0,0.5,0.5,0.10718267410993576,0.0,0.0,226
-0.5281907320022583,-0.24086672067642212,-0.5016258955001831,-0.25441011786460876,-0.500831663608551,-0.2506473958492279,0.0004384745843708515,0.0004373543197289109,0.0,0.0,0.10745878517627716,0.0,0.09808022528886795,0.0,0.5,0.5,0.10745878517627716,0.0,0.0,227
-0.5171030759811401,-0.25022822618484497,-0.5016258955001831,-0.25441011786460876,-0.500831663608551,-0.2506473958492279,0.0004158262745477259,0.0004501789517235011,0.0,0.0,0.10347098857164383,0.0,0.11244932562112808,0.0,0.5,0.5,0.10347098857164383,0.0,0.0,228
-0.5245236158370972,-0.26348310708999634,-0.5016258955001831,-0.25441011786460876,-0.500831663608551,-0.2506473958492279,0.00043521058978512883,0.0004409802204463631,0.0,0.0,0.10658888518810272,0.0,0.08699007332324982,0.0,0.5,0.5,0.10658888518810272,0.0,0.0,229
-0.5269546508789062,-0.26508525013923645,-0.5016258955001831,-0.25441011786460876,-0.500831663608551,-0.2506473958492279,0.00041376103763468564,0.00043492717668414116,0.0,0.0,0.09924660623073578,0.0,0.08807270228862762,0.0,0.5,0.5,0.09924660623073578,0.0,0.0,230
-0.5167833566665649,-0.26072466373443604,-0.5016258955001831,-0.25441011786460876,-0.500831663608551,-0.2506473958492279,0.00043376313988119364,0.00043092467240057886,0.0,0.0,0.09444431215524673,0.0,0.09973917156457901,0.0,0.5,0.5,0.09444431215524673,0.0,0.0,231
-0.500465452671051,-0.27062734961509705,-0.5016258955001831,-0.25441011786460876,-0.500831663608551,-0.2506473958492279,0.0004476971225813031,0.0004282695008441806,0.0,0.0,0.09538587927818298,0.0,0.11515239626169205,0.0,0.5,0.5,0.09538587927818298,0.0,0.0,232
-0.495088130235672,-0.2605268359184265,-0.5016258955001831,-0.25441011786460876,-0.500831663608551,-0.2506473958492279,0.0004572933539748192,0.0004438888863660395,0.0,0.0,0.09742212295532227,0.0,0.08944249153137207,0.0,0.5,0.5,0.09742212295532227,0.0,0.0,233
-0.4856940805912018,-0.25346967577934265,-0.5016258955001831,-0.25441011786460876,-0.500831663608551,-0.2506473958492279,0.00046385021414607763,0.0004546795680653304,0.0,0.0,0.09614380449056625,0.0,0.09149044752120972,0.0,0.5,0.5,0.09614380449056625,0.0,0.0,234
-0.5042876601219177,-0.25220271944999695,-0.5016258955001831,-0.25441011786460876,-0.500831663608551,-0.2506473958492279,0.00044991099275648594,0.00046206844854168594,0.0,0.0,0.09311673045158386,0.0,0.09179818630218506,0.0,0.5,0.5,0.09311673045158386,0.0,0.0,235
-0.4976421594619751,-0.24495473504066467,-0.5016258955001831,-0.25441011786460876,-0.500831663608551,-0.2506473958492279,0.00045880977995693684,0.0004670972120948136,0.0,0.0,0.0954141691327095,0.0,0.11796481162309647,0.0,0.5,0.5,0.0954141691327095,0.0,0.0,236
-0.4875500798225403,-0.25375494360923767,-0.5016258955001831,-0.25441011786460876,-0.500831663608551,-0.2506473958492279,0.00046488246880471706,0.0004705055907834321,0.0,0.0,0.0957028716802597,0.0,0.11898437887430191,0.0,0.5,0.5,0.0957028716802597,0.0,0.0,237
-0.4960646629333496,-0.254296213388443,-0.5016258955001831,-0.25441011786460876,-0.500831663608551,-0.2506473958492279,0.00045058218529447913,0.00047280918806791306,0.0,0.0,0.10493085533380508,0.0,0.12208401411771774,0.0,0.5,0.5,0.10493085533380508,0.0,0.0,238
-0.4975881278514862,-0.2520224452018738,-0.5016258955001831,-0.25441011786460876,-0.500831663608551,-0.2506473958492279,0.00045926906750537455,0.00047436312888748944,0.0,0.0,0.10165850818157196,0.0,0.09257502108812332,0.0,0.5,0.5,0.10165850818157196,0.0,0.0,239
-0.5017378330230713,-0.25251033902168274,-0.5016258955001831,-0.25441011786460876,-0.500831663608551,-0.2506473958492279,0.00046519492752850056,0.00045672606211155653,0.0,0.0,0.09929070621728897,0.0,0.10081364959478378,0.0,0.5,0.5,0.09929070621728897,0.0,0.0,240
-0.48113974928855896,-0.24871359765529633,-0.5016258955001831,-0.25441011786460876,-0.500831663608551,-0.2506473958492279,0.0004692176007665694,0.00044526680721901357,0.0,0.0,0.10056526213884354,0.0,0.1005835235118866,0.0,0.5,0.5,0.10056526213884354,0.0,0.0,241
-0.4866296350955963,-0.238717183470726,-0.5016258955001831,-0.25441011786460876,-0.500831663608551,-0.2506473958492279,0.00047193930367939174,0.00044666140456683934,0.0,0.0,0.09714965522289276,0.0,0.09589385986328125,0.0,0.5,0.5,0.09714965522289276,0.0,0.0,242
-0.4993349611759186,-0.2407468557357788,-0.5016165375709534,-0.2530168890953064,-0.5008336305618286,-0.24985136091709137,0.0004551588208414614,0.00044759869342669845,0.0,0.0,-0.002502506598830223,0.00800000037997961,0.006702558137476444,0.013932705856859684,0.5,0.5,-0.002502506598830223,0.007960310205817223,0.0,243
-0.4936266243457794,-0.22775062918663025,-0.5016301274299622,-0.2523854374885559,-0.5008739233016968,-0.2482522875070572,0.00046239537186920643,0.00044822818017564714,0.0,0.0,-0.025210700929164886,0.01600000075995922,-0.0214772317558527,0.006316083017736673,0.5,0.5,-0.025210700929164886,0.015995875000953674,0.0,244
-0.4921623766422272,-0.2310008406639099,-0.5016675591468811,-0.2506052255630493,-0.5009473562240601,-0.24585343897342682,0.00046731915790587664,0.0004576573264785111,0.0,0.0,-0.030606083571910858,0.024000000208616257,-0.02103184349834919,0.017806125804781914,0.5,0.5,-0.030606083571910858,0.0239996500313282,0.0,245
-0.4822491407394409,-0.22828590869903564,-0.5018205642700195,-0.24812769889831543,-0.5011708736419678,-0.24266374111175537,0.0004521647933870554,0.0004549591685645282,0.0,0.0,-0.0699678510427475,0.03200000151991844,-0.06166858226060867,0.024822520092129707,0.5,0.5,-0.0699678510427475,0.031975213438272476,0.0,246
-0.46724608540534973,-0.23664318025112152,-0.5022640228271484,-0.2443431168794632,-0.5015619993209839,-0.2395392805337906,0.0004603512352332473,0.00045315796160139143,0.0,0.0,-0.12453761696815491,0.03153543174266815,-0.11663709580898285,0.03810475021600723,0.5,0.5,-0.12453761696815491,0.03148848935961723,0.0,247
-0.4643436074256897,-0.2320730984210968,-0.502707839012146,-0.24109598994255066,-0.5020135045051575,-0.23628422617912292,0.0004659307305701077,0.0004519537906162441,0.0,0.0,-0.1378220170736313,0.032865118235349655,-0.1358376145362854,0.03277316689491272,0.5,0.5,-0.1378220170736313,0.03286221995949745,0.0,248
-0.49016547203063965,-0.22160997986793518,-0.5028539299964905,-0.23817838728427887,-0.5021211504936218,-0.23358532786369324,0.00045126330223865807,0.0004511479346547276,0.0,0.0,-0.03985775262117386,0.027140630409121513,-0.05003634840250015,0.029212603345513344,0.5,0.5,-0.03985775262117386,0.02701050043106079,0.0,249
-0.5121392011642456,-0.2071518450975418,-0.5026314854621887,-0.2347005158662796,-0.5019723176956177,-0.2307392954826355,0.00045973496162332594,0.0004506082914303988,0.0,0.0,0.05224239453673363,0.028620537370443344,0.06386818736791611,0.03484984114766121,0.5,0.5,0.05224239453673363,0.028499238193035126,0.0,250
-0.5074313282966614,-0.22298723459243774,-0.5025078058242798,-0.2310257852077484,-0.501876950263977,-0.22755688428878784,0.00042917890823446214,0.000459286937257275,0.0,0.0,0.02995755337178707,0.03184623643755913,0.03364114463329315,0.03676816076040268,0.5,0.5,0.02995755337178707,0.03183832764625549,0.0,251
-0.5005916953086853,-0.20250073075294495,-0.5024599432945251,-0.22849415242671967,-0.5018699765205383,-0.2248682677745819,0.0004445202648639679,0.0004560455272439867,0.0,0.0,0.002600713400170207,0.026896269991993904,0.01890050806105137,0.025320878252387047,0.5,0.5,0.002600713400170207,0.02688620612025261,0.0,252
-0.49836045503616333,-0.2033785730600357,-0.5024718046188354,-0.22573193907737732,-0.5018905401229858,-0.22200064361095428,0.00045511338976211846,0.00045388354919850826,0.0,0.0,-0.007178948260843754,0.028678368777036667,-0.004284549038857222,0.027622418478131294,0.5,0.5,-0.007178948260843754,0.028676997870206833,0.0,253
-0.5004441142082214,-0.2170225977897644,-0.5024716258049011,-0.2231539785861969,-0.5018853545188904,-0.219161719083786,0.00046236437628977,0.00046152519644238055,0.0,0.0,0.0018351016333326697,0.028390415012836456,6.240592483663931e-05,0.025779543444514275,0.5,0.5,0.0018351016333326697,0.028389262035489082,0.0,254
-0.5064986944198608,-0.1973675638437271,-0.5023634433746338,-0.21958763897418976,-0.5018091797828674,-0.2165546417236328,0.0004672981158364564,0.00045753573067486286,0.0,0.0,0.02921667881309986,0.02609162963926792,0.030330797657370567,0.035679761320352554,0.5,0.5,0.02921667881309986,0.02608184888958931,0.0,255
-0.4933156669139862,-0.20008161664009094,-0.5023941993713379,-0.21755161881446838,-0.5018859505653381,-0.21396946907043457,0.00047064150567166507,0.0004548780561890453,0.0,0.0,-0.029688702896237373,0.025908082723617554,-0.015108265914022923,0.020362533628940582,0.5,0.5,-0.029688702896237373,0.025863146409392357,0.0,256
-0.4882568418979645,-0.20838725566864014,-0.5025358200073242,-0.21409541368484497,-0.5020529627799988,-0.21064968407154083,0.0004543186805676669,0.000453103770269081,0.0,0.0,-0.05027381703257561,0.033246953040361404,-0.04094476252794266,0.03459104895591736,0.5,0.5,-0.05027381703257561,0.03323990851640701,0.0,257
-0.486463338136673,-0.19357141852378845,-0.5026344060897827,-0.2122841626405716,-0.5021979808807373,-0.20830795168876648,0.0004618222010321915,0.000451917527243495,0.0,0.0,-0.061853405088186264,0.02346375398337841,-0.05436066538095474,0.01813926361501217,0.5,0.5,-0.061853405088186264,0.02346218191087246,0.0,258
-0.48979321122169495,-0.2059125006198883,-0.5027744770050049,-0.2081119269132614,-0.5023369193077087,-0.20516513288021088,0.00044859107583761215,0.00045112366206012666,0.0,0.0,-0.044173166155815125,0.031463753432035446,-0.03355429321527481,0.041745785623788834,0.5,0.5,-0.044173166155815125,0.031458836048841476,0.0,259
-0.5022227168083191,-0.20217064023017883,-0.5027323365211487,-0.2054133266210556,-0.5023123025894165,-0.20264793932437897,0.00045790596050210297,0.0004505920223891735,0.0,0.0,0.009784003719687462,0.02520979940891266,0.015608102083206177,0.026989256963133812,0.5,0.5,0.009784003719687462,0.025173110887408257,0.0,260
-0.5112779140472412,-0.19713670015335083,-0.5025341510772705,-0.2026069015264511,-0.5021635890007019,-0.19971905648708344,0.00046426733024418354,0.00045023587881587446,0.0,0.0,0.050726477056741714,0.0293511301279068,0.07050812244415283,0.028134113177657127,0.5,0.5,0.050726477056741714,0.029326532036066055,0.0,261
-0.5151205062866211,-0.19305187463760376,-0.5022839307785034,-0.19898442924022675,-0.5019676089286804,-0.19689306616783142,0.0004320034058764577,0.0004499971983022988,0.0,0.0,0.06923278421163559,0.028332544490695,0.06897121667861938,0.036311015486717224,0.5,0.5,0.06923278421163559,0.028327694162726402,0.0,262
-0.49478524923324585,-0.1969033181667328,-0.5023509860038757,-0.1957383155822754,-0.5020290613174438,-0.19427886605262756,0.0004464788071345538,0.0004498372145462781,0.0,0.0,-0.023495741188526154,0.026262063533067703,-0.020656874403357506,0.03246806934475899,0.5,0.5,-0.023495741188526154,0.026149235665798187,0.0,263
-0.48843812942504883,-0.19316239655017853,-0.5025143027305603,-0.19269338250160217,-0.502181887626648,-0.19139501452445984,0.0004564578994177282,0.00044972996693104506,0.0,0.0,-0.05294705927371979,0.028891535475850105,-0.05358723923563957,0.030493060126900673,0.5,0.5,-0.05294705927371979,0.02887900546193123,0.0,264
-0.48650896549224854,-0.18368031084537506,-0.5026420950889587,-0.19039396941661835,-0.5023642182350159,-0.1885744035243988,0.0004632810305338353,0.00044965805136598647,0.0,0.0,-0.06455951929092407,0.02826688624918461,-0.05552511289715767,0.02302960492670536,0.5,0.5,-0.06455951929092407,0.028264980763196945,0.0,265
-0.47925087809562683,-0.17954730987548828,-0.5027996897697449,-0.1887955516576767,-0.50262051820755,-0.18604782223701477,0.00046792012290097773,0.0004496098554227501,0.0,0.0,-0.10109345614910126,0.025412408635020256,-0.09826694428920746,0.01606166362762451,0.5,0.5,-0.10109345614910126,0.025395451113581657,0.0,266
-0.47357746958732605,-0.18211323022842407,-0.5030271410942078,-0.18673823773860931,-0.5029377937316895,-0.18356075882911682,0.0004710622306447476,0.00044957755017094314,0.0,0.0,-0.1268899142742157,0.02508060447871685,-0.1101221814751625,0.02069850265979767,0.5,0.5,-0.1268899142742157,0.025072259828448296,0.0,267
-0.4679320752620697,-0.1876458376646042,-0.5034486651420593,-0.18387997150421143,-0.5033588409423828,-0.18076874315738678,0.00047318488941527903,0.0004495558678172529,0.0,0.0,-0.14967654645442963,0.02824312262237072,-0.14641517400741577,0.02889184094965458,0.5,0.5,-0.14967654645442963,0.028235791251063347,0.0,268
-0.47403255105018616,-0.1820133775472641,-0.5037590265274048,-0.1815207451581955,-0.5036714673042297,-0.17827630043029785,0.0004746163613162935,0.00044954134500585496,0.0,0.0,-0.12478673458099365,0.025127509608864784,-0.1308005452156067,0.023795604705810547,0.5,0.5,-0.12478673458099365,0.025119725614786148,0.0,269
-0.4832856357097626,-0.18260392546653748,-0.5039858222007751,-0.1786743849515915,-0.5038883090019226,-0.17558324337005615,0.00047558057121932507,0.00044953159522265196,0.0,0.0,-0.08033756166696548,0.027044354006648064,-0.07951530069112778,0.028553856536746025,0.5,0.5,-0.08033756166696548,0.027017643675208092,0.0,270
-0.48801419138908386,-0.18134021759033203,-0.5040622353553772,-0.17718397080898285,-0.5040255784988403,-0.17321990430355072,0.00047622949932701886,0.0004495250468607992,0.0,0.0,-0.05802243947982788,0.023679178208112717,-0.051221638917922974,0.014923656359314919,0.5,0.5,-0.05802243947982788,0.02367328107357025,0.0,271
-0.49523675441741943,-0.17231029272079468,-0.5041043162345886,-0.17517836391925812,-0.5040842890739441,-0.17078827321529388,0.0004579312226269394,0.0004495206812862307,0.0,0.0,-0.024136191233992577,0.02433737739920616,-0.02099267579615116,0.020060524344444275,0.5,0.5,-0.024136191233992577,0.02432340569794178,0.0,272
-0.4855790436267853,-0.183054581284523,-0.5043120980262756,-0.1727081835269928,-0.504269540309906,-0.168115496635437,0.0004642845597118139,0.00044951774179935455,0.0,0.0,-0.06920269876718521,0.02681908570230007,-0.08392924070358276,0.0247891154140234,0.5,0.5,-0.06920269876718521,0.026791855692863464,0.0,273
-0.4779593050479889,-0.18429236114025116,-0.5045391321182251,-0.17070959508419037,-0.5045456290245056,-0.16549408435821533,0.0004686006286647171,0.0004495157627388835,0.0,0.0,-0.10492383688688278,0.02637592889368534,-0.11310458928346634,0.020114364102482796,0.5,0.5,-0.10492383688688278,0.02635910175740719,0.0,274
-0.47907036542892456,-0.17252379655838013,-0.5047899484634399,-0.1684267520904541,-0.5047928690910339,-0.16316068172454834,0.0004715223331004381,0.00044951445306651294,0.0,0.0,-0.10556619614362717,0.02346460521221161,-0.10943646728992462,0.02296588011085987,0.5,0.5,-0.10556619614362717,0.02346459962427616,0.0,275
-0.4829733967781067,-0.15617237985134125,-0.5049903392791748,-0.16616928577423096,-0.5050153136253357,-0.16079385578632355,0.000473495339974761,0.0004585383285302669,0.0,0.0,-0.09370482712984085,0.0237742867320776,-0.08854653686285019,0.022663399577140808,0.5,0.5,-0.09370482712984085,0.02377261593937874,0.0,276
-0.49142733216285706,-0.16370943188667297,-0.5050715804100037,-0.16452674567699432,-0.5051214694976807,-0.15845762193202972,0.00045616523129865527,0.0004555466293822974,0.0,0.0,-0.04539661109447479,0.023413756862282753,-0.049418434500694275,0.016445422545075417,0.5,0.5,-0.04539661109447479,0.02338644303381443,0.0,277
-0.509852409362793,-0.1607843041419983,-0.5049446821212769,-0.16205044090747833,-0.5050170421600342,-0.15648852288722992,0.0004630815819837153,0.00045355039765127003,0.0,0.0,0.05298168584704399,0.019814418628811836,0.05119505524635315,0.02479550428688526,0.5,0.5,0.05298168584704399,0.019718611612915993,0.0,278
-0.49766725301742554,-0.1599755734205246,-0.5049358606338501,-0.16033947467803955,-0.5050480961799622,-0.15402700006961823,0.0004677848191931844,0.0004612977500073612,0.0,0.0,-0.012610428035259247,0.024670207872986794,0.005141163244843483,0.017109885811805725,0.5,0.5,-0.012610428035259247,0.024617157876491547,0.0,279
-0.4994352161884308,-0.14536944031715393,-0.5049381852149963,-0.15798205137252808,-0.5050550103187561,-0.15193311870098114,0.00047097072820179164,0.00045738439075648785,0.0,0.0,-0.003314987290650606,0.02093977853655815,-0.0009861610596999526,0.02357427589595318,0.5,0.5,-0.003314987290650606,0.020938873291015625,0.0,280
-0.49528297781944275,-0.14338910579681396,-0.505005955696106,-0.15624871850013733,-0.5051088929176331,-0.15000909566879272,0.00045453186612576246,0.00045477712410502136,0.0,0.0,-0.028005262836813927,0.019253579899668694,-0.039074093103408813,0.01734653115272522,0.5,0.5,-0.028005262836813927,0.019247712567448616,0.0,281
-0.489088237285614,-0.1397169679403305,-0.5050954222679138,-0.1546705663204193,-0.5052416324615479,-0.14800500869750977,0.00046196766197681427,0.00045303633669391274,0.0,0.0,-0.06614896655082703,0.02009945921599865,-0.056627433747053146,0.015806788578629494,0.5,0.5,-0.06614896655082703,0.020084839314222336,0.0,282
-0.5030803084373474,-0.15120424330234528,-0.5050598978996277,-0.15232527256011963,-0.5051990747451782,-0.1455695629119873,0.0004486858088057488,0.0004518723872024566,0.0,0.0,0.01747956871986389,0.02444356493651867,0.015133697539567947,0.023455649614334106,0.5,0.5,0.01747956871986389,0.02435813844203949,0.0,283
-0.49396422505378723,-0.16509220004081726,-0.505108118057251,-0.14998385310173035,-0.5052668452262878,-0.14343447983264923,0.0004579708620440215,0.00045109345228411257,0.0,0.0,-0.03174116462469101,0.021387524902820587,-0.020592166110873222,0.023419130593538284,0.5,0.5,-0.03174116462469101,0.02136162295937538,0.0,284
-0.49851226806640625,-0.14477966725826263,-0.5051162838935852,-0.14776022732257843,-0.5052837133407593,-0.141506627202034,0.0004643115389626473,0.0004505717952270061,0.0,0.0,-0.008762463927268982,0.019284386187791824,-0.0036806853022426367,0.02223639003932476,0.5,0.5,-0.008762463927268982,0.019279295578598976,0.0,285
-0.49727264046669006,-0.14188840985298157,-0.5051847696304321,-0.1453835666179657,-0.5053212642669678,-0.1392098367214203,0.00046861893497407436,0.0004502223164308816,0.0,0.0,-0.01634093001484871,0.022971665486693382,-0.028806449845433235,0.023776425048708916,0.5,0.5,-0.01634093001484871,0.022971006110310555,0.0,286
-0.49830362200737,-0.13916130363941193,-0.5051909685134888,-0.1431858092546463,-0.5053420066833496,-0.13720369338989258,0.00047153470222838223,0.0004499880888033658,0.0,0.0,-0.010333183221518993,0.020062826573848724,-0.0028199951630085707,0.02197764255106449,0.5,0.5,-0.010333183221518993,0.020062465220689774,0.0,287
-0.47721338272094727,-0.1508551836013794,-0.5054094791412354,-0.1413048803806305,-0.5056374669075012,-0.13492333889007568,0.0004735036927741021,0.0004498311027418822,0.0,0.0,-0.1288580298423767,0.023156609386205673,-0.11565200239419937,0.018935836851596832,0.5,0.5,-0.1288580298423767,0.02299414575099945,0.0,288
-0.4670632779598236,-0.1328926384449005,-0.5058250427246094,-0.13945695757865906,-0.5060067176818848,-0.13315318524837494,0.00047483117668889463,0.0004497258923947811,0.0,0.0,-0.20565295219421387,0.018136093392968178,-0.22121472656726837,0.018940815702080727,0.5,0.5,-0.20565295219421387,0.018082642927765846,0.0,289
-0.48752814531326294,-0.13588322699069977,-0.5059612989425659,-0.13745200634002686,-0.5061675310134888,-0.13107863068580627,0.00045702842180617154,0.00044965531560592353,0.0,0.0,-0.07736644148826599,0.020980261266231537,-0.06785838305950165,0.020095733925700188,0.5,0.5,-0.07736644148826599,0.02080785669386387,0.0,290
-0.5047415494918823,-0.14399641752243042,-0.5058650970458984,-0.1350799798965454,-0.5061079859733582,-0.12895619869232178,0.0004454643640201539,0.00044960802188143134,0.0,0.0,0.028049856424331665,0.021351194009184837,0.04052570462226868,0.023739801719784737,0.5,0.5,0.028049856424331665,0.021232670173048973,0.0,291
-0.5018030405044556,-0.152417853474617,-0.5058035850524902,-0.1332891881465912,-0.5060853958129883,-0.12673106789588928,0.00045576170668937266,0.00045860238606110215,0.0,0.0,0.01016227062791586,0.022255944088101387,0.03433139622211456,0.01791849359869957,0.5,0.5,0.01016227062791586,0.022252382710576057,0.0,292
-0.5077812671661377,-0.12342514842748642,-0.5057435035705566,-0.13206437230110168,-0.5059999823570251,-0.12510164082050323,0.00046280649257823825,0.0004555893247015774,0.0,0.0,0.05237768217921257,0.016331220045685768,0.04899562895298004,0.012262840755283833,0.5,0.5,0.05237768217921257,0.016316670924425125,0.0,293
-0.4871203601360321,-0.13276785612106323,-0.5058325529098511,-0.13109438121318817,-0.506155788898468,-0.12319287657737732,0.00046759817632846534,0.00045357891940511763,0.0,0.0,-0.08145608752965927,0.01932395063340664,-0.09157410264015198,0.00974078755825758,0.5,0.5,-0.08145608752965927,0.019151149317622185,0.0,294
-0.5067429542541504,-0.1381341964006424,-0.5057544112205505,-0.12911352515220642,-0.5060716867446899,-0.12115788459777832,0.00045234584831632674,0.0004522353410720825,0.0,0.0,0.04131043329834938,0.020521778613328934,0.03941996768116951,0.019823936745524406,0.5,0.5,0.04131043329834938,0.020367324352264404,0.0,295
-0.49823448061943054,-0.1279042661190033,-0.5057620406150818,-0.1270953267812729,-0.5060939192771912,-0.1192312240600586,0.00042455759830772877,0.0004513364110607654,0.0,0.0,-0.011546093039214611,0.019294846802949905,-0.003770365845412016,0.020182056352496147,0.5,0.5,-0.011546093039214611,0.01926789991557598,0.0,296
-0.5058718323707581,-0.13137975335121155,-0.5057421922683716,-0.12648047506809235,-0.5060319304466248,-0.11757977306842804,0.0004240316920913756,0.0004507345147430897,0.0,0.0,0.037530913949012756,0.01654604636132717,0.032233644276857376,0.006151717156171799,0.5,0.5,0.037530913949012756,0.016526125371456146,0.0,297
-0.5010208487510681,-0.13727828860282898,-0.5056748986244202,-0.12412787228822708,-0.5060175061225891,-0.11528348177671432,0.00040665670530870557,0.00045033133937977254,0.0,0.0,0.006290752440690994,0.02297455444931984,0.0285867378115654,0.02353562042117119,0.5,0.5,0.006290752440690994,0.022963345050811768,0.0,298
-0.4940648376941681,-0.14396506547927856,-0.5057508945465088,-0.1217903271317482,-0.506087064743042,-0.11330340057611465,0.00042876842780970037,0.0004500611685216427,0.0,0.0,-0.035112202167510986,0.01982998661696911,-0.03249257057905197,0.023387791588902473,0.5,0.5,-0.035112202167510986,0.019812993705272675,0.0,299
-0.5011190176010132,-0.14997394382953644,-0.5057278871536255,-0.12008504569530487,-0.5060733556747437,-0.11116017401218414,0.000444235309259966,0.00044988011359237134,0.0,0.0,0.006395350676029921,0.021451175212860107,0.013498259708285332,0.017054330557584763,0.5,0.5,0.006395350676029921,0.021432697772979736,0.0,300
-0.5063107013702393,-0.14938972890377045,-0.5056360960006714,-0.11802941560745239,-0.5059949159622192,-0.10899220407009125,0.00041946128476411104,0.0004497587215155363,0.0,0.0,0.036171622574329376,0.02170354686677456,0.04463178291916847,0.020576821640133858,0.5,0.5,0.036171622574329376,0.02169392630457878,0.0,301
-0.5185816884040833,-0.14375483989715576,-0.5054846405982971,-0.11668722331523895,-0.5058040618896484,-0.1072591170668602,0.00043775333324447274,0.0004496773472055793,0.0,0.0,0.10966888070106506,0.017482830211520195,0.11235985159873962,0.013507086783647537,0.5,0.5,0.10966888070106506,0.017435630783438683,0.0,302
-0.5327414274215698,-0.15136653184890747,-0.5050622820854187,-0.11444428563117981,-0.5053635239601135,-0.10488619655370712,0.00041537024662829936,0.0004496227775234729,0.0,0.0,0.18355455994606018,0.024200694635510445,0.18612095713615417,0.022823577746748924,0.5,0.5,0.18355455994606018,0.024134667590260506,0.0,303
-0.5409852266311646,-0.15695549547672272,-0.5046734809875488,-0.11281756311655045,-0.5048356652259827,-0.1025426834821701,0.0004348911752458662,0.0004495861940085888,0.0,0.0,0.22155113518238068,0.024039635434746742,0.23459948599338531,0.01672539860010147,0.5,0.5,0.22155113518238068,0.024022283032536507,0.0,304
-0.5189055800437927,-0.15308886766433716,-0.5045604109764099,-0.111716628074646,-0.5046130418777466,-0.1004454642534256,0.00044847733806818724,0.0004495616885833442,0.0,0.0,0.10576188564300537,0.021232176572084427,0.1023218110203743,0.011067227460443974,0.5,0.5,0.10576188564300537,0.021090004593133926,0.0,305
-0.5205138325691223,-0.1302415281534195,-0.5043016076087952,-0.10972446203231812,-0.50432288646698,-0.09824945032596588,0.0004578280495479703,0.00044954524491913617,0.0,0.0,0.1313801258802414,0.022158298641443253,0.12919138371944427,0.020089110359549522,0.5,0.5,0.1313801258802414,0.022151028737425804,0.0,306
-0.5292702913284302,-0.13151752948760986,-0.5038769841194153,-0.10747424513101578,-0.5039666891098022,-0.09634488075971603,0.00046421430306509137,0.00044953421456739306,0.0,0.0,0.18487419188022614,0.019403640180826187,0.18650193512439728,0.02289929799735546,0.5,0.5,0.18487419188022614,0.019375883042812347,0.0,307
-0.5205943584442139,-0.12255984544754028,-0.5037208795547485,-0.1060548797249794,-0.5037438869476318,-0.09474833309650421,0.00046855301479808986,0.00044952682219445705,0.0,0.0,0.13867036998271942,0.016137467697262764,0.10954197496175766,0.014279266819357872,0.5,0.5,0.13867036998271942,0.016120245680212975,0.0,308
-0.5320979356765747,-0.12447866052389145,-0.5031645894050598,-0.10340920090675354,-0.5033129453659058,-0.09274154156446457,0.00047149014426395297,0.00044952184543944895,0.0,0.0,0.21152035892009735,0.020579935982823372,0.20723645389080048,0.027035262435674667,0.5,0.5,0.21152035892009735,0.02052534930408001,0.0,309
-0.5405089855194092,-0.11988785117864609,-0.5027206540107727,-0.10174717009067535,-0.502846896648407,-0.091074638068676,0.0004734736285172403,0.0004495185276027769,0.0,0.0,0.2726270258426666,0.01734066568315029,0.2609942555427551,0.017202939838171005,0.5,0.5,0.2726270258426666,0.017308300361037254,0.0,310
-0.5252861380577087,-0.11204694956541061,-0.5025296211242676,-0.10071951895952225,-0.5025452971458435,-0.0894399955868721,0.00047481092042289674,0.0004495162866078317,0.0,0.0,0.18245533108711243,0.016690129414200783,0.18380725383758545,0.010452610440552235,0.5,0.5,0.18245533108711243,0.01662232168018818,0.0,311
-0.5236526131629944,-0.10479606688022614,-0.5023460388183594,-0.09973105043172836,-0.5022678971290588,-0.08791760355234146,0.00047571153845638037,0.0004495148023124784,0.0,0.0,0.18025098741054535,0.015474635176360607,0.1836252212524414,0.01005373615771532,0.5,0.5,0.18025098741054535,0.015474596992135048,0.0,312
-0.5262360572814941,-0.10446932166814804,-0.5019305348396301,-0.09779679030179977,-0.5019159317016602,-0.08618064969778061,0.00043910101521760225,0.0004495138127822429,0.0,0.0,0.19993562996387482,0.017726019024848938,0.21160565316677094,0.019783901050686836,0.5,0.5,0.19993562996387482,0.017722586169838905,0.0,313
-0.5284438133239746,-0.10608092695474625,-0.5016151666641235,-0.09638973325490952,-0.5015998482704163,-0.08472387492656708,0.0004162221448495984,0.0004495131433941424,0.0,0.0,0.21368154883384705,0.01490816194564104,0.22048170864582062,0.014419625513255596,0.5,0.5,0.21368154883384705,0.014906753785908222,0.0,314
-0.5226670503616333,-0.10336919128894806,-0.5014531016349792,-0.09550303965806961,-0.5012821555137634,-0.08292479068040848,0.0004016648745164275,0.0004495126777328551,0.0,0.0,0.1747756153345108,0.018282974138855934,0.180804044008255,0.009013858623802662,0.5,0.5,0.1747756153345108,0.018269138410687447,0.0,315
-0.5149590373039246,-0.0981760248541832,-0.5011480450630188,-0.09328245371580124,-0.5010661482810974,-0.08114603161811829,0.0004252444487065077,0.0004495123866945505,0.0,0.0,0.12085277587175369,0.01794436201453209,0.13652001321315765,0.022414421662688255,0.5,0.5,0.12085277587175369,0.017918279394507408,0.0,316
-0.5123200416564941,-0.09171338379383087,-0.5010746121406555,-0.09267744421958923,-0.5009403228759766,-0.07995422929525375,0.00040742976125329733,0.0004495121829677373,0.0,0.0,0.10516880452632904,0.01198568195104599,0.1207696720957756,0.006094497628509998,0.5,0.5,0.10516880452632904,0.011984207667410374,0.0,317
-0.4871640205383301,-0.09483730047941208,-0.5011821389198303,-0.09163494408130646,-0.501118540763855,-0.07829027622938156,0.00042931310599669814,0.00044951203744858503,0.0,0.0,-0.10670486092567444,0.017117513343691826,-0.10280080139636993,0.010480324737727642,0.5,0.5,-0.10670486092567444,0.016734741628170013,0.0,318
-0.4956634044647217,-0.09497100859880447,-0.5012041926383972,-0.09079915285110474,-0.5011717677116394,-0.07681784778833389,0.00044461339712142944,0.00045401754323393106,0.0,0.0,-0.03613131865859032,0.014770694077014923,-0.0263717882335186,0.008360789157450199,0.5,0.5,-0.03613131865859032,0.014733925461769104,0.0,319
-0.5076013207435608,-0.09257501363754272,-0.5011154413223267,-0.0894538015127182,-0.5010667443275452,-0.07519330829381943,0.00045517735998146236,0.00045706593664363027,0.0,0.0,0.06456118822097778,0.016362208873033524,0.06588152050971985,0.013482796959578991,0.5,0.5,0.06456118822097778,0.016279330477118492,0.0,320
-0.5035420060157776,-0.09103988856077194,-0.5010323524475098,-0.08741553872823715,-0.5010245442390442,-0.07381120324134827,0.000426330923801288,0.00045456463703885674,0.0,0.0,0.030514631420373917,0.013835489749908447,0.040747035294771194,0.020399566739797592,0.5,0.5,0.030514631420373917,0.013827471062541008,0.0,321
-0.5043997764587402,-0.09858089685440063,-0.500997006893158,-0.08593306690454483,-0.5009565949440002,-0.07190316915512085,0.00040812185034155846,0.00045289433910511434,0.0,0.0,0.03558723255991936,0.01909266971051693,0.023827672004699707,0.014828949235379696,0.5,0.5,0.03558723255991936,0.01909242384135723,0.0,322
-0.5042101144790649,-0.11172380298376083,-0.5009447932243347,-0.084726482629776,-0.50091153383255,-0.07043949514627457,0.0004298004787415266,0.0004517773922998458,0.0,0.0,0.03078301064670086,0.014643874950706959,0.04323471337556839,0.012077149003744125,0.5,0.5,0.03078301064670086,0.014643705449998379,0.0,323
-0.5014205574989319,-0.11419936269521713,-0.5009307861328125,-0.08196746557950974,-0.5008906126022339,-0.06839068233966827,0.0004449515836313367,0.00045102983131073415,0.0,0.0,0.010204688645899296,0.020493563264608383,0.005068435333669186,0.027590535581111908,0.5,0.5,0.010204688645899296,0.020489225164055824,0.0,324
-0.4786365330219269,-0.10749176144599915,-0.5012040138244629,-0.08006671816110611,-0.5011710524559021,-0.06665156781673431,0.00045540963765233755,0.0004550454905256629,0.0,0.0,-0.15986768901348114,0.01787365972995758,-0.1427631676197052,0.019202811643481255,0.5,0.5,-0.15986768901348114,0.01761578768491745,0.0,325
-0.5004696846008301,-0.09307148307561874,-0.5012066960334778,-0.07837585359811783,-0.5011658072471619,-0.0653267651796341,0.00046256641508080065,0.00045776015031151474,0.0,0.0,0.003978032618761063,0.013427956961095333,-0.0016003311611711979,0.01690870337188244,0.5,0.5,0.003978032618761063,0.013248120434582233,0.0,326
-0.49841612577438354,-0.08488178998231888,-0.5012166500091553,-0.07691016048192978,-0.5011827349662781,-0.06415397673845291,0.00046743525308556855,0.0004550277371890843,0.0,0.0,-0.01441324595361948,0.01173105277121067,-0.00680811470374465,0.01465727761387825,0.5,0.5,-0.01441324595361948,0.01172906905412674,0.0,327
-0.5109909176826477,-0.0925871804356575,-0.5010326504707336,-0.07504590600728989,-0.5010473132133484,-0.06270520389080048,0.00047073428868316114,0.0004532038001343608,0.0,0.0,0.09319937974214554,0.014635507017374039,0.09838119894266129,0.018733123317360878,0.5,0.5,0.09319937974214554,0.014550846070051193,0.0,328
-0.5142375826835632,-0.08312176167964935,-0.500902533531189,-0.0741240382194519,-0.5008816123008728,-0.06144671514630318,0.00047296355478465557,0.000451984436949715,0.0,0.0,0.1309276968240738,0.012702560983598232,0.14022095501422882,0.009310083463788033,0.5,0.5,0.1309276968240738,0.012693521566689014,0.0,329
-0.49304071068763733,-0.07011689990758896,-0.5009700059890747,-0.07334958016872406,-0.500963568687439,-0.06032630428671837,0.0004744672041852027,0.00045569147914648056,0.0,0.0,-0.07303565740585327,0.011471860110759735,-0.08692514896392822,0.007773957680910826,0.5,0.5,-0.07303565740585327,0.011234065517783165,0.0,330
-0.4893689453601837,-0.0723189264535904,-0.5011668801307678,-0.07164078950881958,-0.5010996460914612,-0.05908086523413658,0.0004754801339004189,0.0004536471387837082,0.0,0.0,-0.10880774259567261,0.012536512687802315,-0.11470527946949005,0.017200950533151627,0.5,0.5,-0.10880774259567261,0.012528493069112301,0.0,331
-0.4788531959056854,-0.07779888063669205,-0.501406192779541,-0.07046066224575043,-0.5013525485992432,-0.057851579040288925,0.0004761619202326983,0.0004522809467744082,0.0,0.0,-0.20288017392158508,0.012606008909642696,-0.20007136464118958,0.01204146258533001,0.5,0.5,-0.20288017392158508,0.01255027111619711,0.0,332
-0.4952986240386963,-0.06274248659610748,-0.5014627575874329,-0.06925781816244125,-0.5014122724533081,-0.056737251579761505,0.00047662059660069644,0.0004513669409789145,0.0,0.0,-0.053530387580394745,0.01128489337861538,-0.046967681497335434,0.012041741982102394,0.5,0.5,-0.053530387580394745,0.011159270070493221,0.0,333
-0.5037717223167419,-0.06896870583295822,-0.5014321804046631,-0.06860136240720749,-0.501362681388855,-0.05550152808427811,0.00045818358194082975,0.00045301340287551284,0.0,0.0,0.040116239339113235,0.012421605177223682,0.04658149927854538,0.006571648642420769,0.5,0.5,0.040116239339113235,0.012367178685963154,0.0,334
-0.5002182722091675,-0.05405823886394501,-0.5014369487762451,-0.06754060089588165,-0.5013598203659058,-0.05446193367242813,0.0004282103618606925,0.00045185707858763635,0.0,0.0,0.002761194948107004,0.01040325965732336,-0.004469189792871475,0.010607744567096233,0.5,0.5,0.002761194948107004,0.010396001860499382,0.0,335
-0.5059733986854553,-0.04445810988545418,-0.5014458894729614,-0.06702979654073715,-0.5013583302497864,-0.053930506110191345,0.0004438477917574346,0.00045334253809414804,0.0,0.0,0.002761194948107004,0.005314289592206478,-0.01748870313167572,0.005108811892569065,0.5,0.5,0.002761194948107004,0.005314289592206478,0.0,336
-0.5142929553985596,-0.04068872705101967,-0.5014464855194092,-0.06608740985393524,-0.5013551712036133,-0.052782487124204636,0.00041921716183423996,0.00045207724906504154,0.0,0.0,0.002761194948107004,0.011480217799544334,-0.0006390548660419881,0.009423836134374142,0.5,0.5,0.002761194948107004,0.011480217799544334,0.0,337
-0.5289765000343323,-0.040230363607406616,-0.5014470815658569,-0.06501249969005585,-0.5013535022735596,-0.0521840825676918,0.0004375827556941658,0.00045123056042939425,0.0,0.0,0.002761194948107004,0.00598406745120883,-0.0005394536419771612,0.010749101638793945,0.5,0.5,0.002761194948107004,0.00598406745120883,0.0,338
-0.5293900966644287,-0.051414426416158676,-0.5011528134346008,-0.06405942887067795,-0.5010453462600708,-0.051197491586208344,0.0004152623878326267,0.0004529207944869995,0.0,0.0,0.36717337369918823,0.01106244046241045,0.2994605600833893,0.009974591434001923,0.5,0.5,0.3027611970901489,0.010336007922887802,0.0,339
-0.5361981391906738,-0.05300784111022949,-0.5008032917976379,-0.0633063018321991,-0.5006611347198486,-0.0503695085644722,0.00043481559259817004,0.00045179511653259397,0.0,0.0,0.4344615042209625,0.009207559749484062,0.4344800114631653,0.00830270629376173,0.5,0.5,0.4344615042209625,0.009127822704613209,0.0,340
-0.5323747992515564,-0.059937696903944016,-0.5003169178962708,-0.06201542913913727,-0.5002176761627197,-0.04920600354671478,0.0004484250966925174,0.0004510417056735605,0.0,0.0,0.3641599118709564,0.012482431717216969,0.36034291982650757,0.01379467360675335,0.5,0.5,0.3641599118709564,0.012451598420739174,0.0,341
-0.5446221828460693,-0.04164368286728859,-0.5000603795051575,-0.06163325533270836,-0.49965518712997437,-0.04836590588092804,0.00045779222273267806,0.0004527936107479036,0.0,0.0,0.59000563621521,0.010373693890869617,0.5911560654640198,0.004602877888828516,0.5,0.5,0.59000563621521,0.010110254399478436,0.0,342
-0.5411431789398193,-0.05265351012349129,-0.499774694442749,-0.0610894151031971,-0.4989834427833557,-0.0470980703830719,0.00042796588968485594,0.0004517100169323385,0.0,0.0,0.48722606897354126,0.014424064196646214,0.48368212580680847,0.006143099628388882,0.5,0.5,0.48722606897354126,0.014347946271300316,0.0,343
-0.5334306359291077,-0.05600222945213318,-0.4995887279510498,-0.0606580451130867,-0.4986974000930786,-0.04640500247478485,0.00044367800001055,0.0004509847203735262,0.0,0.0,0.3914172053337097,0.00753227761015296,0.4070516526699066,0.004697538912296295,0.5,0.5,0.3914172053337097,0.00749773345887661,0.0,344
-0.5222988724708557,-0.05761348828673363,-0.499113529920578,-0.05887850373983383,-0.49844780564308167,-0.04548031836748123,0.00045453463098965585,0.00045049897744320333,0.0,0.0,0.2636356055736542,0.009656478650867939,0.2609492242336273,0.018418967723846436,0.5,0.5,0.2636356055736542,0.00957774929702282,0.0,345
-0.5205967426300049,-0.05792570859193802,-0.4988655745983124,-0.05778580158948898,-0.49820464849472046,-0.04450139030814171,0.0004259286797605455,0.0004501735093072057,0.0,0.0,0.24344971776008606,0.010088787414133549,0.22313030064105988,0.01120478380471468,0.5,0.5,0.24344971776008606,0.010086731985211372,0.0,346
-0.5278906226158142,-0.07205984741449356,-0.49870556592941284,-0.05720464140176773,-0.49784472584724426,-0.043248895555734634,0.0004422618658281863,0.0004499554052017629,0.0,0.0,0.27981582283973694,0.013040426187217236,0.2686821520328522,0.006027874071151018,0.5,0.5,0.27981582283973694,0.013031804002821445,0.0,347
-0.5257461071014404,-0.06472019851207733,-0.4984629452228546,-0.05628422647714615,-0.49747511744499207,-0.04196086898446083,0.000453560845926404,0.0004498091875575483,0.0,0.0,0.27945080399513245,0.013400091789662838,0.257723867893219,0.009518507868051529,0.5,0.5,0.27945080399513245,0.013400090858340263,0.0,348
-0.5126206874847412,-0.05313334986567497,-0.49822187423706055,-0.05480393394827843,-0.4973369240760803,-0.0411052443087101,0.0004613048804458231,0.00044971119496040046,0.0,0.0,0.16014425456523895,0.00872921571135521,0.1614377647638321,0.014997940510511398,0.5,0.5,0.16014425456523895,0.00866716355085373,0.0,349
-0.5179271101951599,-0.049457963556051254,-0.49818071722984314,-0.05454162135720253,-0.49720245599746704,-0.04027269408106804,0.0004665786982513964,0.00044964547851122916,0.0,0.0,0.16014425456523895,0.008433406241238117,0.1556338220834732,0.002655204152688384,0.5,0.5,0.16014425456523895,0.008433406241238117,0.0,350
-0.5068373680114746,-0.05968165770173073,-0.498137891292572,-0.05393169820308685,-0.49712690711021423,-0.039337046444416046,0.0004701546858996153,0.00044960141531191766,0.0,0.0,0.0805671289563179,0.009416713379323483,0.0701068788766861,0.006114257499575615,0.5,0.5,0.0805671289563179,0.009386912919580936,0.0,351
-0.5115893483161926,-0.050823554396629333,-0.4980451166629791,-0.053314581513404846,-0.49700868129730225,-0.0385635644197464,0.0004725722537841648,0.0004495718749240041,0.0,0.0,0.1516725867986679,0.007844469510018826,0.14923904836177826,0.006240548100322485,0.5,0.5,0.1516725867986679,0.00782464724034071,0.0,352
-0.5174286961555481,-0.0519547164440155,-0.49792149662971497,-0.052451957017183304,-0.49685075879096985,-0.03753042593598366,0.0004742034070659429,0.0004518033820204437,0.0,0.0,0.1516725867986679,0.01045137643814087,0.14234718680381775,0.008714393712580204,0.5,0.5,0.1516725867986679,0.01045137643814087,0.0,353
-0.5085115432739258,-0.050425510853528976,-0.49787911772727966,-0.05218119919300079,-0.49672794342041016,-0.03672682121396065,0.00047530251322314143,0.0004533063911367208,0.0,0.0,0.1516725867986679,0.008129372261464596,0.15528346598148346,0.00274056289345026,0.5,0.5,0.1516725867986679,0.008129372261464596,0.0,354
-0.5246191620826721,-0.04553939029574394,-0.49760714173316956,-0.05038485303521156,-0.49655571579933167,-0.03560010716319084,0.00047604241990484297,0.0004543175164144486,0.0,0.0,0.1516725867986679,0.011398008093237877,0.1502624750137329,0.018168186768889427,0.5,0.5,0.1516725867986679,0.011398008093237877,0.0,355
-0.5027507543563843,-0.04490598291158676,-0.49760714173316956,-0.05038485303521156,-0.49646690487861633,-0.03501897305250168,0.00047654021182097495,0.00045499714906327426,0.0,0.0,0.1516725867986679,0.005878821946680546,0.14611443877220154,0.0,0.5,0.5,0.1516725867986679,0.005878821946680546,0.0,356
-0.5103713870048523,-0.042076800018548965,-0.497524619102478,-0.04982609301805496,-0.4963167607784271,-0.03403670713305473,0.0004768749640788883,0.0004531833401415497,0.0,0.0,0.1516725867986679,0.009936739690601826,0.14665015041828156,0.005648239515721798,0.5,0.5,0.1516725867986679,0.009936739690601826,0.0,357
-0.523068368434906,-0.057862330228090286,-0.4972711205482483,-0.04891500994563103,-0.49595674872398376,-0.03274349868297577,0.0004771000239998102,0.00045197075814940035,0.0,0.0,0.27151885628700256,0.013520851731300354,0.27136778831481934,0.009456919506192207,0.5,0.5,0.27151885628700256,0.013423867523670197,0.0,358
-0.5219202041625977,-0.03590741381049156,-0.4972711205482483,-0.04891500994563103,-0.4957409203052521,-0.03214379772543907,0.0004772513348143548,0.0004534190520644188,0.0,0.0,0.3454612195491791,0.0063910111784935,0.34372788667678833,0.0,0.5,0.5,0.3454612195491791,0.006373547948896885,0.0,359
-0.5042541027069092,-0.03007609397172928,-0.49713096022605896,-0.04852835088968277,-0.49548792839050293,-0.031440865248441696,0.0004773530235979706,0.00045439324458129704,0.0,0.0,0.3454612195491791,0.00747070275247097,0.3477541208267212,0.004112780559808016,0.5,0.5,0.3454612195491791,0.00747070275247097,0.0,360
-0.4989053010940552,-0.04504295065999031,-0.49698778986930847,-0.04813607037067413,-0.49524661898612976,-0.030770335346460342,0.000477421359391883,0.00045391349704004824,0.0,0.0,0.3454612195491791,0.007126327138394117,0.3499240577220917,0.004175870213657618,0.5,0.5,0.3454612195491791,0.007126327138394117,0.0,361
-0.4896432161331177,-0.027402764186263084,-0.4967024624347687,-0.04732288047671318,-0.4950285255908966,-0.03016434982419014,0.0004587000876199454,0.00045245906221680343,0.0,0.0,0.3454612195491791,0.006440359633415937,0.33743906021118164,0.008617882616817951,0.5,0.5,0.3454612195491791,0.006440359633415937,0.0,362
-0.4735570251941681,-0.04877042397856712,-0.4963425397872925,-0.046368394047021866,-0.4946613311767578,-0.029144080355763435,0.0004465557576622814,0.00045261645573191345,0.0,0.0,0.3454612195491791,0.010843329131603241,0.36059480905532837,0.010200918652117252,0.5,0.5,0.3454612195491791,0.010843329131603241,0.0,363
-0.49623194336891174,-0.029514236375689507,-0.4963425397872925,-0.046368394047021866,-0.4946613311767578,-0.029144080355763435,0.00043860028381459415,0.00045159144792705774,0.0,0.0,0.34355074167251587,0.0,0.3422750234603882,0.0,0.5,0.5,0.34355074167251587,0.0,0.0,364
-0.49660900235176086,-0.031312983483076096,-0.4963054060935974,-0.04549084231257439,-0.49462929368019104,-0.028409086167812347,0.00045103864977136254,0.00045090532512404025,0.0,0.0,-0.06014445051550865,0.00800000037997961,0.042275022715330124,0.008783367462456226,0.5,0.5,0.04355074092745781,0.007356925867497921,0.0,365
-0.4891602396965027,-0.032141976058483124,-0.4963422119617462,-0.04495961591601372,-0.4946592450141907,-0.027911925688385963,0.00045958132250234485,0.00045157334534451365,0.0,0.0,-0.06014445051550865,0.005007515195757151,-0.06916467100381851,0.005324997939169407,0.5,0.5,-0.06014445051550865,0.004980617202818394,0.0,366
-0.4860694408416748,-0.024708811193704605,-0.4964253008365631,-0.043654605746269226,-0.4947005808353424,-0.027225621044635773,0.0004654072690755129,0.00045089321793057024,0.0,0.0,-0.06014445051550865,0.006875474471598864,-0.06359392404556274,0.01307655218988657,0.5,0.5,-0.06014445051550865,0.006875474471598864,0.0,367
-0.49086764454841614,-0.021379489451646805,-0.4964253008365631,-0.043654605746269226,-0.4947005808353424,-0.027225621044635773,0.0004509232530836016,0.0004515652253758162,0.0,0.0,-0.06097154691815376,0.0,-0.07320212572813034,0.0,0.5,0.5,-0.06097154691815376,0.0,0.0,368
-0.4913483262062073,-0.025674987584352493,-0.496525377035141,-0.04309344291687012,-0.49483442306518555,-0.02644163742661476,0.00044146840809844434,0.00045201650937087834,0.0,0.0,-0.16909830272197723,0.00800000037997961,-0.17650270462036133,0.005700189154595137,0.5,0.5,-0.16909830272197723,0.00795327965170145,0.0,369
-0.5056676268577576,-0.03919480741024017,-0.4965744614601135,-0.042820002883672714,-0.49499863386154175,-0.025479860603809357,0.00043524932698346674,0.0004523194511421025,0.0,0.0,-0.16909830272197723,0.009756926447153091,-0.1776650846004486,0.002778118709102273,0.5,0.5,-0.16909830272197723,0.009756926447153091,0.0,370
-0.4931550920009613,-0.030734429135918617,-0.49665406346321106,-0.04236720874905586,-0.4950999319553375,-0.02488650195300579,0.00044872495345771313,0.000453653687145561,0.0,0.0,-0.16909830272197723,0.00601943489164114,-0.1740170419216156,0.004597358871251345,0.5,0.5,-0.16909830272197723,0.00601943489164114,0.0,371
-0.4997873306274414,-0.02638908661901951,-0.49665406346321106,-0.04236720874905586,-0.4950999319553375,-0.02488650195300579,0.00044002578943036497,0.00045341774239204824,0.0,0.0,-0.1673898845911026,0.0,-0.146900936961174,0.0,0.5,0.5,-0.1673898845911026,0.0,0.0,372
-0.49282771348953247,-0.023533860221505165,-0.49665406346321106,-0.04236720874905586,-0.4950999319553375,-0.02488650195300579,0.0004520213115029037,0.00045325953396968544,0.0,0.0,-0.1611028015613556,0.0,-0.176522895693779,0.0,0.5,0.5,-0.1611028015613556,0.0,0.0,373
-0.4934885799884796,-0.04065553843975067,-0.4968283176422119,-0.040694158524274826,-0.4951787292957306,-0.024091949686408043,0.0004602531553246081,0.0004531534214038402,0.0,0.0,-0.09885215759277344,0.00800000037997961,-0.10378225147724152,0.016821004450321198,0.5,0.5,-0.09885215759277344,0.007984504103660583,0.0,374
-0.48428454995155334,-0.04502890631556511,-0.4969070553779602,-0.03980632498860359,-0.4952825605869293,-0.02304501086473465,0.0004658640827983618,0.0004542146634776145,0.0,0.0,-0.09885215759277344,0.010520756244659424,-0.08846494555473328,0.008913197554647923,0.5,0.5,-0.09885215759277344,0.010520756244659424,0.0,375
-0.5000155568122864,-0.04526028782129288,-0.4969800114631653,-0.03910459950566292,-0.49533697962760925,-0.02249617502093315,0.0004512200248427689,0.0004526604025159031,0.0,0.0,-0.09885215759277344,0.005515282973647118,-0.10358302295207977,0.0070550525560975075,0.5,0.5,-0.09885215759277344,0.005515282973647118,0.0,376
-0.4938681423664093,-0.05712088197469711,-0.4970526099205017,-0.03807634115219116,-0.4954327344894409,-0.0212135910987854,0.00045970536302775145,0.0004538830544333905,0.0,0.0,-0.0745304524898529,0.01286535244435072,-0.07048993557691574,0.010308199562132359,0.5,0.5,-0.0745304524898529,0.012861547991633415,0.0,377
-0.507548451423645,-0.04965941235423088,-0.49697694182395935,-0.03722374886274338,-0.49533581733703613,-0.020255103707313538,0.00046549164108000696,0.0004547051794361323,0.0,0.0,0.10076262056827545,0.009783669374883175,0.08850865811109543,0.008559432812035084,0.5,0.5,0.10076262056827545,0.009633738547563553,0.0,378
-0.49307897686958313,-0.048202890902757645,-0.49692007899284363,-0.03661004826426506,-0.49521055817604065,-0.019016094505786896,0.00043276502401567996,0.0004529882571659982,0.0,0.0,0.10076262056827545,0.012453267350792885,0.09237600862979889,0.006163272075355053,0.5,0.5,0.10076262056827545,0.012453267350792885,0.0,379
-0.4961174726486206,-0.03808823600411415,-0.4968729615211487,-0.036184292286634445,-0.49512913823127747,-0.01821070723235607,0.00044700628495775163,0.00045410357415676117,0.0,0.0,0.10076262056827545,0.008094927296042442,0.11024001985788345,0.004283580929040909,0.5,0.5,0.10076262056827545,0.008094927296042442,0.0,380
-0.49369877576828003,-0.04310334473848343,-0.49673619866371155,-0.0349312350153923,-0.4950335621833801,-0.017265526577830315,0.00045681968913413584,0.00045258612954057753,0.0,0.0,0.10076262056827545,0.009499984793365002,0.10871420055627823,0.012604991905391216,0.5,0.5,0.10076262056827545,0.009499984793365002,0.0,381
-0.47359171509742737,-0.04157686606049538,-0.49662166833877563,-0.03372650593519211,-0.4949306845664978,-0.01624809391796589,0.0004635275399778038,0.00045157119166105986,0.0,0.0,0.10076262056827545,0.010226201266050339,0.09478945285081863,0.01210159994661808,0.5,0.5,0.10076262056827545,0.010226201266050339,0.0,382
-0.48450279235839844,-0.025554493069648743,-0.4965916872024536,-0.033415574580430984,-0.49486714601516724,-0.01561973337084055,0.00046808732440695167,0.0004531501035671681,0.0,0.0,0.10076262056827545,0.0063156429678201675,0.09613309055566788,0.0031237376388162374,0.5,0.5,0.10076262056827545,0.0063156429678201675,0.0,383
-0.4850257337093353,-0.035729169845581055,-0.4964562952518463,-0.032043907791376114,-0.4947749376296997,-0.014707621186971664,0.00045266319648362696,0.0004519485228229314,0.0,0.0,0.10076262056827545,0.00916762463748455,0.09838982671499252,0.013783339411020279,0.5,0.5,0.10076262056827545,0.00916762463748455,0.0,384
-0.4939531981945038,-0.034328997135162354,-0.4964221119880676,-0.03171541914343834,-0.4947177469730377,-0.01414203830063343,0.000460691808257252,0.0004511444130912423,0.0,0.0,0.10076262056827545,0.005684663075953722,0.10370085388422012,0.0033026395831257105,0.5,0.5,0.10076262056827545,0.005684663075953722,0.0,385
-0.5032540559768677,-0.017633812502026558,-0.4964221119880676,-0.03171541914343834,-0.4947177469730377,-0.01414203830063343,0.00044785463251173496,0.0004506059340201318,0.0,0.0,0.10061578452587128,0.0,0.09377683699131012,0.0,0.5,0.5,0.10061578452587128,0.0,0.0,386
-0.49052372574806213,-0.02202971652150154,-0.4964221119880676,-0.03171541914343834,-0.4947177469730377,-0.01414203830063343,0.00045740132918581367,0.0004513722378760576,0.0,0.0,0.10110965371131897,0.0,0.11327673494815826,0.0,0.5,0.5,0.10110965371131897,0.0,0.0,387
-0.4876393973827362,-0.016526972874999046,-0.4964221119880676,-0.03171541914343834,-0.4947177469730377,-0.01414203830063343,0.00044570790487341583,0.0004518869100138545,0.0,0.0,0.09739845991134644,0.0,0.09279144555330276,0.0,0.5,0.5,0.09739845991134644,0.0,0.0,388
-0.47126504778862,-0.021346915513277054,-0.4965022802352905,-0.031334128230810165,-0.4948456585407257,-0.01351933367550373,0.00043804256711155176,0.0004522324597928673,0.0,0.0,-0.5549933910369873,0.00800000037997961,-0.2072085589170456,0.0038962585385888815,0.5,0.5,-0.20260153710842133,0.0063570719212293625,0.0,389
-0.4886796474456787,-0.032976534217596054,-0.49666303396224976,-0.03104482777416706,-0.49520987272262573,-0.012856720015406609,0.000432986649684608,0.000452464388217777,0.0,0.0,-0.5549933910369873,0.008056268095970154,-0.5072085857391357,0.0033096836414188147,0.5,0.5,-0.5026015639305115,0.007561209611594677,0.0,390
-0.48258957266807556,-0.04067815840244293,-0.49768659472465515,-0.02943941205739975,-0.49577972292900085,-0.011937625706195831,0.0004471596912480891,0.0004537512140814215,0.0,0.0,-0.5549933910369873,0.010828960686922073,-0.5675846934318542,0.019039511680603027,0.5,0.5,-0.5549933910369873,0.010814101435244083,0.0,391
-0.48710203170776367,-0.04080052673816681,-0.49805763363838196,-0.028840145096182823,-0.4960741400718689,-0.011462765745818615,0.00045692489948123693,0.00045235053403303027,0.0,0.0,-0.5549933910369873,0.005587220191955566,-0.5543786883354187,0.00704831350594759,0.5,0.5,-0.5549933910369873,0.005587220191955566,0.0,392
-0.4880766272544861,-0.041483551263809204,-0.49928250908851624,-0.026886047795414925,-0.4967193901538849,-0.010422047227621078,0.00044539672671817243,0.00045367461279965937,0.0,0.0,-0.5549933910369873,0.012245137244462967,-0.5599111914634705,0.02306257374584675,0.5,0.5,-0.5549933910369873,0.012245137244462967,0.0,393
-0.5014248490333557,-0.03795059397816658,-0.49928250908851624,-0.026886047795414925,-0.4967193901538849,-0.010422047227621078,0.0004378377925604582,0.0004522993112914264,0.0,0.0,-0.5545140504837036,0.0,-0.527931272983551,0.0,0.5,0.5,-0.5545140504837036,0.0,0.0,394
-0.504613995552063,-0.04387099668383598,-0.4996194839477539,-0.025433290749788284,-0.4968831539154053,-0.009792554192245007,0.00045051262713968754,0.00045137922279536724,0.0,0.0,0.06689514219760895,0.00800000037997961,-0.22793127596378326,0.014913279563188553,0.5,0.5,-0.25451403856277466,0.006504470948129892,0.0,395
-0.4977587163448334,-0.04605630412697792,-0.4995988607406616,-0.025146950036287308,-0.49684572219848633,-0.008970284834504128,0.00042340788058936596,0.00045076321111992,0.0,0.0,0.06689514219760895,0.008675467222929,0.07190202921628952,0.002870829775929451,0.5,0.5,0.0454859621822834,0.00823120679706335,0.0,396
-0.5143207907676697,-0.05611302703619003,-0.4994625747203827,-0.02428263984620571,-0.49664682149887085,-0.007843788713216782,0.00042326460243202746,0.0004526060656644404,0.0,0.0,0.1747523695230484,0.011535432189702988,0.15640394389629364,0.008749897591769695,0.5,0.5,0.1747523695230484,0.01143918838351965,0.0,397
-0.5286005735397339,-0.05181516706943512,-0.49908125400543213,-0.023255864158272743,-0.49629467725753784,-0.006898033432662487,0.0004404071078170091,0.00045158452121540904,0.0,0.0,0.3564276695251465,0.010260695591568947,0.35558411478996277,0.01095292903482914,0.5,0.5,0.3564276695251465,0.010091829113662243,0.0,398
-0.522886335849762,-0.034158166497945786,-0.49874863028526306,-0.02239123359322548,-0.49609607458114624,-0.006384675856679678,0.0004170470929238945,0.00045315909665077925,0.0,0.0,0.369133859872818,0.0055047920905053616,0.36723753809928894,0.009264001622796059,0.5,0.5,0.369133859872818,0.005504347383975983,0.0,399
-0.524854838848114,-0.039075154811143875,-0.4979918599128723,-0.020504839718341827,-0.495763897895813,-0.0055260201916098595,0.00043606528197415173,0.0004519545182120055,0.0,0.0,0.369133859872818,0.009206718765199184,0.3815189301967621,0.020325325429439545,0.5,0.5,0.369133859872818,0.009206718765199184,0.0,400
-0.5078550577163696,-0.02867751754820347,-0.4979918599128723,-0.020504839718341827,-0.495763897895813,-0.0055260201916098595,0.0004492888110689819,0.0004534081381279975,0.0,0.0,0.36846861243247986,0.0,0.37390318512916565,0.0,0.5,0.5,0.36846861243247986,0.0,0.0,401
-0.507167398929596,-0.010308844968676567,-0.4979918599128723,-0.020504839718341827,-0.495763897895813,-0.0055260201916098595,0.0004583838162943721,0.00045325307291932404,0.0,0.0,0.36639076471328735,0.0,0.35924938321113586,0.0,0.5,0.5,0.36639076471328735,0.0,0.0,402
-0.5019308924674988,0.006010222248733044,-0.4979918599128723,-0.020504839718341827,-0.495763897895813,-0.0055260201916098595,0.00046459262375719845,0.0004525831318460405,0.0,0.0,0.35915490984916687,0.0,0.3506945073604584,0.0,0.5,0.5,0.35915490984916687,0.0,0.0,403
-0.4901171326637268,-0.004931502975523472,-0.4979918599128723,-0.020504839718341827,-0.495763897895813,-0.0055260201916098595,0.0004322058230172843,0.00045241700718179345,0.0,0.0,0.3650882840156555,0.0,0.356873095035553,0.0,0.5,0.5,0.3650882840156555,0.0,0.0,404
-0.4819455146789551,-0.008548988029360771,-0.4979918599128723,-0.020504839718341827,-0.495763897895813,-0.0055260201916098595,0.0004466190002858639,0.0004525882250163704,0.0,0.0,0.3655398488044739,0.0,0.3551810085773468,0.0,0.5,0.5,0.3655398488044739,0.0,0.0,405
-0.49954235553741455,-0.0036920944694429636,-0.4979918599128723,-0.020504839718341827,-0.495763897895813,-0.0055260201916098595,0.00045655405847355723,0.0004527031269390136,0.0,0.0,0.362285852432251,0.0,0.35309889912605286,0.0,0.5,0.5,0.362285852432251,0.0,0.0,406
-0.5094976425170898,-0.016196610406041145,-0.4979918599128723,-0.020504839718341827,-0.495763897895813,-0.0055260201916098595,0.00046334657236002386,0.0004526388074737042,0.0,0.0,0.36568498611450195,0.0,0.35645854473114014,0.0,0.5,0.5,0.36568498611450195,0.0,0.0,407
-0.5121928453445435,0.0008310101693496108,-0.4979918599128723,-0.020504839718341827,-0.495763897895813,-0.0055260201916098595,0.0004314302059356123,0.00045273706200532615,0.0,0.0,0.3629216253757477,0.0,0.36286506056785583,0.0,0.5,0.5,0.3629216253757477,0.0,0.0,408
-0.5063788890838623,-0.005711905658245087,-0.4979918599128723,-0.020504839718341827,-0.495763897895813,-0.0055260201916098595,0.00044608162716031075,0.0004526615666691214,0.0,0.0,0.3605409562587738,0.0,0.3733298182487488,0.0,0.5,0.5,0.3605409562587738,0.0,0.0,409
-0.5019304156303406,-0.014091013930737972,-0.4979918599128723,-0.020504839718341827,-0.495763897895813,-0.0055260201916098595,0.0004561854002531618,0.0004527523124124855,0.0,0.0,0.35752806067466736,0.0,0.3459513485431671,0.0,0.5,0.5,0.35752806067466736,0.0,0.0,410
-0.5106900930404663,-0.03477787971496582,-0.4978053867816925,-0.019468186423182487,-0.4956253468990326,-0.004751316737383604,0.0004630953189916909,0.0004528132267296314,0.0,0.0,0.1769595891237259,0.00800000037997961,0.17798060178756714,0.010532913729548454,0.5,0.5,0.1769595891237259,0.007869933731853962,0.0,411
-0.5214414000511169,-0.03576863184571266,-0.49777838587760925,-0.019315358251333237,-0.4954884350299835,-0.0039858026430010796,0.00046779413241893053,0.0004539858491625637,0.0,0.0,0.1769595891237259,0.007776586338877678,0.1748967319726944,0.001551956869661808,0.5,0.5,0.1769595891237259,0.007776586338877678,0.0,412
-0.5065876841545105,-0.025688983500003815,-0.49777838587760925,-0.019315358251333237,-0.4954884350299835,-0.0039858026430010796,0.0004709770146291703,0.0004547742719296366,0.0,0.0,0.1769331991672516,0.0,0.1890142410993576,0.0,0.5,0.5,0.1769331991672516,0.0,0.0,413
-0.49173060059547424,-0.023056872189044952,-0.49777838587760925,-0.019315358251333237,-0.4954884350299835,-0.0039858026430010796,0.0004731273802462965,0.0004530344158411026,0.0,0.0,0.17751406133174896,0.0,0.1727159470319748,0.0,0.5,0.5,0.17751406133174896,0.0,0.0,414
-0.4847067892551422,-0.02873421274125576,-0.4979000389575958,-0.018364736810326576,-0.49557623267173767,-0.0032725047785788774,0.00045592733658850193,0.0004530024598352611,0.0,0.0,-0.2772769629955292,0.00800000037997961,-0.12728404998779297,0.009583747945725918,0.5,0.5,-0.1224859356880188,0.007186822593212128,0.0,415
-0.4814663529396057,-0.03396407514810562,-0.4980369210243225,-0.017892388626933098,-0.4957471191883087,-0.0026720985770225525,0.00044474483001977205,0.0004529810103122145,0.0,0.0,-0.2772769629955292,0.006318038795143366,-0.28207528591156006,0.004917836282402277,0.5,0.5,-0.2772769629955292,0.006242498755455017,0.0,416
-0.48733675479888916,-0.016838571056723595,-0.4980369210243225,-0.017892388626933098,-0.4957471191883087,-0.0026720985770225525,0.00045526764006353915,0.0004518353962339461,0.0,0.0,-0.2748325765132904,0.0,-0.2900400757789612,0.0,0.5,0.5,-0.2748325765132904,0.0,0.0,417
-0.4834613800048828,-0.018951190635561943,-0.4980369210243225,-0.017892388626933098,-0.4957471191883087,-0.0026720985770225525,0.0004443134821485728,0.00045106865582056344,0.0,0.0,-0.2750937044620514,0.0,-0.2724367380142212,0.0,0.5,0.5,-0.2750937044620514,0.0,0.0,418
-0.4771834909915924,-0.033409859985113144,-0.49836695194244385,-0.017041247338056564,-0.4960368275642395,-0.0019304584711790085,0.00043712466140277684,0.00045055520604364574,0.0,0.0,-0.3724009096622467,0.00800000037997961,-0.369890958070755,0.00912882573902607,0.5,0.5,-0.3724009096622467,0.007962155155837536,0.0,419
-0.489285945892334,-0.034610290080308914,-0.4985741674900055,-0.016499610617756844,-0.4962979555130005,-0.0012619878398254514,0.0004323795437812805,0.0004524659598246217,0.0,0.0,-0.3724009096622467,0.007176617160439491,-0.3653952479362488,0.005799216218292713,0.5,0.5,-0.3724009096622467,0.007176617160439491,0.0,420
-0.49241089820861816,-0.049701858311891556,-0.49911776185035706,-0.01517544686794281,-0.4965707063674927,-0.0005637446884065866,0.0004292354278732091,0.00045149074867367744,0.0,0.0,-0.3724009096622467,0.007496251258999109,-0.3895479738712311,0.014314034953713417,0.5,0.5,-0.3724009096622467,0.007496251258999109,0.0,421
-0.49632784724235535,-0.060604922473430634,-0.4992271065711975,-0.013957623392343521,-0.49662986397743225,0.00025170715525746346,0.00042714684968814254,0.000450837891548872,0.0,0.0,-0.04287029430270195,0.008640864863991737,-0.08954797685146332,0.012227226980030537,0.5,0.5,-0.07240091264247894,0.008175937458872795,0.0,422
-0.49989938735961914,-0.0510292649269104,-0.49922239780426025,-0.012758810073137283,-0.4966312050819397,0.001260356861166656,0.00042575717088766396,0.0004526563861873001,0.0,0.0,-0.0013232375495135784,0.010112038813531399,0.003920488525182009,0.011988225392997265,0.5,0.5,-0.0013232375495135784,0.01008650567382574,0.0,423
-0.5044045448303223,-0.04056880250573158,-0.4992270767688751,-0.012013755738735199,-0.4966321289539337,0.0019568190909922123,0.0004421425692271441,0.000453880347777158,0.0,0.0,-0.0013232375495135784,0.006964627653360367,-0.006291933357715607,0.007450692355632782,0.5,0.5,-0.0013232375495135784,0.006964627653360367,0.0,424
-0.4889490008354187,-0.04075191542506218,-0.49922657012939453,-0.011702731251716614,-0.49663296341896057,0.0025931603740900755,0.00045347874402068555,0.000454703374998644,0.0,0.0,-0.0013232375495135784,0.00636341841891408,0.0016012066043913364,0.0031102504581212997,0.5,0.5,-0.0013232375495135784,0.00636341841891408,0.0,425
-0.4929840862751007,-0.04326135292649269,-0.4992217719554901,-0.0107343178242445,-0.4966340959072113,0.0034514886792749166,0.000443142926087603,0.0004552563768811524,0.0,0.0,-0.0013232375495135784,0.008583289571106434,0.00496248621493578,0.009684252552688122,0.5,0.5,-0.0013232375495135784,0.008583289571106434,0.0,426
-0.5127394199371338,-0.047422632575035095,-0.499223530292511,-0.00990447960793972,-0.49663588404655457,0.004794004838913679,0.00045416681678034365,0.00045335653703659773,0.0,0.0,-0.0013232375495135784,0.013425173237919807,-0.0021157937590032816,0.008298403583467007,0.5,0.5,-0.0013232375495135784,0.013425173237919807,0.0,427
-0.5043966174125671,-0.041292063891887665,-0.4992235600948334,-0.009819976054131985,-0.49663662910461426,0.005365177523344755,0.00046171853318810463,0.0004543512186501175,0.0,0.0,-0.0013232375495135784,0.005711732432246208,-0.0001857501338236034,0.0008450332097709179,0.5,0.5,-0.0013232375495135784,0.005711732432246208,0.0,428
-0.4981030821800232,-0.013444269075989723,-0.4992235600948334,-0.009819976054131985,-0.49663662910461426,0.005365177523344755,0.00043041599565185606,0.00045501982094720006,0.0,0.0,-0.007064420729875565,0.0,0.009576506912708282,0.0,0.5,0.5,-0.007064420729875565,0.0,0.0,429
-0.4937438666820526,-0.01547462772578001,-0.4992235600948334,-0.009819976054131985,-0.49663662910461426,0.005365177523344755,0.00044537853682413697,0.00045433329069055617,0.0,0.0,-0.0020726483780890703,0.0,0.0012522726319730282,0.0,0.5,0.5,-0.0020726483780890703,0.0,0.0,430
-0.5004182457923889,-0.020514417439699173,-0.4992235600948334,-0.009819976054131985,-0.49663662910461426,0.005365177523344755,0.00043782583088614047,0.0004538733046501875,0.0,0.0,0.0013352021342143416,0.0,0.004768249113112688,0.0,0.5,0.5,0.0013352021342143416,0.0,0.0,431
-0.49049293994903564,-0.012643527239561081,-0.4992235600948334,-0.009819976054131985,-0.49663662910461426,0.005365177523344755,0.0004505043616518378,0.00045356497867032886,0.0,0.0,-0.00030851288465783,0.0,0.014932649210095406,0.0,0.5,0.5,-0.00030851288465783,0.0,0.0,432
-0.5001795887947083,-0.01624159701168537,-0.4992235600948334,-0.009819976054131985,-0.49663662910461426,0.005365177523344755,0.00044119369704276323,0.0004533582541625947,0.0,0.0,-0.0009055460104718804,0.0,-0.014917348511517048,0.0,0.5,0.5,-0.0009055460104718804,0.0,0.0,433
-0.49436789751052856,-0.024620911106467247,-0.4992235600948334,-0.009819976054131985,-0.49663662910461426,0.005365177523344755,0.0004528256831690669,0.00045321963261812925,0.0,0.0,-0.005197602324187756,0.0,0.004230126738548279,0.0,0.5,0.5,-0.005197602324187756,0.0,0.0,434
-0.48728904128074646,-0.027569908648729324,-0.4992237985134125,-0.009818969294428825,-0.4968196153640747,0.0061219302006065845,0.00046080281026661396,0.00045312667498365045,0.0,0.0,-0.23723818361759186,0.00800000037997961,-0.23828072845935822,1.0358468898630235e-05,0.5,0.5,-0.23723818361759186,0.007785593159496784,0.0,435
-0.498629629611969,-0.027246657758951187,-0.4995585083961487,-0.008443484082818031,-0.496989905834198,0.006826235447078943,0.0004479269846342504,0.0004530643345788121,0.0,0.0,-0.23723818361759186,0.007246009074151516,-0.23869164288043976,0.01415620930492878,0.5,0.5,-0.23723818361759186,0.007246009074151516,0.0,436
-0.49342080950737,-0.010766263119876385,-0.4995585083961487,-0.008443484082818031,-0.496989905834198,0.006826235447078943,0.0004395016294438392,0.0004530225123744458,0.0,0.0,-0.23434890806674957,0.0,-0.2464873194694519,0.0,0.5,0.5,-0.23434890806674957,0.0,0.0,437
-0.5060821175575256,-0.010531880892813206,-0.4995585083961487,-0.008443484082818031,-0.496989905834198,0.006826235447078943,0.0004339509177953005,0.0004529944562818855,0.0,0.0,-0.23743215203285217,0.0,-0.24677757918834686,0.0,0.5,0.5,-0.23743215203285217,0.0,0.0,438
-0.5012440085411072,0.0009360771509818733,-0.4995585083961487,-0.008443484082818031,-0.496989905834198,0.006826235447078943,0.000447827042080462,0.00045297562610358,0.0,0.0,-0.23895597457885742,0.0,-0.23809762299060822,0.0,0.5,0.5,-0.23895597457885742,0.0,0.0,439
-0.5059390664100647,-0.0069931200705468655,-0.4995585083961487,-0.008443484082818031,-0.496989905834198,0.006826235447078943,0.0004573824116960168,0.0004528215795289725,0.0,0.0,-0.23203186690807343,0.0,-0.2445959746837616,0.0,0.5,0.5,-0.23203186690807343,0.0,0.0,440
-0.5062509179115295,-0.011302986182272434,-0.4995585083961487,-0.008443484082818031,-0.496989905834198,0.006826235447078943,0.000463910837424919,0.00045257684541866183,0.0,0.0,-0.23414379358291626,0.0,-0.22368045151233673,0.0,0.5,0.5,-0.23414379358291626,0.0,0.0,441
-0.4965132772922516,-0.012053754180669785,-0.4995585083961487,-0.008443484082818031,-0.496989905834198,0.006826235447078943,0.00043178151827305555,0.0004526954726316035,0.0,0.0,-0.22882646322250366,0.0,-0.23649193346500397,0.0,0.5,0.5,-0.22882646322250366,0.0,0.0,442
-0.4939850866794586,0.004714475944638252,-0.4995585083961487,-0.008443484082818031,-0.496989905834198,0.006826235447078943,0.0004288385098334402,0.00045277507160790265,0.0,0.0,-0.2318754345178604,0.0,-0.2298242598772049,0.0,0.5,0.5,-0.2318754345178604,0.0,0.0,443
-0.4816596508026123,-0.0052987998351454735,-0.4995585083961487,-0.008443484082818031,-0.496989905834198,0.006826235447078943,0.0004442839708644897,0.00045282847713679075,0.0,0.0,-0.2313707023859024,0.0,-0.23451870679855347,0.0,0.5,0.5,-0.2313707023859024,0.0,0.0,444
-0.4945535659790039,-0.002206937177106738,-0.4995585083961487,-0.008443484082818031,-0.496989905834198,0.006826235447078943,0.00043710522004403174,0.000452864303952083,0.0,0.0,-0.23471570014953613,0.0,-0.21815815567970276,0.0,0.5,0.5,-0.23471570014953613,0.0,0.0,445
-0.4952685236930847,-0.005239259451627731,-0.4995585083961487,-0.008443484082818031,-0.496989905834198,0.006826235447078943,0.0004500070062931627,0.00045274689910002053,0.0,0.0,-0.23229096829891205,0.0,-0.23126308619976044,0.0,0.5,0.5,-0.23229096829891205,0.0,0.0,446
-0.4978843331336975,-0.005301348399370909,-0.4995585083961487,-0.008443484082818031,-0.496989905834198,0.006826235447078943,0.00045887549640610814,0.00045280958875082433,0.0,0.0,-0.23413129150867462,0.0,-0.23912569880485535,0.0,0.5,0.5,-0.23413129150867462,0.0,0.0,447
-0.49329495429992676,-0.025207070633769035,-0.49968627095222473,-0.007486278191208839,-0.4970952570438385,0.007615124806761742,0.00046492720139212906,0.0004525688127614558,0.0,0.0,-0.13276246190071106,0.00800000037997961,-0.132676899433136,0.009656929410994053,0.5,0.5,-0.13276246190071106,0.007958932779729366,0.0,448
-0.49824318289756775,-0.020129840821027756,-0.49968627095222473,-0.007486278191208839,-0.4970952570438385,0.007615124806761742,0.00046903619659133255,0.0004515595792327076,0.0,0.0,-0.1339557021856308,0.0,-0.12455099076032639,0.0,0.5,0.5,-0.1339557021856308,0.0,0.0,449
-0.4959866404533386,-0.026498571038246155,-0.4997207820415497,-0.007000954821705818,-0.4971573054790497,0.008411448448896408,0.000471816718345508,0.00045201272587291896,0.0,0.0,-0.07777447253465652,0.00800000037997961,-0.07099952548742294,0.004865492694079876,0.5,0.5,-0.07777447253465652,0.007987378165125847,0.0,450
-0.4862610101699829,-0.017442233860492706,-0.4997207820415497,-0.007000954821705818,-0.4971573054790497,0.008411448448896408,0.0004736939154099673,0.00045231691910885274,0.0,0.0,-0.07398181408643723,0.0,-0.07954815030097961,0.0,0.5,0.5,-0.07398181408643723,0.0,0.0,451
-0.4962233603000641,-0.0204490814357996,-0.4997207820415497,-0.007000954821705818,-0.4971573054790497,0.008411448448896408,0.0004562936082947999,0.0004525210533756763,0.0,0.0,-0.08272574841976166,0.0,-0.07188808917999268,0.0,0.5,0.5,-0.08272574841976166,0.0,0.0,452
-0.5078062415122986,-0.012856421992182732,-0.4997207820415497,-0.007000954821705818,-0.4971573054790497,0.008411448448896408,0.00046316906809806824,0.0004526580451056361,0.0,0.0,-0.08570753037929535,0.0,-0.08453945815563202,0.0,0.5,0.5,-0.08570753037929535,0.0,0.0,453
-0.5166969895362854,-0.011976000852882862,-0.4997207820415497,-0.007000954821705818,-0.4971573054790497,0.008411448448896408,0.0004313196986913681,0.0004527499550022185,0.0,0.0,-0.09106262773275375,0.0,-0.09698183834552765,0.0,0.5,0.5,-0.09106262773275375,0.0,0.0,454
-0.507784366607666,-0.00914134830236435,-0.4997207820415497,-0.007000954821705818,-0.4971573054790497,0.008411448448896408,0.0004460050258785486,0.0004522461094893515,0.0,0.0,-0.09128925949335098,0.0,-0.0998736247420311,0.0,0.5,0.5,-0.09128925949335098,0.0,0.0,455
-0.5263513326644897,-0.016835371032357216,-0.4997207820415497,-0.007000954821705818,-0.4971573054790497,0.008411448448896408,0.00045613280963152647,0.0004524735559243709,0.0,0.0,-0.09423519670963287,0.0,-0.07944270223379135,0.0,0.5,0.5,-0.09423519670963287,0.0,0.0,456
-0.5161442756652832,-0.012190062552690506,-0.4997207820415497,-0.007000954821705818,-0.4971573054790497,0.008411448448896408,0.0004630594630725682,0.000452626176411286,0.0,0.0,-0.09420128911733627,0.0,-0.10149388760328293,0.0,0.5,0.5,-0.09420128911733627,0.0,0.0,457
-0.5070780515670776,-0.014619124121963978,-0.4997207820415497,-0.007000954821705818,-0.4971573054790497,0.008411448448896408,0.00046776983072049916,0.0004527285636868328,0.0,0.0,-0.09636886417865753,0.0,-0.07719031721353531,0.0,0.5,0.5,-0.09636886417865753,0.0,0.0,458
-0.5149400234222412,-0.01578807272017002,-0.4997207820415497,-0.007000954821705818,-0.4971573054790497,0.008411448448896408,0.00047096057096496224,0.0004522317904047668,0.0,0.0,-0.09458456188440323,0.0,-0.10109789669513702,0.0,0.5,0.5,-0.09458456188440323,0.0,0.0,459
-0.5254165530204773,-0.0027165990322828293,-0.4997207820415497,-0.007000954821705818,-0.4971573054790497,0.008411448448896408,0.0004731162916868925,0.00045133402454666793,0.0,0.0,-0.10035345703363419,0.0,-0.10942959785461426,0.0,0.5,0.5,-0.10035345703363419,0.0,0.0,460
-0.5181064605712891,-0.01472714077681303,-0.4997207820415497,-0.007000954821705818,-0.4971573054790497,0.008411448448896408,0.0004745701444335282,0.0004517201741691679,0.0,0.0,-0.1021425873041153,0.0,-0.10470853745937347,0.0,0.5,0.5,-0.1021425873041153,0.0,0.0,461
-0.516860842704773,-0.014596414752304554,-0.4997207820415497,-0.007000954821705818,-0.4971573054790497,0.008411448448896408,0.00047554943012073636,0.0004521205264609307,0.0,0.0,-0.10735313594341278,0.0,-0.11284816265106201,0.0,0.5,0.5,-0.10735313594341278,0.0,0.0,462
-0.5025730133056641,-0.002690861001610756,-0.4997207820415497,-0.007000954821705818,-0.4971573054790497,0.008411448448896408,0.0004390008107293397,0.0004523892712313682,0.0,0.0,-0.11011376976966858,0.0,-0.09926480799913406,0.0,0.5,0.5,-0.11011376976966858,0.0,0.0,463
-0.5105416178703308,-0.01580863445997238,-0.4997207820415497,-0.007000954821705818,-0.4971573054790497,0.008411448448896408,0.00045131484512239695,0.0004522870003711432,0.0,0.0,-0.11557343602180481,0.0,-0.1267034113407135,0.0,0.5,0.5,-0.11557343602180481,0.0,0.0,464
-0.5043228268623352,-0.017160655930638313,-0.4997207820415497,-0.007000954821705818,-0.4971573054790497,0.008411448448896408,0.00045977020636200905,0.00045250097173266113,0.0,0.0,-0.11137884110212326,0.0,-0.1029844805598259,0.0,0.5,0.5,-0.11137884110212326,0.0,0.0,465
-0.5067638754844666,-0.017342496663331985,-0.4997207820415497,-0.007000954821705818,-0.4971573054790497,0.008411448448896408,0.0004655357333831489,0.00045264457003213465,0.0,0.0,-0.11096551269292831,0.0,-0.10097445547580719,0.0,0.5,0.5,-0.11096551269292831,0.0,0.0,466
-0.5090484619140625,-0.015600995160639286,-0.4997207820415497,-0.007000954821705818,-0.4971573054790497,0.008411448448896408,0.0004694484523497522,0.0004527409328147769,0.0,0.0,-0.11212346702814102,0.0,-0.09913592785596848,0.0,0.5,0.5,-0.11212346702814102,0.0,0.0,467
-0.5105832815170288,-0.019900798797607422,-0.4997207820415497,-0.007000954821705818,-0.4971573054790497,0.008411448448896408,0.0004720952711068094,0.0004528055724222213,0.0,0.0,-0.11557396501302719,0.0,-0.105911485850811,0.0,0.5,0.5,-0.11557396501302719,0.0,0.0,468
-0.51385498046875,-0.01820163056254387,-0.4997207820415497,-0.007000954821705818,-0.4971573054790497,0.008411448448896408,0.0004368634836282581,0.00045284893712960184,0.0,0.0,-0.1156565323472023,0.0,-0.11752171069383621,0.0,0.5,0.5,-0.1156565323472023,0.0,0.0,469
-0.5291483402252197,-0.02326630800962448,-0.49951329827308655,-0.005876641254872084,-0.49704137444496155,0.009033243171870708,0.00044984009582549334,0.00045174703700467944,0.0,0.0,0.5432866811752319,0.00800000037997961,0.18247829377651215,0.011432956904172897,0.5,0.5,0.18434347212314606,0.006325117778033018,0.0,470
-0.5195983648300171,0.002874078694730997,-0.49951329827308655,-0.005876641254872084,-0.49704137444496155,0.009033243171870708,0.00045876126387156546,0.0004521385708358139,0.0,0.0,0.18814702332019806,0.0,0.17529478669166565,0.0,0.5,0.5,0.18814702332019806,0.0,0.0,471
-0.5133734345436096,0.0006635314784944057,-0.49951329827308655,-0.005876641254872084,-0.49704137444496155,0.009033243171870708,0.00046484946506097913,0.0004522601084318012,0.0,0.0,0.1871035397052765,0.0,0.17885422706604004,0.0,0.5,0.5,0.1871035397052765,0.0,0.0,472
-0.4934631586074829,-0.0036962907761335373,-0.49951329827308655,-0.005876641254872084,-0.49704137444496155,0.009033243171870708,0.00046898351865820587,0.00045234165736474097,0.0,0.0,0.18982857465744019,0.0,0.2044224888086319,0.0,0.5,0.5,0.18982857465744019,0.0,0.0,473
-0.5001269578933716,0.0011242104228585958,-0.49951329827308655,-0.005876641254872084,-0.49704137444496155,0.009033243171870708,0.0004717811243608594,0.00045239634346216917,0.0,0.0,0.19733455777168274,0.0,0.21191701292991638,0.0,0.5,0.5,0.19733455777168274,0.0,0.0,474
-0.492888867855072,0.003835987998172641,-0.49951329827308655,-0.005876641254872084,-0.49704137444496155,0.009033243171870708,0.00047366993385367095,0.0004524330433923751,0.0,0.0,0.19961781799793243,0.0,0.21230548620224,0.0,0.5,0.5,0.19961781799793243,0.0,0.0,475
-0.48877716064453125,0.0032028972636908293,-0.49951329827308655,-0.005876641254872084,-0.49704137444496155,0.009033243171870708,0.0004562780959531665,0.0004524576652329415,0.0,0.0,1.5829381942749023,0.0,0.512305498123169,0.0,0.5,0.5,0.4996178150177002,0.0,0.0,476
-0.4923735558986664,0.018431972712278366,-0.49951329827308655,-0.005876641254872084,-0.49704137444496155,0.009033243171870708,0.000463158474303782,0.0004524741671048105,0.0,0.0,1.5829381942749023,0.0,0.8123055100440979,0.0,0.5,0.5,0.7996178269386292,0.0,0.0,477
-0.495961457490921,0.012119684368371964,-0.49951329827308655,-0.005876641254872084,-0.49704137444496155,0.009033243171870708,0.0004678370023611933,0.00045149624929763377,0.0,0.0,1.5829381942749023,0.0,1.1123055219650269,0.0,0.5,0.5,1.099617838859558,0.0,0.0,478
-0.49356162548065186,0.01954932138323784,-0.49951329827308655,-0.005876641254872084,-0.49704137444496155,0.009033243171870708,0.0004710060020443052,0.00045140579459257424,0.0,0.0,1.5829381942749023,0.0,1.412305474281311,0.0,0.5,0.5,1.3996177911758423,0.0,0.0,479
-0.5145891904830933,0.016735082492232323,-0.49951329827308655,-0.005876641254872084,-0.49704137444496155,0.009033243171870708,0.0004731469671241939,0.000451909436378628,0.0,0.0,1.5829381942749023,0.0,1.5937154293060303,0.0,0.5,0.5,1.5829381942749023,0.0,0.0,480
-0.5113081932067871,0.005746801849454641,-0.4989871382713318,-0.005880879238247871,-0.49624156951904297,0.009017189033329487,0.000437514710938558,0.0004522475937847048,0.0,0.0,1.5908657312393188,0.00800000037997961,1.5788508653640747,0.005261682905256748,0.5,0.5,1.5908657312393188,0.007999748922884464,0.0,481
-0.5059773921966553,0.014296915382146835,-0.49755343794822693,-0.005966645199805498,-0.4946444034576416,0.008935919962823391,0.0004152193432673812,0.0004524745454546064,0.0,0.0,1.6216353178024292,0.01600000075995922,1.6305463314056396,0.014362654648721218,0.5,0.5,1.6216353178024292,0.015992427244782448,0.0,482
-0.4905568063259125,-0.0016549035208299756,-0.4943368434906006,-0.005883361212909222,-0.4922483563423157,0.008950851857662201,0.00043478544102981687,0.00045206156210042536,0.0,0.0,1.56456458568573,0.024000000208616257,1.5449100732803345,0.032176628708839417,0.5,0.5,1.56456458568573,0.02396092563867569,0.0,483
-0.5064386129379272,0.0038270680233836174,-0.49208804965019226,-0.0059113455936312675,-0.4890492856502533,0.008907349780201912,0.000430830754339695,0.0004522084491327405,0.0,0.0,1.5843937397003174,0.03200000151991844,1.583240032196045,0.022489553317427635,0.5,0.5,1.5843937397003174,0.03199370950460434,0.0,484
-0.5034594535827637,0.015154743567109108,-0.48766496777534485,-0.0060494448989629745,-0.4852748513221741,0.008701931685209274,0.0004109833389520645,0.000452306994702667,0.0,0.0,1.6251661777496338,0.03783167526125908,1.6020087003707886,0.04425227269530296,0.5,0.5,1.6251661777496338,0.03780023381114006,0.0,485
-0.49405279755592346,0.00841507688164711,-0.48341965675354004,-0.006168031133711338,-0.4820922911167145,0.008602391928434372,0.000431813154136762,0.0004525143885985017,0.0,0.0,1.6020628213882446,0.031849686056375504,1.5987225770950317,0.042469561100006104,0.5,0.5,1.6020628213882446,0.03184118494391441,0.0,486
-0.4972796142101288,0.008321521803736687,-0.48068490624427795,-0.006251784041523933,-0.4787044823169708,0.008498852141201496,0.0004288594936951995,0.00045265359221957624,0.0,0.0,1.6013492345809937,0.03389386460185051,1.6014119386672974,0.0273604616522789,0.5,0.5,1.6013492345809937,0.033893853425979614,0.0,487
-0.49276649951934814,0.003407980315387249,-0.4776268005371094,-0.006260070018470287,-0.4752413034439087,0.008454774506390095,0.0004442985518835485,0.000452181528089568,0.0,0.0,1.5835230350494385,0.03464023396372795,1.5735058784484863,0.030581189319491386,0.5,0.5,1.5835230350494385,0.03463473170995712,0.0,488
-0.483685165643692,0.001952549908310175,-0.4748672544956207,-0.006264477502554655,-0.4722123146057129,0.00843191146850586,0.00043711482430808246,0.00045228892122395337,0.0,0.0,1.5783441066741943,0.03029116801917553,1.572393536567688,0.027595574036240578,0.5,0.5,1.5783441066741943,0.030290761962532997,0.0,489
-0.4811508357524872,-0.002718992531299591,-0.47183921933174133,-0.006227733101695776,-0.4692504405975342,0.008463351055979729,0.0004323730245232582,0.00045229034731164575,0.0,0.0,1.5601818561553955,0.029625430703163147,1.5586621761322021,0.030282560735940933,0.5,0.5,1.5601818561553955,0.029620544984936714,0.0,490
-0.4877011775970459,-0.016903933137655258,-0.4677175283432007,-0.005970863159745932,-0.46580615639686584,0.008684979751706123,0.0004467348044272512,0.0004523619427345693,0.0,0.0,1.5065382719039917,0.03456386551260948,1.508555293083191,0.041296910494565964,0.5,0.5,1.5065382719039917,0.03451414778828621,0.0,491
-0.4858333170413971,-0.020939534530043602,-0.46459951996803284,-0.005722355097532272,-0.4626355469226837,0.008939514867961407,0.0004387180379126221,0.00045255126315169036,0.0,0.0,1.4906888008117676,0.0318121500313282,1.4912638664245605,0.031279075890779495,0.5,0.5,1.4906888008117676,0.03180815652012825,0.0,492
-0.4624486565589905,-0.03318280354142189,-0.4623570144176483,-0.005435452796518803,-0.45988914370536804,0.009323318488895893,0.00045111984945833683,0.00045154785038903356,0.0,0.0,1.4319483041763306,0.02777894213795662,1.4435492753982544,0.022607840597629547,0.5,0.5,1.4319483041763306,0.0277310311794281,0.0,493
-0.4497593641281128,-0.03211149573326111,-0.4591773450374603,-0.0049926466308534145,-0.45695075392723083,0.009743128903210163,0.0004415973380673677,0.00045087613398209214,0.0,0.0,1.4288861751556396,0.029682472348213196,1.4324244260787964,0.0321035161614418,0.5,0.5,1.4288861751556396,0.029682332649827003,0.0,494
-0.4565890431404114,-0.02499249204993248,-0.4566510021686554,-0.004763173870742321,-0.453946590423584,0.010067330673336983,0.0004353343683760613,0.00045268211397342384,0.0,0.0,1.4632949829101562,0.030233997851610184,1.4802128076553345,0.025367407128214836,0.5,0.5,1.4632949829101562,0.030216101557016373,0.0,495
-0.45321500301361084,-0.031611569225788116,-0.4543856680393219,-0.004453111905604601,-0.4511736333370209,0.010451431386172771,0.00044878374319523573,0.00045276610762812197,0.0,0.0,1.4331555366516113,0.02800704352557659,1.4347695112228394,0.022864632308483124,0.5,0.5,1.4331555366516113,0.027994325384497643,0.0,496
-0.4521913230419159,-0.02320859394967556,-0.4513285458087921,-0.00417392048984766,-0.4484332203865051,0.010731375776231289,0.00044006441021338105,0.0004528224526438862,0.0,0.0,1.4689950942993164,0.027564318850636482,1.4797239303588867,0.030698394402861595,0.5,0.5,1.4689950942993164,0.02754661813378334,0.0,497
-0.4558213949203491,-0.022505391389131546,-0.44834667444229126,-0.003849392058327794,-0.44542571902275085,0.011024612002074718,0.00045204791240394115,0.0004528602585196495,0.0,0.0,1.4736021757125854,0.03021806664764881,1.4623887538909912,0.029994672164320946,0.5,0.5,1.4736021757125854,0.030217746272683144,0.0,498
-0.46810221672058105,-0.025972604751586914,-0.4440998435020447,-0.0034519615583121777,-0.44233715534210205,0.011354589834809303,0.0004422056954354048,0.0004528856370598078,0.0,0.0,1.4643619060516357,0.031062807887792587,1.4774852991104126,0.04265386983752251,0.5,0.5,1.4643619060516357,0.031061481684446335,0.0,499
-0.45584040880203247,-0.030323965474963188,-0.4410373568534851,-0.003030883613973856,-0.43970686197280884,0.011700112372636795,0.00045352219603955746,0.0004529026336967945,0.0,0.0,1.4401808977127075,0.026536554098129272,1.4341572523117065,0.03091290034353733,0.5,0.5,1.4401808977127075,0.026528796181082726,0.0,500
-0.455425500869751,-0.03034527599811554,-0.43803098797798157,-0.0026236972771584988,-0.4368751049041748,0.012073034420609474,0.0004612784832715988,0.00045291404239833355,0.0,0.0,1.4398574829101562,0.0285621490329504,1.4361742734909058,0.030338188633322716,0.5,0.5,1.4398574829101562,0.028562147170305252,0.0,501
-0.46694672107696533,-0.022370044142007828,-0.4356195330619812,-0.002339150058105588,-0.43373769521713257,0.012363114394247532,0.00046656077029183507,0.00045292169670574367,0.0,0.0,1.4785999059677124,0.03153157979249954,1.4533419609069824,0.02428198792040348,0.5,0.5,1.4785999059677124,0.03150792047381401,0.0,502
-0.47448480129241943,-0.013019002042710781,-0.43282806873321533,-0.002211919054389,-0.43066954612731934,0.012523221783339977,0.0004516724729910493,0.0004529268480837345,0.0,0.0,1.518660068511963,0.030748024582862854,1.5252491235733032,0.027943547815084457,0.5,0.5,1.518660068511963,0.03072335571050644,0.0,503
-0.47376978397369385,1.9432542103459127e-05,-0.4298679828643799,-0.0022263710852712393,-0.42737823724746704,0.012522964738309383,0.0004600147367455065,0.00045236462028697133,0.0,0.0,1.5708744525909424,0.03295795992016792,1.5756785869598389,0.029601186513900757,0.5,0.5,1.5708744525909424,0.03291304409503937,0.0,504
-0.458583265542984,0.007088169921189547,-0.42692774534225464,-0.002227022545412183,-0.42471399903297424,0.012442117556929588,0.00046570197446271777,0.0004524073447100818,0.0,0.0,1.6011323928833008,0.026666920632123947,1.571017861366272,0.029402241110801697,0.5,0.5,1.6011323928833008,0.026654714718461037,0.0,505
-0.468881219625473,0.028196008875966072,-0.4240931272506714,-0.0025873412378132343,-0.42147475481033325,0.01206761784851551,0.00046956108417361975,0.00045258173486217856,0.0,0.0,1.685899019241333,0.032725635915994644,1.6972317695617676,0.028574297204613686,0.5,0.5,1.685899019241333,0.03260813280940056,0.0,506
-0.4570225179195404,0.019735630601644516,-0.42164111137390137,-0.0028067321982234716,-0.41865280270576477,0.01182758528739214,0.00045361873344518244,0.0004526987613644451,0.0,0.0,1.6556512117385864,0.0283343568444252,1.6600326299667358,0.024618064984679222,0.5,0.5,1.6556512117385864,0.028321396559476852,0.0,507
-0.4471540153026581,0.021143637597560883,-0.4191659688949585,-0.003054442349821329,-0.4160293936729431,0.011577899567782879,0.0004613444034475833,0.00045164654147811234,0.0,0.0,1.6656861305236816,0.02635406143963337,1.6705433130264282,0.02487507089972496,0.5,0.5,1.6656861305236816,0.026352735236287117,0.0,508
-0.4445907175540924,0.016134146600961685,-0.41641518473625183,-0.0032528832089155912,-0.4131726622581482,0.01136800367385149,0.0004482798685785383,0.0004509422287810594,0.0,0.0,1.644138216972351,0.02865111641585827,1.6428112983703613,0.02757931873202324,0.5,0.5,1.644138216972351,0.028644464910030365,0.0,509
-0.43612122535705566,0.0252601969987154,-0.4143275320529938,-0.003513626754283905,-0.410783588886261,0.011082155629992485,0.00045769274584017694,0.0004504704847931862,0.0,0.0,1.6898781061172485,0.02408633939921856,1.6950511932373047,0.021038655191659927,0.5,0.5,1.6898781061172485,0.02406114712357521,0.0,510
-0.43972983956336975,0.017777979373931885,-0.4125976860523224,-0.003631480038166046,-0.40817058086395264,0.010865818709135056,0.0004458982148207724,0.0004512812301982194,0.0,0.0,1.6534003019332886,0.02623688615858555,1.6388200521469116,0.0173387061804533,0.5,0.5,1.6534003019332886,0.026219431310892105,0.0,511
-0.4181424379348755,0.026586003601551056,-0.4096921384334564,-0.0040329089388251305,-0.405807763338089,0.01054057665169239,0.00043816777179017663,0.0004506975819822401,0.0,0.0,1.707586407661438,0.023886116221547127,1.708086371421814,0.02933153510093689,0.5,0.5,1.707586407661438,0.0238510575145483,0.0,512
-0.4189521074295044,0.026133671402931213,-0.40727540850639343,-0.004384519066661596,-0.4034600853919983,0.010224243625998497,0.00043306942097842693,0.0004514337924774736,0.0,0.0,1.7047325372695923,0.02368905022740364,1.7152727842330933,0.02442171238362789,0.5,0.5,1.7047325372695923,0.02368895336985588,0.0,513
-0.4263961613178253,0.028514152392745018,-0.4053332209587097,-0.00466474425047636,-0.40103304386138916,0.009880617260932922,0.0004472169966902584,0.0004519282665569335,0.0,0.0,1.7114439010620117,0.024513032287359238,1.714091420173645,0.019622884690761566,0.5,0.5,1.7114439010620117,0.024512479081749916,0.0,514
-0.41845688223838806,0.016486475244164467,-0.40322428941726685,-0.0048659429885447025,-0.3985689878463745,0.009670629166066647,0.00043903503683395684,0.000452260224847123,0.0,0.0,1.6558113098144531,0.024768251925706863,1.6659117937088013,0.021185005083680153,0.5,0.5,1.6558113098144531,0.024729933589696884,0.0,515
-0.41700634360313416,0.006141544319689274,-0.40054795145988464,-0.004957288037985563,-0.39617106318473816,0.00959392823278904,0.0004513384192250669,0.00045135305845178664,0.0,0.0,1.602771520614624,0.024025341495871544,1.6049137115478516,0.02677905559539795,0.5,0.5,1.602771520614624,0.023991554975509644,0.0,516
-0.4115529954433441,-4.019827611045912e-05,-0.3982361853122711,-0.004945054650306702,-0.3940589427947998,0.009594383649528027,0.0004597863298840821,0.00045187404612079263,0.0,0.0,1.5705808401107788,0.0211322084069252,1.5655046701431274,0.023117907345294952,0.5,0.5,1.5705808401107788,0.021121259778738022,0.0,517
-0.4172712564468384,0.01276415679603815,-0.3949497938156128,-0.005174716934561729,-0.39143818616867065,0.009420402348041534,0.0004655467055272311,0.0004520782094914466,0.0,0.0,1.637085199356079,0.026323305442929268,1.6405658721923828,0.0329439602792263,0.5,0.5,1.637085199356079,0.026265116408467293,0.0,518
-0.41260915994644165,-0.0060163396410644054,-0.3926067054271698,-0.005062091629952192,-0.3895983099937439,0.009479404427111149,0.0004694559029303491,0.0004523608658928424,0.0,0.0,1.5387388467788696,0.01849762350320816,1.5227665901184082,0.023458050563931465,0.5,0.5,1.5387388467788696,0.018408240750432014,0.0,519
-0.40958675742149353,-0.006620447617024183,-0.39072689414024353,-0.005010904744267464,-0.38713669776916504,0.009567692875862122,0.00045355057227425277,0.0004525505646597594,0.0,0.0,1.5349453687667847,0.024632055312395096,1.543573260307312,0.01880515180528164,0.5,0.5,1.5349453687667847,0.02463187836110592,0.0,520
-0.404893159866333,-0.014727079309523106,-0.38880228996276855,-0.004836942534893751,-0.38543233275413513,0.009707221761345863,0.000461297866422683,0.0004526778357103467,0.0,0.0,1.4891127347946167,0.017118630930781364,1.4806532859802246,0.019324589520692825,0.5,0.5,1.4891127347946167,0.017100654542446136,0.0,521
-0.3978630602359772,-0.03018781915307045,-0.38698238134384155,-0.004516254644840956,-0.3829682171344757,0.010137543082237244,0.0004482495423872024,0.00045219779713079333,0.0,0.0,1.3979055881500244,0.0251186303794384,1.3963767290115356,0.018479548394680023,0.5,0.5,1.3979055881500244,0.025014225393533707,0.0,522
-0.40180835127830505,-0.03908037394285202,-0.38503512740135193,-0.004116106778383255,-0.3809424936771393,0.010585292242467403,0.00043971356353722513,0.0004524411051534116,0.0,0.0,1.3532614707946777,0.02076680026948452,1.368125081062317,0.019879493862390518,0.5,0.5,1.3532614707946777,0.020746110007166862,0.0,523
-0.3908141255378723,-0.02219962887465954,-0.3832823634147644,-0.0038669672794640064,-0.37870630621910095,0.010884679853916168,0.00043409090721979737,0.00045147413038648665,0.0,0.0,1.437705159187317,0.022642172873020172,1.4296016693115234,0.01770387962460518,0.5,0.5,1.437705159187317,0.022561492398381233,0.0,524
-0.4000498354434967,-0.012182053178548813,-0.3807579576969147,-0.0036637266166508198,-0.3763364255428314,0.011049604043364525,0.00044792387052439153,0.0004519553331192583,0.0,0.0,1.5013164281845093,0.02380416728556156,1.4904592037200928,0.02532569319009781,0.5,0.5,1.5013164281845093,0.02375602349638939,0.0,525
-0.3990820348262787,-0.008434344083070755,-0.37978166341781616,-0.003627444850280881,-0.37444624304771423,0.011141183786094189,0.0004574999038595706,0.00045227838563732803,0.0,0.0,1.5223838090896606,0.018928077071905136,1.5336508750915527,0.009769709780812263,0.5,0.5,1.5223838090896606,0.01892387680709362,0.0,526
-0.38199564814567566,-0.011849657632410526,-0.37847205996513367,-0.0035156849771738052,-0.3725079596042633,0.011287481524050236,0.0004457722825463861,0.0004524952091742307,0.0,0.0,1.4954615831375122,0.01944509521126747,1.4856646060943604,0.01314375177025795,0.5,0.5,1.4954615831375122,0.01943804882466793,0.0,527
-0.38291406631469727,0.0020844934042543173,-0.37693095207214355,-0.003509958041831851,-0.37036794424057007,0.011259232647716999,0.0004559730878099799,0.00045207541552372277,0.0,0.0,1.5839956998825073,0.021486075595021248,1.5670802593231201,0.015411206521093845,0.5,0.5,1.5839956998825073,0.021401923149824142,0.0,528
-0.3814131021499634,-0.010887231677770615,-0.37411317229270935,-0.0033342642709612846,-0.36851075291633606,0.011388503946363926,0.0004447747196536511,0.0004522177332546562,0.0,0.0,1.5013028383255005,0.018680686131119728,1.508524775505066,0.02823239378631115,0.5,0.5,1.5013028383255005,0.018616851419210434,0.0,529
-0.3872511386871338,-0.013762678019702435,-0.37171822786331177,-0.003140842542052269,-0.36641526222229004,0.01156624872237444,0.0004374283889774233,0.00045188944204710424,0.0,0.0,1.486175537109375,0.021032413467764854,1.4902092218399048,0.024027571082115173,0.5,0.5,1.486175537109375,0.021030006930232048,0.0,530
-0.38729164004325867,0.00034917789162136614,-0.3694312274456024,-0.0031254105269908905,-0.36446332931518555,0.011562049388885498,0.00045023008715361357,0.00045223417691886425,0.0,0.0,1.5729478597640991,0.019593123346567154,1.5640487670898438,0.022870510816574097,0.5,0.5,1.5729478597640991,0.01951940730214119,0.0,531
-0.3759560286998749,-0.0002575574326328933,-0.3677841126918793,-0.003132372163236141,-0.362607479095459,0.01156521588563919,0.00044101374805904925,0.00045232425327412784,0.0,0.0,1.5690901279449463,0.018558606505393982,1.5750229358673096,0.01647118851542473,0.5,0.5,1.5690901279449463,0.01855846866965294,0.0,532
-0.3738427460193634,0.003862278535962105,-0.36600372195243835,-0.00314484559930861,-0.36087605357170105,0.01152028702199459,0.00043494932469911873,0.000452384672826156,0.0,0.0,1.5967391729354858,0.01732681877911091,1.5778021812438965,0.017804449424147606,0.5,0.5,1.5967391729354858,0.017320197075605392,0.0,533
-0.36610329151153564,-0.0019844728522002697,-0.3645380735397339,-0.003116437466815114,-0.3591989576816559,0.011543873697519302,0.00043093934073112905,0.00045242521446198225,0.0,0.0,1.556733250617981,0.01678617112338543,1.5514159202575684,0.014659173786640167,0.5,0.5,1.556733250617981,0.016772739589214325,0.0,534
-0.357559472322464,0.0006032740348018706,-0.36348652839660645,-0.0031152362935245037,-0.357619047164917,0.011536683887243271,0.0004282792506273836,0.0004524524265434593,0.0,0.0,1.5753473043441772,0.01580192521214485,1.5696539878845215,0.01051532942801714,0.5,0.5,1.5753473043441772,0.01579918898642063,0.0,535
-0.3659728765487671,-0.012165186926722527,-0.36152511835098267,-0.002928163157775998,-0.35568735003471375,0.011703378520905972,0.000426510872785002,0.0004524706455413252,0.0,0.0,1.4847151041030884,0.019468683749437332,1.475706934928894,0.019703079015016556,0.5,0.5,1.4847151041030884,0.019388778135180473,0.0,536
-0.36561569571495056,-0.0069845630787312984,-0.3599097728729248,-0.002843874506652355,-0.3538813889026642,0.011793083511292934,0.0004426667874213308,0.00045205894275568426,0.0,0.0,1.5211658477783203,0.018093958497047424,1.5186634063720703,0.016175342723727226,0.5,0.5,1.5211658477783203,0.018081938847899437,0.0,537
-0.3710308074951172,-0.016954971477389336,-0.357852041721344,-0.002599177183583379,-0.3521016538143158,0.011999720707535744,0.00045383936958387494,0.0004523479437921196,0.0,0.0,1.455208420753479,0.017955956980586052,1.4524356126785278,0.02072221040725708,0.5,0.5,1.455208420753479,0.017916912212967873,0.0,538
-0.3644644320011139,-0.005030697677284479,-0.3564206063747406,-0.002563601592555642,-0.3504539728164673,0.01205915492027998,0.00044337898725643754,0.0004525418917182833,0.0,0.0,1.5347404479980469,0.01653973013162613,1.5459483861923218,0.014318816363811493,0.5,0.5,1.5347404479980469,0.016487449407577515,0.0,539
-0.3574559688568115,0.004470084328204393,-0.3550441265106201,-0.002618670929223299,-0.3489370048046112,0.012007960118353367,0.0004543290997389704,0.0004523893294390291,0.0,0.0,1.604531168937683,0.015215495601296425,1.6107820272445679,0.013775945641100407,0.5,0.5,1.604531168937683,0.015178455039858818,0.0,540
-0.34704384207725525,-0.0014067899901419878,-0.352689653635025,-0.002604294801130891,-0.3473864197731018,0.012025833129882812,0.00044369950774125755,0.000452569656772539,0.0,0.0,1.559269905090332,0.01552270445972681,1.5646904706954956,0.02354520559310913,0.5,0.5,1.559269905090332,0.015506806783378124,0.0,541
-0.3352096974849701,0.009925568476319313,-0.3517795205116272,-0.002678309567272663,-0.3461892604827881,0.011918014846742153,0.0004367202636785805,0.0004525492840912193,0.0,0.0,1.6606147289276123,0.012082139030098915,1.6519397497177124,0.009131472557783127,0.5,0.5,1.6606147289276123,0.012020145542919636,0.0,542
-0.33587443828582764,0.02301107347011566,-0.3510344326496124,-0.0028374711982905865,-0.34479013085365295,0.011627636849880219,0.00043211193406023085,0.00045267699169926345,0.0,0.0,1.7754329442977905,0.014384188689291477,1.781248927116394,0.007618939969688654,0.5,0.5,1.7754329442977905,0.014289477840065956,0.0,543
-0.3429822027683258,0.022768955677747726,-0.3503366708755493,-0.002976176794618368,-0.34316757321357727,0.011314503848552704,0.00042905783629976213,0.0004527626733761281,0.0,0.0,1.7614389657974243,0.01652665063738823,1.76702880859375,0.007114001549780369,0.5,0.5,1.7614389657974243,0.016525031998753548,0.0,544
-0.33847177028656006,0.030778909102082253,-0.3488655388355255,-0.0034177929628640413,-0.34170636534690857,0.010918156243860722,0.00044443621300160885,0.0004528201534412801,0.0,0.0,1.8356703519821167,0.015181834809482098,1.8624247312545776,0.015359905548393726,0.5,0.5,1.8356703519821167,0.01514002587646246,0.0,545
-0.32698577642440796,0.018377700820565224,-0.34829819202423096,-0.0035258743446320295,-0.3403244614601135,0.010669137351214886,0.00043720551184378564,0.0004528587160166353,0.0,0.0,1.7490817308425903,0.014094524085521698,1.759042501449585,0.0057755461893975735,0.5,0.5,1.7490817308425903,0.014041719026863575,0.0,546
-0.3467879593372345,0.008650385774672031,-0.3470735549926758,-0.003597608068957925,-0.33869725465774536,0.010553558357059956,0.00043243300751782954,0.00045288458932191133,0.0,0.0,1.6417055130004883,0.01640770211815834,1.6293044090270996,0.012267476879060268,0.5,0.5,1.6417055130004883,0.016313204541802406,0.0,547
-0.3449920415878296,-0.011169514618813992,-0.3455347716808319,-0.0034756583627313375,-0.3373902142047882,0.010675225406885147,0.00044677636469714344,0.00045290193520486355,0.0,0.0,1.4779783487319946,0.013304920867085457,1.4917110204696655,0.015436111949384212,0.5,0.5,1.4779783487319946,0.013126988895237446,0.0,548
-0.3334515690803528,-0.006947374437004328,-0.3439069092273712,-0.0034054554998874664,-0.3360629677772522,0.010760248638689518,0.00045666200458072126,0.00045291357673704624,0.0,0.0,1.506824016571045,0.013305227272212505,1.5276975631713867,0.01629389077425003,0.5,0.5,1.506824016571045,0.013299692422151566,0.0,549
-0.33918482065200806,-0.004562717396765947,-0.3420412540435791,-0.0033257969189435244,-0.3348133862018585,0.010810181498527527,0.0004452249559108168,0.00045292137656360865,0.0,0.0,1.5308585166931152,0.012509539723396301,1.5281250476837158,0.01867365650832653,0.5,0.5,1.5308585166931152,0.012505926191806793,0.0,550
-0.31855201721191406,-0.004203184507787228,-0.33982688188552856,-0.00323458481580019,-0.33370649814605713,0.010859913192689419,0.0004555973573587835,0.00045292661525309086,0.0,0.0,1.5258976221084595,0.011080303229391575,1.5296285152435303,0.02216247282922268,0.5,0.5,1.5258976221084595,0.011080167256295681,0.0,551
-0.3100088834762573,-0.0017999297706410289,-0.33982688188552856,-0.00323458481580019,-0.33242517709732056,0.010887042619287968,0.0004445290833245963,0.0004529301368165761,0.0,0.0,1.549626111984253,0.012819567695260048,1.5508652925491333,0.0,0.5,0.5,1.549626111984253,0.012815958820283413,0.0,552
-0.304334431886673,-0.021677544340491295,-0.33777549862861633,-0.002654105657711625,-0.33156049251556396,0.01112330798059702,0.00043726665899157524,0.0004527910496108234,0.0,0.0,1.3040646314620972,0.009240924380719662,1.2950363159179688,0.021319333463907242,0.5,0.5,1.3040646314620972,0.008963705971837044,0.0,553
-0.32103076577186584,-0.021016443148255348,-0.3366994559764862,-0.002420947188511491,-0.3303721249103546,0.011383380740880966,0.00045011844485998154,0.00045283918734639883,0.0,0.0,1.355342149734497,0.012180833145976067,1.3574155569076538,0.011010237969458103,0.5,0.5,1.355342149734497,0.012164822779595852,0.0,554
-0.32206910848617554,-0.024223921820521355,-0.3354296088218689,-0.0021138936281204224,-0.32914412021636963,0.01168983243405819,0.0004589517484419048,0.0004528714925982058,0.0,0.0,1.3262380361557007,0.012661986984312534,1.3335471153259277,0.01306445337831974,0.5,0.5,1.3262380361557007,0.012656625360250473,0.0,555
-0.3156803846359253,-0.0334361307322979,-0.3341633975505829,-0.00167044997215271,-0.3281347155570984,0.012062023393809795,0.00046497906441800296,0.0004528931458480656,0.0,0.0,1.2175382375717163,0.010822192765772343,1.233933687210083,0.013416235335171223,0.5,0.5,1.2175382375717163,0.01075831986963749,0.0,556
-0.3192811906337738,-0.026080681011080742,-0.3328612744808197,-0.0013128620339557528,-0.3268994092941284,0.012403745204210281,0.0004690713540185243,0.00045403960393741727,0.0,0.0,1.3009185791015625,0.012861793860793114,1.3027819395065308,0.013503196649253368,0.5,0.5,1.3009185791015625,0.012817109934985638,0.0,557
-0.33556774258613586,-0.016853004693984985,-0.3317900598049164,-0.0011589041678234935,-0.32548201084136963,0.012619788758456707,0.0004533013270702213,0.0004536764754448086,0.0,0.0,1.419538140296936,0.014439193531870842,1.4280508756637573,0.010822195559740067,0.5,0.5,1.419538140296936,0.01433772873133421,0.0,558
-0.33484113216400146,-0.01782127283513546,-0.33127719163894653,-0.0010675061494112015,-0.3239438235759735,0.012869354337453842,0.0004430267435964197,0.000453433021903038,0.0,0.0,1.4099520444869995,0.015583772212266922,1.3944401741027832,0.005209540482610464,0.5,0.5,1.4099520444869995,0.015583056025207043,0.0,559
-0.3131735920906067,-0.00843407865613699,-0.330494225025177,-0.0010014738654717803,-0.3229388892650604,0.012965478003025055,0.0004540869267657399,0.0004532697785180062,0.0,0.0,1.475433349609375,0.010116750374436378,1.4866585731506348,0.00785737857222557,0.5,0.5,1.475433349609375,0.01009506918489933,0.0,560
-0.3272121846675873,0.0006680804654024541,-0.3288608193397522,-0.001018993672914803,-0.3216007649898529,0.012956731952726841,0.00046166402171365917,0.000453160289907828,0.0,0.0,1.5773324966430664,0.013451367616653442,1.5815218687057495,0.01633499003946781,0.5,0.5,1.5773324966430664,0.013381591998040676,0.0,561
-0.32831811904907227,-0.02056596800684929,-0.32777413725852966,-0.000824596150778234,-0.32050442695617676,0.013174960389733315,0.00044848807738162577,0.00045294538722373545,0.0,0.0,1.374309778213501,0.01141273882240057,1.393778920173645,0.011039397679269314,0.5,0.5,1.374309778213501,0.011178338900208473,0.0,562
-0.31518006324768066,-0.03834058344364166,-0.3266841471195221,-0.00034807808697223663,-0.3192673325538635,0.013700916431844234,0.0004398702294565737,0.0004529427387751639,0.0,0.0,1.1687935590744019,0.013731507584452629,1.158658742904663,0.011896034702658653,0.5,0.5,1.1687935590744019,0.013442538678646088,0.0,563
-0.31356629729270935,-0.041887637227773666,-0.325826495885849,5.6121349189197645e-05,-0.31801140308380127,0.014294910244643688,0.0004519140929915011,0.0004540729569271207,0.0,0.0,1.129020094871521,0.013904094696044922,1.130380392074585,0.009481222368776798,0.5,0.5,1.129020094871521,0.013893098570406437,0.0,564
-0.3128344714641571,-0.05206993967294693,-0.32556581497192383,0.00020747330563608557,-0.31679317355155945,0.015017095021903515,0.0004601799009833485,0.00045256566954776645,0.0,0.0,1.03567373752594,0.014223894104361534,1.0447704792022705,0.0030143766198307276,0.5,0.5,1.03567373752594,0.014161969535052776,0.0,565
-0.29862064123153687,-0.04664735123515129,-0.3240435719490051,0.00118907424621284,-0.31561580300331116,0.01576310582458973,0.0004475209570955485,0.0004538193461485207,0.0,0.0,1.00602388381958,0.013944446109235287,0.998054027557373,0.01811276376247406,0.5,0.5,1.00602388381958,0.013938317075371742,0.0,566
-0.2885892391204834,-0.04634605348110199,-0.3235328495502472,0.0015563053311780095,-0.31502220034599304,0.01619574800133705,0.0004571726021822542,0.0004523961106315255,0.0,0.0,0.94097900390625,0.0073609622195363045,0.9473989605903625,0.006290391553193331,0.5,0.5,0.94097900390625,0.007345396094024181,0.0,567
-0.2808290123939514,-0.05275886505842209,-0.32298287749290466,0.00195070740301162,-0.3143594563007355,0.016678787767887115,0.0004455585149116814,0.00045144400792196393,0.0,0.0,0.94097900390625,0.008201043121516705,0.9486703872680664,0.006767781917005777,0.5,0.5,0.94097900390625,0.008201043121516705,0.0,568
-0.2831336557865143,-0.04014062508940697,-0.322929710149765,0.001988369505852461,-0.3137570023536682,0.017117882147431374,0.00043794428347609937,0.00045080657582730055,0.0,0.0,0.94097900390625,0.007454937323927879,0.9544069170951843,0.0006514897686429322,0.5,0.5,0.94097900390625,0.007454937323927879,0.0,569
-0.2734355926513672,-0.0317249521613121,-0.322255402803421,0.002487792167812586,-0.31326791644096375,0.017474349588155746,0.00043292163172736764,0.00045037962263450027,0.0,0.0,0.94097900390625,0.006052105687558651,0.9333069920539856,0.008391125127673149,0.5,0.5,0.94097900390625,0.006052105687558651,0.0,570
-0.28469350934028625,-0.025558630004525185,-0.32106122374534607,0.0033641757909208536,-0.31255781650543213,0.017991892993450165,0.00044711469672620296,0.0004523476818576455,0.0,0.0,0.94097900390625,0.00878687109798193,0.9376970529556274,0.014812630601227283,0.5,0.5,0.94097900390625,0.00878687109798193,0.0,571
-0.2855174243450165,-0.01538040954619646,-0.31929710507392883,0.004625522997230291,-0.3117372989654541,0.018589923158288002,0.0004568940494209528,0.00045254171709530056,0.0,0.0,0.94097900390625,0.010153362527489662,0.9500717520713806,0.02168661542236805,0.5,0.5,0.94097900390625,0.010153362527489662,0.0,572
-0.30007386207580566,0.01152895763516426,-0.3187708258628845,0.005003678612411022,-0.31097206473350525,0.01914765127003193,0.0004453765577636659,0.0004526718985289335,0.0,0.0,0.94097900390625,0.009469115175306797,0.9477219581604004,0.006480431649833918,0.5,0.5,0.94097900390625,0.009469115175306797,0.0,573
-0.31096839904785156,0.012189761735498905,-0.3187708258628845,0.005003678612411022,-0.31097206473350525,0.01914765127003193,0.00045570143265649676,0.00045275926822796464,0.0,0.0,1.7116508483886719,0.0,1.2477219104766846,0.0,0.5,0.5,1.2409789562225342,0.0,0.0,574
-0.3311881124973297,0.016069017350673676,-0.3187708258628845,0.005003678612411022,-0.31097206473350525,0.01914765127003193,0.00046276539796963334,0.00045225233770906925,0.0,0.0,1.7116508483886719,0.0,1.5477218627929688,0.0,0.5,0.5,1.5409789085388184,0.0,0.0,575
-0.32188886404037476,0.0017296900041401386,-0.3179231882095337,0.00499860430136323,-0.3101730942726135,0.01913338713347912,0.00044920516666024923,0.0004524777177721262,0.0,0.0,1.5886467695236206,0.00800000037997961,1.576782464981079,0.008476625196635723,0.5,0.5,1.5886467695236206,0.007990912534296513,0.0,576
-0.3312477171421051,0.01729854755103588,-0.31580737233161926,0.00463855592533946,-0.3086724877357483,0.018889067694544792,0.0004583265690598637,0.00045248764217831194,0.0,0.0,1.7321934700012207,0.015361744910478592,1.7393516302108765,0.021462332457304,0.5,0.5,1.7321934700012207,0.01520374696701765,0.0,577
-0.3237883746623993,0.007233207579702139,-0.3148888945579529,0.00456633185967803,-0.3075612187385559,0.018807701766490936,0.0004463119839783758,0.00045263563515618443,0.0,0.0,1.6438851356506348,0.011186034418642521,1.6492706537246704,0.009212999604642391,0.5,0.5,1.6438851356506348,0.011142445728182793,0.0,578
-0.32060882449150085,0.01618659868836403,-0.3139432966709137,0.0044085122644901276,-0.3063175082206726,0.018597140908241272,0.0004563434631563723,0.00045245219371281564,0.0,0.0,1.7385063171386719,0.012670742347836494,1.7361724376678467,0.009586717002093792,0.5,0.5,1.7385063171386719,0.012614062987267971,0.0,579
-0.29465505480766296,0.024467315524816513,-0.3125394582748413,0.0039100064896047115,-0.305499404668808,0.01830977387726307,0.00046320303226821125,0.0004526118282228708,0.0,0.0,1.9085967540740967,0.00879794079810381,1.9120101928710938,0.014897171407938004,0.5,0.5,1.9085967540740967,0.008670981973409653,0.0,580
-0.2982960641384125,0.028218161314725876,-0.31159722805023193,0.003564940532669425,-0.30462923645973206,0.01800411567091942,0.0004678672121372074,0.0004515885666478425,0.0,0.0,1.9085967540740967,0.009222913533449173,1.9218499660491943,0.010034274309873581,0.5,0.5,1.9085967540740967,0.009222913533449173,0.0,581
-0.30608218908309937,0.03354249894618988,-0.3109109401702881,0.0032760833855718374,-0.30352258682250977,0.017546307295560837,0.0004710264620371163,0.0004509034042712301,0.0,0.0,1.963044285774231,0.011993903666734695,1.969184398651123,0.007446053437888622,0.5,0.5,1.963044285774231,0.011976129375398159,0.0,582
-0.28101006150245667,0.02600644901394844,-0.31053897738456726,0.0031017386354506016,-0.30313339829444885,0.017365602776408195,0.0004731607623398304,0.0004504444950725883,0.0,0.0,2.0054924488067627,0.004294767044484615,2.0091166496276855,0.004107844550162554,0.5,0.5,2.0054924488067627,0.004290898330509663,0.0,583
-0.28158336877822876,0.027529025450348854,-0.30935001373291016,0.002543916692957282,-0.3023779094219208,0.017014821991324425,0.00045594890252687037,0.0004512637678999454,0.0,0.0,2.0054924488067627,0.008329405449330807,2.0094730854034424,0.013133196160197258,0.5,0.5,2.0054924488067627,0.008329405449330807,0.0,584
-0.2901339530944824,0.019337577745318413,-0.3086604177951813,0.0022238625679165125,-0.3017354905605316,0.016716530546545982,0.0004447589162737131,0.0004506858822423965,0.0,0.0,2.0054924488067627,0.007083032745867968,2.0053341388702393,0.007602395489811897,0.5,0.5,2.0054924488067627,0.007083032745867968,0.0,585
-0.28422868251800537,0.0083794966340065,-0.30840572714805603,0.0021043841261416674,-0.3011636734008789,0.016451023519039154,0.0004552773025352508,0.0004514259344432503,0.0,0.0,2.0054924488067627,0.006304571870714426,2.009415626525879,0.002813309198245406,0.5,0.5,2.0054924488067627,0.006304571870714426,0.0,586
-0.2908313572406769,0.0002176308335037902,-0.3082582354545593,0.002035798504948616,-0.30051329731941223,0.016149036586284637,0.0004624761932063848,0.0004513586172834039,0.0,0.0,2.0054924488067627,0.007170794066041708,2.006030797958374,0.0016267038881778717,0.5,0.5,2.0054924488067627,0.007170794066041708,0.0,587
-0.2886919379234314,0.005085858982056379,-0.30712002515792847,0.001500300015322864,-0.2997221350669861,0.015781687572598457,0.0004490169230848551,0.0004517322813626379,0.0,0.0,2.0054924488067627,0.008722818456590176,2.010549545288086,0.012578766793012619,0.5,0.5,2.0054924488067627,0.008722818456590176,0.0,588
-0.29213571548461914,-0.0009598351898603141,-0.30673179030418396,0.0013163704425096512,-0.29914170503616333,0.015512184239923954,0.00044021749636158347,0.00045184631017036736,0.0,0.0,2.0054924488067627,0.006399453151971102,2.013230323791504,0.004296011757105589,0.5,0.5,2.0054924488067627,0.006399453151971102,0.0,589
-0.26950716972351074,0.02193615771830082,-0.30673179030418396,0.0013163704425096512,-0.29914170503616333,0.015512184239923954,0.0004344237095210701,0.00045206400682218373,0.0,0.0,2.0029313564300537,0.0,1.9929685592651367,0.0,0.5,0.5,2.0029313564300537,0.0,0.0,590
-0.27553826570510864,0.03223681077361107,-0.30584031343460083,0.000762582290917635,-0.29847344756126404,0.015085914172232151,0.0004305910551920533,0.0004512217128649354,0.0,0.0,2.138596534729004,0.00800000037997961,2.1266589164733887,0.010494849644601345,0.5,0.5,2.138596534729004,0.00792649295181036,0.0,591
-0.30224451422691345,0.011917605996131897,-0.3048150837421417,8.563528535887599e-05,-0.2974935472011566,0.01446086447685957,0.000445499928900972,0.00045065770973451436,0.0,0.0,2.138596534729004,0.011622809804975986,2.154369831085205,0.012285575270652771,0.5,0.5,2.138596534729004,0.011622809804975986,0.0,592
-0.29069721698760986,0.01033054105937481,-0.3036065995693207,-0.000719090981874615,-0.2969513535499573,0.014115006662905216,0.0004379057209007442,0.0004514070169534534,0.0,0.0,2.138596534729004,0.006431220564991236,2.158261775970459,0.01451911125332117,0.5,0.5,2.138596534729004,0.006431220564991236,0.0,593
-0.30265945196151733,0.005701062735170126,-0.30226293206214905,-0.0016113459132611752,-0.2958589792251587,0.013418206945061684,0.0004505594843067229,0.0004519103385973722,0.0,0.0,2.138596534729004,0.012957001104950905,2.1569862365722656,0.016129234805703163,0.5,0.5,2.138596534729004,0.012957001104950905,0.0,594
-0.31106916069984436,-0.01627599447965622,-0.30226293206214905,-0.0016113459132611752,-0.2958589792251587,0.013418206945061684,0.0004592535551637411,0.0004519657522905618,0.0,0.0,1.3838996887207031,0.0,1.8569862842559814,0.0,0.5,0.5,1.8385965824127197,0.0,0.0,595
-0.30454063415527344,-0.009219635277986526,-0.30226293206214905,-0.0016113459132611752,-0.2958589792251587,0.013418206945061684,0.00044691687799058855,0.0004522853996604681,0.0,0.0,1.3838996887207031,0.0,1.5569863319396973,0.0,0.5,0.5,1.5385966300964355,0.0,0.0,596
-0.309859037399292,-0.01303009781986475,-0.3016637861728668,-0.0015170540427789092,-0.2950739562511444,0.013538748025894165,0.0004567583673633635,0.00045249989489093423,0.0,0.0,1.4184364080429077,0.00800000037997961,1.4146965742111206,0.006065092049539089,0.5,0.5,1.4184364080429077,0.007942315191030502,0.0,597
-0.3060920238494873,-0.013973974622786045,-0.3001161515712738,-0.001246087602339685,-0.29378631711006165,0.013760639354586601,0.00044528793659992516,0.0004520785587374121,0.0,0.0,1.4001498222351074,0.013068494386970997,1.3974699974060059,0.015711860731244087,0.5,0.5,1.4001498222351074,0.013066309504210949,0.0,598
-0.3065878748893738,-0.007953730411827564,-0.29983898997306824,-0.0012177771423012018,-0.29310911893844604,0.013826658017933369,0.00045564057654701173,0.00045236109872348607,0.0,0.0,1.4736167192459106,0.006822561379522085,1.4690042734146118,0.002786014461889863,0.5,0.5,1.4736167192459106,0.006804157514125109,0.0,599
-0.30442842841148376,-0.002600915962830186,-0.29884466528892517,-0.0011676264693960547,-0.29206493496894836,0.013860850594937801,0.00046272389590740204,0.0004525507101789117,0.0,0.0,1.538062572479248,0.010469257831573486,1.5204015970230103,0.009955785237252712,0.5,0.5,1.538062572479248,0.01044752448797226,0.0,600
-0.29483357071876526,0.002026892499998212,-0.2986694872379303,-0.001164969289675355,-0.2913253605365753,0.013885068707168102,0.0004491781583055854,0.00045253659482114017,0.0,0.0,1.538062572479248,0.007399814669042826,1.555629849433899,0.001752069336362183,0.5,0.5,1.538062572479248,0.007399814669042826,0.0,601
-0.2925928831100464,0.002611186821013689,-0.29713717103004456,-0.0011393531458452344,-0.2902292311191559,0.013920961879193783,0.00044032337609678507,0.0004525271069724113,0.0,0.0,1.538062572479248,0.01096727978438139,1.554080605506897,0.015325303189456463,0.5,0.5,1.538062572479248,0.01096727978438139,0.0,602
-0.27154430747032166,0.0026914796326309443,-0.29713717103004456,-0.0011393531458452344,-0.2902292311191559,0.013920961879193783,0.00045222631888464093,0.0004525207623373717,0.0,0.0,1.538196325302124,0.0,1.5334759950637817,0.0,0.5,0.5,1.538196325302124,0.0,0.0,603
-0.28794142603874207,-0.016203762963414192,-0.29646003246307373,-0.0009631374850869179,-0.2894730567932129,0.014115632511675358,0.00046039329026825726,0.000452516513178125,0.0,0.0,1.3188258409500122,0.00800000037997961,1.3162097930908203,0.006996979471296072,0.5,0.5,1.3188258409500122,0.007808276917785406,0.0,604
-0.26482465863227844,0.0008316784515045583,-0.29646003246307373,-0.0009631374850869179,-0.2894730567932129,0.014115632511675358,0.0004659593105316162,0.00045265498920343816,0.0,0.0,1.319141149520874,0.0,1.3153715133666992,0.0,0.5,0.5,1.319141149520874,0.0,0.0,605
-0.27465566992759705,0.005019103642553091,-0.29646003246307373,-0.0009631374850869179,-0.2894730567932129,0.014115632511675358,0.0004697353288065642,0.0004525711992755532,0.0,0.0,1.3182371854782104,0.0,1.3342485427856445,0.0,0.5,0.5,1.3182371854782104,0.0,0.0,606
-0.2716684937477112,-0.005433361046016216,-0.29646003246307373,-0.0009631374850869179,-0.2894730567932129,0.014115632511675358,0.0004722890444099903,0.0004526916891336441,0.0,0.0,1.3153069019317627,0.0,1.3168981075286865,0.0,0.5,0.5,1.3153069019317627,0.0,0.0,607
-0.2652152478694916,-0.014091023243963718,-0.29646003246307373,-0.0009631374850869179,-0.2894730567932129,0.014115632511675358,0.000455385132227093,0.0004527725395746529,0.0,0.0,1.3123215436935425,0.0,1.336348056793213,0.0,0.5,0.5,1.3123215436935425,0.0,0.0,608
-0.27050188183784485,-0.01471412368118763,-0.29646003246307373,-0.0009631374850869179,-0.2894730567932129,0.014115632511675358,0.0004443903162609786,0.0004528267600107938,0.0,0.0,1.3242164850234985,0.0,1.3212791681289673,0.0,0.5,0.5,1.3242164850234985,0.0,0.0,609
-0.2855003774166107,-0.01146489754319191,-0.29520508646965027,-0.0007046514074318111,-0.28868842124938965,0.014264320954680443,0.0004550240992102772,0.0004528631397988647,0.0,0.0,1.3835158348083496,0.00800000037997961,1.3676649332046509,0.012812999077141285,0.5,0.5,1.3835158348083496,0.007985938340425491,0.0,610
-0.2918052673339844,-0.00494580902159214,-0.2948305904865265,-0.0006289002485573292,-0.2878495156764984,0.014423293061554432,0.0004623034910764545,0.0004528875579126179,0.0,0.0,1.3835158348083496,0.00853827316313982,1.3712215423583984,0.0038209413178265095,0.5,0.5,1.3835158348083496,0.00853827316313982,0.0,611
-0.27532121539115906,0.002759794471785426,-0.2948305904865265,-0.0006289002485573292,-0.2878495156764984,0.014423293061554432,0.00046725678839720786,0.00045262108324095607,0.0,0.0,1.3841733932495117,0.0,1.3807026147842407,0.0,0.5,0.5,1.3841733932495117,0.0,0.0,612
-0.2792373597621918,-0.0017447666032239795,-0.29394295811653137,-0.0005995170795358717,-0.2870594561100006,0.014448708854615688,0.00047061353689059615,0.000452583801234141,0.0,0.0,1.5386383533477783,0.00800000037997961,1.5377053022384644,0.00888110138475895,0.5,0.5,1.5386383533477783,0.007904752157628536,0.0,613
-0.2560559809207916,-0.0015366161242127419,-0.29394295811653137,-0.0005995170795358717,-0.2870594561100006,0.014448708854615688,0.0004728820640593767,0.0004525587719399482,0.0,0.0,1.5347610712051392,0.0,1.5244560241699219,0.0,0.5,0.5,1.5347610712051392,0.0,0.0,614
-0.27239513397216797,0.015038342215120792,-0.29394295811653137,-0.0005995170795358717,-0.2870594561100006,0.014448708854615688,0.0004557686916086823,0.0004525420081336051,0.0,0.0,1.5348809957504272,0.0,1.5247958898544312,0.0,0.5,0.5,1.5348809957504272,0.0,0.0,615
-0.2754471004009247,0.025044772773981094,-0.292233407497406,-0.0010433251736685634,-0.2863805294036865,0.014265124686062336,0.00046281126560643315,0.0004526721022557467,0.0,0.0,2.0316050052642822,0.00800000037997961,1.8247958421707153,0.01766209304332733,0.5,0.5,1.8348809480667114,0.00703318789601326,0.0,616
-0.2792120575904846,0.005077017471194267,-0.29089751839637756,-0.0016979190986603498,-0.28581684827804565,0.01398528553545475,0.00046760140685364604,0.00045275938464328647,0.0,0.0,2.0316050052642822,0.006416917312890291,2.026421070098877,0.014876343309879303,0.5,0.5,2.0316050052642822,0.006293149199336767,0.0,617
-0.2789509892463684,0.004004549700766802,-0.2900354862213135,-0.0021053701639175415,-0.2852679491043091,0.013712776824831963,0.0004708466585725546,0.0004525351687334478,0.0,0.0,2.0316050052642822,0.006128291133791208,2.012342691421509,0.009534628130495548,0.5,0.5,2.0316050052642822,0.006128291133791208,0.0,618
-0.275484561920166,0.0062498957850039005,-0.2900354862213135,-0.0021053701639175415,-0.2852679491043091,0.013712776824831963,0.0004544515395537019,0.00045252617564983666,0.0,0.0,2.0315003395080566,0.0,2.045431613922119,0.0,0.5,0.5,2.0315003395080566,0.0,0.0,619
-0.29292160272598267,-0.002098929136991501,-0.28918954730033875,-0.002254619263112545,-0.2845717668533325,0.013599925674498081,0.00046191285946406424,0.00045237879385240376,0.0,0.0,1.5399038791656494,0.00800000037997961,1.745431661605835,0.008589920587837696,0.5,0.5,1.7315003871917725,0.007052643224596977,0.0,620
-0.3077007234096527,0.003836018033325672,-0.2881454527378082,-0.002290292177349329,-0.28327998518943787,0.013540007174015045,0.00044865012750960886,0.0004524212854448706,0.0,0.0,1.617147445678711,0.013016704469919205,1.604949712753296,0.010446952655911446,0.5,0.5,1.617147445678711,0.01293169055134058,0.0,621
-0.3001214861869812,-0.01594105176627636,-0.2879578769207001,-0.0022547102998942137,-0.28236642479896545,0.013733865693211555,0.00045794641482643783,0.00045244977809488773,0.0,0.0,1.361694574356079,0.009652122855186462,1.3833330869674683,0.0019092286238446832,0.5,0.5,1.361694574356079,0.00933890137821436,0.0,622
-0.2894964814186096,-0.008149025030434132,-0.2863329350948334,-0.0019019306637346745,-0.28137004375457764,0.013945301994681358,0.0004460638447199017,0.0004526102275121957,0.0,0.0,1.361694574356079,0.0101857241243124,1.3570117950439453,0.01662801206111908,0.5,0.5,1.361694574356079,0.0101857241243124,0.0,623
-0.2805979549884796,0.0009330399916507304,-0.2863329350948334,-0.0019019306637346745,-0.28137004375457764,0.013945301994681358,0.00043827673653140664,0.0004521524824667722,0.0,0.0,1.3661946058273315,0.0,1.365575909614563,0.0,0.5,0.5,1.3661946058273315,0.0,0.0,624
-0.2740296423435211,0.006727661471813917,-0.2863329350948334,-0.0019019306637346745,-0.28137004375457764,0.013945301994681358,0.00043314145295880735,0.00045223411871120334,0.0,0.0,1.370859980583191,0.0,1.3756368160247803,0.0,0.5,0.5,1.370859980583191,0.0,0.0,625
-0.27076151967048645,0.014327118173241615,-0.2863329350948334,-0.0019019306637346745,-0.28137004375457764,0.013945301994681358,0.0004472668806556612,0.00045246549416333437,0.0,0.0,1.3715198040008545,0.0,1.360676884651184,0.0,0.5,0.5,1.3715198040008545,0.0,0.0,626
-0.2739275395870209,0.012291716411709785,-0.2858429551124573,-0.0019460890907794237,-0.2806517481803894,0.013872707262635231,0.0004569983866531402,0.00045205550850369036,0.0,0.0,1.8169255256652832,0.00800000037997961,1.6606768369674683,0.004919636528939009,0.5,0.5,1.6715197563171387,0.007219487335532904,0.0,627
-0.27340734004974365,0.006957318168133497,-0.2858429551124573,-0.0019460890907794237,-0.2806517481803894,0.013872707262635231,0.00046364928130060434,0.0004523456154856831,0.0,0.0,1.6682379245758057,0.0,1.6577926874160767,0.0,0.5,0.5,1.6682379245758057,0.0,0.0,628
-0.2657746970653534,0.0022448929958045483,-0.2858429551124573,-0.0019460890907794237,-0.2806517481803894,0.013872707262635231,0.0004681698919739574,0.00045225772191770375,0.0,0.0,1.6682873964309692,0.0,1.6642886400222778,0.0,0.5,0.5,1.6682873964309692,0.0,0.0,629
-0.27579939365386963,-0.004212557338178158,-0.28500422835350037,-0.0018621789058670402,-0.27986741065979004,0.013937749899923801,0.00047123112017288804,0.00045234005665406585,0.0,0.0,1.4880602359771729,0.00800000037997961,1.471083402633667,0.008429134264588356,0.5,0.5,1.4880602359771729,0.00787042360752821,0.0,630
-0.28299859166145325,-0.008319678716361523,-0.28497180342674255,-0.0018592496635392308,-0.27906423807144165,0.014004354365170002,0.0004732988600153476,0.0004522539966274053,0.0,0.0,1.4880602359771729,0.008059411309659481,1.4806889295578003,0.0003255255869589746,0.5,0.5,1.4880602359771729,0.008059411309659481,0.0,631
-0.3004775941371918,-0.009280498139560223,-0.28448155522346497,-0.001819595810957253,-0.2781205177307129,0.014082612469792366,0.0004746931663248688,0.00045247882371768355,0.0,0.0,1.4880602359771729,0.009469525888562202,1.4900858402252197,0.004918428137898445,0.5,0.5,1.4880602359771729,0.009469525888562202,0.0,632
-0.2833624482154846,0.0020876810885965824,-0.2837546467781067,-0.001771837705746293,-0.2775906026363373,0.014126555062830448,0.00045693927677348256,0.0004526297270786017,0.0,0.0,1.4880602359771729,0.005317268893122673,1.505189299583435,0.007284649647772312,0.5,0.5,1.4880602359771729,0.005317268893122673,0.0,633
-0.28807592391967773,0.002485776785761118,-0.2827566862106323,-0.0017005838453769684,-0.2767517864704132,0.014196113683283329,0.0004636090307030827,0.0004525895928964019,0.0,0.0,1.4880602359771729,0.008416879922151566,1.499518632888794,0.010005111806094646,0.5,0.5,1.4880602359771729,0.008416879922151566,0.0,634
-0.30186617374420166,-0.005460779648274183,-0.2816410958766937,-0.0016050547128543258,-0.2758115530014038,0.014274082146584988,0.000468142592580989,0.0004525626718532294,0.0,0.0,1.4880602359771729,0.00943450815975666,1.485374093055725,0.011196771636605263,0.5,0.5,1.4880602359771729,0.00943450815975666,0.0,635
-0.30190983414649963,-0.011289303191006184,-0.281571626663208,-0.0015991257969290018,-0.2749134600162506,0.014348558150231838,0.00045269905240274966,0.0004524032701738179,0.0,0.0,1.4880602359771729,0.009011865593492985,1.4856668710708618,0.0006973042618483305,0.5,0.5,1.4880602359771729,0.009011865593492985,0.0,636
-0.3092842400074005,-0.020183322951197624,-0.27993500232696533,-0.0012256805785000324,-0.273640900850296,0.014653295278549194,0.0004607162845786661,0.00045201380271464586,0.0,0.0,1.3357551097869873,0.013238676823675632,1.346455454826355,0.016786785796284676,0.5,0.5,1.3357551097869873,0.013085425831377506,0.0,637
-0.3044590950012207,-0.02420894242823124,-0.2792394459247589,-0.0010139227379113436,-0.27284353971481323,0.014896229840815067,0.0004478706105146557,0.0004523176176007837,0.0,0.0,1.2750591039657593,0.00835088174790144,1.2752693891525269,0.007270808331668377,0.5,0.5,1.2750591039657593,0.008335503749549389,0.0,638
-0.28846311569213867,-0.022975534200668335,-0.2780165672302246,-0.000574945705011487,-0.27212947607040405,0.015154744498431683,0.0004574122722260654,0.00045252154814079404,0.0,0.0,1.2234450578689575,0.007604384794831276,1.2261528968811035,0.012992826290428638,0.5,0.5,1.2234450578689575,0.0075942580588161945,0.0,639
-0.2904025614261627,-0.025757573544979095,-0.2768557369709015,-0.0001650548365432769,-0.2713112235069275,0.015450973063707352,0.0004457150644157082,0.00045265836524777114,0.0,0.0,1.2234450578689575,0.00870216079056263,1.2313642501831055,0.012310824356973171,0.5,0.5,1.2234450578689575,0.00870216079056263,0.0,640
-0.2808159589767456,-0.029709534719586372,-0.27603957056999207,0.00013473677972797304,-0.2705515921115875,0.015725981444120407,0.0004559337976388633,0.00045275018783286214,0.0,0.0,1.2234450578689575,0.00807875581085682,1.2187753915786743,0.008694766089320183,0.5,0.5,1.2234450578689575,0.00807875581085682,0.0,641
-0.2658578157424927,-0.005225431639701128,-0.27603957056999207,0.00013473677972797304,-0.2705515921115875,0.015725981444120407,0.0004447490500751883,0.0004516809422057122,0.0,0.0,1.219963550567627,0.0,1.2119141817092896,0.0,0.5,0.5,1.219963550567627,0.0,0.0,642
-0.27446112036705017,-0.0066993762739002705,-0.27603957056999207,0.00013473677972797304,-0.2705515921115875,0.015725981444120407,0.00043741147965192795,0.00045181188033893704,0.0,0.0,1.2132611274719238,0.0,1.2168563604354858,0.0,0.5,0.5,1.2132611274719238,0.0,0.0,643
-0.2848985195159912,-0.007044751197099686,-0.2748819589614868,0.00026291643735021353,-0.26977992057800293,0.015816738829016685,0.0004502184165176004,0.00045189971569925547,0.0,0.0,1.4537227153778076,0.00800000037997961,1.460517406463623,0.011646822094917297,0.5,0.5,1.4537227153778076,0.007769825402647257,0.0,644
-0.2771642804145813,-0.006193104200065136,-0.2744532525539398,0.00031141721410676837,-0.2690485119819641,0.01590276136994362,0.00044100609375163913,0.0004522410745266825,0.0,0.0,1.4537227153778076,0.00736456410959363,1.4581454992294312,0.0043145292438566685,0.5,0.5,1.4537227153778076,0.00736456410959363,0.0,645
-0.27897921204566956,-0.00029337400337681174,-0.27396702766418457,0.0003664753457996994,-0.26827898621559143,0.01599326729774475,0.0004526965203694999,0.00045247015077620745,0.0,0.0,1.4537227153778076,0.007748427335172892,1.4580388069152832,0.004893242381513119,0.5,0.5,1.4537227153778076,0.007748427335172892,0.0,646
-0.2878049612045288,-0.0032200831919908524,-0.27324771881103516,0.00044736950076185167,-0.2674162685871124,0.016094734892249107,0.00046071456745266914,0.0004524737305473536,0.0,0.0,1.4537227153778076,0.008686760440468788,1.4588077068328857,0.007238548249006271,0.5,0.5,1.4537227153778076,0.008686760440468788,0.0,647
-0.3036167323589325,0.002298501320183277,-0.27224016189575195,0.00057278445456177,-0.26616835594177246,0.01624150387942791,0.00046617764746770263,0.000452343636425212,0.0,0.0,1.4537227153778076,0.012565149925649166,1.4469603300094604,0.010153430514037609,0.5,0.5,1.4537227153778076,0.012565149925649166,0.0,648
-0.29080942273139954,-0.00016275010420940816,-0.2714921832084656,0.0006543006747961044,-0.2654218077659607,0.01632930524647236,0.00045142369344830513,0.0004523976822383702,0.0,0.0,1.4537227153778076,0.007516802754253149,1.4622441530227661,0.007524170447140932,0.5,0.5,1.4537227153778076,0.007516802754253149,0.0,649
-0.29006072878837585,0.0075967744924128056,-0.270226389169693,0.0008048195741139352,-0.26467546820640564,0.016417082399129868,0.000441796553786844,0.00045242952182888985,0.0,0.0,1.4537227153778076,0.007514705415815115,1.452439308166504,0.012747101485729218,0.5,0.5,1.4537227153778076,0.007514705415815115,0.0,650
-0.2750328481197357,0.003625444835051894,-0.270226389169693,0.0008048195741139352,-0.26467546820640564,0.016417082399129868,0.000453240645583719,0.0004523139796219766,0.0,0.0,1.4539164304733276,0.0,1.4470986127853394,0.0,0.5,0.5,1.4539164304733276,0.0,0.0,651
-0.26516827940940857,-0.005529334768652916,-0.270226389169693,0.0008048195741139352,-0.26467546820640564,0.016417082399129868,0.0004610862524714321,0.00045237780432216823,0.0,0.0,1.4541277885437012,0.0,1.4537464380264282,0.0,0.5,0.5,1.4541277885437012,0.0,0.0,652
-0.2507797181606293,-0.003120875684544444,-0.270226389169693,0.0008048195741139352,-0.26467546820640564,0.016417082399129868,0.0004664301814045757,0.00045256191515363753,0.0,0.0,1.447602391242981,0.0,1.4433757066726685,0.0,0.5,0.5,1.447602391242981,0.0,0.0,653
-0.25046563148498535,0.003087705699726939,-0.270226389169693,0.0008048195741139352,-0.26467546820640564,0.016417082399129868,0.00047005413216538727,0.000452544103609398,0.0,0.0,1.4486206769943237,0.0,1.461324691772461,0.0,0.5,0.5,1.4486206769943237,0.0,0.0,654
-0.25175976753234863,-0.014464997686445713,-0.270226389169693,0.0008048195741139352,-0.26467546820640564,0.016417082399129868,0.000453938206192106,0.00045253217103891075,0.0,0.0,1.4481675624847412,0.0,1.4502812623977661,0.0,0.5,0.5,1.4481675624847412,0.0,0.0,655
-0.26110348105430603,-0.008557192981243134,-0.270226389169693,0.0008048195741139352,-0.26467546820640564,0.016417082399129868,0.0004434437141753733,0.00045210018288344145,0.0,0.0,1.4494373798370361,0.0,1.4655640125274658,0.0,0.5,0.5,1.4494373798370361,0.0,0.0,656
-0.2691734731197357,-0.017738450318574905,-0.270226389169693,0.0008048195741139352,-0.26467546820640564,0.016417082399129868,0.00045437359949573874,0.0004523755924310535,0.0,0.0,1.4473352432250977,0.0,1.4425772428512573,0.0,0.5,0.5,1.4473352432250977,0.0,0.0,657
-0.26491984724998474,-0.015798212960362434,-0.270226389169693,0.0008048195741139352,-0.26467546820640564,0.016417082399129868,0.00044372864067554474,0.0004525604599621147,0.0,0.0,1.4443020820617676,0.0,1.4332175254821777,0.0,0.5,0.5,1.4443020820617676,0.0,0.0,658
-0.26790183782577515,-0.007178443484008312,-0.270226389169693,0.0008048195741139352,-0.26467546820640564,0.016417082399129868,0.0004367394431028515,0.00045268447138369083,0.0,0.0,1.4466190338134766,0.0,1.4591044187545776,0.0,0.5,0.5,1.4466190338134766,0.0,0.0,659
-0.26193079352378845,-0.0029820986092090607,-0.270226389169693,0.0008048195741139352,-0.26467546820640564,0.016417082399129868,0.00044975444325245917,0.00045248493552207947,0.0,0.0,1.4461904764175415,0.0,1.449301838874817,0.0,0.5,0.5,1.4461904764175415,0.0,0.0,660
-0.24984069168567657,-0.0013191041070967913,-0.270226389169693,0.0008048195741139352,-0.26467546820640564,0.016417082399129868,0.00045870261965319514,0.00045249247341416776,0.0,0.0,1.4491897821426392,0.0,1.449214220046997,0.0,0.5,0.5,1.4491897821426392,0.0,0.0,661
-0.24924005568027496,-0.009314784780144691,-0.270226389169693,0.0008048195741139352,-0.26467546820640564,0.016417082399129868,0.00045565611799247563,0.00045249753748066723,0.0,0.0,1.4447766542434692,0.0,1.4349427223205566,0.0,0.5,0.5,1.4447766542434692,0.0,0.0,662
-0.2707187533378601,0.00030132976826280355,-0.270226389169693,0.0008048195741139352,-0.26467546820640564,0.016417082399129868,0.0004536235355772078,0.00045264227082952857,0.0,0.0,1.4516396522521973,0.0,1.4495526552200317,0.0,0.5,0.5,1.4516396522521973,0.0,0.0,663
-0.277953565120697,0.003612551838159561,-0.26881369948387146,0.0007071594591252506,-0.2638912796974182,0.016363583505153656,0.00046134769218042493,0.0004525980039034039,0.0,0.0,1.6389118432998657,0.00800000037997961,1.6398167610168457,0.01416068896651268,0.5,0.5,1.6389118432998657,0.007860125973820686,0.0,664
-0.27569812536239624,0.00514952652156353,-0.26881369948387146,0.0007071594591252506,-0.2638912796974182,0.016363583505153656,0.0004666077729780227,0.000452568317996338,0.0,0.0,1.633807897567749,0.0,1.6245040893554688,0.0,0.5,0.5,1.633807897567749,0.0,0.0,665
-0.283916711807251,-0.009829610586166382,-0.2683869004249573,0.0007683755829930305,-0.26312267780303955,0.01649181731045246,0.0004517030029091984,0.00045240705367177725,0.0,0.0,1.405479907989502,0.00800000037997961,1.4283332824707031,0.004311551805585623,0.5,0.5,1.405479907989502,0.007792369928210974,0.0,666
-0.2829217314720154,-0.0110700698569417,-0.2680124342441559,0.0008309928234666586,-0.2625507116317749,0.016587240621447563,0.0004419796459842473,0.00045258153113536537,0.0,0.0,1.405479907989502,0.005798585247248411,1.405112862586975,0.0037966750096529722,0.5,0.5,1.405479907989502,0.005798585247248411,0.0,667
-0.29604706168174744,-0.0031081524211913347,-0.2672063112258911,0.0009752340265549719,-0.26125651597976685,0.016803162172436714,0.00045336666516959667,0.00045269864494912326,0.0,0.0,1.405479907989502,0.01312075462192297,1.3937393426895142,0.00818931870162487,0.5,0.5,1.405479907989502,0.01312075462192297,0.0,668
-0.29378458857536316,-0.010317457839846611,-0.2668944001197815,0.0010288915364071727,-0.26042822003364563,0.016941355541348457,0.0004611722833942622,0.0004526358097791672,0.0,0.0,1.405479907989502,0.00839757639914751,1.4004285335540771,0.003164800116792321,0.5,0.5,1.405479907989502,0.00839757639914751,0.0,669
-0.2820919156074524,-0.012052585370838642,-0.26635369658470154,0.0011191604426130652,-0.259817510843277,0.01704324409365654,0.0004481677315197885,0.0004527350247371942,0.0,0.0,1.405479907989502,0.006191364489495754,1.4053771495819092,0.005481949541717768,0.5,0.5,1.405479907989502,0.006191364489495754,0.0,670
-0.2722076177597046,-0.0061905947513878345,-0.26635369658470154,0.0011191604426130652,-0.259817510843277,0.01704324409365654,0.00043965980876237154,0.0004528016143012792,0.0,0.0,1.4058653116226196,0.0,1.4074962139129639,0.0,0.5,0.5,1.4058653116226196,0.0,0.0,671
-0.2774343192577362,0.00867006741464138,-0.2659046947956085,0.0010573986219242215,-0.25906726717948914,0.016941288486123085,0.00043405540054664016,0.00045256345765665174,0.0,0.0,1.7346646785736084,0.00800000037997961,1.707496166229248,0.004532163962721825,0.5,0.5,1.7058652639389038,0.007571445778012276,0.0,672
-0.27675196528434753,0.013456802815198898,-0.26579004526138306,0.0010391951072961092,-0.2583935856819153,0.016829894855618477,0.0004478993359953165,0.0004526865086518228,0.0,0.0,1.7346646785736084,0.006831125356256962,1.728246808052063,0.0011609350331127644,0.5,0.5,1.7346646785736084,0.006828292738646269,0.0,673
-0.2679711878299713,0.004162712953984737,-0.26579004526138306,0.0010391951072961092,-0.2583935856819153,0.016829894855618477,0.00045743194641545415,0.0004527690471149981,0.0,0.0,1.7301952838897705,0.0,1.7114061117172241,0.0,0.5,0.5,1.7301952838897705,0.0,0.0,674
-0.25836873054504395,0.013252447359263897,-0.26579004526138306,0.0010391951072961092,-0.2583935856819153,0.016829894855618477,0.00044572792830877006,0.00045282443170435727,0.0,0.0,1.7205537557601929,0.0,1.7182739973068237,0.0,0.5,0.5,1.7205537557601929,0.0,0.0,675
-0.25715622305870056,0.02025851234793663,-0.26579004526138306,0.0010391951072961092,-0.2583935856819153,0.016829894855618477,0.00043805575114674866,0.0004528615972958505,0.0,0.0,1.718409776687622,0.0,1.7167516946792603,0.0,0.5,0.5,1.718409776687622,0.0,0.0,676
-0.25220340490341187,0.008609107695519924,-0.26579004526138306,0.0010391951072961092,-0.2583935856819153,0.016829894855618477,0.0004329953226260841,0.0004528865101747215,0.0,0.0,1.7201883792877197,0.0,1.7312393188476562,0.0,0.5,0.5,1.7201883792877197,0.0,0.0,677
-0.2640126049518585,0.00994955562055111,-0.26579004526138306,0.0010391951072961092,-0.2583935856819153,0.016829894855618477,0.0004471657157409936,0.0004529032448772341,0.0,0.0,1.7219816446304321,0.0,1.7114773988723755,0.0,0.5,0.5,1.7219816446304321,0.0,0.0,678
-0.26299235224723816,0.00600118562579155,-0.26579004526138306,0.0010391951072961092,-0.2583935856819153,0.016829894855618477,0.00043900133459828794,0.00045291444985195994,0.0,0.0,1.7177956104278564,0.0,1.7141836881637573,0.0,0.5,0.5,1.7177956104278564,0.0,0.0,679
-0.2719503939151764,0.00870900135487318,-0.26579004526138306,0.0010391951072961092,-0.2583935856819153,0.016829894855618477,0.0004336203564889729,0.0004529219586402178,0.0,0.0,1.7187097072601318,0.0,1.7262752056121826,0.0,0.5,0.5,1.7187097072601318,0.0,0.0,680
-0.2700272500514984,0.009230656549334526,-0.26579004526138306,0.0010391951072961092,-0.2583935856819153,0.016829894855618477,0.000430058513302356,0.00045292702270671725,0.0,0.0,1.7178254127502441,0.0,1.7243410348892212,0.0,0.5,0.5,1.7178254127502441,0.0,0.0,681
-0.27483657002449036,0.012861442752182484,-0.2648288905620575,0.0007990688318386674,-0.2576232850551605,0.016631098464131355,0.0004451305721886456,0.00045293039875105023,0.0,0.0,1.8233580589294434,0.00800000037997961,1.8156148195266724,0.009907007217407227,0.5,0.5,1.8233580589294434,0.007955492474138737,0.0,682
-0.25814151763916016,0.01826094649732113,-0.2648288905620575,0.0007990688318386674,-0.2576232850551605,0.016631098464131355,0.00043766264570876956,0.0004523670068010688,0.0,0.0,1.8207404613494873,0.0,1.8057119846343994,0.0,0.5,0.5,1.8207404613494873,0.0,0.0,683
-0.25682148337364197,0.016582394018769264,-0.2648288905620575,0.0007990688318386674,-0.2576232850551605,0.016631098464131355,0.0004503917589318007,0.0004525546682998538,0.0,0.0,1.8120123147964478,0.0,1.8104232549667358,0.0,0.5,0.5,1.8120123147964478,0.0,0.0,684
-0.24873273074626923,0.013492804020643234,-0.2648288905620575,0.0007990688318386674,-0.2576232850551605,0.016631098464131355,0.00044111983152106404,0.0004526806005742401,0.0,0.0,1.8116816282272339,0.0,1.8000797033309937,0.0,0.5,0.5,1.8116816282272339,0.0,0.0,685
-0.24546851217746735,0.004794432315975428,-0.2648288905620575,0.0007990688318386674,-0.2576232850551605,0.016631098464131355,0.00044386915396898985,0.000452765088994056,0.0,0.0,1.808114767074585,0.0,1.819576382637024,0.0,0.5,0.5,1.808114767074585,0.0,0.0,686
-0.25795260071754456,0.0022381951566785574,-0.2648288905620575,0.0007990688318386674,-0.2576232850551605,0.016631098464131355,0.0004457211762201041,0.0004525389813352376,0.0,0.0,1.809660792350769,0.0,1.8135126829147339,0.0,0.5,0.5,1.809660792350769,0.0,0.0,687
-0.24518342316150665,0.0018117078579962254,-0.2648288905620575,0.0007990688318386674,-0.2576232850551605,0.016631098464131355,0.0004559379885904491,0.00045252873678691685,0.0,0.0,1.8119925260543823,0.0,1.8110694885253906,0.0,0.5,0.5,1.8119925260543823,0.0,0.0,688
-0.26394379138946533,0.0116955591365695,-0.2648288905620575,0.0007990688318386674,-0.2576232850551605,0.016631098464131355,0.00045381177915260196,0.0004525218391790986,0.0,0.0,1.814390778541565,0.0,1.826404333114624,0.0,0.5,0.5,1.814390778541565,0.0,0.0,689
-0.2738172113895416,0.011007444933056831,-0.2640160322189331,0.000596855126786977,-0.25684306025505066,0.01645517162978649,0.0004614761855918914,0.00045265856897458434,0.0,0.0,1.7925703525543213,0.00800000037997961,1.8146172761917114,0.00837627798318863,0.5,0.5,1.7925703525543213,0.007998095825314522,0.0,690
-0.26858946681022644,0.00028537315665744245,-0.2640160322189331,0.000596855126786977,-0.25684306025505066,0.01645517162978649,0.00046669505536556244,0.00045275030424818397,0.0,0.0,1.7949013710021973,0.0,1.8053590059280396,0.0,0.5,0.5,1.7949013710021973,0.0,0.0,691
-0.27152231335639954,-0.00048535133828409016,-0.2640160322189331,0.000596855126786977,-0.25684306025505066,0.01645517162978649,0.0004702334408648312,0.00045267047244124115,0.0,0.0,1.7990832328796387,0.0,1.7977632284164429,0.0,0.5,0.5,1.7990832328796387,0.0,0.0,692
-0.2602756917476654,-0.0018135980935767293,-0.2640160322189331,0.000596855126786977,-0.25684306025505066,0.01645517162978649,0.00047262542648240924,0.00045261692139320076,0.0,0.0,1.801483154296875,0.0,1.7913678884506226,0.0,0.5,0.5,1.801483154296875,0.0,0.0,693
-0.26114776730537415,-0.014733155257999897,-0.2640160322189331,0.000596855126786977,-0.25684306025505066,0.01645517162978649,0.0004742392629850656,0.0004525809781625867,0.0,0.0,1.7971125841140747,0.0,1.7897318601608276,0.0,0.5,0.5,1.7971125841140747,0.0,0.0,694
-0.2433178871870041,-0.021534038707613945,-0.2640160322189331,0.000596855126786977,-0.25684306025505066,0.01645517162978649,0.00047532664029859006,0.0004521328955888748,0.0,0.0,1.8027781248092651,0.0,1.8093812465667725,0.0,0.5,0.5,1.8027781248092651,0.0,0.0,695
-0.24287062883377075,-0.024120427668094635,-0.2640160322189331,0.000596855126786977,-0.25684306025505066,0.01645517162978649,0.00046667674905620515,0.0004512678424362093,0.0,0.0,1.806496024131775,0.0,1.8253675699234009,0.0,0.5,0.5,1.806496024131775,0.0,0.0,696
-0.2377447485923767,-0.016059011220932007,-0.2640160322189331,0.000596855126786977,-0.25684306025505066,0.01645517162978649,0.00046095732250250876,0.00045181679888628423,0.0,0.0,-0.04208087921142578,0.0,1.5253676176071167,0.0,0.5,0.5,1.5064960718154907,0.0,0.0,697
-0.2410935014486313,-0.014920704066753387,-0.2640160322189331,0.000596855126786977,-0.25684306025505066,0.01645517162978649,0.00045715784654021263,0.00045218539889901876,0.0,0.0,-0.04208087921142578,0.0,1.2253676652908325,0.0,0.5,0.5,1.2064961194992065,0.0,0.0,698
-0.23719291388988495,0.006900638807564974,-0.2640160322189331,0.000596855126786977,-0.25684306025505066,0.01645517162978649,0.00045462598791345954,0.00045186778879724443,0.0,0.0,-0.04208087921142578,0.0,0.9253676533699036,0.0,0.5,0.5,0.9064961075782776,0.0,0.0,699
-0.24374669790267944,0.015347559936344624,-0.2640160322189331,0.000596855126786977,-0.25684306025505066,0.01645517162978649,0.0004529353172983974,0.0004519372305367142,0.0,0.0,-0.04208087921142578,0.0,0.6253676414489746,0.0,0.5,0.5,0.6064960956573486,0.0,0.0,700
-0.24917258322238922,0.013932565227150917,-0.2640160322189331,0.000596855126786977,-0.25684306025505066,0.01645517162978649,0.0004518048372119665,0.0004522662202361971,0.0,0.0,-0.04208087921142578,0.0,0.32536762952804565,0.0,0.5,0.5,0.3064960837364197,0.0,0.0,701
-0.25263965129852295,0.006339443847537041,-0.2640160322189331,0.000596855126786977,-0.25684306025505066,0.01645517162978649,0.00045104819582775235,0.0004524870601017028,0.0,0.0,-0.04208087921142578,0.0,0.025367628782987595,0.0,0.5,0.5,0.006496083922684193,0.0,0.0,702
-0.23913832008838654,-0.0039090802893042564,-0.26404091715812683,0.0012019677087664604,-0.2568741738796234,0.01725374162197113,0.00045958784176036716,0.00045263522770255804,0.0,0.0,-0.03892374783754349,0.00800000037997961,-0.04111669212579727,0.006056244485080242,0.5,0.5,-0.03892374783754349,0.007991749793291092,0.0,703
-0.2300114780664444,0.005686594173312187,-0.26417455077171326,0.002769204555079341,-0.25699251890182495,0.018848367035388947,0.0004562459944281727,0.0004525932890828699,0.0,0.0,-0.07408448308706284,0.01600000075995922,-0.08505240827798843,0.015729226171970367,0.5,0.5,-0.07408448308706284,0.015990110114216805,0.0,704
-0.24310079216957092,0.008410295471549034,-0.264238566160202,0.00623184023424983,-0.25705453753471375,0.021244775503873825,0.0004540173977147788,0.00045242378837428987,0.0,0.0,-0.025873705744743347,0.024000000208616257,-0.018489127978682518,0.034632276743650436,0.5,0.5,-0.025873705744743347,0.02397211454808712,0.0,705
-0.2580738067626953,0.012886222451925278,-0.26410743594169617,0.010336808860301971,-0.25695616006851196,0.024438124150037766,0.00045252853306010365,0.00045202753972262144,0.0,0.0,0.03079289011657238,0.03200000151991844,0.031934697180986404,0.04107062146067619,0.5,0.5,0.03079289011657238,0.03194863721728325,0.0,706
-0.24428321421146393,0.016069762408733368,-0.26419585943222046,0.013789934106171131,-0.25703519582748413,0.0280176792293787,0.0004605997819453478,0.00045232687261886895,0.0,0.0,-0.02207491174340248,0.035854365676641464,-0.025596991181373596,0.034542571753263474,0.5,0.5,-0.02207491174340248,0.03580426797270775,0.0,707
-0.2427452951669693,0.01149497739970684,-0.26427164673805237,0.017261477187275887,-0.2571256160736084,0.03130139783024788,0.0004569198645185679,0.0004525277472566813,0.0,0.0,-0.027524612843990326,0.03285012021660805,-0.021829573437571526,0.03472370281815529,0.5,0.5,-0.027524612843990326,0.03284963220357895,0.0,708
-0.2500631511211395,0.023708835244178772,-0.2642855644226074,0.019342510029673576,-0.2571248412132263,0.03442854806780815,0.0004544671974144876,0.00045266252709552646,0.0,0.0,0.0002513018262106925,0.031283579766750336,-0.0066906362771987915,0.020810792222619057,0.5,0.5,0.0002513018262106925,0.03127150982618332,0.0,709
-0.2511729598045349,0.031767845153808594,-0.2642829716205597,0.02132050320506096,-0.25711220502853394,0.03705143555998802,0.00046192354056984186,0.000452752981800586,0.0,0.0,0.004822354763746262,0.026229463517665863,0.0013042003847658634,0.01977994292974472,0.5,0.5,0.004822354763746262,0.026229189708828926,0.0,710
-0.2369145303964615,0.04617554694414139,-0.2644842863082886,0.02456241101026535,-0.2572822570800781,0.04002496227622032,0.0004669988411478698,0.0004516828339546919,0.0,0.0,-0.057123392820358276,0.02984107844531536,-0.06202205643057823,0.03248153626918793,0.5,0.5,-0.057123392820358276,0.029783841222524643,0.0,711
-0.24524609744548798,0.051672372967004776,-0.26455387473106384,0.02730025164783001,-0.25733229517936707,0.042376190423965454,0.0004611708573065698,0.0004532252496574074,0.0,0.0,-0.021283453330397606,0.023532720282673836,-0.02540728822350502,0.02738725207746029,0.5,0.5,-0.021283453330397606,0.023517608642578125,0.0,712
-0.23928312957286835,0.05136839300394058,-0.26473677158355713,0.0312347412109375,-0.25746992230415344,0.045247882604599,0.00045729996054433286,0.00045426294673234224,0.0,0.0,-0.04788532480597496,0.028760047629475594,-0.046451274305582047,0.03938738629221916,0.5,0.5,-0.04788532480597496,0.028749871999025345,0.0,713
-0.25102585554122925,0.060924429446458817,-0.2646996080875397,0.03410135582089424,-0.25745847821235657,0.04763820767402649,0.0004547207790892571,0.0004549604782368988,0.0,0.0,0.004791964776813984,0.023936744779348373,0.012962620705366135,0.028668539598584175,0.5,0.5,0.004791964776813984,0.023903541266918182,0.0,714
-0.24011671543121338,0.05199385806918144,-0.26481571793556213,0.03692934662103653,-0.2575855553150177,0.05050581321120262,0.00046209656284190714,0.0004531588638201356,0.0,0.0,-0.044289443641901016,0.02873881533741951,-0.041032761335372925,0.0283037256449461,0.5,0.5,-0.044289443641901016,0.02870420552790165,0.0,715
-0.22189444303512573,0.0527837835252285,-0.2651516795158386,0.03969062864780426,-0.25794023275375366,0.05330999568104744,0.00045791579759679735,0.0004519543726928532,0.0,0.0,-0.1258103847503662,0.028359387069940567,-0.12106901407241821,0.02781643345952034,0.5,0.5,-0.1258103847503662,0.028265206143260002,0.0,716
-0.21924500167369843,0.06077142432332039,-0.26547759771347046,0.04210120812058449,-0.25829416513442993,0.055775467306375504,0.00045513155055232346,0.0004511483130045235,0.0,0.0,-0.1425873339176178,0.02491099387407303,-0.13438545167446136,0.024325132369995117,0.5,0.5,-0.1425873339176178,0.024907488375902176,0.0,717
-0.2137264907360077,0.06961287558078766,-0.26601582765579224,0.045346107333898544,-0.25874003767967224,0.05830010771751404,0.00045327312545850873,0.00045060855336487293,0.0,0.0,-0.17480778694152832,0.025650419294834137,-0.16437631845474243,0.0328923761844635,0.5,0.5,-0.17480778694152832,0.025637105107307434,0.0,718
-0.21921293437480927,0.07511325180530548,-0.26631560921669006,0.04729355871677399,-0.2591172754764557,0.060749273747205734,0.00045203082845546305,0.000450246938271448,0.0,0.0,-0.1528216302394867,0.02478645183146,-0.15273113548755646,0.01970386505126953,0.5,0.5,-0.1528216302394867,0.024780461564660072,0.0,719
-0.22803600132465363,0.06976988166570663,-0.26658010482788086,0.04961978271603584,-0.2593870460987091,0.06326994299888611,0.0004511995066422969,0.00045000461977906525,0.0,0.0,-0.10661548376083374,0.025377724319696426,-0.11321519315242767,0.02341213822364807,0.5,0.5,-0.10661548376083374,0.02535063773393631,0.0,720
-0.2264629602432251,0.062404099851846695,-0.26680752635002136,0.05152853578329086,-0.259678453207016,0.06590209156274796,0.00045064283767715096,0.0004498421913012862,0.0,0.0,-0.11026353389024734,0.026482464745640755,-0.11858493089675903,0.01922251470386982,0.5,0.5,-0.11026353389024734,0.026482287794351578,0.0,721
-0.23323585093021393,0.05593089759349823,-0.2670324742794037,0.054280392825603485,-0.2599072754383087,0.0688924491405487,0.0004502699011936784,0.0004542412352748215,0.0,0.0,-0.07637562602758408,0.030008263885974884,-0.08156076073646545,0.02761036716401577,0.5,0.5,-0.07637562602758408,0.029991034418344498,0.0,722
-0.23805296421051025,0.0466935969889164,-0.26724323630332947,0.05779934301972389,-0.2600574791431427,0.0717628225684166,0.00045002001570537686,0.00045494589721783996,0.0,0.0,-0.05228125676512718,0.028751341626048088,-0.05982370674610138,0.03525254875421524,0.5,0.5,-0.05228125676512718,0.028742996975779533,0.0,723
-0.24104131758213043,0.07051175087690353,-0.267333060503006,0.060675375163555145,-0.26015782356262207,0.07405342906713486,0.0004588844021782279,0.0004531491140369326,0.0,0.0,-0.04378226399421692,0.022928841412067413,-0.031223047524690628,0.028774356469511986,0.5,0.5,-0.04378226399421692,0.022928014397621155,0.0,724
-0.2610776722431183,0.06334293633699417,-0.26722845435142517,0.06257200241088867,-0.2600184977054596,0.07671574503183365,0.00046493325498886406,0.0004519478534348309,0.0,0.0,0.052290115505456924,0.026783082634210587,0.05510369688272476,0.018995113670825958,0.5,0.5,0.052290115505456924,0.02665957622230053,0.0,725
-0.25857698917388916,0.06942375004291534,-0.2671094834804535,0.06508027017116547,-0.2599045932292938,0.0794457346200943,0.00046904030023142695,0.000451143947429955,0.0,0.0,0.04169755056500435,0.027325185015797615,0.04740090295672417,0.025110919028520584,0.5,0.5,0.04169755056500435,0.027323652058839798,0.0,726
-0.25232619047164917,0.08000390976667404,-0.2671046555042267,0.06667809933423996,-0.2598746120929718,0.08195874840021133,0.00045328118721954525,0.0004506056138779968,0.0,0.0,0.011928824707865715,0.0251430906355381,0.00302115548402071,0.01597835123538971,0.5,0.5,0.011928824707865715,0.02513195015490055,0.0,727
-0.25972527265548706,0.07165125012397766,-0.26701968908309937,0.06855219602584839,-0.25975584983825684,0.0844421312212944,0.00046111393021419644,0.0004502449883148074,0.0,0.0,0.04778914153575897,0.0248782429844141,0.04530319571495056,0.018760202452540398,0.5,0.5,0.04778914153575897,0.024862248450517654,0.0,728
-0.2441447675228119,0.06523790955543518,-0.26715487241744995,0.07174509018659592,-0.25983375310897827,0.08723272383213043,0.00046644898247905076,0.0004500033101066947,0.0,0.0,-0.02790643647313118,0.027996988967061043,-0.042314060032367706,0.03195757418870926,0.5,0.5,-0.02790643647313118,0.027916818857192993,0.0,729
-0.2579112946987152,0.07330753654241562,-0.26702457666397095,0.07516995817422867,-0.2597366273403168,0.08970915526151657,0.0004608062736224383,0.00044984128908254206,0.0,0.0,0.03920440375804901,0.024839280173182487,0.03802512213587761,0.03427346423268318,0.5,0.5,0.03920440375804901,0.024783365428447723,0.0,730
-0.26203057169914246,0.07336588203907013,-0.2668645679950714,0.0782650038599968,-0.2595832049846649,0.09228073805570602,0.0004662399587687105,0.000449732702691108,0.0,0.0,0.05959475412964821,0.02576693519949913,0.0516568124294281,0.030991779640316963,0.5,0.5,0.05959475412964821,0.025761578232049942,0.0,731
-0.2511591613292694,0.06824667751789093,-0.2668609619140625,0.07970181852579117,-0.25957050919532776,0.09454348683357239,0.0004699253768194467,0.0004496599140111357,0.0,0.0,0.005606496706604958,0.02266087383031845,0.0025170703884214163,0.014368167147040367,0.5,0.5,0.005606496706604958,0.022627856582403183,0.0,732
-0.26377061009407043,0.07033940404653549,-0.2667310833930969,0.08208693563938141,-0.2594063878059387,0.09698249399662018,0.0004724173923023045,0.00044961430830881,0.0,0.0,0.06718380749225616,0.024491671472787857,0.05440330505371094,0.023886486887931824,0.5,0.5,0.06718380749225616,0.024445252493023872,0.0,733
-0.2660278081893921,0.08184339851140976,-0.26654934883117676,0.08428221940994263,-0.25920504331588745,0.099408820271492,0.0004740990116260946,0.00044958051876164973,0.0,0.0,0.08278864622116089,0.02434963919222355,0.08259959518909454,0.022027935832738876,0.5,0.5,0.08278864622116089,0.024346675723791122,0.0,734
-0.26073354482650757,0.08922644704580307,-0.2664227783679962,0.08635452389717102,-0.2590819299221039,0.10153967887163162,0.00047523219836875796,0.0004495578759815544,0.0,0.0,0.05771337449550629,0.021350836381316185,0.061002228409051895,0.020761683583259583,0.5,0.5,0.05771337449550629,0.021344125270843506,0.0,735
-0.2527269124984741,0.10201452672481537,-0.26637163758277893,0.08939177542924881,-0.25904712080955505,0.10374709218740463,0.000457287416793406,0.000449542683782056,0.0,0.0,0.015762588009238243,0.022096309810876846,0.01683342270553112,0.030376797541975975,0.5,0.5,0.015762588009238243,0.022076869383454323,0.0,736
-0.2515236735343933,0.10367761552333832,-0.26633918285369873,0.0911286473274231,-0.25902867317199707,0.10582230240106583,0.00046384616871364415,0.0004495324974413961,0.0,0.0,0.008893376216292381,0.020753441378474236,0.018678389489650726,0.01737172342836857,0.5,0.5,0.008893376216292381,0.020752951502799988,0.0,737
-0.25337475538253784,0.11140564829111099,-0.26628348231315613,0.09401219338178635,-0.25898465514183044,0.10795596987009048,0.0004683034203480929,0.0004540314257610589,0.0,0.0,0.02062586322426796,0.021342718973755836,0.01931055448949337,0.02884083427488804,0.5,0.5,0.02062586322426796,0.021341249346733093,0.0,738
-0.2713356614112854,0.10462892800569534,-0.26593127846717834,0.09644975513219833,-0.2586880624294281,0.1103244200348854,0.00047132140025496483,0.0004525379044935107,0.0,0.0,0.1245819628238678,0.02399907074868679,0.14349910616874695,0.02462877705693245,0.5,0.5,0.1245819628238678,0.023869508877396584,0.0,739
-0.251875102519989,0.09653309732675552,-0.26590701937675476,0.09826689958572388,-0.2586650848388672,0.11251268535852432,0.00045475890510715544,0.0004515388864092529,0.0,0.0,0.01050636637955904,0.022027021273970604,0.013355614617466927,0.018173055723309517,0.5,0.5,0.01050636637955904,0.021883854642510414,0.0,740
-0.2599891424179077,0.08315623551607132,-0.2657295763492584,0.10060807317495346,-0.2585352659225464,0.11500602215528488,0.00044398073805496097,0.00045087013859301805,0.0,0.0,0.05202220752835274,0.024988684803247452,0.07565270364284515,0.023478910326957703,0.5,0.5,0.05202220752835274,0.024967152625322342,0.0,741
-0.2653521001338959,0.09275331348180771,-0.2656017243862152,0.10239501297473907,-0.25834599137306213,0.11725275218486786,0.00045474269427359104,0.00045042220153845847,0.0,0.0,0.08403962105512619,0.022558443248271942,0.07141980528831482,0.0179150328040123,0.5,0.5,0.08403962105512619,0.022546879947185516,0.0,742
-0.2556714117527008,0.08860013633966446,-0.2655458152294159,0.10496799647808075,-0.2582724690437317,0.11966964602470398,0.00044397011515684426,0.0004546340787783265,0.0,0.0,0.030416661873459816,0.024214955046772957,0.021724838763475418,0.025735875591635704,0.5,0.5,0.030416661873459816,0.024180149659514427,0.0,743
-0.2501135468482971,0.08238460123538971,-0.26555126905441284,0.10717272013425827,-0.25827115774154663,0.12191390991210938,0.000436898524640128,0.0004574823542498052,0.0,0.0,0.0005894645000807941,0.022452643141150475,-0.0024729170836508274,0.022047339007258415,0.5,0.5,0.0005894645000807941,0.022442657500505447,0.0,744
-0.25273868441581726,0.09058235585689545,-0.2655130624771118,0.10918419063091278,-0.2582356333732605,0.12430503964424133,0.000432229891885072,0.0004548424622043967,0.0,0.0,0.014849402941763401,0.02391638234257698,0.018984850496053696,0.02011830173432827,0.5,0.5,0.014849402941763401,0.023913951590657234,0.0,745
-0.25576475262641907,0.09525236487388611,-0.2654333710670471,0.11094842106103897,-0.2581663131713867,0.126466765999794,0.0004466356767807156,0.00045307999243959785,0.0,0.0,0.032060422003269196,0.021631555631756783,0.04513735696673393,0.017660290002822876,0.5,0.5,0.032060422003269196,0.021628351882100105,0.0,746
-0.26309457421302795,0.09841084480285645,-0.26535090804100037,0.11234008520841599,-0.2579943537712097,0.1287858784198761,0.0004565655253827572,0.00045190160744823515,0.0,0.0,0.07401728630065918,0.02327532134950161,0.05918227136135101,0.01394104678183794,0.5,0.5,0.07401728630065918,0.023254837840795517,0.0,747
-0.2603733539581299,0.11038048565387726,-0.2652163803577423,0.1141926646232605,-0.2578682601451874,0.13078677654266357,0.0004451619170140475,0.0004511130100581795,0.0,0.0,0.06293085962533951,0.020049862563610077,0.0724865198135376,0.018574586138129234,0.5,0.5,0.06293085962533951,0.020048631355166435,0.0,748
-0.26754769682884216,0.11852110177278519,-0.26506251096725464,0.11552951484918594,-0.2576640248298645,0.13260799646377563,0.00043768325122073293,0.0004505848919507116,0.0,0.0,0.11167435348033905,0.0183482114225626,0.11459934711456299,0.013456768356263638,0.5,0.5,0.11167435348033905,0.018326420336961746,0.0,749
-0.2768503725528717,0.11014673113822937,-0.2646196484565735,0.11826800554990768,-0.25733238458633423,0.13464424014091492,0.00045040599070489407,0.0004502310766838491,0.0,0.0,0.16145671904087067,0.020656367763876915,0.16033123433589935,0.02774067595601082,0.5,0.5,0.16145671904087067,0.02063077688217163,0.0,750
-0.26960551738739014,0.11167304962873459,-0.26423749327659607,0.12118394672870636,-0.2570596933364868,0.1369158774614334,0.0004411291447468102,0.0004545046540442854,0.0,0.0,0.11946691572666168,0.022899629548192024,0.13031625747680664,0.029408767819404602,0.5,0.5,0.11946691572666168,0.02287944406270981,0.0,751
-0.27047714591026306,0.13109508156776428,-0.26400089263916016,0.12272088974714279,-0.2568414807319641,0.1384492814540863,0.00043502546031959355,0.00045285423402674496,0.0,0.0,0.14134754240512848,0.015492208302021027,0.15275222063064575,0.015550470910966396,0.5,0.5,0.14134754240512848,0.015488499775528908,0.0,752
-0.2732115685939789,0.1275976598262787,-0.2635955214500427,0.12529855966567993,-0.25653040409088135,0.14042465388774872,0.0004485702083911747,0.00045175058767199516,0.0,0.0,0.1561882197856903,0.019999373704195023,0.15598836541175842,0.026093464344739914,0.5,0.5,0.1561882197856903,0.01999717205762863,0.0,753
-0.2652985155582428,0.12207536399364471,-0.26333916187286377,0.12751071155071259,-0.25635379552841187,0.14218999445438385,0.00045789164141751826,0.00045101187424734235,0.0,0.0,0.09970788657665253,0.01776987873017788,0.11536914110183716,0.0222695954144001,0.5,0.5,0.09970788657665253,0.017741544172167778,0.0,754
-0.2657284736633301,0.13390623033046722,-0.26309511065483093,0.1296529620885849,-0.25614577531814575,0.14405599236488342,0.0004460281052161008,0.0004505171673372388,0.0,0.0,0.11101707071065903,0.01877683214843273,0.11343810707330704,0.021561061963438988,0.5,0.5,0.11101707071065903,0.018775630742311478,0.0,755
-0.2555396556854248,0.1344083994626999,-0.2630043625831604,0.13199959695339203,-0.2560849189758301,0.14560061693191528,0.00045614864211529493,0.00045018570381216705,0.0,0.0,0.03938216343522072,0.01549790520220995,0.038657307624816895,0.023483820259571075,0.5,0.5,0.03938216343522072,0.01545815821737051,0.0,756
-0.2700389623641968,0.1238463744521141,-0.26285699009895325,0.13311904668807983,-0.25584787130355835,0.1473885476589203,0.000444889476057142,0.0004499635542742908,0.0,0.0,0.13180488348007202,0.018113097175955772,0.1308862864971161,0.011291145347058773,0.5,0.5,0.13180488348007202,0.01803579181432724,0.0,757
-0.261791467666626,0.11686525493860245,-0.26262807846069336,0.1356704831123352,-0.2557040750980377,0.14931689202785492,0.00043750391341745853,0.00044981465907767415,0.0,0.0,0.07442827522754669,0.019368890672922134,0.08948193490505219,0.025616884231567383,0.5,0.5,0.07442827522754669,0.019337017089128494,0.0,758
-0.2519605755805969,0.12826566398143768,-0.2626033127307892,0.1375053972005844,-0.2556808590888977,0.15105494856834412,0.0004502822121139616,0.000449714862043038,0.0,0.0,0.013360594399273396,0.017414625734090805,0.013501670211553574,0.018350742757320404,0.5,0.5,0.013360594399273396,0.017382165417075157,0.0,759
-0.25883200764656067,0.12478272616863251,-0.26238712668418884,0.1406097114086151,-0.2555578052997589,0.1531478464603424,0.00045906382729299366,0.0004496479232329875,0.0,0.0,0.0587271973490715,0.020986752584576607,0.0695260688662529,0.031118258833885193,0.5,0.5,0.0587271973490715,0.02096516080200672,0.0,760
-0.2688499689102173,0.14185237884521484,-0.26214176416397095,0.14241576194763184,-0.2553931474685669,0.15431100130081177,0.0004650553164537996,0.0004496030742302537,0.0,0.0,0.1406373530626297,0.0117869907990098,0.13502173125743866,0.018226362764835358,0.5,0.5,0.1406373530626297,0.011747471988201141,0.0,761
-0.27369874715805054,0.13090871274471283,-0.26184290647506714,0.14438922703266144,-0.25507211685180664,0.15626297891139984,0.0004506945260800421,0.00045859901001676917,0.0,0.0,0.16301089525222778,0.01978699117898941,0.15030348300933838,0.019959615543484688,0.5,0.5,0.16301089525222778,0.019782038405537605,0.0,762
-0.27414050698280334,0.14581459760665894,-0.26161694526672363,0.1455475240945816,-0.25478917360305786,0.15777717530727386,0.0004593459307216108,0.0004555870546028018,0.0,0.0,0.18473650515079498,0.015407680533826351,0.19264915585517883,0.011801285669207573,0.5,0.5,0.18473650515079498,0.015404044650495052,0.0,763
-0.2619524300098419,0.15675976872444153,-0.26154494285583496,0.1463153213262558,-0.25467565655708313,0.15890023112297058,0.00046524719800800085,0.0004535774060059339,0.0,0.0,0.10074367374181747,0.01132776029407978,0.09351571649312973,0.0077117388136684895,0.5,0.5,0.10074367374181747,0.011287826113402843,0.0,764
-0.2703550457954407,0.15563839673995972,-0.26117420196533203,0.1486508548259735,-0.2543872892856598,0.16059117019176483,0.0004692530201282352,0.00045223432243801653,0.0,0.0,0.1689077615737915,0.01719341240823269,0.15742361545562744,0.02364780381321907,0.5,0.5,0.1689077615737915,0.017153484746813774,0.0,765
-0.2818959951400757,0.1509094089269638,-0.2607159912586212,0.15044890344142914,-0.2540430724620819,0.1619303822517395,0.00045341908116824925,0.0004513357125688344,0.0,0.0,0.2515914738178253,0.013874877244234085,0.2495213896036148,0.018555091693997383,0.5,0.5,0.2515914738178253,0.013827475719153881,0.0,766
-0.2807531952857971,0.16979165375232697,-0.26033318042755127,0.15171799063682556,-0.2536403238773346,0.163308247923851,0.000461208081105724,0.0004507340781856328,0.0,0.0,0.2843845784664154,0.014362964779138565,0.2929644286632538,0.013255683705210686,0.5,0.5,0.2843845784664154,0.014355242252349854,0.0,767
-0.2730214297771454,0.17868615686893463,-0.25999584794044495,0.15314605832099915,-0.2534260153770447,0.16420488059520721,0.00046651295269839466,0.000450331048341468,0.0,0.0,0.23462289571762085,0.009230327792465687,0.2319565862417221,0.014673593454062939,0.5,0.5,0.23462289571762085,0.009218902327120304,0.0,768
-0.26623445749282837,0.16986195743083954,-0.25982481241226196,0.15423236787319183,-0.2531755864620209,0.1658267080783844,0.0004701101570390165,0.0004500609647948295,0.0,0.0,0.15320083498954773,0.016464963555336,0.1561737358570099,0.0109969237819314,0.5,0.5,0.15320083498954773,0.01641041599214077,0.0,769
-0.26935577392578125,0.16616290807724,-0.2594785988330841,0.15611283481121063,-0.25293871760368347,0.16715869307518005,0.000453974527772516,0.00044987996807321906,0.0,0.0,0.176001638174057,0.01353229396045208,0.18207333981990814,0.0191207192838192,0.5,0.5,0.176001638174057,0.013528776355087757,0.0,770
-0.26326844096183777,0.17125125229358673,-0.25941967964172363,0.15656694769859314,-0.2527735233306885,0.16845043003559113,0.000443467462901026,0.00044975863420404494,0.0,0.0,0.1271996647119522,0.013038131408393383,0.1290539801120758,0.004579207859933376,0.5,0.5,0.1271996647119522,0.013022608123719692,0.0,771
-0.2616969048976898,0.1658233106136322,-0.25914466381073,0.159421905875206,-0.25258925557136536,0.17017033696174622,0.00045438992674462497,0.00044967728899791837,0.0,0.0,0.10673020780086517,0.017301075160503387,0.09603003412485123,0.028681708499789238,0.5,0.5,0.10673020780086517,0.017297450453042984,0.0,772
-0.2545698285102844,0.1785172075033188,-0.2590825855731964,0.1606111228466034,-0.25253674387931824,0.17127898335456848,0.00044373932178132236,0.00044962274841964245,0.0,0.0,0.047328900545835495,0.011118551716208458,0.05215323716402054,0.011908324435353279,0.5,0.5,0.047328900545835495,0.011098941788077354,0.0,773
-0.2503988742828369,0.19011372327804565,-0.2590826451778412,0.16076844930648804,-0.2525308132171631,0.172538623213768,0.0004545767733361572,0.00044958616490475833,0.0,0.0,0.004698834381997585,0.012608059681952,-0.00040298706153407693,0.0015733182663097978,0.5,0.5,0.004698834381997585,0.012596605345606804,0.0,774
-0.24707983434200287,0.18149204552173615,-0.2591515779495239,0.16239844262599945,-0.25256600975990295,0.1736661046743393,0.0004438615869730711,0.0004585874266922474,0.0,0.0,-0.031218936666846275,0.011287590488791466,-0.042273227125406265,0.01631457917392254,0.5,0.5,-0.031218936666846275,0.011280310340225697,0.0,775
-0.242868572473526,0.19929589331150055,-0.2591593861579895,0.16247765719890594,-0.252629816532135,0.17434342205524445,0.00044571608304977417,0.00045557934208773077,0.0,0.0,-0.09392423182725906,0.006816568784415722,-0.09843414276838303,0.0007959814392961562,0.5,0.5,-0.09392423182725906,0.0068031721748411655,0.0,776
-0.22922219336032867,0.18354205787181854,-0.25942230224609375,0.163674995303154,-0.2529478967189789,0.17574352025985718,0.0004469634441193193,0.00045357225462794304,0.0,0.0,-0.22339244186878204,0.014478909783065319,-0.2161472588777542,0.012258581817150116,0.5,0.5,-0.22339244186878204,0.0143577316775918,0.0,777
-0.24181707203388214,0.17295125126838684,-0.25947126746177673,0.16441592574119568,-0.2530387043952942,0.17687593400478363,0.00044780157622881234,0.00045223088818602264,0.0,0.0,-0.08001525700092316,0.011478232219815254,-0.06600088626146317,0.007425467483699322,0.5,0.5,-0.08001525700092316,0.011360455304384232,0.0,778
-0.244802325963974,0.16990670561790466,-0.25955531001091003,0.16574349999427795,-0.2531159520149231,0.1784379482269287,0.00044836438610218465,0.00045133341336622834,0.0,0.0,-0.049417443573474884,0.015646617859601974,-0.0632227212190628,0.013302281498908997,0.5,0.5,-0.049417443573474884,0.0156392939388752,0.0,779
-0.24780331552028656,0.19211675226688385,-0.25955572724342346,0.1657543182373047,-0.25313887000083923,0.17930305004119873,0.00044874209561385214,0.0004507325356826186,0.0,0.0,-0.026497188955545425,0.008656397461891174,-0.039446305483579636,0.00010828312224475667,0.5,0.5,-0.026497188955545425,0.008654124103486538,0.0,780
-0.2414621263742447,0.19892004132270813,-0.25965356826782227,0.1666579246520996,-0.25325915217399597,0.18037475645542145,0.00044899556087329984,0.00045033000060357153,0.0,0.0,-0.11175470799207687,0.010823710821568966,-0.10786063969135284,0.009088867343962193,0.5,0.5,-0.11175470799207687,0.010784396901726723,0.0,781
-0.23202987015247345,0.20239616930484772,-0.2597630023956299,0.16755226254463196,-0.25335344672203064,0.18121497333049774,0.0004491655563469976,0.00045909653999842703,0.0,0.0,-0.11175470799207687,0.008454876951873302,-0.12174714356660843,0.009010100737214088,0.5,0.5,-0.11175470799207687,0.008454876951873302,0.0,782
-0.24981029331684113,0.19851848483085632,-0.25986480712890625,0.16836808621883392,-0.25344228744506836,0.1820066273212433,0.0004492795851547271,0.0004559186636470258,0.0,0.0,-0.11175470799207687,0.007966192439198494,-0.1241462305188179,0.008221572265028954,0.5,0.5,-0.11175470799207687,0.007966192439198494,0.0,783
-0.2636900544166565,0.20360249280929565,-0.26003414392471313,0.16976206004619598,-0.2535676956176758,0.18312421441078186,0.0004493560700211674,0.00045379885705187917,0.0,0.0,-0.11175470799207687,0.011246003210544586,-0.12088938057422638,0.01404221635311842,0.5,0.5,-0.11175470799207687,0.011246003210544586,0.0,784
-0.2781125605106354,0.199016734957695,-0.2598956823348999,0.1705269068479538,-0.2534293234348297,0.18385061621665955,0.00044044016976840794,0.0004523824027273804,0.0,0.0,0.35436567664146423,0.008277698419988155,0.17911061644554138,0.007772787008434534,0.5,0.5,0.18824529647827148,0.007394622545689344,0.0,785
-0.2694762945175171,0.18319308757781982,-0.25958284735679626,0.17221784591674805,-0.2531742453575134,0.1850530207157135,0.0004523067909758538,0.00045143484021537006,0.0,0.0,0.20904481410980225,0.012294324114918709,0.18293417990207672,0.01719634421169758,0.5,0.5,0.20904481410980225,0.012291664257645607,0.0,786
-0.25512945652008057,0.19930198788642883,-0.25948700308799744,0.17378228902816772,-0.2531171143054962,0.18589599430561066,0.00046044826740399003,0.0004508004349190742,0.0,0.0,0.06765850633382797,0.008534268476068974,0.06118365749716759,0.015673715621232986,0.5,0.5,0.06765850633382797,0.008449110202491283,0.0,787
-0.2496754229068756,0.20462405681610107,-0.25948700308799744,0.17378228902816772,-0.2530442476272583,0.18697120249271393,0.00046599667984992266,0.00045037551899440587,0.0,0.0,0.06765850633382797,0.010776794515550137,0.07185901701450348,0.0,0.5,0.5,0.06765850633382797,0.010776794515550137,0.0,788
-0.24735334515571594,0.20176446437835693,-0.2593989372253418,0.175037682056427,-0.25298333168029785,0.18787017464637756,0.0004605062713380903,0.0004500907671172172,0.0,0.0,0.06765850633382797,0.009010354988276958,0.07004376500844955,0.012584774754941463,0.5,0.5,0.06765850633382797,0.009010354988276958,0.0,789
-0.25664663314819336,0.20091800391674042,-0.2593400478363037,0.1758781373500824,-0.2529258728027344,0.1887180060148239,0.00045685761142522097,0.0004498999333009124,0.0,0.0,0.06765850633382797,0.00849772710353136,0.0699654147028923,0.008425174281001091,0.5,0.5,0.06765850633382797,0.00849772710353136,0.0,790
-0.26913154125213623,0.20995859801769257,-0.25929775834083557,0.176531121134758,-0.2528696060180664,0.18954825401306152,0.0004635533841792494,0.00044977202196605504,0.0,0.0,0.06765850633382797,0.008321543224155903,0.06467559188604355,0.006543469149619341,0.5,0.5,0.06765850633382797,0.008321543224155903,0.0,791
-0.2727663815021515,0.1980418711900711,-0.2592277228832245,0.1767658144235611,-0.25264012813568115,0.19032391905784607,0.0004681048449128866,0.0004587146395351738,0.0,0.0,0.2876250147819519,0.008288715966045856,0.29004618525505066,0.002449232153594494,0.5,0.5,0.2876250147819519,0.008088997565209866,0.0,792
-0.2706518769264221,0.21503520011901855,-0.2588757574558258,0.17781564593315125,-0.25236594676971436,0.1911199986934662,0.00047123758122324944,0.0004556641506496817,0.0,0.0,0.3316774368286133,0.008427856490015984,0.3234860897064209,0.011072593741118908,0.5,0.5,0.3316774368286133,0.008419680409133434,0.0,793
-0.27046167850494385,0.22067862749099731,-0.25860193371772766,0.1786087453365326,-0.25218042731285095,0.1916586458683014,0.0004547046555671841,0.00046273996122181416,0.0,0.0,0.3316774368286133,0.005696992389857769,0.3324301540851593,0.008390371687710285,0.5,0.5,0.3316774368286133,0.005696992389857769,0.0,794
-0.26520124077796936,0.21126265823841095,-0.2585756778717041,0.17868633568286896,-0.25188061594963074,0.19252921640872955,0.0004620855615939945,0.0004583435948006809,0.0,0.0,0.3316774368286133,0.009207537397742271,0.3263298571109772,0.0008192083914764225,0.5,0.5,0.3316774368286133,0.009207537397742271,0.0,795
-0.26572680473327637,0.1920708417892456,-0.2585541605949402,0.17880582809448242,-0.25164923071861267,0.19374938309192657,0.0004671088536269963,0.0004554167971946299,0.0,0.0,0.18741582334041595,0.012549479492008686,0.17826344072818756,0.0012141023762524128,0.5,0.5,0.18741582334041595,0.012419119477272034,0.0,796
-0.2615905702114105,0.1879158616065979,-0.25832676887512207,0.1803901195526123,-0.2514868974685669,0.19496901333332062,0.00047051344881765544,0.00045347653212957084,0.0,0.0,0.1323186308145523,0.012322542257606983,0.14254744350910187,0.01600523293018341,0.5,0.5,0.1323186308145523,0.012303843162953854,0.0,797
-0.2453373223543167,0.1833256185054779,-0.25837764143943787,0.18141178786754608,-0.2515448331832886,0.19610822200775146,0.0004728144849650562,0.00046124731306917965,0.0,0.0,-0.05081743001937866,0.011600821278989315,-0.049762479960918427,0.010229384526610374,0.5,0.5,-0.05081743001937866,0.011406825855374336,0.0,798
-0.23488543927669525,0.1879005879163742,-0.2585413157939911,0.18236516416072845,-0.2517157196998596,0.19709305465221405,0.0004650189948733896,0.00045735083403997123,0.0,0.0,-0.17182114720344543,0.010069163516163826,-0.17002493143081665,0.00967328529804945,0.5,0.5,-0.17182114720344543,0.009995536878705025,0.0,799
-0.23684686422348022,0.1811877340078354,-0.2586955428123474,0.183437317609787,-0.25190141797065735,0.19841760396957397,0.00045985751785337925,0.00045475471415556967,0.0,0.0,-0.13929899036884308,0.01338218618184328,-0.14287900924682617,0.010831895284354687,0.5,0.5,-0.13929899036884308,0.013375109992921352,0.0,800
-0.22101397812366486,0.18109820783138275,-0.25886571407318115,0.18400688469409943,-0.2521815598011017,0.19932518899440765,0.0004564255941659212,0.0004530213482212275,0.0,0.0,-0.29940491914749146,0.00962142739444971,-0.29033154249191284,0.005944379605352879,0.5,0.5,-0.29940491914749146,0.009498372673988342,0.0,801
-0.22029873728752136,0.19158940017223358,-0.25941166281700134,0.18557576835155487,-0.2525859475135803,0.20046080648899078,0.0004541373054962605,0.0004518623754847795,0.0,0.0,-0.34208545088768005,0.012065616436302662,-0.3348844051361084,0.016611695289611816,0.5,0.5,-0.34208545088768005,0.012054627761244774,0.0,802
-0.2343737632036209,0.2023083120584488,-0.25979748368263245,0.1873502880334854,-0.2527752220630646,0.20134131610393524,0.0004526086850091815,0.00045108672929927707,0.0,0.0,-0.21174360811710358,0.009083282202482224,-0.214087575674057,0.018159711733460426,0.5,0.5,-0.21174360811710358,0.00900623295456171,0.0,803
-0.235518217086792,0.18334446847438812,-0.2599625587463379,0.18839168548583984,-0.2529262602329254,0.20229725539684296,0.00045158626744523644,0.00045056731323711574,0.0,0.0,-0.15670683979988098,0.009692706167697906,-0.15719740092754364,0.010543993674218655,0.5,0.5,-0.15670683979988098,0.009678030386567116,0.0,804
-0.2505360543727875,0.1989385187625885,-0.2599479854106903,0.19088643789291382,-0.25291916728019714,0.20330503582954407,0.0004509018617682159,0.0004502192896325141,0.0,0.0,0.0070473914965987206,0.010214691050350666,0.005847302731126547,0.024948012083768845,0.5,0.5,0.0070473914965987206,0.01007804088294506,0.0,805
-0.2519046366214752,0.20170658826828003,-0.2599635720252991,0.1922367960214615,-0.2529130280017853,0.20417626202106476,0.00044145440915599465,0.0004499860806390643,0.0,0.0,0.0070473914965987206,0.00871242769062519,-0.011545400135219097,0.013504432514309883,0.5,0.5,0.0070473914965987206,0.00871242769062519,0.0,806
-0.25921183824539185,0.19669917225837708,-0.25993722677230835,0.1931890994310379,-0.2529064118862152,0.2051168829202652,0.0004352400719653815,0.0004498297639656812,0.0,0.0,0.0070473914965987206,0.009406426921486855,0.027672506868839264,0.009526635520160198,0.5,0.5,0.0070473914965987206,0.009406426921486855,0.0,807
-0.2502065598964691,0.19043566286563873,-0.2599347233772278,0.1945270448923111,-0.25290346145629883,0.20632541179656982,0.0004311319498810917,0.0004497249610722065,0.0,0.0,0.002442526863887906,0.012085512280464172,0.0018723596585914493,0.01337943784892559,0.5,0.5,0.002442526863887906,0.01208538468927145,0.0,808
-0.24250845611095428,0.2004578709602356,-0.25994208455085754,0.19460929930210114,-0.25297811627388,0.2070683091878891,0.00044587490265257657,0.0004496547335293144,0.0,0.0,-0.1001645177602768,0.007505842950195074,-0.08934975415468216,0.0008257723529823124,0.5,0.5,-0.1001645177602768,0.007466366048902273,0.0,809
-0.25171077251434326,0.1885894238948822,-0.25992551445961,0.19610393047332764,-0.25295358896255493,0.2083064615726471,0.0004470701969694346,0.00044960761442780495,0.0,0.0,0.019795585423707962,0.012473620474338531,0.011091681197285652,0.014947283081710339,0.5,0.5,0.019795585423707962,0.012383977882564068,0.0,810
-0.2562599182128906,0.19983091950416565,-0.25985926389694214,0.19705958664417267,-0.2528928816318512,0.2090354710817337,0.0004389385285321623,0.0004495760367717594,0.0,0.0,0.08308608829975128,0.007330045569688082,0.06919892877340317,0.0095795514062047,0.5,0.5,0.08308608829975128,0.007315369322896004,0.0,811
-0.2601171135902405,0.1847195327281952,-0.2598138451576233,0.19743812084197998,-0.25273245573043823,0.21046707034111023,0.00043357888353057206,0.0004495548491831869,0.0,0.0,0.11159738898277283,0.014411412179470062,0.11943354457616806,0.0038125673308968544,0.5,0.5,0.11159738898277283,0.014405555091798306,0.0,812
-0.2494054138660431,0.18661661446094513,-0.2598263919353485,0.19829481840133667,-0.2527383267879486,0.21133968234062195,0.00044756961870007217,0.000449540646513924,0.0,0.0,-0.006727209314703941,0.00878781359642744,-0.01463763602077961,0.00856783427298069,0.5,0.5,-0.006727209314703941,0.008726367726922035,0.0,813
-0.25258082151412964,0.1841362565755844,-0.2597670257091522,0.19994568824768066,-0.25270357728004456,0.21256262063980103,0.00044820865150541067,0.00044953112956136465,0.0,0.0,0.028395578265190125,0.012241938151419163,0.03595281392335892,0.01651940308511257,0.5,0.5,0.028395578265190125,0.012234387919306755,0.0,814
-0.25029119849205017,0.19493456184864044,-0.2597510814666748,0.20082294940948486,-0.25269970297813416,0.21362891793251038,0.0004396866715978831,0.0004495247558224946,0.0,0.0,0.0036369170993566513,0.01066630519926548,0.018165582790970802,0.008774003013968468,0.5,0.5,0.0036369170993566513,0.01066303625702858,0.0,815
-0.24611152708530426,0.20673556625843048,-0.2597510814666748,0.20082294940948486,-0.2527358829975128,0.21426400542259216,0.00045178760774433613,0.0004495204775594175,0.0,0.0,-0.05690039321780205,0.006372793111950159,-0.069036565721035,0.0,0.5,0.5,-0.05690039321780205,0.006361119449138641,0.0,816
-0.2590436637401581,0.2007266879081726,-0.2597616910934448,0.20099671185016632,-0.2527984380722046,0.2153622955083847,0.0004510366707108915,0.00044951759628020227,0.0,0.0,-0.05690039321780205,0.011000764556229115,-0.06093468889594078,0.0017409269930794835,0.5,0.5,-0.05690039321780205,0.011000764556229115,0.0,817
-0.2500664293766022,0.20556434988975525,-0.25987353920936584,0.20283357799053192,-0.25286173820495605,0.21647337079048157,0.00045957998372614384,0.0004495156754273921,0.0,0.0,-0.05690039321780205,0.011128820478916168,-0.06082336604595184,0.018402649089694023,0.5,0.5,-0.05690039321780205,0.011128820478916168,0.0,818
-0.25824928283691406,0.21369601786136627,-0.2599017024040222,0.20375920832157135,-0.2528953552246094,0.21706368029117584,0.00044712977251037955,0.00044951439485885203,0.0,0.0,-0.05690039321780205,0.00591263547539711,-0.03043064847588539,0.00926054548472166,0.5,0.5,-0.05690039321780205,0.00591263547539711,0.0,819
-0.2465568333864212,0.21195608377456665,-0.25996121764183044,0.20498274266719818,-0.25295647978782654,0.21813690662384033,0.00045690438128076494,0.0004495135217439383,0.0,0.0,-0.05690039321780205,0.010749680921435356,-0.048603735864162445,0.012249799445271492,0.5,0.5,-0.05690039321780205,0.010749680921435356,0.0,820
-0.23581428825855255,0.20730195939540863,-0.25996121764183044,0.20498274266719818,-0.25300538539886475,0.21899540722370148,0.00045445686555467546,0.0004495129396673292,0.0,0.0,-0.05690039321780205,0.008598951622843742,-0.05025191232562065,0.0,0.5,0.5,-0.05690039321780205,0.008598951622843742,0.0,821
-0.2398880273103714,0.19961601495742798,-0.2600186765193939,0.20621055364608765,-0.25306427478790283,0.22002921998500824,0.00045282227802090347,0.00044951256131753325,0.0,0.0,-0.05690039321780205,0.010354859754443169,-0.046754226088523865,0.012291488237679005,0.5,0.5,-0.05690039321780205,0.010354859754443169,0.0,822
-0.23786911368370056,0.19451434910297394,-0.2601015567779541,0.20677047967910767,-0.25323545932769775,0.22116491198539734,0.0004608004819601774,0.00044951229938305914,0.0,0.0,-0.14959509670734406,0.011534732766449451,-0.14697767794132233,0.005660245195031166,0.5,0.5,-0.14959509670734406,0.011485213413834572,0.0,823
-0.23868197202682495,0.18109247088432312,-0.2601690888404846,0.20735548436641693,-0.2533567249774933,0.2221711426973343,0.00045705345110036433,0.0004495121247600764,0.0,0.0,-0.11994456499814987,0.01013959664851427,-0.11491747200489044,0.005888886749744415,0.5,0.5,-0.11994456499814987,0.010135140269994736,0.0,824
-0.23651434481143951,0.18544290959835052,-0.2601756453514099,0.20740026235580444,-0.2535093128681183,0.22318439185619354,0.0004545563133433461,0.0004495120083447546,0.0,0.0,-0.14945882558822632,0.010251246392726898,-0.14566051959991455,0.0004525447729974985,0.5,0.5,-0.14945882558822632,0.010246781632304192,0.0,825
-0.24673199653625488,0.20444591343402863,-0.2602156400680542,0.2084316611289978,-0.25353527069091797,0.22374457120895386,0.0004528887802734971,0.0004585366405081004,0.0,0.0,-0.046286024153232574,0.005637820344418287,-0.03875020146369934,0.01032167486846447,0.5,0.5,-0.046286024153232574,0.005607841070741415,0.0,826
-0.2642366588115692,0.2012062817811966,-0.2602389454841614,0.20895740389823914,-0.2535749673843384,0.22460174560546875,0.0004517736961133778,0.0004646966408472508,0.0,0.0,-0.046286024153232574,0.008580967783927917,-0.04432382434606552,0.005262651480734348,0.5,0.5,-0.046286024153232574,0.008580967783927917,0.0,827
-0.2714991569519043,0.20082812011241913,-0.2603206932544708,0.2104150801897049,-0.2536294162273407,0.22577716410160065,0.00044202597928233445,0.0004596435173880309,0.0,0.0,-0.046286024153232574,0.011766807176172733,-0.056022077798843384,0.014599626883864403,0.5,0.5,-0.046286024153232574,0.011766807176172733,0.0,828
-0.25855353474617004,0.20732370018959045,-0.2603432834148407,0.21080194413661957,-0.25365111231803894,0.2262454777956009,0.0004356171120889485,0.0004562830727081746,0.0,0.0,-0.046286024153232574,0.004688162822276354,-0.058303143829107285,0.0038751885294914246,0.5,0.5,-0.046286024153232574,0.004688162822276354,0.0,829
-0.26245972514152527,0.20358291268348694,-0.2603766918182373,0.2116290181875229,-0.2536947727203369,0.22718824446201324,0.00044897914631292224,0.00045404216507449746,0.0,0.0,-0.046286024153232574,0.009437843225896358,-0.04037168249487877,0.008277536369860172,0.5,0.5,-0.046286024153232574,0.009437843225896358,0.0,830
-0.24807797372341156,0.1922900527715683,-0.2603839635848999,0.21275487542152405,-0.25372302532196045,0.2284039556980133,0.0004581717657856643,0.0004525450640358031,0.0,0.0,-0.023233966901898384,0.012163572944700718,-0.006464958190917969,0.011258816346526146,0.5,0.5,-0.023233966901898384,0.012160341255366802,0.0,831
-0.2475038766860962,0.19378915429115295,-0.26040759682655334,0.21366864442825317,-0.25374868512153625,0.22923921048641205,0.0004553022445179522,0.0004515437176451087,0.0,0.0,-0.030726689845323563,0.008356798440217972,-0.02586381323635578,0.009140805341303349,0.5,0.5,-0.030726689845323563,0.008356564678251743,0.0,832
-0.24196398258209229,0.2026888132095337,-0.2605738937854767,0.215351864695549,-0.2538753151893616,0.23037877678871155,0.0004624931898433715,0.00045087336911819875,0.0,0.0,-0.11067696660757065,0.01150259654968977,-0.09846991300582886,0.01691414602100849,0.5,0.5,-0.11067696660757065,0.01146585401147604,0.0,833
-0.23905225098133087,0.20337559282779694,-0.26079532504081726,0.21726125478744507,-0.253976970911026,0.23129351437091827,0.00046738554374314845,0.00045042435522191226,0.0,0.0,-0.11067696660757065,0.009203649125993252,-0.11545310914516449,0.019221914932131767,0.5,0.5,-0.11067696660757065,0.009203649125993252,0.0,834
-0.24418994784355164,0.20169994235038757,-0.2609300911426544,0.21836738288402557,-0.25407251715660095,0.23215334117412567,0.0004614272038452327,0.000450123508926481,0.0,0.0,-0.11067696660757065,0.008651155047118664,-0.12124478816986084,0.0111431535333395,0.5,0.5,-0.11067696660757065,0.008651155047118664,0.0,835
-0.2512161433696747,0.20605801045894623,-0.2610336244106293,0.21942967176437378,-0.25416016578674316,0.23294197022914886,0.0004574705089908093,0.0004589552409015596,0.0,0.0,-0.11067696660757065,0.00793480034917593,-0.09714767336845398,0.010673273354768753,0.5,0.5,-0.11067696660757065,0.00793480034917593,0.0,836
-0.25920993089675903,0.20218653976917267,-0.2612304985523224,0.22127877175807953,-0.25428229570388794,0.2340410202741623,0.0004639708495233208,0.00046498142182826996,0.0,0.0,-0.11067696660757065,0.011058217845857143,-0.10606735199689865,0.018595531582832336,0.5,0.5,-0.11067696660757065,0.011058217845857143,0.0,837
-0.2616487443447113,0.20562054216861725,-0.2613425552845001,0.22234299778938293,-0.25434672832489014,0.23462079465389252,0.0004683879669755697,0.0004690729547291994,0.0,0.0,-0.11067696660757065,0.005833507981151342,-0.10490480065345764,0.01070115901529789,0.5,0.5,-0.11067696660757065,0.005833507981151342,0.0,838
-0.25994640588760376,0.2237841635942459,-0.2614676356315613,0.22355274856090546,-0.25445830821990967,0.23562480509281158,0.00047137856017798185,0.0004625449364539236,0.0,0.0,-0.11067696660757065,0.010101947002112865,-0.10303176194429398,0.0121620399877429,0.5,0.5,-0.11067696660757065,0.010101947002112865,0.0,839
-0.27459827065467834,0.23505911231040955,-0.2614676356315613,0.22355274856090546,-0.25445830821990967,0.23562480509281158,0.00047339836601167917,0.00045821393723599613,0.0,0.0,-0.109780453145504,0.0,-0.13043388724327087,0.0,0.5,0.5,-0.109780453145504,0.0,0.0,840
-0.2722308933734894,0.23306705057621002,-0.2614676356315613,0.22355274856090546,-0.25445830821990967,0.23562480509281158,0.00047476019244641066,0.0004553303588181734,0.0,0.0,-0.11046444624662399,0.0,-0.1079559177160263,0.0,0.5,0.5,-0.11046444624662399,0.0,0.0,841
-0.2704290449619293,0.22442848980426788,-0.2614676356315613,0.22355274856090546,-0.25432562828063965,0.23631639778614044,0.0004569825832732022,0.00045340595534071326,0.0,0.0,0.38391828536987305,0.00800000037997961,0.19204407930374146,0.0,0.5,0.5,0.18953555822372437,0.007042094133794308,0.0,842
-0.2732292711734772,0.22482945024967194,-0.2608582377433777,0.225032240152359,-0.2540602684020996,0.23697328567504883,0.0004454344161786139,0.000452119653346017,0.0,0.0,0.38391828536987305,0.007220573723316193,0.39072030782699585,0.016000738367438316,0.5,0.5,0.38391828536987305,0.007084589451551437,0.0,843
-0.27363574504852295,0.22331078350543976,-0.26041537523269653,0.22609153389930725,-0.25369346141815186,0.23788127303123474,0.0004557411593850702,0.00045125896576792,0.0,0.0,0.38391828536987305,0.009792802855372429,0.39599913358688354,0.0114813894033432,0.5,0.5,0.38391828536987305,0.009792802855372429,0.0,844
-0.2646818161010742,0.22491131722927094,-0.26041537523269653,0.22609153389930725,-0.25369346141815186,0.23788127303123474,0.00044462308869697154,0.0004506826517172158,0.0,0.0,0.38854628801345825,0.0,0.39564016461372375,0.0,0.5,0.5,0.38854628801345825,0.0,0.0,845
-0.269289493560791,0.23612618446350098,-0.26041537523269653,0.22609153389930725,-0.25369346141815186,0.23788127303123474,0.0004373285628389567,0.0004502965894062072,0.0,0.0,0.38556745648384094,0.0,0.39263415336608887,0.0,0.5,0.5,0.38556745648384094,0.0,0.0,846
-0.2654167711734772,0.24182479083538055,-0.26041537523269653,0.22609153389930725,-0.25369346141815186,0.23788127303123474,0.000432514410931617,0.0004500378854572773,0.0,0.0,0.38566169142723083,0.0,0.37870675325393677,0.0,0.5,0.5,0.38566169142723083,0.0,0.0,847
-0.26921549439430237,0.236556738615036,-0.26041537523269653,0.22609153389930725,-0.25369346141815186,0.23788127303123474,0.00044683273881673813,0.0004498644848354161,0.0,0.0,0.3842453360557556,0.0,0.3747861087322235,0.0,0.5,0.5,0.3842453360557556,0.0,0.0,848
-0.2702491581439972,0.21809887886047363,-0.2598224878311157,0.2277669459581375,-0.2534254789352417,0.23863428831100464,0.0004387824155855924,0.0004497482441365719,0.0,0.0,0.34189072251319885,0.00800000037997961,0.340126097202301,0.01777220331132412,0.5,0.5,0.34189072251319885,0.007992825470864773,0.0,849
-0.25445613265037537,0.2315099686384201,-0.2598224878311157,0.2277669459581375,-0.2534254789352417,0.23863428831100464,0.00043347571045160294,0.0004496703331824392,0.0,0.0,0.3442951440811157,0.0,0.32740622758865356,0.0,0.5,0.5,0.3442951440811157,0.0,0.0,850
-0.2583906352519989,0.22715894877910614,-0.2598224878311157,0.2277669459581375,-0.2534254789352417,0.23863428831100464,0.0004474982270039618,0.00044961809180676937,0.0,0.0,0.3394583463668823,0.0,0.34848034381866455,0.0,0.5,0.5,0.3394583463668823,0.0,0.0,851
-0.26093393564224243,0.22023339569568634,-0.25955528020858765,0.22901539504528046,-0.2532704472541809,0.239410862326622,0.0004571570025291294,0.00044958305079489946,0.0,0.0,0.1970551609992981,0.00800000037997961,0.2108597308397293,0.012767338193953037,0.5,0.5,0.1970551609992981,0.007919021882116795,0.0,852
-0.26094600558280945,0.22648105025291443,-0.25955528020858765,0.22901539504528046,-0.2532704472541809,0.239410862326622,0.00044554832857102156,0.00045858530211262405,0.0,0.0,0.19861707091331482,0.0,0.2019946575164795,0.0,0.5,0.5,0.19861707091331482,0.0,0.0,853
-0.26449164748191833,0.22140929102897644,-0.25920116901397705,0.23034271597862244,-0.25306206941604614,0.24018147587776184,0.0004379375895950943,0.0004555779160000384,0.0,0.0,0.26409733295440674,0.00800000037997961,0.26071637868881226,0.013737493194639683,0.5,0.5,0.26409733295440674,0.007982855662703514,0.0,854
-0.27872106432914734,0.22788546979427338,-0.2591051757335663,0.23072127997875214,-0.25288125872612,0.24085016548633575,0.0004329172079451382,0.0004535713233053684,0.0,0.0,0.26409733295440674,0.006927099544554949,0.2483489066362381,0.0039055042434483767,0.5,0.5,0.26409733295440674,0.006927099544554949,0.0,855
-0.2804217040538788,0.2340729683637619,-0.2591051757335663,0.23072127997875214,-0.25288125872612,0.24085016548633575,0.000447111640824005,0.0004522302479017526,0.0,0.0,0.2636549770832062,0.0,0.2695150673389435,0.0,0.5,0.5,0.2636549770832062,0.0,0.0,856
-0.2840011417865753,0.23382845520973206,-0.2587295472621918,0.23130792379379272,-0.25249215960502625,0.24146579205989838,0.0004568919539451599,0.0004513329768087715,0.0,0.0,0.6903003454208374,0.00800000037997961,0.56951504945755,0.006965918466448784,0.5,0.5,0.5636549592018127,0.007282872684299946,0.0,857
-0.29120874404907227,0.23218338191509247,-0.2579953372478485,0.2321709841489792,-0.25197622179985046,0.24209052324295044,0.00044537518988363445,0.00045073224464431405,0.0,0.0,0.6903003454208374,0.008167752996087074,0.7048969864845276,0.011330986395478249,0.5,0.5,0.6903003454208374,0.008102338761091232,0.0,858
-0.28401121497154236,0.24124543368816376,-0.2579953372478485,0.2321709841489792,-0.25197622179985046,0.24209052324295044,0.00045570050133392215,0.0004503298259805888,0.0,0.0,0.6965648531913757,0.0,0.6867085099220276,0.0,0.5,0.5,0.6965648531913757,0.0,0.0,859
-0.28556567430496216,0.23983989655971527,-0.2579953372478485,0.2321709841489792,-0.2514098584651947,0.24265044927597046,0.00044459651689976454,0.0004500601498875767,0.0,0.0,0.7911325097084045,0.00800000037997961,0.8108329176902771,0.0,0.5,0.5,0.7911325097084045,0.00796425435692072,0.0,860
-0.27823615074157715,0.2257009744644165,-0.25752297043800354,0.2326260209083557,-0.2509022355079651,0.24315227568149567,0.0004551657766569406,0.0004498794151004404,0.0,0.0,0.7911325097084045,0.007137851323932409,0.8040794730186462,0.0065587712451815605,0.5,0.5,0.7911325097084045,0.007137851323932409,0.0,861
-0.27305981516838074,0.23172783851623535,-0.25752297043800354,0.2326260209083557,-0.2509022355079651,0.24315227568149567,0.00044424686348065734,0.0004587881558109075,0.0,0.0,0.7912932634353638,0.0,0.7973738312721252,0.0,0.5,0.5,0.7912932634353638,0.0,0.0,862
-0.27025526762008667,0.22854995727539062,-0.2572023272514343,0.23321661353111267,-0.2505517601966858,0.24380731582641602,0.00043708080193027854,0.0004648677713703364,0.0,0.0,0.4112057387828827,0.00800000037997961,0.4973738193511963,0.0067202067002654076,0.5,0.5,0.4912932515144348,0.007429057266563177,0.0,863
-0.26839199662208557,0.21773985028266907,-0.2567492127418518,0.2342299222946167,-0.250213086605072,0.24458396434783936,0.0004323504981584847,0.000459757138742134,0.0,0.0,0.4112057387828827,0.008500104770064354,0.42049649357795715,0.01110006868839264,0.5,0.5,0.4112057387828827,0.008472858928143978,0.0,864
-0.2551785707473755,0.2252988964319229,-0.2567492127418518,0.2342299222946167,-0.250213086605072,0.24458396434783936,0.00042921616113744676,0.0004563587426673621,0.0,0.0,0.40944668650627136,0.0,0.4219086468219757,0.0,0.5,0.5,0.40944668650627136,0.0,0.0,865
-0.2552714943885803,0.22083626687526703,-0.2566695213317871,0.23488040268421173,-0.25012993812561035,0.24534067511558533,0.0004445461090654135,0.00046321345143951476,0.0,0.0,0.09701983630657196,0.00800000037997961,0.12190864980220795,0.006553475745022297,0.5,0.5,0.1094466894865036,0.007612723391503096,0.0,866
-0.2523488998413086,0.23192748427391052,-0.2566695213317871,0.23488040268421173,-0.25012993812561035,0.24534067511558533,0.00045513114309869707,0.00045865829451940954,0.0,0.0,0.11267702281475067,0.0,0.11150103062391281,0.0,0.5,0.5,0.11267702281475067,0.0,0.0,867
-0.24636778235435486,0.24192754924297333,-0.2566695213317871,0.23488040268421173,-0.25012993812561035,0.24534067511558533,0.00046237648348324,0.00045562657760456204,0.0,0.0,0.11221742630004883,0.0,0.11578414589166641,0.0,0.5,0.5,0.11221742630004883,0.0,0.0,868
-0.2512761056423187,0.2432013899087906,-0.2566695213317871,0.23488040268421173,-0.25012993812561035,0.24534067511558533,0.0004581019456963986,0.00045360380318015814,0.0,0.0,0.1173902228474617,0.0,0.12130169570446014,0.0,0.5,0.5,0.1173902228474617,0.0,0.0,869
-0.2553679943084717,0.24125687777996063,-0.2566695213317871,0.23488040268421173,-0.25012993812561035,0.24534067511558533,0.00044616535888053477,0.00045225198846310377,0.0,0.0,0.11428212374448776,0.0,0.11172458529472351,0.0,0.5,0.5,0.11428212374448776,0.0,0.0,870
-0.24378742277622223,0.25429341197013855,-0.2566695213317871,0.23488040268421173,-0.25012993812561035,0.24534067511558533,0.0004562428512144834,0.00045134752872399986,0.0,0.0,0.10797376930713654,0.0,0.11528921127319336,0.0,0.5,0.5,0.10797376930713654,0.0,0.0,871
-0.24408482015132904,0.23524974286556244,-0.2566695213317871,0.23488040268421173,-0.25012993812561035,0.24534067511558533,0.0004540153022389859,0.0004597925581037998,0.0,0.0,0.11046940833330154,0.0,0.11436524987220764,0.0,0.5,0.5,0.11046940833330154,0.0,0.0,872
-0.24035489559173584,0.2237613946199417,-0.256669819355011,0.23488205671310425,-0.2502714693546295,0.2460925579071045,0.00046161512727849185,0.0004563823458738625,0.0,0.0,-0.1860617697238922,0.00800000037997961,-0.18167932331562042,1.679671368037816e-05,0.5,0.5,-0.1860617697238922,0.007650846615433693,0.0,873
-0.22978109121322632,0.2296731323003769,-0.256669819355011,0.23488205671310425,-0.2502714693546295,0.2460925579071045,0.0004575955681502819,0.00045410843449644744,0.0,0.0,-0.1870565265417099,0.0,-0.17494086921215057,0.0,0.5,0.5,-0.1870565265417099,0.0,0.0,874
-0.23807325959205627,0.22222577035427094,-0.25684940814971924,0.23579150438308716,-0.25044772028923035,0.24687239527702332,0.00045491798664443195,0.0004525893891695887,0.0,0.0,-0.22226174175739288,0.00800000037997961,-0.19495540857315063,0.009270066395401955,0.5,0.5,-0.22226174175739288,0.007995042949914932,0.0,875
-0.24494463205337524,0.21516673266887665,-0.25710001587867737,0.23693408071994781,-0.25064805150032043,0.24775882065296173,0.00046223108074627817,0.00046064137131907046,0.0,0.0,-0.22226174175739288,0.009087749756872654,-0.21591752767562866,0.01169736310839653,0.5,0.5,-0.22226174175739288,0.009087749756872654,0.0,876
-0.245017409324646,0.21756334602832794,-0.25728467106819153,0.23782750964164734,-0.2507803440093994,0.24834424257278442,0.00046720763202756643,0.0004569475422613323,0.0,0.0,-0.22226174175739288,0.006001896224915981,-0.20381765067577362,0.009123126976191998,0.5,0.5,-0.22226174175739288,0.006001896224915981,0.0,877
-0.2347029149532318,0.21761703491210938,-0.2573221027851105,0.23799172043800354,-0.25095000863075256,0.24909499287605286,0.00046130927512422204,0.00045448564924299717,0.0,0.0,-0.22226174175739288,0.007696889340877533,-0.22419489920139313,0.00168424507137388,0.5,0.5,-0.22226174175739288,0.007696889340877533,0.0,878
-0.23788054287433624,0.24262912571430206,-0.2573221027851105,0.23799172043800354,-0.25095000863075256,0.24909499287605286,0.0004573920741677284,0.00046193614252842963,0.0,0.0,-0.21625559031963348,0.0,-0.19671708345413208,0.0,0.5,0.5,-0.21625559031963348,0.0,0.0,879
-0.23963896930217743,0.2343459576368332,-0.2573221027851105,0.23799172043800354,-0.25095000863075256,0.24909499287605286,0.00045478224637918174,0.0004670073976740241,0.0,0.0,-0.21373336017131805,0.0,-0.20854465663433075,0.0,0.5,0.5,-0.21373336017131805,0.0,0.0,880
-0.23586438596248627,0.23695051670074463,-0.2573221027851105,0.23799172043800354,-0.25095000863075256,0.24909499287605286,0.0004530397418420762,0.0004611765325535089,0.0,0.0,-0.21288785338401794,0.0,-0.20656123757362366,0.0,0.5,0.5,-0.21288785338401794,0.0,0.0,881
-0.23854246735572815,0.22796006500720978,-0.2573221027851105,0.23799172043800354,-0.25095000863075256,0.24909499287605286,0.0004609490279108286,0.00045730374404229224,0.0,0.0,-0.21243694424629211,0.0,-0.21229621767997742,0.0,0.5,0.5,-0.21243694424629211,0.0,0.0,882
-0.2460089474916458,0.23393696546554565,-0.2573221027851105,0.23799172043800354,-0.25095000863075256,0.24909499287605286,0.00045715231681242585,0.00045472331112250686,0.0,0.0,-0.21188569068908691,0.0,-0.21822430193424225,0.0,0.5,0.5,-0.21188569068908691,0.0,0.0,883
-0.23630288243293762,0.23126140236854553,-0.2573221027851105,0.23799172043800354,-0.25095000863075256,0.24909499287605286,0.00045462229172699153,0.0004530003643594682,0.0,0.0,-0.21188724040985107,0.0,-0.212976336479187,0.0,0.5,0.5,-0.21188724040985107,0.0,0.0,884
-0.2467578500509262,0.23754337430000305,-0.2573221027851105,0.23799172043800354,-0.25095000863075256,0.24909499287605286,0.0004529328434728086,0.00045184834743849933,0.0,0.0,-0.21118289232254028,0.0,-0.20382894575595856,0.0,0.5,0.5,-0.21118289232254028,0.0,0.0,885
-0.23134556412696838,0.23831366002559662,-0.2573221027851105,0.23799172043800354,-0.25095000863075256,0.24909499287605286,0.0004518031782936305,0.00045107732876203954,0.0,0.0,-0.21085183322429657,0.0,-0.23946799337863922,0.0,0.5,0.5,-0.21085183322429657,0.0,0.0,886
-0.2311794012784958,0.2323472797870636,-0.2573221027851105,0.23799172043800354,-0.25095000863075256,0.24909499287605286,0.000451047089882195,0.00045056099770590663,0.0,0.0,-0.21735458076000214,0.0,-0.22301068902015686,0.0,0.5,0.5,-0.21735458076000214,0.0,0.0,887
-0.23175980150699615,0.23094576597213745,-0.2573221027851105,0.23799172043800354,-0.25095000863075256,0.24909499287605286,0.00045054074143990874,0.0004502150695770979,0.0,0.0,-0.21900179982185364,0.0,-0.22206461429595947,0.0,0.5,0.5,-0.21900179982185364,0.0,0.0,888
-0.23660790920257568,0.22935709357261658,-0.2573221027851105,0.23799172043800354,-0.25095000863075256,0.24909499287605286,0.00045020150719210505,0.00044998325756751,0.0,0.0,-0.22190001606941223,0.0,-0.23260174691677094,0.0,0.5,0.5,-0.22190001606941223,0.0,0.0,889
-0.23184925317764282,0.23529008030891418,-0.2573221027851105,0.23799172043800354,-0.25095000863075256,0.24909499287605286,0.00044997414806857705,0.0004498278722167015,0.0,0.0,-0.22350281476974487,0.0,-0.23010686039924622,0.0,0.5,0.5,-0.22350281476974487,0.0,0.0,890
-0.22096790373325348,0.23214475810527802,-0.25795191526412964,0.23906639218330383,-0.25132259726524353,0.24974048137664795,0.0004498217604123056,0.00044972370960749686,0.0,0.0,-0.595427930355072,0.00800000037997961,-0.5301068425178528,0.012456274591386318,0.5,0.5,-0.5235028266906738,0.007453036028891802,0.0,891
-0.2216559648513794,0.2258903533220291,-0.2580488324165344,0.23920845985412598,-0.251777708530426,0.2504122853279114,0.00044971960596740246,0.0004586815775837749,0.0,0.0,-0.595427930355072,0.008135532028973103,-0.5986089110374451,0.001719779334962368,0.5,0.5,-0.595427930355072,0.008114497177302837,0.0,892
-0.22686217725276947,0.23811016976833344,-0.2580488324165344,0.23920845985412598,-0.251777708530426,0.2504122853279114,0.00044965112465433776,0.0004556420899461955,0.0,0.0,-0.598114550113678,0.0,-0.5949869155883789,0.0,0.5,0.5,-0.598114550113678,0.0,0.0,893
-0.2484894096851349,0.23945866525173187,-0.2580488324165344,0.23920845985412598,-0.251777708530426,0.2504122853279114,0.00044960519880987704,0.0004627249436452985,0.0,0.0,-0.5993183255195618,0.0,-0.5990346074104309,0.0,0.5,0.5,-0.5993183255195618,0.0,0.0,894
-0.27478310465812683,0.22934682667255402,-0.2580668032169342,0.2392667979001999,-0.25188541412353516,0.2507613003253937,0.0004495744069572538,0.00046754282084293664,0.0,0.0,0.49734172224998474,0.00800000037997961,-0.29903459548950195,0.0006104435888119042,0.5,0.5,-0.2993183135986328,0.003652561455965042,0.0,895
-0.2841353714466095,0.2284660041332245,-0.25806620717048645,0.23988957703113556,-0.25188499689102173,0.251361221075058,0.00045857939403504133,0.0004615314246620983,0.0,0.0,0.49734172224998474,0.008581305854022503,0.0009654044988565147,0.006227853707969189,0.5,0.5,0.0006816863897256553,0.005999180022627115,0.0,896
-0.28876060247421265,0.231406569480896,-0.2576570510864258,0.24120773375034332,-0.2516578733921051,0.25209370255470276,0.00044647700269706547,0.0004575398634187877,0.0,0.0,0.49734172224998474,0.008722751401364803,0.30096539855003357,0.013801930472254753,0.5,0.5,0.3006816804409027,0.007668859791010618,0.0,897
-0.29082855582237244,0.22389031946659088,-0.2573365867137909,0.24180004000663757,-0.2512226998806,0.252895325422287,0.00045645664795301855,0.0004548808210529387,0.0,0.0,0.49734172224998474,0.009300502017140388,0.49593397974967957,0.006734446622431278,0.5,0.5,0.49734172224998474,0.009121231734752655,0.0,898
-0.2653696835041046,0.2201388031244278,-0.25713425874710083,0.24216285347938538,-0.2509108781814575,0.2534697353839874,0.00044509078725241125,0.00045310563291423023,0.0,0.0,0.49734172224998474,0.006535791326314211,0.5087255835533142,0.004154202528297901,0.5,0.5,0.49734172224998474,0.006535791326314211,0.0,899
-0.26238808035850525,0.22606611251831055,-0.25713425874710083,0.24216285347938538,-0.2509108781814575,0.2534697353839874,0.00045550521463155746,0.00045191874960437417,0.0,0.0,0.497336745262146,0.0,0.48530256748199463,0.0,0.5,0.5,0.497336745262146,0.0,0.0,900
-0.2841853201389313,0.2247028350830078,-0.2569866478443146,0.24238039553165436,-0.2504633963108063,0.254128098487854,0.00044446883839555085,0.00046018307330086827,0.0,0.0,0.5969489216804504,0.00800000037997961,0.5961391925811768,0.0026289504021406174,0.5,0.5,0.5969489216804504,0.007960342802107334,0.0,901
-0.28166520595550537,0.2399626225233078,-0.2569866478443146,0.24238039553165436,-0.2504633963108063,0.254128098487854,0.000455078057711944,0.0004566424177028239,0.0,0.0,0.5933502316474915,0.0,0.594038724899292,0.0,0.5,0.5,0.5933502316474915,0.0,0.0,902
-0.2690293788909912,0.23436471819877625,-0.2569866478443146,0.24238039553165436,-0.2504633963108063,0.254128098487854,0.00046234027831815183,0.00045428203884512186,0.0,0.0,0.5974102020263672,0.0,0.5926283001899719,0.0,0.5,0.5,0.5974102020263672,0.0,0.0,903
-0.26029959321022034,0.24543055891990662,-0.2569866478443146,0.24238039553165436,-0.2504633963108063,0.254128098487854,0.00046728175948373973,0.0004617971717379987,0.0,0.0,0.6026200652122498,0.0,0.6201663613319397,0.0,0.5,0.5,0.6026200652122498,0.0,0.0,904
-0.26858988404273987,0.25802043080329895,-0.2569866478443146,0.24238039553165436,-0.2504633963108063,0.254128098487854,0.0004521405207924545,0.0004577166691888124,0.0,0.0,0.5997777581214905,0.0,0.5944568514823914,0.0,0.5,0.5,0.5997777581214905,0.0,0.0,905
-0.2641947567462921,0.24342912435531616,-0.2569866478443146,0.24238039553165436,-0.2504633963108063,0.254128098487854,0.00044226637692190707,0.0004459138435777277,0.0,0.0,0.5992562174797058,0.0,0.604170024394989,0.0,0.5,0.5,0.5992562174797058,0.0,0.0,906
-0.2553674876689911,0.24168360233306885,-0.2569866478443146,0.24238039553165436,-0.2504633963108063,0.254128098487854,0.0004357756406534463,0.0004470963613130152,0.0,0.0,0.6042256951332092,0.0,0.6047123670578003,0.0,0.5,0.5,0.6042256951332092,0.0,0.0,907
-0.2484169751405716,0.2510480284690857,-0.2569866478443146,0.24238039553165436,-0.2504633963108063,0.254128098487854,0.00043148663826286793,0.0004568814765661955,0.0,0.0,0.6106728911399841,0.0,0.6096583008766174,0.0,0.5,0.5,0.6106728911399841,0.0,0.0,908
-0.2449789196252823,0.24855868518352509,-0.2569866478443146,0.24238039553165436,-0.2504633963108063,0.254128098487854,0.0004373535339254886,0.00046356962411664426,0.0,0.0,0.6099157333374023,0.0,0.6015297174453735,0.0,0.5,0.5,0.6099157333374023,0.0,0.0,909
-0.23828528821468353,0.2385369837284088,-0.2569866478443146,0.24238039553165436,-0.2504633963108063,0.254128098487854,0.0004413266433402896,0.0004681158752646297,0.0,0.0,0.6045635342597961,0.0,0.6029293537139893,0.0,0.5,0.5,0.6045635342597961,0.0,0.0,910
-0.24648389220237732,0.2607998251914978,-0.2569866478443146,0.24238039553165436,-0.2504633963108063,0.254128098487854,0.00044400859042070806,0.00047119459486566484,0.0,0.0,0.6052373051643372,0.0,0.6272911429405212,0.0,0.5,0.5,0.6052373051643372,0.0,0.0,911
-0.26121285557746887,0.25053462386131287,-0.2569866478443146,0.24238039553165436,-0.2504633963108063,0.254128098487854,0.00045476184459403157,0.0004732742381747812,0.0,0.0,0.6129536032676697,0.0,0.6066288948059082,0.0,0.5,0.5,0.6129536032676697,0.0,0.0,912
-0.26668280363082886,0.25402721762657166,-0.2566816806793213,0.24334363639354706,-0.2502536177635193,0.2547764182090759,0.0004621245607268065,0.000474676548037678,0.0,0.0,0.06148868426680565,0.00800000037997961,0.30662888288497925,0.01010363269597292,0.5,0.5,0.3129535913467407,0.006814063526690006,0.0,913
-0.26729828119277954,0.25387194752693176,-0.25649917125701904,0.24586348235607147,-0.25015488266944885,0.25632384419441223,0.0004671353381127119,0.0004569285665638745,0.0,0.0,0.06371475756168365,0.01600000075995922,0.07229956239461899,0.025264516472816467,0.5,0.5,0.06371475756168365,0.01550560723990202,0.0,914
-0.26855021715164185,0.2455035001039505,-0.2564142942428589,0.24719536304473877,-0.24999594688415527,0.2587185800075531,0.0004520454676821828,0.0004453991132322699,0.0,0.0,0.06627289205789566,0.024000000208616257,0.06363341212272644,0.013345751911401749,0.5,0.5,0.06627289205789566,0.02399992197751999,0.0,915
-0.256408154964447,0.25536757707595825,-0.2563306391239166,0.2497258335351944,-0.24991998076438904,0.26191478967666626,0.0004602696863003075,0.0004467503458727151,0.0,0.0,0.02376173995435238,0.03200000151991844,0.03304703161120415,0.02531857043504715,0.5,0.5,0.02376173995435238,0.03197108954191208,0.0,916
-0.24958385527133942,0.2589770257472992,-0.25634825229644775,0.2528276741504669,-0.2499253749847412,0.2653646171092987,0.00044757951400242746,0.0004387282533571124,0.0,0.0,-0.001564305741339922,0.03450927138328552,-0.005673716776072979,0.031019005924463272,0.5,0.5,-0.001564305741339922,0.03449820354580879,0.0,917
-0.25394198298454285,0.24438010156154633,-0.25629767775535583,0.2557174265384674,-0.2498798817396164,0.2686030864715576,0.0004482152871787548,0.00043343991274014115,0.0,0.0,0.014046473428606987,0.03239191323518753,0.01749621517956257,0.028902027755975723,0.5,0.5,0.014046473428606987,0.03238796442747116,0.0,918
-0.25012555718421936,0.25480231642723083,-0.25633344054222107,0.2594820559024811,-0.24987836182117462,0.27186083793640137,0.0004396910371724516,0.00043867799104191363,0.0,0.0,0.0004646825836971402,0.032580479979515076,-0.009501876309514046,0.03764796629548073,0.5,0.5,0.0004646825836971402,0.03257747367024422,0.0,919
-0.26145055890083313,0.2597315311431885,-0.25624722242355347,0.2628076374530792,-0.24973900616168976,0.275089293718338,0.000434076035162434,0.00043340670526959,0.0,0.0,0.04313915595412254,0.032344166189432144,0.025915907695889473,0.033267050981521606,0.5,0.5,0.04313915595412254,0.0323147214949131,0.0,920
-0.23583494126796722,0.24707473814487457,-0.2564413249492645,0.26658204197883606,-0.24991576373577118,0.2785574197769165,0.0004303606110624969,0.0004474504676181823,0.0,0.0,-0.05092311277985573,0.03488053008913994,-0.051377445459365845,0.03779398649930954,0.5,0.5,-0.05092311277985573,0.0347263365983963,0.0,921
-0.25177648663520813,0.2681763172149658,-0.256420761346817,0.2699163556098938,-0.24989557266235352,0.2814769446849823,0.0004365892382338643,0.00045712426071986556,0.0,0.0,0.006916997954249382,0.02924487181007862,0.006170511245727539,0.03334375098347664,0.5,0.5,0.006916997954249382,0.029195968061685562,0.0,922
-0.26484784483909607,0.2790365219116211,-0.2561924159526825,0.273293673992157,-0.2497132122516632,0.2844979763031006,0.00044965071720071137,0.0004455269663594663,0.0,0.0,0.06029288470745087,0.030308453366160393,0.0675046369433403,0.03385021165013313,0.5,0.5,0.06029288470745087,0.030265288427472115,0.0,923
-0.2554481625556946,0.2843594551086426,-0.2561168670654297,0.27621400356292725,-0.24965037405490875,0.2872733771800995,0.00044063356472179294,0.00043792350334115326,0.0,0.0,0.02263641357421875,0.027780767530202866,0.025867406278848648,0.02921319380402565,0.5,0.5,0.02263641357421875,0.027761073783040047,0.0,924
-0.2680315375328064,0.2849782407283783,-0.2558440566062927,0.27975988388061523,-0.24942606687545776,0.2902592122554779,0.0004524399701040238,0.00043290789471939206,0.0,0.0,0.07498374581336975,0.029983684420585632,0.07678337395191193,0.03556344285607338,0.5,0.5,0.07498374581336975,0.02994261309504509,0.0,925
-0.275266170501709,0.2749023735523224,-0.2555058002471924,0.28293946385383606,-0.24911460280418396,0.2933422327041626,0.0004605393041856587,0.0004471051797736436,0.0,0.0,0.10068367421627045,0.030997291207313538,0.1059831976890564,0.031975146383047104,0.5,0.5,0.10068367421627045,0.030987054109573364,0.0,926
-0.2702043056488037,0.26092982292175293,-0.25524455308914185,0.2857174873352051,-0.24885433912277222,0.2967439591884613,0.0004477552429307252,0.0004389615496620536,0.0,0.0,0.07636231184005737,0.03412687033414841,0.09376312792301178,0.027902919799089432,0.5,0.5,0.07636231184005737,0.034116774797439575,0.0,927
-0.2773343026638031,0.2710907757282257,-0.2548286020755768,0.28913018107414246,-0.24850994348526,0.2999430000782013,0.00045733319711871445,0.00043359407573007047,0.0,0.0,0.10724086314439774,0.03219059854745865,0.121285580098629,0.034379445016384125,0.5,0.5,0.10724086314439774,0.032175250351428986,0.0,928
-0.2766254246234894,0.29292550683021545,-0.2544645071029663,0.29246196150779724,-0.24820207059383392,0.30262646079063416,0.0004638773389160633,0.00044758012518286705,0.0,0.0,0.1142285093665123,0.027011260390281677,0.10884563624858856,0.03351611644029617,0.5,0.5,0.1142285093665123,0.02701060101389885,0.0,929
-0.28786686062812805,0.3061050772666931,-0.25392061471939087,0.2952665686607361,-0.2477377951145172,0.3053102493286133,0.0004683245497290045,0.0004392737173475325,0.0,0.0,0.1712956726551056,0.02728084847331047,0.19155195355415344,0.028568511828780174,0.5,0.5,0.1712956726551056,0.027236437425017357,0.0,930
-0.27779319882392883,0.29866471886634827,-0.25354647636413574,0.2981679439544678,-0.24740085005760193,0.30805420875549316,0.0004713356902357191,0.00045150297228246927,0.0,0.0,0.1221848726272583,0.0276792012155056,0.1282491683959961,0.02925398387014866,0.5,0.5,0.1221848726272583,0.02764582820236683,0.0,931
-0.2703911066055298,0.31217461824417114,-0.2533096969127655,0.3011147379875183,-0.24715927243232727,0.3105755150318146,0.0004547681601252407,0.00044184853322803974,0.0,0.0,0.09551984071731567,0.02533760480582714,0.08017987012863159,0.02956290729343891,0.5,0.5,0.09551984071731567,0.02532859705388546,0.0,932
-0.2695538401603699,0.3268786072731018,-0.253181517124176,0.3027057647705078,-0.24692894518375397,0.31290918588638306,0.00044398679165169597,0.00045327641419135034,0.0,0.0,0.09837760776281357,0.023450087755918503,0.08038701862096786,0.01596171036362648,0.5,0.5,0.09837760776281357,0.023449992761015892,0.0,933
-0.26745882630348206,0.31828629970550537,-0.2529381513595581,0.3059137761592865,-0.24669481813907623,0.31568124890327454,0.0004369094967842102,0.0004611106705851853,0.0,0.0,0.0842590183019638,0.027822010219097137,0.07571873813867569,0.03217225894331932,0.5,0.5,0.0842590183019638,0.027819236740469933,0.0,934
-0.26090842485427856,0.3325052261352539,-0.252838134765625,0.30786967277526855,-0.2465895116329193,0.31753942370414734,0.0004498718772083521,0.00044812759733758867,0.0,0.0,0.05660809949040413,0.018618563190102577,0.051084235310554504,0.019584378227591515,0.5,0.5,0.05660809949040413,0.018611446022987366,0.0,935
-0.2421945482492447,0.3392771780490875,-0.2529063820838928,0.3104311525821686,-0.24668766558170319,0.3198748230934143,0.00044077870552428067,0.00043963344069197774,0.0,0.0,-0.04200274124741554,0.023488637059926987,-0.026639878749847412,0.025623837485909462,0.5,0.5,-0.04200274124741554,0.02337452583014965,0.0,936
-0.2382877618074417,0.3278493881225586,-0.25306323170661926,0.31258445978164673,-0.246839702129364,0.3224339187145233,0.0004436391463968903,0.0004340379673521966,0.0,0.0,-0.059337787330150604,0.025639964267611504,-0.07271039485931396,0.021590204909443855,0.5,0.5,-0.059337787330150604,0.025636110454797745,0.0,937
-0.24500636756420135,0.3201102912425995,-0.25309881567955017,0.31596970558166504,-0.24690458178520203,0.3250960111618042,0.0004455663438420743,0.0004303353780414909,0.0,0.0,-0.0243674386292696,0.026645174250006676,-0.010508744046092033,0.03385445475578308,0.5,0.5,-0.0243674386292696,0.026628883555531502,0.0,938
-0.22491982579231262,0.3150499761104584,-0.2533607482910156,0.318062961101532,-0.24720217287540436,0.3275871276855469,0.00044686280307359993,0.00042787802522070706,0.0,0.0,-0.11889439076185226,0.025200853124260902,-0.12448730319738388,0.021095911040902138,0.5,0.5,-0.11889439076185226,0.025088347494602203,0.0,939
-0.2220679223537445,0.32620692253112793,-0.25366365909576416,0.32046636939048767,-0.24757523834705353,0.33024218678474426,0.0004477339971344918,0.0004436169401742518,0.0,0.0,-0.1395944207906723,0.0268171988427639,-0.12537018954753876,0.02422408014535904,0.5,0.5,-0.1395944207906723,0.026811452582478523,0.0,940
-0.2373570054769516,0.33545157313346863,-0.2538786828517914,0.32299935817718506,-0.24770575761795044,0.33219894766807556,0.0004483190132305026,0.0004544926923699677,0.0,0.0,-0.06660192459821701,0.019663387909531593,-0.08468440175056458,0.025421112775802612,0.5,0.5,-0.06660192459821701,0.01961102895438671,0.0,941
-0.24906566739082336,0.328349769115448,-0.2539060413837433,0.3261300027370453,-0.24771767854690552,0.3347087800502777,0.0004487116530071944,0.0004438065516296774,0.0,0.0,-0.004751176107674837,0.025146685540676117,-0.008738711476325989,0.03130768612027168,0.5,0.5,-0.004751176107674837,0.02509860135614872,0.0,942
-0.2474621832370758,0.3211330771446228,-0.25398126244544983,0.3290553092956543,-0.24775099754333496,0.33738502860069275,0.0004489751299843192,0.0004546229902189225,0.0,0.0,-0.012447776272892952,0.026765460148453712,-0.025707446038722992,0.02926276996731758,0.5,0.5,-0.012447776272892952,0.02676466666162014,0.0,943
-0.2587789297103882,0.3193199038505554,-0.2538571059703827,0.33191654086112976,-0.24764369428157806,0.3398991525173187,0.00045816900092177093,0.0004438917967490852,0.0,0.0,0.04265656694769859,0.02520223706960678,0.04336550459265709,0.02863914892077446,0.5,0.5,0.04265656694769859,0.025163983926177025,0.0,944
-0.25325968861579895,0.3136231303215027,-0.25381869077682495,0.3350103497505188,-0.2475993037223816,0.3427776098251343,0.0004644464061129838,0.0004546815762296319,0.0,0.0,0.015420058742165565,0.02879880927503109,0.012418701313436031,0.030940471217036247,0.5,0.5,0.015420058742165565,0.0287881288677454,0.0,945
-0.2566348910331726,0.3236706256866455,-0.2537994086742401,0.3367665708065033,-0.24753017723560333,0.3448750674724579,0.0004687103792093694,0.00044393015559762716,0.0,0.0,0.032943449914455414,0.020989280194044113,0.01097218506038189,0.017563216388225555,0.5,0.5,0.032943449914455414,0.020986057817935944,0.0,946
-0.2572267949581146,0.33742550015449524,-0.253721684217453,0.33850687742233276,-0.2474460005760193,0.3470599055290222,0.00045306727406568825,0.0004547079443000257,0.0,0.0,0.038508594036102295,0.02186502330005169,0.044627293944358826,0.017420504242181778,0.5,0.5,0.038508594036102295,0.02186468616127968,0.0,947
-0.26459014415740967,0.3325434625148773,-0.25347423553466797,0.3412599265575409,-0.24725289642810822,0.3496071994304657,0.00046096782898530364,0.00044394738506525755,0.0,0.0,0.0756654143333435,0.025563690811395645,0.08964350074529648,0.02764144167304039,0.5,0.5,0.0756654143333435,0.02554604597389698,0.0,948
-0.2510717809200287,0.3308316767215729,-0.25348609685897827,0.3446134030818939,-0.24723975360393524,0.3519871234893799,0.0004663497384171933,0.0004368835361674428,0.0,0.0,0.005519874859601259,0.023858342319726944,-0.0035406979732215405,0.033534981310367584,0.5,0.5,0.005519874859601259,0.023799670860171318,0.0,949
-0.25418034195899963,0.3444095253944397,-0.2534031271934509,0.34710371494293213,-0.24718870222568512,0.3541927635669708,0.0004699996788986027,0.00044985394924879074,0.0,0.0,0.02314411848783493,0.022065632045269012,0.0333080068230629,0.024917088449001312,0.5,0.5,0.02314411848783493,0.022062206640839577,0.0,950
-0.25054845213890076,0.34656357765197754,-0.25336283445358276,0.34907782077789307,-0.2471822053194046,0.3563050627708435,0.00045390293234959245,0.0004587707226164639,0.0,0.0,0.003073583822697401,0.02112722396850586,0.02040882408618927,0.019745144993066788,0.5,0.5,0.003073583822697401,0.021122969686985016,0.0,951
-0.25521743297576904,0.33810535073280334,-0.25327932834625244,0.350894957780838,-0.24711617827415466,0.358670175075531,0.00046153843868523836,0.0004648559261113405,0.0,0.0,0.027909250929951668,0.023667551577091217,0.045929763466119766,0.018190650269389153,0.5,0.5,0.027909250929951668,0.02366025373339653,0.0,952
-0.2742259204387665,0.33747395873069763,-0.2531253695487976,0.35190513730049133,-0.24680249392986298,0.36109834909439087,0.0004667373432312161,0.0004505649267230183,0.0,0.0,0.12847548723220825,0.02460780180990696,0.15125440061092377,0.010218312032520771,0.5,0.5,0.12847548723220825,0.024483470246195793,0.0,953
-0.2802986800670624,0.33726248145103455,-0.25271305441856384,0.3544518053531647,-0.2464383989572525,0.363354355096817,0.00045178711297921836,0.0004412333946675062,0.0,0.0,0.16000881791114807,0.02286345884203911,0.16051353514194489,0.025798335671424866,0.5,0.5,0.16000881791114807,0.0228520929813385,0.0,954
-0.27799901366233826,0.32747069001197815,-0.25244462490081787,0.3567171096801758,-0.24605754017829895,0.36604130268096924,0.0004420347686391324,0.00043509426177479327,0.0,0.0,0.14080806076526642,0.027143042534589767,0.1179443821310997,0.022811485454440117,0.5,0.5,0.14080806076526642,0.027138039469718933,0.0,955
-0.27685829997062683,0.33467552065849304,-0.25207456946372986,0.3590717017650604,-0.24574339389801025,0.3682674169540405,0.00043562293285503983,0.000448617764050141,0.0,0.0,0.14019270241260529,0.022481584921479225,0.15588921308517456,0.023835087195038795,0.5,0.5,0.14019270241260529,0.022481581196188927,0.0,956
-0.26980918645858765,0.3542122542858124,-0.251859575510025,0.36086368560791016,-0.24548977613449097,0.3704540431499481,0.00044898316264152527,0.0004579242377076298,0.0,0.0,0.11547114700078964,0.022019727155566216,0.11940836161375046,0.018048349767923355,0.5,0.5,0.11547114700078964,0.022012997418642044,0.0,957
-0.26590704917907715,0.37140557169914246,-0.2516743242740631,0.36291757225990295,-0.245297372341156,0.37231186032295227,0.0004581745306495577,0.000464279786683619,0.0,0.0,0.10319733619689941,0.01867884397506714,0.08995002508163452,0.020622272044420242,0.5,0.5,0.10319733619689941,0.01867743767797947,0.0,958
-0.26394331455230713,0.3788772225379944,-0.2515038251876831,0.36450621485710144,-0.24513880908489227,0.37397363781929016,0.00046445016050711274,0.0004501903604250401,0.0,0.0,0.09513385593891144,0.016693757846951485,0.10691782832145691,0.0159777719527483,0.5,0.5,0.09513385593891144,0.01669321581721306,0.0,959
-0.24921433627605438,0.3630457818508148,-0.25155287981033325,0.3666859269142151,-0.24514995515346527,0.37627121806144714,0.00045030112960375845,0.00044098770013079047,0.0,0.0,-0.004851141013205051,0.023091500625014305,-0.022501278668642044,0.021802719682455063,0.5,0.5,-0.004851141013205051,0.02297617308795452,0.0,960
-0.25222110748291016,0.3738420903682709,-0.25151899456977844,0.36880525946617126,-0.24512232840061188,0.3781515657901764,0.00045004094135947526,0.00045268386020325124,0.0,0.0,0.014692826196551323,0.018809141591191292,0.015982361510396004,0.021196085959672928,0.5,0.5,0.014692826196551323,0.018805550411343575,0.0,961
-0.25973573327064514,0.3756089210510254,-0.2514827251434326,0.3693644106388092,-0.24500484764575958,0.3799542486667633,0.0004588987212628126,0.0004426223458722234,0.0,0.0,0.06507745385169983,0.018087906762957573,0.06477072834968567,0.005603127181529999,0.5,0.5,0.06507745385169983,0.01806495152413845,0.0,962
-0.2539167106151581,0.37434402108192444,-0.2514379620552063,0.3708237409591675,-0.24496112763881683,0.3816359341144562,0.0004466853861231357,0.0004360103630460799,0.0,0.0,0.025991924107074738,0.016835369169712067,0.03067365102469921,0.014600109308958054,0.5,0.5,0.025991924107074738,0.016822511330246925,0.0,963
-0.2588474750518799,0.37737277150154114,-0.2513450086116791,0.37224116921424866,-0.24484769999980927,0.38352862000465393,0.0004386855289340019,0.0004316420527175069,0.0,0.0,0.05985958129167557,0.018971741199493408,0.06549299508333206,0.014204645529389381,0.5,0.5,0.05985958129167557,0.01896086148917675,0.0,964
-0.25931090116500854,0.3872300982475281,-0.25120165944099426,0.3744558095932007,-0.2447419911623001,0.38509276509284973,0.00043341165292076766,0.0004462284268811345,0.0,0.0,0.06748037785291672,0.015677524730563164,0.06464026123285294,0.02219267003238201,0.5,0.5,0.06748037785291672,0.01567707024514675,0.0,965
-0.2636157274246216,0.3788383901119232,-0.2509942948818207,0.37671494483947754,-0.24457058310508728,0.3869327902793884,0.0004474539018701762,0.00045628612861037254,0.0,0.0,0.09288715571165085,0.018486032262444496,0.09153097867965698,0.022686298936605453,0.5,0.5,0.09288715571165085,0.01848006621003151,0.0,966
-0.26549848914146423,0.3659420609474182,-0.2507513165473938,0.37938982248306274,-0.24436131119728088,0.3890804648399353,0.00045712661813013256,0.00044497931958176196,0.0,0.0,0.09713264554738998,0.021578675135970116,0.09058841317892075,0.026858771219849586,0.5,0.5,0.09713264554738998,0.021578481420874596,0.0,967
-0.2586674988269806,0.36603081226348877,-0.25065693259239197,0.3817039728164673,-0.24425014853477478,0.39111942052841187,0.00044552847975865006,0.0004375630815047771,0.0,0.0,0.054469142109155655,0.020438354462385178,0.0407656766474247,0.023160891607403755,0.5,0.5,0.054469142109155655,0.020419757813215256,0.0,968
-0.24710515141487122,0.37387746572494507,-0.2506923973560333,0.383465439081192,-0.24428445100784302,0.3929104208946228,0.00043792452197521925,0.0004326695343479514,0.0,0.0,-0.019153276458382607,0.01796194724738598,-0.02012311853468418,0.017618341371417046,0.5,0.5,-0.019153276458382607,0.01791328936815262,0.0,969
-0.2595472037792206,0.38120129704475403,-0.25062859058380127,0.38480016589164734,-0.24415577948093414,0.39484840631484985,0.00044171250192448497,0.00044694016105495393,0.0,0.0,0.06629560142755508,0.019493630155920982,0.04776917025446892,0.013362489640712738,0.5,0.5,0.06629560142755508,0.019422506913542747,0.0,970
-0.26473018527030945,0.3855079114437103,-0.2503696382045746,0.38710519671440125,-0.24395348131656647,0.39676418900489807,0.00043541035847738385,0.00045677434536628425,0.0,0.0,0.10520883649587631,0.019278859719634056,0.11186657100915909,0.023195404559373856,0.5,0.5,0.10520883649587631,0.01926426589488983,0.0,971
-0.26880887150764465,0.38022807240486145,-0.250154584646225,0.3886866867542267,-0.24372504651546478,0.3985224664211273,0.0004488362465053797,0.00046349666081368923,0.0,0.0,0.12919707596302032,0.01773562841117382,0.1351548582315445,0.015960464254021645,0.5,0.5,0.12919707596302032,0.017730524763464928,0.0,972
-0.26794591546058655,0.3693462908267975,-0.2498966008424759,0.391130656003952,-0.24347122013568878,0.40072402358055115,0.0004400988691486418,0.0004680663696490228,0.0,0.0,0.11478705704212189,0.02216365933418274,0.1051688939332962,0.02457559108734131,0.5,0.5,0.11478705704212189,0.02216135896742344,0.0,973
-0.2694154977798462,0.3946149945259094,-0.2498209923505783,0.39162588119506836,-0.24328963458538055,0.40194347500801086,0.0004343453620094806,0.00045264960499480367,0.0,0.0,0.14782270789146423,0.012335830368101597,0.15150368213653564,0.005009520798921585,0.5,0.5,0.14782270789146423,0.012329098768532276,0.0,974
-0.28591084480285645,0.3801954984664917,-0.24933813512325287,0.3936285376548767,-0.24281248450279236,0.4038675129413605,0.0004480999195948243,0.0004425999359227717,0.0,0.0,0.24309100210666656,0.01991361565887928,0.23659060895442963,0.02060030959546566,0.5,0.5,0.24309100210666656,0.019823316484689713,0.0,975
-0.27763471007347107,0.4082172214984894,-0.24901460111141205,0.39499950408935547,-0.24250289797782898,0.4051758348941803,0.0004396152507979423,0.0004537933855317533,0.0,0.0,0.2323593646287918,0.013445300981402397,0.23174838721752167,0.014086202718317509,0.5,0.5,0.2323593646287918,0.013444527052342892,0.0,976
-0.29308632016181946,0.4067424237728119,-0.24833311140537262,0.39692893624305725,-0.24193963408470154,0.4067218005657196,0.0004517383931670338,0.0004433488938957453,0.0,0.0,0.3493950664997101,0.016567086800932884,0.3395327031612396,0.02046247571706772,0.5,0.5,0.3493950664997101,0.016453754156827927,0.0,977
-0.275356650352478,0.41119521856307983,-0.2480972856283188,0.398032546043396,-0.24162772297859192,0.40812167525291443,0.00044200284173712134,0.00045430840691551566,0.0,0.0,0.21922743320465088,0.014464426785707474,0.21051111817359924,0.011285368353128433,0.5,0.5,0.21922743320465088,0.014342059381306171,0.0,978
-0.263805627822876,0.41859886050224304,-0.24787700176239014,0.39969339966773987,-0.24146521091461182,0.4093742072582245,0.00045338261406868696,0.00046181518700905144,0.0,0.0,0.129029780626297,0.012682003900408745,0.13186386227607727,0.016754085198044777,0.5,0.5,0.129029780626297,0.012630450539290905,0.0,979
-0.26701244711875916,0.4127347767353058,-0.24769139289855957,0.4008685350418091,-0.2412845343351364,0.4105664789676666,0.00044307997450232506,0.0004669252666644752,0.0,0.0,0.15039387345314026,0.012061594054102898,0.1566578447818756,0.01189702469855547,0.5,0.5,0.15039387345314026,0.012058841064572334,0.0,980
-0.2678675949573517,0.41280803084373474,-0.24753491580486298,0.40182119607925415,-0.2410656362771988,0.41194096207618713,0.00045412351028062403,0.0004703892336692661,0.0,0.0,0.15793274343013763,0.013918377459049225,0.16279809176921844,0.009654257446527481,0.5,0.5,0.15793274343013763,0.013917981646955013,0.0,981
-0.2608245611190796,0.41249987483024597,-0.24746711552143097,0.40251314640045166,-0.24094924330711365,0.41315069794654846,0.00046168899280019104,0.0004541552916634828,0.0,0.0,0.09592299908399582,0.012176519259810448,0.09766675531864166,0.006952675059437752,0.5,0.5,0.09592299908399582,0.012153116054832935,0.0,982
-0.23797103762626648,0.4112244248390198,-0.2476116567850113,0.4040074646472931,-0.24109065532684326,0.414488285779953,0.0004668395849876106,0.0004617106751538813,0.0,0.0,-0.10533404350280762,0.013727419078350067,-0.09642146527767181,0.015013049356639385,0.5,0.5,-0.10533404350280762,0.01345034595578909,0.0,983
-0.2666719853878021,0.410535991191864,-0.24739043414592743,0.40546268224716187,-0.2408960610628128,0.4158242642879486,0.00046106529771350324,0.0004485184617806226,0.0,0.0,0.14463554322719574,0.013933769427239895,0.15086565911769867,0.01471925713121891,0.5,0.5,0.14463554322719574,0.013500707224011421,0.0,984
-0.2651768624782562,0.3973071873188019,-0.2471134215593338,0.40776175260543823,-0.2406911551952362,0.417548269033432,0.00046641594963148236,0.00045785619295202196,0.0,0.0,0.11829951405525208,0.01736750826239586,0.11991146951913834,0.023156972602009773,0.5,0.5,0.11829951405525208,0.017361484467983246,0.0,985
-0.25406473875045776,0.4022882878780365,-0.24708865582942963,0.40899214148521423,-0.24064120650291443,0.4190561771392822,0.0004515784385148436,0.00044600493856705725,0.0,0.0,0.03311223164200783,0.01514228992164135,0.020119475200772285,0.012306504882872105,0.5,0.5,0.03311223164200783,0.015087380073964596,0.0,986
-0.2363838106393814,0.403871089220047,-0.24730795621871948,0.41104984283447266,-0.240805983543396,0.42052197456359863,0.0004599504463840276,0.00045613275142386556,0.0,0.0,-0.11194079369306564,0.01490672305226326,-0.10617462545633316,0.020693490281701088,0.5,0.5,-0.11194079369306564,0.01475017610937357,0.0,987
-0.24042119085788727,0.413858562707901,-0.24745558202266693,0.4127037227153778,-0.24095165729522705,0.4222122132778168,0.0004564874980133027,0.0004630594339687377,0.0,0.0,-0.08597329258918762,0.01697072573006153,-0.08902551233768463,0.01660447008907795,0.5,0.5,-0.08597329258918762,0.016965003684163094,0.0,988
-0.24150702357292175,0.4168022572994232,-0.24752195179462433,0.41351771354675293,-0.2410067617893219,0.42291414737701416,0.0004541786329355091,0.00044939652434550226,0.0,0.0,-0.07833428680896759,0.007041117176413536,-0.08135533332824707,0.008166985586285591,0.5,0.5,-0.07833428680896759,0.007040911819785833,0.0,989
-0.24464598298072815,0.42150309681892395,-0.2475752830505371,0.41493794322013855,-0.24108384549617767,0.42440423369407654,0.00045263630454428494,0.00044046674156561494,0.0,0.0,-0.05168506130576134,0.014925956726074219,-0.03753828629851341,0.014212258160114288,0.5,0.5,-0.05168506130576134,0.014920656569302082,0.0,990
-0.23594394326210022,0.4087962806224823,-0.24773705005645752,0.41634324193000793,-0.24124540388584137,0.4257398843765259,0.0004606734437402338,0.00043458823347464204,0.0,0.0,-0.12037569284439087,0.013485667295753956,-0.11460354179143906,0.01414575520902872,0.5,0.5,-0.12037569284439087,0.013453864492475986,0.0,991
-0.24131757020950317,0.39022666215896606,-0.2478853166103363,0.4183984100818634,-0.24136443436145782,0.42758747935295105,0.00046614970779046416,0.0004482678778003901,0.0,0.0,-0.06433350592851639,0.01854347623884678,-0.0720156654715538,0.020605171099305153,0.5,0.5,-0.06433350592851639,0.018514364957809448,0.0,992
-0.24604108929634094,0.40182194113731384,-0.24792340397834778,0.4196162223815918,-0.2414061576128006,0.42888545989990234,0.0004606077854987234,0.0004576845094561577,0.0,0.0,-0.032128650695085526,0.01299312710762024,-0.03126991167664528,0.01218393910676241,0.5,0.5,-0.032128650695085526,0.012986389920115471,0.0,993
-0.2566620111465454,0.41766053438186646,-0.2478402554988861,0.4207172989845276,-0.24131159484386444,0.43040910363197327,0.0004569251905195415,0.00044589285971596837,0.0,0.0,0.061985455453395844,0.015333541668951511,0.0753679871559143,0.011042115278542042,0.5,0.5,0.061985455453395844,0.015265683643519878,0.0,994
-0.2632036507129669,0.4209371507167816,-0.24779978394508362,0.42108985781669617,-0.24114522337913513,0.4317203760147095,0.00046359942643903196,0.0004560558299999684,0.0,0.0,0.12620708346366882,0.01324504241347313,0.10820209980010986,0.003747500479221344,0.5,0.5,0.12620708346366882,0.013217737898230553,0.0,995
-0.26040732860565186,0.4200839698314667,-0.2476692646741867,0.42236998677253723,-0.24103856086730957,0.4327956438064575,0.00044974786578677595,0.0004630069888662547,0.0,0.0,0.09887329488992691,0.010809343308210373,0.10160668939352036,0.012867619283497334,0.5,0.5,0.09887329488992691,0.010805306024849415,0.0,996
-0.26854780316352844,0.4171323776245117,-0.2474544495344162,0.42357516288757324,-0.24081678688526154,0.4340854287147522,0.00044069733121432364,0.0004677342076320201,0.0,0.0,0.17028449475765228,0.013120648451149464,0.17639146745204926,0.012241784483194351,0.5,0.5,0.17028449475765228,0.01308720838278532,0.0,997
-0.2663230299949646,0.41167691349983215,-0.24720938503742218,0.4252844750881195,-0.24058634042739868,0.43568533658981323,0.0004347404756117612,0.0004709365020971745,0.0,0.0,0.14305581152439117,0.016170281916856766,0.14239774644374847,0.017267880961298943,0.5,0.5,0.14305581152439117,0.01616428792476654,0.0,998
-0.26467373967170715,0.4182831346988678,-0.2470608502626419,0.4263898730278015,-0.24042682349681854,0.43684542179107666,0.00044837314635515213,0.00047310005174949765,0.0,0.0,0.13664479553699493,0.0117102125659585,0.1335785835981369,0.011153331957757473,0.5,0.5,0.13664479553699493,0.011709971353411674,0.0,999
-0.2791721522808075,0.4260464608669281,-0.2468266785144806,0.42721104621887207,-0.24007263779640198,0.4380468726158142,0.00043979473412036896,0.000474559172289446,0.0,0.0,0.2866854667663574,0.01266794465482235,0.2777874171733856,0.008539055474102497,0.5,0.5,0.2866854667663574,0.012525620870292187,0.0,1000
-0.28578728437423706,0.4276241064071655,-0.24651755392551422,0.42800194025039673,-0.23964056372642517,0.439222514629364,0.0004518620844464749,0.00045685272198170424,0.0,0.0,0.35219401121139526,0.012552225962281227,0.3726065158843994,0.008491534739732742,0.5,0.5,0.35219401121139526,0.012525302357971668,0.0,1001
-0.27682602405548096,0.43778476119041443,-0.2459804266691208,0.4297786355018616,-0.2392377406358719,0.4405321478843689,0.00046014433610253036,0.0004453495785128325,0.0,0.0,0.29840007424354553,0.013721714727580547,0.2935812175273895,0.018561020493507385,0.5,0.5,0.29840007424354553,0.013701865449547768,0.0,1002
-0.2554195523262024,0.43143007159233093,-0.2459356188774109,0.43057456612586975,-0.23917071521282196,0.4416894316673279,0.00046579010086134076,0.0004378067678771913,0.0,0.0,0.05785512551665306,0.011935976333916187,0.056241441518068314,0.007971846498548985,0.5,0.5,0.05785512551665306,0.01159231923520565,0.0,1003
-0.2376006692647934,0.4449184536933899,-0.24604164063930511,0.4312949776649475,-0.23927804827690125,0.44238266348838806,0.00046962074702605605,0.0004504912067204714,0.0,0.0,-0.15361398458480835,0.007174886763095856,-0.14611461758613586,0.007281802129000425,0.5,0.5,-0.15361398458480835,0.0070150564424693584,0.0,1004
-0.23249970376491547,0.4497688412666321,-0.2463328242301941,0.43253421783447266,-0.23954251408576965,0.4435195326805115,0.00046290754107758403,0.00045920684351585805,0.0,0.0,-0.22855563461780548,0.011705159209668636,-0.23078583180904388,0.012729771435260773,0.5,0.5,-0.22855563461780548,0.011672304943203926,0.0,1005
-0.2229296863079071,0.4416465759277344,-0.246747225522995,0.4337887763977051,-0.23980529606342316,0.4443286657333374,0.0004584549751598388,0.00046515261055901647,0.0,0.0,-0.31401973962783813,0.008538640104234219,-0.31902918219566345,0.01321222074329853,0.5,0.5,-0.31401973962783813,0.00850747525691986,0.0,1006
-0.2368515580892563,0.4377681016921997,-0.2467910647392273,0.43408140540122986,-0.23994149267673492,0.44523224234580994,0.0004554910701699555,0.00045075773959979415,0.0,0.0,-0.14960351586341858,0.00926261581480503,-0.14871284365653992,0.0029589098412543535,0.5,0.5,-0.14960351586341858,0.009137701243162155,0.0,1007
-0.2501275837421417,0.4552299678325653,-0.24678486585617065,0.43468791246414185,-0.23993976414203644,0.4461748003959656,0.0004535132902674377,0.0004413598799146712,0.0,0.0,0.0018288432620465755,0.009534676559269428,0.010225004516541958,0.006065452471375465,0.5,0.5,0.0018288432620465755,0.009425561875104904,0.0,1008
-0.24598106741905212,0.4465428590774536,-0.2467750757932663,0.4364084303379059,-0.23993757367134094,0.4473695755004883,0.0004612724296748638,0.0004529400903265923,0.0,0.0,0.0018288432620465755,0.01194787211716175,0.005690892226994038,0.01720547303557396,0.5,0.5,0.0018288432620465755,0.01194787211716175,0.0,1009
-0.2477802187204361,0.45096084475517273,-0.24677042663097382,0.43762877583503723,-0.23993609845638275,0.4481724798679352,0.0004573675396386534,0.00044279018766246736,0.0,0.0,0.0018288432620465755,0.008029166609048843,0.00381140923127532,0.012203426100313663,0.5,0.5,0.0018288432620465755,0.008029166609048843,0.0,1010
-0.24697086215019226,0.4449593126773834,-0.24684326350688934,0.43910107016563416,-0.239976704120636,0.4492453932762146,0.0004547658609226346,0.0004361210158094764,0.0,0.0,-0.03782687336206436,0.010745175182819366,-0.04943133518099785,0.01474105566740036,0.5,0.5,-0.03782687336206436,0.01073672715574503,0.0,1011
-0.26347431540489197,0.4468221068382263,-0.24663101136684418,0.440334677696228,-0.239816352725029,0.45017576217651367,0.0004621273255906999,0.0004317153070587665,0.0,0.0,0.17067773640155792,0.009650017134845257,0.17039549350738525,0.012517228722572327,0.5,0.5,0.17067773640155792,0.009441012516617775,0.0,1012
-0.25753992795944214,0.4344426989555359,-0.24650023877620697,0.4419514238834381,-0.23970559239387512,0.45150595903396606,0.0004487897676881403,0.00044627918396145105,0.0,0.0,0.08306985348463058,0.01339939795434475,0.08070948719978333,0.016220219433307648,0.5,0.5,0.08306985348463058,0.013348009437322617,0.0,1013
-0.256536066532135,0.42854544520378113,-0.24645690619945526,0.4424772262573242,-0.23962470889091492,0.4526995122432709,0.0004580420791171491,0.0004563209367915988,0.0,0.0,0.06765985488891602,0.011964287608861923,0.08223562687635422,0.005275762639939785,0.5,0.5,0.06765985488891602,0.011962867341935635,0.0,1014
-0.24530990421772003,0.4197554588317871,-0.2465222328901291,0.44372308254241943,-0.23968252539634705,0.4539969861507416,0.00044612630154006183,0.00046318769454956055,0.0,0.0,-0.04453429579734802,0.013069638051092625,-0.05238728225231171,0.01247581746429205,0.5,0.5,-0.04453429579734802,0.012987467460334301,0.0,1015
-0.24826234579086304,0.41632792353630066,-0.2465224415063858,0.44406241178512573,-0.2397049218416214,0.4553975462913513,0.00044723914470523596,0.00046785682206973433,0.0,0.0,-0.015988510102033615,0.014013170264661312,-0.0006055955891497433,0.0033932779915630817,0.5,0.5,-0.015988510102033615,0.01400746125727892,0.0,1016
-0.23827451467514038,0.42251306772232056,-0.24670247733592987,0.4457738697528839,-0.23983027040958405,0.4564931094646454,0.00044798676390200853,0.00047101941891014576,0.0,0.0,-0.11391422897577286,0.011080292984843254,-0.10481107980012894,0.017208967357873917,0.5,0.5,-0.11391422897577286,0.011027208529412746,0.0,1017
-0.2323569506406784,0.4254305958747864,-0.24704821407794952,0.44760096073150635,-0.2400672733783722,0.45783063769340515,0.00045749187120236456,0.0004731559893116355,0.0,0.0,-0.1753731518983841,0.013609418645501137,-0.18702037632465363,0.01859508454799652,0.5,0.5,-0.1753731518983841,0.01358372438699007,0.0,1018
-0.22794389724731445,0.43354713916778564,-0.24730020761489868,0.44862744212150574,-0.24034105241298676,0.45896580815315247,0.0004548488068394363,0.0004559458466246724,0.0,0.0,-0.23665523529052734,0.011699174530804157,-0.24072714149951935,0.010569630190730095,0.5,0.5,-0.23665523529052734,0.011677213944494724,0.0,1019
-0.22701476514339447,0.4432249367237091,-0.2476091980934143,0.44973328709602356,-0.24061037600040436,0.45992398262023926,0.00045308424159884453,0.00046293201739899814,0.0,0.0,-0.2740088105201721,0.00996001623570919,-0.27246764302253723,0.011481981724500656,0.5,0.5,-0.2740088105201721,0.009953068569302559,0.0,1020
-0.24049781262874603,0.44733843207359314,-0.24775110185146332,0.4509287476539612,-0.24071505665779114,0.4607795476913452,0.0004519044596236199,0.000449313607532531,0.0,0.0,-0.12174855917692184,0.008720343932509422,-0.11815644800662994,0.012038430199027061,0.5,0.5,-0.12174855917692184,0.008619456551969051,0.0,1021
-0.22824978828430176,0.452901691198349,-0.2478223294019699,0.4514734447002411,-0.24081234633922577,0.46157464385032654,0.0004601732944138348,0.0004404122882988304,0.0,0.0,-0.12174855917692184,0.008010216988623142,-0.1300210952758789,0.00549324369058013,0.5,0.5,-0.12174855917692184,0.008010216988623142,0.0,1022
-0.2321704477071762,0.45050331950187683,-0.24784895777702332,0.45167097449302673,-0.2409369796514511,0.46259334683418274,0.00045663589844480157,0.00043455231934785843,0.0,0.0,-0.12174855917692184,0.010262890718877316,-0.13396784663200378,0.001993163488805294,0.5,0.5,-0.12174855917692184,0.010262890718877316,0.0,1023
-0.21096175909042358,0.4514492154121399,-0.24817845225334167,0.45238196849823,-0.2412647306919098,0.46332383155822754,0.00045427767327055335,0.00043067627120763063,0.0,0.0,-0.48795631527900696,0.008574982173740864,-0.43396785855293274,0.0078362375497818,0.5,0.5,-0.421748548746109,0.008006392046809196,0.0,1024
-0.23950324952602386,0.44148045778274536,-0.248292475938797,0.4532279670238495,-0.24140042066574097,0.4644034206867218,0.000452702515758574,0.00042810451122932136,0.0,0.0,-0.12502457201480865,0.011378191411495209,-0.13396786153316498,0.00853649526834488,0.5,0.5,-0.12502457201480865,0.01088095922023058,0.0,1025
-0.22385330498218536,0.4390362799167633,-0.24844397604465485,0.4537445604801178,-0.24178387224674225,0.4656640887260437,0.00046071867109276354,0.00042639460298232734,0.0,0.0,-0.29526859521865845,0.013370354659855366,-0.28524988889694214,0.0053836144506931305,0.5,0.5,-0.29526859521865845,0.013177065178751945,0.0,1026
-0.2276730239391327,0.44116875529289246,-0.2486504316329956,0.4545329213142395,-0.2420799881219864,0.46677589416503906,0.0004569989978335798,0.0004252561484463513,0.0,0.0,-0.26029032468795776,0.011512807570397854,-0.2561343014240265,0.008149485103785992,0.5,0.5,-0.26029032468795776,0.011505765840411186,0.0,1027
-0.22654728591442108,0.44029736518859863,-0.24890001118183136,0.4554629921913147,-0.2423950582742691,0.46791383624076843,0.0004545199917629361,0.0004244974988978356,0.0,0.0,-0.27011585235595703,0.011808155104517937,-0.2621684968471527,0.00962971244007349,0.5,0.5,-0.27011585235595703,0.011807585135102272,0.0,1028
-0.24188750982284546,0.44641023874282837,-0.24898496270179749,0.4562775194644928,-0.24249723553657532,0.46890369057655334,0.00045286447857506573,0.00044126587454229593,0.0,0.0,-0.10286153107881546,0.010092072188854218,-0.10392486304044724,0.00818958692252636,0.5,0.5,-0.10286153107881546,0.009951243177056313,0.0,1029
-0.23452228307724,0.4431197941303253,-0.2491750866174698,0.45732975006103516,-0.24271278083324432,0.47004395723342896,0.0004517574270721525,0.0004351156821940094,0.0,0.0,-0.18682444095611572,0.011645583435893059,-0.17876407504081726,0.010692739859223366,0.5,0.5,-0.18682444095611572,0.011604558676481247,0.0,1030
-0.22944167256355286,0.4446660876274109,-0.24925869703292847,0.45765483379364014,-0.24298785626888275,0.47111883759498596,0.0004510164726525545,0.00044863257789984345,0.0,0.0,-0.25053417682647705,0.011117802932858467,-0.2517314851284027,0.0033564777113497257,0.5,0.5,-0.25053417682647705,0.011095247231423855,0.0,1031
-0.23217327892780304,0.43866196274757385,-0.24946755170822144,0.45869582891464233,-0.24321243166923523,0.4722065329551697,0.0004595661594066769,0.00045793436584062874,0.0,0.0,-0.20361456274986267,0.011118501424789429,-0.19800439476966858,0.010617410764098167,0.5,0.5,-0.20361456274986267,0.01110626570880413,0.0,1032
-0.23969295620918274,0.4638614058494568,-0.24960924685001373,0.4594869017601013,-0.24330544471740723,0.47275829315185547,0.0004562315298244357,0.00046428668429143727,0.0,0.0,-0.1670144498348236,0.00559916952624917,-0.1772392839193344,0.008036484010517597,0.5,0.5,-0.1670144498348236,0.005595419555902481,0.0,1033
-0.24975354969501495,0.47188901901245117,-0.24981141090393066,0.4608268737792969,-0.24342329800128937,0.47345736622810364,0.0004540077643468976,0.00045019484241493046,0.0,0.0,-0.1670144498348236,0.0070893787778913975,-0.14973896741867065,0.013551291078329086,0.5,0.5,-0.1670144498348236,0.0070893787778913975,0.0,1034
-0.24544088542461395,0.468260794878006,-0.24989371001720428,0.4613136649131775,-0.24350911378860474,0.4739663898944855,0.000461609975900501,0.00045900404802523553,0.0,0.0,-0.1670144498348236,0.00516194012016058,-0.16748002171516418,0.004936956334859133,0.5,0.5,-0.1670144498348236,0.00516194012016058,0.0,1035
-0.2650163173675537,0.4576403498649597,-0.24990808963775635,0.46139830350875854,-0.24367550015449524,0.4749533534049988,0.000457592133898288,0.00044675410026684403,0.0,0.0,-0.1670144498348236,0.010009043850004673,-0.1682017594575882,0.0008585931500419974,0.5,0.5,-0.1670144498348236,0.010009043850004673,0.0,1036
-0.2628948390483856,0.45095616579055786,-0.24998967349529266,0.4619457721710205,-0.24382160604000092,0.47581997513771057,0.00046405367902480066,0.0004566467250697315,0.0,0.0,-0.1670144498348236,0.008788553066551685,-0.14793290197849274,0.005535222124308348,0.5,0.5,-0.1670144498348236,0.008788553066551685,0.0,1037
-0.25475600361824036,0.4533882439136505,-0.25015270709991455,0.46284785866737366,-0.24391897022724152,0.4763975441455841,0.00046844410826452076,0.0004634096985682845,0.0,0.0,-0.1670144498348236,0.005857324227690697,-0.17880748212337494,0.009167012758553028,0.5,0.5,-0.1670144498348236,0.005857324227690697,0.0,1038
-0.26576370000839233,0.44564783573150635,-0.2500527501106262,0.46366867423057556,-0.24377520382404327,0.4774722456932068,0.00045289460103958845,0.00044962443644180894,0.0,0.0,0.1961020678281784,0.011599104851484299,0.12119251489639282,0.008268848992884159,0.5,0.5,0.13298554718494415,0.010842778719961643,0.0,1039
-0.26093506813049316,0.4431788921356201,-0.24992336332798004,0.4646393358707428,-0.2436218559741974,0.47861963510513306,0.0004427604144439101,0.00045861362013965845,0.0,0.0,0.1328587383031845,0.011576053686439991,0.13251455128192902,0.009792384691536427,0.5,0.5,0.1328587383031845,0.011576053686439991,0.0,1040
-0.26876989006996155,0.43569573760032654,-0.2494804859161377,0.4665285646915436,-0.2433156669139862,0.48007646203041077,0.0004361013707239181,0.00044649935443885624,0.0,0.0,0.2071637362241745,0.014927752315998077,0.2302660197019577,0.019404307007789612,0.5,0.5,0.2071637362241745,0.014886561781167984,0.0,1041
-0.26121199131011963,0.4573063850402832,-0.24939289689064026,0.4671146273612976,-0.2432457059621811,0.4804988205432892,0.0004493137530516833,0.0004385631764307618,0.0,0.0,0.1641385555267334,0.004285095725208521,0.14836882054805756,0.005925615783780813,0.5,0.5,0.1641385555267334,0.004281130153685808,0.0,1042
-0.2595641613006592,0.4452434778213501,-0.24925239384174347,0.4682599902153015,-0.2431189864873886,0.4815555214881897,0.0004584009002428502,0.00043333080247975886,0.0,0.0,0.1193469762802124,0.01065351814031601,0.12206215411424637,0.011539529077708721,0.5,0.5,0.1193469762802124,0.010642833076417446,0.0,1043
-0.25602027773857117,0.4382796287536621,-0.24912622570991516,0.4700013995170593,-0.24305203557014465,0.48251983523368835,0.0004646042361855507,0.0004473979352042079,0.0,0.0,0.06931059807538986,0.009678548201918602,0.07232742756605148,0.017459748312830925,0.5,0.5,0.06931059807538986,0.009666435420513153,0.0,1044
-0.2528528869152069,0.43658745288848877,-0.2490902543067932,0.4713062047958374,-0.24301961064338684,0.4835248589515686,0.0004688173357862979,0.0004570882592815906,0.0,0.0,0.032256726175546646,0.010062389075756073,0.02756579965353012,0.01305307261645794,0.5,0.5,0.032256726175546646,0.01005548145622015,0.0,1045
-0.24439166486263275,0.4384157359600067,-0.24915948510169983,0.47220879793167114,-0.2430790662765503,0.48444271087646484,0.00047166881267912686,0.00046371048665605485,0.0,0.0,-0.06468286365270615,0.009241129271686077,-0.07654763013124466,0.009052572771906853,0.5,0.5,-0.06468286365270615,0.009197741746902466,0.0,1046
-0.2381371259689331,0.44642511010169983,-0.24934478104114532,0.47334036231040955,-0.24324075877666473,0.48551374673843384,0.00046426206245087087,0.0004682114231400192,0.0,0.0,-0.1498437076807022,0.010871115140616894,-0.16231481730937958,0.011466309428215027,0.5,0.5,-0.1498437076807022,0.01083171833306551,0.0,1047
-0.25844576954841614,0.4546669125556946,-0.24940867722034454,0.47375208139419556,-0.24334877729415894,0.4862292408943176,0.00045935495290905237,0.0004527436976786703,0.0,0.0,-0.1498437076807022,0.007236145902425051,-0.153982475399971,0.004166501108556986,0.5,0.5,-0.1498437076807022,0.007236145902425051,0.0,1048
-0.2572346329689026,0.4778096079826355,-0.24940867722034454,0.47375208139419556,-0.24334877729415894,0.4862292408943176,0.00044698300189338624,0.00046074678539298475,0.0,0.0,-0.1476949155330658,0.0,-0.15126866102218628,0.0,0.5,0.5,-0.1476949155330658,0.0,0.0,1049
-0.2539430856704712,0.4936751425266266,-0.24940867722034454,0.47375208139419556,-0.24334877729415894,0.4862292408943176,0.00045680374023504555,0.00044789048843085766,0.0,0.0,-0.15167291462421417,0.0,-0.15858735144138336,0.0,0.5,0.5,-0.15167291462421417,0.0,0.0,1050
-0.2580336630344391,0.48962244391441345,-0.24940867722034454,0.47375208139419556,-0.24334877729415894,0.4862292408943176,0.00046351668424904346,0.00043947764788754284,0.0,0.0,-0.15148624777793884,0.0,-0.13203191757202148,0.0,0.5,0.5,-0.15148624777793884,0.0,0.0,1051
-0.2502310574054718,0.4725969433784485,-0.2494070678949356,0.4745710790157318,-0.24334529042243958,0.48701953887939453,0.000449694023700431,0.00043393505620770156,0.0,0.0,0.004409488290548325,0.00800000037997961,0.0019638496451079845,0.00818986538797617,0.5,0.5,0.004409488290548325,0.007902982644736767,0.0,1052
-0.2465589940547943,0.4676501452922821,-0.24941180646419525,0.47539022564888,-0.24334152042865753,0.487875759601593,0.0004586612631101161,0.0004478160699363798,0.0,0.0,0.004409488290548325,0.008562326431274414,-0.0057865651324391365,0.008191507309675217,0.5,0.5,0.004409488290548325,0.008562326431274414,0.0,1053
-0.23805172741413116,0.4583590030670166,-0.24941711127758026,0.4766263961791992,-0.24333766102790833,0.4887515902519226,0.0004556285566650331,0.00043942875345237553,0.0,0.0,0.004409488290548325,0.008758380077779293,-0.004291676916182041,0.012361688539385796,0.5,0.5,0.004409488290548325,0.008758380077779293,0.0,1054
-0.24275736510753632,0.46403101086616516,-0.24941463768482208,0.47760629653930664,-0.24333450198173523,0.489467591047287,0.00045360514195635915,0.0004516098415479064,0.0,0.0,0.004409488290548325,0.007160181179642677,0.002520370064303279,0.00979909859597683,0.5,0.5,0.004409488290548325,0.007160181179642677,0.0,1055
-0.25144970417022705,0.4788520634174347,-0.24941463768482208,0.47760629653930664,-0.24333450198173523,0.489467591047287,0.0004522528615780175,0.00045997192501090467,0.0,0.0,0.007248914334923029,0.0,0.011239955201745033,0.0,0.5,0.5,0.007248914334923029,0.0,0.0,1056
-0.24903914332389832,0.48979803919792175,-0.24941463768482208,0.47760629653930664,-0.24333450198173523,0.489467591047287,0.0004604114219546318,0.0004473853623494506,0.0,0.0,0.010770335793495178,0.0,0.013408312574028969,0.0,0.5,0.5,0.010770335793495178,0.0,0.0,1057
-0.2454807460308075,0.5020579099655151,-0.24941463768482208,0.47760629653930664,-0.24333450198173523,0.489467591047287,0.00045679445611312985,0.0004570796445477754,0.0,0.0,0.016779204830527306,0.0,0.03136684000492096,0.0,0.5,0.5,0.016779204830527306,0.0,0.0,1058
-0.24767336249351501,0.5112181305885315,-0.24941463768482208,0.47760629653930664,-0.24333450198173523,0.489467591047287,0.00045438349479809403,0.00046370463678613305,0.0,0.0,0.017974715679883957,0.0,0.02696162462234497,0.0,0.5,0.5,0.017974715679883957,0.0,0.0,1059
-0.242331400513649,0.5046112537384033,-0.24941463768482208,0.47760629653930664,-0.24333450198173523,0.489467591047287,0.0004618664097506553,0.0004682074359152466,0.0,0.0,1.5880436897277832,0.0,0.3269616365432739,0.0,0.5,0.5,0.317974716424942,0.0,0.0,1060
-0.24582545459270477,0.5012196898460388,-0.24941463768482208,0.47760629653930664,-0.24333450198173523,0.489467591047287,0.00045776271144859493,0.0004344525223132223,0.0,0.0,1.5880436897277832,0.0,0.6269616484642029,0.0,0.5,0.5,0.6179746985435486,0.0,0.0,1061
-0.2534358501434326,0.5012462139129639,-0.24941463768482208,0.47760629653930664,-0.24333450198173523,0.489467591047287,0.00045502945431508124,0.00044817401794716716,0.0,0.0,1.5880436897277832,0.0,0.9269616603851318,0.0,0.5,0.5,0.9179747104644775,0.0,0.0,1062
-0.2571043074131012,0.5061284899711609,-0.24941463768482208,0.47760629653930664,-0.24333450198173523,0.489467591047287,0.00044415771844796836,0.00045762021909467876,0.0,0.0,1.5880436897277832,0.0,1.226961612701416,0.0,0.5,0.5,1.2179746627807617,0.0,0.0,1063
-0.258653849363327,0.5066418647766113,-0.24941463768482208,0.47760629653930664,-0.24333450198173523,0.489467591047287,0.0004548642900772393,0.00046407280024141073,0.0,0.0,1.5880436897277832,0.0,1.5269615650177002,0.0,0.5,0.5,1.517974615097046,0.0,0.0,1064
-0.2453078329563141,0.5034720301628113,-0.24863581359386444,0.47760188579559326,-0.2425362914800644,0.4894573390483856,0.00044404968502931297,0.0004318823048379272,0.0,0.0,1.5836403369903564,0.00800000037997961,1.5764620304107666,0.007788339164108038,0.5,0.5,1.5836403369903564,0.00798275787383318,0.0,1065
-0.2488977164030075,0.481847882270813,-0.2483544796705246,0.477620393037796,-0.2409447729587555,0.4895628094673157,0.0004458426556084305,0.000446394900791347,0.0,0.0,1.504619836807251,0.01600000075995922,1.505107045173645,0.0028194300830364227,0.5,0.5,1.504619836807251,0.015950072556734085,0.0,1066
-0.23868775367736816,0.47916343808174133,-0.2463219314813614,0.47777143120765686,-0.23855242133140564,0.4897518455982208,0.0004470485437195748,0.0004384944913908839,0.0,0.0,1.4919403791427612,0.024000000208616257,1.4966168403625488,0.020381515845656395,0.5,0.5,1.4919403791427612,0.023998070508241653,0.0,1067
-0.24103380739688873,0.4686530828475952,-0.24354331195354462,0.47812971472740173,-0.2353767603635788,0.4901260435581207,0.00044785873615182936,0.0004509656864684075,0.0,0.0,1.453506588935852,0.03200000151991844,1.4425654411315918,0.028016291558742523,0.5,0.5,1.453506588935852,0.031976368278265,0.0,1068
-0.23947179317474365,0.4768558740615845,-0.24007335305213928,0.47836971282958984,-0.23210661113262177,0.4904122054576874,0.00044840274495072663,0.000441496231360361,0.0,0.0,1.4835078716278076,0.0328412726521492,1.5017441511154175,0.03478251397609711,0.5,0.5,1.4835078716278076,0.0328264944255352,0.0,1069
-0.24279017746448517,0.48737630248069763,-0.236466646194458,0.47851982712745667,-0.2287156581878662,0.490572065114975,0.00044876785250380635,0.00043526769150048494,0.0,0.0,1.523690938949585,0.033974647521972656,1.5292004346847534,0.03609827533364296,0.5,0.5,1.523690938949585,0.03394722193479538,0.0,1070
-0.2528637647628784,0.5036063194274902,-0.2324826866388321,0.4784678518772125,-0.22547629475593567,0.49053001403808594,0.0004490128194447607,0.00043115022708661854,0.0,0.0,1.583774209022522,0.032454896718263626,1.583844780921936,0.03984298184514046,0.5,0.5,1.583774209022522,0.032396335154771805,0.0,1071
-0.2517392933368683,0.4985881447792053,-0.22869065403938293,0.4785391390323639,-0.22211837768554688,0.49054715037345886,0.0004491771396715194,0.0004458875919226557,0.0,0.0,1.5656945705413818,0.03358509764075279,1.5520007610321045,0.03792697563767433,0.5,0.5,1.5656945705413818,0.03357961028814316,0.0,1072
-0.2479623705148697,0.4900193214416504,-0.2254325896501541,0.47863879799842834,-0.2184433937072754,0.490681529045105,0.00044928735587745905,0.000438160786870867,0.0,0.0,1.5342483520507812,0.0367925800383091,1.5402201414108276,0.03259590268135071,0.5,0.5,1.5342483520507812,0.036774393171072006,0.0,1073
-0.23720364272594452,0.49264463782310486,-0.2209537923336029,0.4788050949573517,-0.2149389684200287,0.490779846906662,0.00044936127960681915,0.0004330647934693843,0.0,0.0,1.542751669883728,0.035059332847595215,1.5336816310882568,0.044818803668022156,0.5,0.5,1.542751669883728,0.03505806252360344,0.0,1074
-0.2401951551437378,0.4884912967681885,-0.21771788597106934,0.47888195514678955,-0.21170514822006226,0.49092018604278564,0.00044941084343008697,0.00044721379526890814,0.0,0.0,1.5274264812469482,0.032372504472732544,1.5470458269119263,0.032368164509534836,0.5,0.5,1.5274264812469482,0.03236870467662811,0.0,1075
-0.2374369502067566,0.49942052364349365,-0.21352097392082214,0.4788993299007416,-0.2084272801876068,0.49092742800712585,0.000449444109108299,0.00045696200686506927,0.0,0.0,1.5685882568359375,0.03280659392476082,1.5666531324386597,0.04196953400969505,0.5,0.5,1.5685882568359375,0.03277880698442459,0.0,1076
-0.23443396389484406,0.48330554366111755,-0.21009856462478638,0.47914329171180725,-0.20514985918998718,0.4911383390426636,0.0004494664026424289,0.0004636244848370552,0.0,0.0,1.5065354108810425,0.032905276864767075,1.4996371269226074,0.03431098163127899,0.5,0.5,1.5065354108810425,0.03284194692969322,0.0,1077
-0.2304656058549881,0.4709719121456146,-0.20739521086215973,0.4794468879699707,-0.20186489820480347,0.49151161313056946,0.0004494813329074532,0.0004681530990637839,0.0,0.0,1.4576534032821655,0.033100470900535583,1.4589565992355347,0.027203476056456566,0.5,0.5,1.4576534032821655,0.03306093439459801,0.0,1078
-0.22694672644138336,0.48971301317214966,-0.20378974080085754,0.47955599427223206,-0.19880838692188263,0.4916364252567291,0.00044949137372896075,0.0004712197696790099,0.0,0.0,1.5299890041351318,0.03067079558968544,1.5405480861663818,0.03607119992375374,0.5,0.5,1.5299890041351318,0.030590590089559555,0.0,1079
-0.2144118696451187,0.48758116364479065,-0.20071916282176971,0.47965192794799805,-0.19584576785564423,0.49179011583328247,0.00044949809671379626,0.00045469310134649277,0.0,0.0,1.5189704895019531,0.029667893424630165,1.5395634174346924,0.030720701441168785,0.5,0.5,1.5189704895019531,0.02966609224677086,0.0,1080
-0.22359426319599152,0.5090159177780151,-0.19717110693454742,0.4794904291629791,-0.19281524419784546,0.49168020486831665,0.0004495025787036866,0.0004620776744559407,0.0,0.0,1.6070480346679688,0.03044312074780464,1.6162841320037842,0.03551724553108215,0.5,0.5,1.6070480346679688,0.030325112864375114,0.0,1081
-0.22300443053245544,0.4992808401584625,-0.19459418952465057,0.47948578000068665,-0.19021739065647125,0.49168774485588074,0.0004495056055020541,0.0004306398332118988,0.0,0.0,1.5678966045379639,0.025998543947935104,1.5726028680801392,0.025769207626581192,0.5,0.5,1.5678966045379639,0.02597862109541893,0.0,1082
-0.2135552614927292,0.5042925477027893,-0.19174620509147644,0.4794520437717438,-0.18707354366779327,0.4916311800479889,0.00044950764277018607,0.00044553374755196273,0.0,0.0,1.588788390159607,0.031450483947992325,1.5826383829116821,0.028481896966695786,0.5,0.5,1.588788390159607,0.03144361823797226,0.0,1083
-0.2122996300458908,0.5078372955322266,-0.18909737467765808,0.4793180823326111,-0.18430955708026886,0.4915398955345154,0.00044950901065021753,0.00045580934965983033,0.0,0.0,1.6038113832473755,0.027657989412546158,1.6213302612304688,0.02652210183441639,0.5,0.5,1.6038113832473755,0.027654867619276047,0.0,1084
-0.19598186016082764,0.5068532228469849,-0.18623362481594086,0.4792383015155792,-0.18149346113204956,0.49145257472991943,0.0004495099128689617,0.00042672629933804274,0.0,0.0,1.6017988920211792,0.028174618259072304,1.5986435413360596,0.028648588806390762,0.5,0.5,1.6017988920211792,0.028174560517072678,0.0,1085
-0.18338368833065033,0.511005163192749,-0.183742955327034,0.4791000485420227,-0.17917706072330475,0.49133023619651794,0.0004495105240494013,0.00044281655573286116,0.0,0.0,1.6235593557357788,0.02320174127817154,1.626243233680725,0.024945003911852837,0.5,0.5,1.6235593557357788,0.023196248337626457,0.0,1086
-0.18265369534492493,0.5223253965377808,-0.1808730959892273,0.47876620292663574,-0.17642267048358917,0.4910341203212738,0.0004495109315030277,0.00041856724419631064,0.0,0.0,1.6778974533081055,0.027743523940443993,1.686607003211975,0.02889210730791092,0.5,0.5,1.6778974533081055,0.0277025755494833,0.0,1087
-0.18211278319358826,0.5209355354309082,-0.17846423387527466,0.4785282015800476,-0.17396751046180725,0.49078595638275146,0.0004495111934375018,0.0004371285031083971,0.0,0.0,1.6715368032455444,0.024677280336618423,1.6692734956741333,0.024205848574638367,0.5,0.5,1.6715368032455444,0.02467678114771843,0.0,1088
-0.1915966421365738,0.5071348547935486,-0.1756463497877121,0.478390097618103,-0.17133013904094696,0.49069908261299133,0.000449511397164315,0.0004500230716075748,0.0,0.0,1.6037251949310303,0.026448868215084076,1.619766116142273,0.028212714940309525,0.5,0.5,1.6037251949310303,0.026388078927993774,0.0,1089
-0.19722935557365417,0.4950878322124481,-0.17294172942638397,0.47847965359687805,-0.16846618056297302,0.4907623827457428,0.0004495115135796368,0.0004588864976540208,0.0,0.0,1.5486959218978882,0.028690000995993614,1.5376940965652466,0.027060987427830696,0.5,0.5,1.5486959218978882,0.028646573424339294,0.0,1090
-0.1906450390815735,0.49584081768989563,-0.16997238993644714,0.4785180687904358,-0.16584157943725586,0.4908130168914795,0.0004495116008911282,0.00044667741167359054,0.0,0.0,1.551511526107788,0.026251044124364853,1.557859182357788,0.02969585917890072,0.5,0.5,1.551511526107788,0.026250939816236496,0.0,1091
-0.17429523169994354,0.4974636435508728,-0.1670968383550644,0.4785560369491577,-0.16378925740718842,0.4908391237258911,0.0004585363785736263,0.0004386802902445197,0.0,0.0,1.5580703020095825,0.020525291562080383,1.557591438293457,0.028758032247424126,0.5,0.5,1.5580703020095825,0.020524850115180016,0.0,1092
-0.17604537308216095,0.5045297741889954,-0.1647319495677948,0.47851812839508057,-0.16126731038093567,0.4907822906970978,0.00045554531970992684,0.00045109380153007805,0.0,0.0,1.5933237075805664,0.025241559371352196,1.586825966835022,0.02365189418196678,0.5,0.5,1.5933237075805664,0.02522587589919567,0.0,1093
-0.17428095638751984,0.4941251277923584,-0.1632700264453888,0.47856685519218445,-0.15911562740802765,0.4908457100391388,0.00045354952453635633,0.0004596190410666168,0.0,0.0,1.5413246154785156,0.021555373445153236,1.5374804735183716,0.014627364464104176,0.5,0.5,1.5413246154785156,0.021526237949728966,0.0,1094
-0.15957129001617432,0.5067892670631409,-0.16065746545791626,0.47850286960601807,-0.15670280158519745,0.49075695872306824,0.00045221566688269377,0.0004654329386539757,0.0,0.0,1.6075636148452759,0.024197665974497795,1.5952849388122559,0.026133490726351738,0.5,0.5,1.6075636148452759,0.024144601076841354,0.0,1095
-0.16689372062683105,0.5184276700019836,-0.15868377685546875,0.4783307611942291,-0.1544373482465744,0.49053940176963806,0.00045132325612939894,0.0004327285278122872,0.0,0.0,1.666533350944519,0.022798331454396248,1.6577831506729126,0.019811809062957764,0.5,0.5,1.666533350944519,0.02275870181620121,0.0,1096
-0.1600891649723053,0.502744734287262,-0.15671293437480927,0.4782954752445221,-0.1520111858844757,0.4905034303665161,0.00045072572538629174,0.0004121878300793469,0.0,0.0,1.5856244564056396,0.024343859404325485,1.5887048244476318,0.01971157267689705,0.5,0.5,1.5856244564056396,0.024264223873615265,0.0,1097
-0.14932699501514435,0.4859619736671448,-0.1550464928150177,0.47846168279647827,-0.1499440222978592,0.4906699061393738,0.0004503254313021898,0.0004326591733843088,0.0,0.0,1.4904427528381348,0.020832905545830727,1.471383810043335,0.016747063025832176,0.5,0.5,1.4904427528381348,0.02073860727250576,0.0,1098
-0.14754056930541992,0.4754070043563843,-0.15290507674217224,0.4787655770778656,-0.14733336865901947,0.49104201793670654,0.00045005721040070057,0.0004294209647923708,0.0,0.0,1.429215431213379,0.026419956237077713,1.429819941520691,0.021628761664032936,0.5,0.5,1.429215431213379,0.026370450854301453,0.0,1099
-0.1572192907333374,0.46944907307624817,-0.15024419128894806,0.4792032539844513,-0.14511114358901978,0.4914146065711975,0.00045890986802987754,0.0004272702499292791,0.0,0.0,1.4046812057495117,0.022539181634783745,1.4077706336975098,0.026966389268636703,0.5,0.5,1.4046812057495117,0.022532399743795395,0.0,1100
-0.1501067578792572,0.46933552622795105,-0.14944656193256378,0.47934648394584656,-0.14283974468708038,0.4918123781681061,0.0004557942447718233,0.0004431946435943246,0.0,0.0,1.3974354267120361,0.023060256615281105,1.393123745918274,0.008103795349597931,0.5,0.5,1.3974354267120361,0.023059651255607605,0.0,1101
-0.1483491063117981,0.4667677879333496,-0.1460597962141037,0.4800173044204712,-0.1405753642320633,0.49224647879600525,0.00045371579471975565,0.0004542023525573313,0.0,0.0,1.38138747215271,0.02305912785232067,1.3752557039260864,0.034525565803050995,0.5,0.5,1.38138747215271,0.023056158795952797,0.0,1102
-0.14229850471019745,0.46247798204421997,-0.14391742646694183,0.4804726541042328,-0.13844475150108337,0.49272432923316956,0.0004523268435150385,0.0004436165909282863,0.0,0.0,1.350165605545044,0.021846001967787743,1.3613660335540771,0.021902240812778473,0.5,0.5,1.350165605545044,0.02183535508811474,0.0,1103
-0.1361895501613617,0.46911847591400146,-0.1420307457447052,0.4808189272880554,-0.13642214238643646,0.49311181902885437,0.00045139764552004635,0.0004544924304354936,0.0,0.0,1.3815048933029175,0.020604027435183525,1.3892884254455566,0.019181936979293823,0.5,0.5,1.3815048933029175,0.020593911409378052,0.0,1104
-0.1388273537158966,0.4689600169658661,-0.13974116742610931,0.4812440276145935,-0.13457873463630676,0.49346107244491577,0.00045077555114403367,0.0004619407409336418,0.0,0.0,1.3835482597351074,0.01876200921833515,1.3872228860855103,0.0232870914041996,0.5,0.5,1.3835482597351074,0.018761970102787018,0.0,1105
-0.14719036221504211,0.4623720645904541,-0.13766220211982727,0.48169177770614624,-0.13240373134613037,0.49393635988235474,0.0004594013444148004,0.00046701054088771343,0.0,0.0,1.355653166770935,0.022272005677223206,1.3586704730987549,0.021266350522637367,0.5,0.5,1.355653166770935,0.022263340651988983,0.0,1106
-0.12936240434646606,0.4698571264743805,-0.13536792993545532,0.4821464419364929,-0.130543515086174,0.49429962038993835,0.0004561217501759529,0.00047044691746123135,0.0,0.0,1.3779497146606445,0.01895815134048462,1.3751609325408936,0.023388899862766266,0.5,0.5,1.3779497146606445,0.018953438848257065,0.0,1107
-0.12310341745615005,0.4774380624294281,-0.13330045342445374,0.4824594557285309,-0.1288232058286667,0.49456170201301575,0.0004539344517979771,0.00045419266098178923,0.0,0.0,1.4196194410324097,0.017416752874851227,1.4205317497253418,0.02091035060584545,0.5,0.5,1.4196194410324097,0.01740163564682007,0.0,1108
-0.1180296242237091,0.46328794956207275,-0.13175852596759796,0.482840895652771,-0.12716859579086304,0.4949863851070404,0.0004524730611592531,0.00046173619921319187,0.0,0.0,1.319545865058899,0.017168374732136726,1.3282928466796875,0.015884017571806908,0.5,0.5,1.319545865058899,0.01708247698843479,0.0,1109
-0.12309211492538452,0.4554208815097809,-0.13005982339382172,0.4833398163318634,-0.12528645992279053,0.4955529570579529,0.00045149552170187235,0.0004485350800678134,0.0,0.0,1.278401255607605,0.019672274589538574,1.2851258516311646,0.01770453341305256,0.5,0.5,1.278401255607605,0.0196556244045496,0.0,1110
-0.12791216373443604,0.47007787227630615,-0.12844231724739075,0.483683705329895,-0.12343493849039078,0.4959152638912201,0.00045084109297022223,0.00045786757254973054,0.0,0.0,1.3775564432144165,0.018959464505314827,1.3613075017929077,0.01653665117919445,0.5,0.5,1.3775564432144165,0.018866339698433876,0.0,1111
-0.11464337259531021,0.4853229522705078,-0.12582501769065857,0.4839569628238678,-0.12184422463178635,0.49608245491981506,0.0004504027310758829,0.00046424122410826385,0.0,0.0,1.4660770893096924,0.016057636588811874,1.466772198677063,0.02631530910730362,0.5,0.5,1.4660770893096924,0.015994764864444733,0.0,1112
-0.13833759725093842,0.48453354835510254,-0.12383302301168442,0.48411402106285095,-0.11980097740888596,0.496275931596756,0.00045010901521891356,0.0004501652729231864,0.0,0.0,1.476387858390808,0.020524922758340836,1.492112398147583,0.01998179592192173,0.5,0.5,1.476387858390808,0.020523831248283386,0.0,1113
-0.132673978805542,0.4893189072608948,-0.12142694741487503,0.4842853546142578,-0.11755255609750748,0.4964282512664795,0.00044991218601353467,0.0004589838208630681,0.0,0.0,1.5031579732894897,0.022543802857398987,1.4997022151947021,0.02412167750298977,0.5,0.5,1.5031579732894897,0.022535724565386772,0.0,1114
-0.1322544515132904,0.48237043619155884,-0.11899583786725998,0.4845520555973053,-0.11569992452859879,0.49663594365119934,0.00044978022924624383,0.0004650008922908455,0.0,0.0,1.4591540098190308,0.01866045407950878,1.4615325927734375,0.024456964805722237,0.5,0.5,1.4591540098190308,0.01864239014685154,0.0,1115
-0.12744301557540894,0.47443029284477234,-0.11732935160398483,0.48484086990356445,-0.11398929357528687,0.49692288041114807,0.00044969175360165536,0.0004690861387643963,0.0,0.0,1.4046103954315186,0.017371103167533875,1.3991976976394653,0.01691325753927231,0.5,0.5,1.4046103954315186,0.01734527014195919,0.0,1116
-0.11725611984729767,0.47081732749938965,-0.11649172008037567,0.48500826954841614,-0.11219792813062668,0.49729037284851074,0.00044963243999518454,0.00047185044968500733,0.0,0.0,1.3684617280960083,0.018298644572496414,1.3735600709915161,0.008541940711438656,0.5,0.5,1.3684617280960083,0.01828669011592865,0.0,1117
-0.11344940215349197,0.46990886330604553,-0.11379598081111908,0.4855786859989166,-0.11060267686843872,0.4976370930671692,0.00044959268416278064,0.00045510134077630937,0.0,0.0,1.356781005859375,0.01632610149681568,1.3622678518295288,0.02755434438586235,0.5,0.5,1.356781005859375,0.01632498763501644,0.0,1118
-0.10760149359703064,0.45501938462257385,-0.11166391521692276,0.486299604177475,-0.10906263440847397,0.4981594979763031,0.0004495660250540823,0.0004623561690095812,0.0,0.0,1.2437602281570435,0.01636674627661705,1.2447389364242554,0.02250647358596325,0.5,0.5,1.2437602281570435,0.016262326389551163,0.0,1119
-0.12367894500494003,0.4649063050746918,-0.10992160439491272,0.48671436309814453,-0.10719431191682816,0.49860048294067383,0.00044954815530218184,0.00044893877930007875,0.0,0.0,1.339002013206482,0.019284047186374664,1.3370927572250366,0.017909983173012733,0.5,0.5,1.339002013206482,0.0191966500133276,0.0,1120
-0.13257494568824768,0.48499777913093567,-0.10822597146034241,0.48687943816185,-0.10541678220033646,0.49876973032951355,0.00044953616452403367,0.0004401662154123187,0.0,0.0,1.4758754968643188,0.018024226650595665,1.473741888999939,0.017036493867635727,0.5,0.5,1.4758754968643188,0.017855653539299965,0.0,1121
-0.10990831255912781,0.4837672710418701,-0.10676757246255875,0.4870462417602539,-0.1037648469209671,0.4989685118198395,0.0004495281318668276,0.0004343898326624185,0.0,0.0,1.4510478973388672,0.016643650829792023,1.4569162130355835,0.014679052866995335,0.5,0.5,1.4510478973388672,0.01663852110505104,0.0,1122
-0.11714715510606766,0.4783134162425995,-0.10510757565498352,0.4872936010360718,-0.10200794786214828,0.4992365539073944,0.00044952271855436265,0.0004305685870349407,0.0,0.0,1.4193994998931885,0.01778121292591095,1.422865867614746,0.016783300787210464,0.5,0.5,1.4193994998931885,0.017772309482097626,0.0,1123
-0.11150266975164413,0.48773348331451416,-0.1037900298833847,0.487430602312088,-0.10038264095783234,0.4993826150894165,0.000449519109679386,0.0004280329740140587,0.0,0.0,1.481174349784851,0.016349762678146362,1.4671962261199951,0.0132464449852705,0.5,0.5,1.481174349784851,0.01631857641041279,0.0,1124
-0.11492263525724411,0.4803228974342346,-0.10198972374200821,0.4876590669155121,-0.09885623306035995,0.4995972812175751,0.0004495166940614581,0.0004263469891157001,0.0,0.0,1.431084156036377,0.015433652326464653,1.4445661306381226,0.018147440627217293,0.5,0.5,1.431084156036377,0.01541429478675127,0.0,1125
-0.12014958262443542,0.48715952038764954,-0.10122751444578171,0.48773258924484253,-0.09679070115089417,0.49977999925613403,0.00044951506424695253,0.00044255281682126224,0.0,0.0,1.4825621843338013,0.020763492211699486,1.474621057510376,0.007657493464648724,0.5,0.5,1.4825621843338013,0.020735986530780792,0.0,1126
-0.12890909612178802,0.5050680637359619,-0.0997447595000267,0.4876776337623596,-0.09503386169672012,0.4997221529483795,0.00044951398740522563,0.00045376099296845496,0.0,0.0,1.6037133932113647,0.017707718536257744,1.6078335046768188,0.01483769528567791,0.5,0.5,1.6037133932113647,0.017577923834323883,0.0,1127
-0.11457648873329163,0.5001428723335266,-0.09807425737380981,0.48765838146209717,-0.09345303475856781,0.4997205436229706,0.0004495132598094642,0.00046144152292981744,0.0,0.0,1.5718199014663696,0.015816355124115944,1.5823217630386353,0.016706103459000587,0.5,0.5,1.5718199014663696,0.015808312222361565,0.0,1128
-0.11584929376840591,0.5091375708580017,-0.09564903378486633,0.4874705970287323,-0.09144174307584763,0.49959006905555725,0.00044951276504434645,0.00046667151036672294,0.0,0.0,1.63558030128479,0.020196249708533287,1.648077130317688,0.02432483620941639,0.5,0.5,1.63558030128479,0.02015521004796028,0.0,1129
-0.1104637086391449,0.5096099376678467,-0.09355388581752777,0.48732343316078186,-0.08957139402627945,0.49945738911628723,0.00044951244490221143,0.0004702174919657409,0.0,0.0,1.6416186094284058,0.01875082030892372,1.640914797782898,0.021003104746341705,0.5,0.5,1.6416186094284058,0.018750479444861412,0.0,1130
-0.10833538323640823,0.49847596883773804,-0.09172281622886658,0.4873259365558624,-0.08840156346559525,0.4994707703590393,0.0004495122120715678,0.00043569973786361516,0.0,0.0,1.5593668222427368,0.011738725937902927,1.56943678855896,0.01831071823835373,0.5,0.5,1.5593668222427368,0.011699040420353413,0.0,1131
-0.11058967560529709,0.49438899755477905,-0.08930200338363647,0.48743221163749695,-0.08666350692510605,0.4995426833629608,0.0004540176596492529,0.00043143637594766915,0.0,0.0,1.529437780380249,0.01740325056016445,1.526917815208435,0.024231448769569397,0.5,0.5,1.529437780380249,0.01739545725286007,0.0,1132
-0.10173428058624268,0.5014082789421082,-0.08855701982975006,0.4874304234981537,-0.08531124144792557,0.4995276629924774,0.0004570659948512912,0.0004460859054233879,0.0,0.0,1.5819079875946045,0.013542106375098228,1.5731815099716187,0.007449844852089882,0.5,0.5,1.5819079875946045,0.013523469679057598,0.0,1133
-0.10365600138902664,0.4980980455875397,-0.08669396489858627,0.4874524474143982,-0.08350235223770142,0.4995543956756592,0.00045456469524651766,0.00045618831063620746,0.0,0.0,1.5560141801834106,0.018096933141350746,1.558968186378479,0.01863185502588749,0.5,0.5,1.5560141801834106,0.0180908665060997,0.0,1134
-0.09396377205848694,0.49210044741630554,-0.08497833460569382,0.4875604212284088,-0.0818307027220726,0.49966540932655334,0.0004528943682089448,0.00046309729805216193,0.0,0.0,1.504490613937378,0.01677553914487362,1.5079419612884521,0.017190242186188698,0.5,0.5,1.504490613937378,0.01675327681005001,0.0,1135
-0.0855427160859108,0.5074475407600403,-0.08347227424383163,0.4874652028083801,-0.08066047728061676,0.4995865821838379,0.00045177742140367627,0.0004494211752898991,0.0,0.0,1.6380672454833984,0.011834180913865566,1.6339421272277832,0.015090695582330227,0.5,0.5,1.6380672454833984,0.011728760786354542,0.0,1136
-0.0861566960811615,0.4997944235801697,-0.08206088095903397,0.4874619245529175,-0.07926305383443832,0.4995891749858856,0.0004510298604145646,0.0004584744747262448,0.0,0.0,1.5689469575881958,0.0140076894313097,1.5731273889541626,0.014113984070718288,0.5,0.5,1.5689469575881958,0.013974240981042385,0.0,1137
-0.09176134318113327,0.47858738899230957,-0.08126786351203918,0.487605482339859,-0.07795169204473495,0.49982964992523193,0.0004505291872192174,0.00046465429477393627,0.0,0.0,1.3894237279891968,0.013550084084272385,1.3917124271392822,0.008059064857661724,0.5,0.5,1.3894237279891968,0.01333231944590807,0.0,1138
-0.09300380945205688,0.4798879623413086,-0.07968635857105255,0.4878717362880707,-0.0763649269938469,0.5001000761985779,0.00045019376557320356,0.0004504338721744716,0.0,0.0,1.4019830226898193,0.016097765415906906,1.404000997543335,0.016037600114941597,0.5,0.5,1.4019830226898193,0.01609649509191513,0.0,1139
-0.09993420541286469,0.47856205701828003,-0.07800158858299255,0.4881843030452728,-0.07463677227497101,0.5003966093063354,0.00044996896758675575,0.0004591675824485719,0.0,0.0,1.4008575677871704,0.01753416657447815,1.3873571157455444,0.017135215923190117,0.5,0.5,1.4008575677871704,0.017534155398607254,0.0,1140
-0.10131337493658066,0.49867692589759827,-0.07693862915039062,0.48819589614868164,-0.07324860990047455,0.5004111528396606,0.00044981829705648124,0.0004468607949092984,0.0,0.0,1.5603221654891968,0.01406081672757864,1.5598783493041992,0.01063019409775734,0.5,0.5,1.5603221654891968,0.013882419094443321,0.0,1141
-0.08845106512308121,0.5014559626579285,-0.07528078556060791,0.48820433020591736,-0.07187698036432266,0.5003935694694519,0.0004542250535450876,0.00043880086741410196,0.0,0.0,1.5836291313171387,0.01372118666768074,1.5657079219818115,0.01657862402498722,0.5,0.5,1.5836291313171387,0.01371745951473713,0.0,1142
-0.08697641640901566,0.4992826282978058,-0.07362478226423264,0.48823583126068115,-0.0704532265663147,0.5004026889801025,0.0004572061006911099,0.00045117695117369294,0.0,0.0,1.564389944076538,0.014240458607673645,1.5517793893814087,0.016562994569540024,0.5,0.5,1.564389944076538,0.014237822964787483,0.0,1143
-0.06456872075796127,0.48553168773651123,-0.07263131439685822,0.4883837103843689,-0.0694674700498581,0.5005618929862976,0.0004546581767499447,0.00045967590995132923,0.0,0.0,1.4106464385986328,0.010104536078870296,1.4230159521102905,0.010044137015938759,0.5,0.5,1.4106464385986328,0.00998535007238388,0.0,1144
-0.07697945088148117,0.4672811031341553,-0.07136406749486923,0.4888007640838623,-0.06810695677995682,0.5009983777999878,0.00045295682502910495,0.0004654716176446527,0.0,0.0,1.2603331804275513,0.014451157301664352,1.2528581619262695,0.013341092504560947,0.5,0.5,1.2603331804275513,0.01428820937871933,0.0,1145
-0.0748664066195488,0.4641077518463135,-0.06977234780788422,0.48939549922943115,-0.06701593101024628,0.5013905167579651,0.00045181921450421214,0.00046940502943471074,0.0,0.0,1.2257697582244873,0.01160042267292738,1.213220238685608,0.01699197106063366,0.5,0.5,1.2257697582244873,0.01159349363297224,0.0,1146
-0.07876086235046387,0.47153928875923157,-0.06808900833129883,0.4898577928543091,-0.06554378569126129,0.5017943382263184,0.00045105782919563353,0.000472065934445709,0.0,0.0,1.3030891418457031,0.01531094778329134,1.302769660949707,0.017456693574786186,0.5,0.5,1.3030891418457031,0.015265204012393951,0.0,1147
-0.06718720495700836,0.46780988574028015,-0.06732269376516342,0.49012336134910583,-0.06427166610956192,0.5022385120391846,0.00045506443711929023,0.0004552407772280276,0.0,0.0,1.234850525856018,0.013505838811397552,1.2371928691864014,0.008110239170491695,0.5,0.5,1.234850525856018,0.013474405743181705,0.0,1148
-0.06766676902770996,0.4791663885116577,-0.06607355922460556,0.49040162563323975,-0.06333551555871964,0.5024489760398865,0.00045322830555960536,0.00044429590343497694,0.0,0.0,1.3496503829956055,0.009658750146627426,1.3516168594360352,0.012797512114048004,0.5,0.5,1.3496503829956055,0.0095951734110713,0.0,1149
-0.06190768629312515,0.46207284927368164,-0.06463342159986496,0.4910263419151306,-0.062043868005275726,0.5030126571655273,0.00045200082240626216,0.0004549592558760196,0.0,0.0,1.1593034267425537,0.014352081343531609,1.1615111827850342,0.01569795049726963,0.5,0.5,1.1593034267425537,0.014092863537371159,0.0,1150
-0.07632934302091599,0.46557390689849854,-0.06319515407085419,0.4915100634098053,-0.06071558967232704,0.5034639239311218,0.00045117942499928176,0.0004622592532541603,0.0,0.0,1.2432867288589478,0.014078069478273392,1.246353268623352,0.015174327418208122,0.5,0.5,1.2432867288589478,0.014028450474143028,0.0,1151
-0.07213552296161652,0.47248202562332153,-0.06233281269669533,0.49176543951034546,-0.05964790657162666,0.5037664175033569,0.00045062939170747995,0.00044887568219564855,0.0,0.0,1.2947349548339844,0.011111698113381863,1.2828831672668457,0.008993585593998432,0.5,0.5,1.2947349548339844,0.011096995323896408,0.0,1152
-0.0745067447423935,0.4635266959667206,-0.060913775116205215,0.49229079484939575,-0.05855320394039154,0.5041676759719849,0.0004547743883449584,0.0004581008979585022,0.0,0.0,1.2194623947143555,0.011692359112203121,1.2162305116653442,0.01513159554451704,0.5,0.5,1.2194623947143555,0.011659250594675541,0.0,1153
-0.07821818441152573,0.4739283323287964,-0.0596701055765152,0.49261903762817383,-0.05735699087381363,0.5044698119163513,0.00045303450315259397,0.00044616468949243426,0.0,0.0,1.3233833312988281,0.012404768727719784,1.3127553462982178,0.012862562201917171,0.5,0.5,1.3233833312988281,0.012337845750153065,0.0,1154
-0.07714232802391052,0.4750547409057617,-0.057963110506534576,0.4930499196052551,-0.05597731098532677,0.5048067569732666,0.0004518711648415774,0.000438343093264848,0.0,0.0,1.331264615058899,0.014202731661498547,1.323532223701477,0.017605409026145935,0.5,0.5,1.331264615058899,0.014202290214598179,0.0,1155
-0.08026020228862762,0.46899595856666565,-0.056834958493709564,0.49339011311531067,-0.05452392250299454,0.5052348375320435,0.0004510926373768598,0.00043318531243130565,0.0,0.0,1.284350037574768,0.015167935751378536,1.277908205986023,0.011783328838646412,0.5,0.5,1.284350037574768,0.015151246450841427,0.0,1156
-0.070747509598732,0.47530385851860046,-0.0557808093726635,0.49366533756256104,-0.05352136492729187,0.5054934024810791,0.0004505712422542274,0.0004472972359508276,0.0,0.0,1.3183683156967163,0.010359701700508595,1.315399408340454,0.010894880630075932,0.5,0.5,1.3183683156967163,0.010353708639740944,0.0,1157
-0.047229114919900894,0.4807651937007904,-0.05475442111492157,0.49394431710243225,-0.0528879277408123,0.5056620836257935,0.0004502219380810857,0.00045701919589191675,0.0,0.0,1.310533881187439,0.006555326282978058,1.3054018020629883,0.010636255145072937,0.5,0.5,1.310533881187439,0.006555125117301941,0.0,1158
-0.04375474900007248,0.48043495416641235,-0.05384541302919388,0.49418896436691284,-0.051826316863298416,0.5059447884559631,0.00044998785597272217,0.00046366345486603677,0.0,0.0,1.310533881187439,0.010986107401549816,1.3079019784927368,0.009413519874215126,0.5,0.5,1.310533881187439,0.010986107401549816,0.0,1159
-0.056601956486701965,0.4929831326007843,-0.05310015752911568,0.49425774812698364,-0.05070235952734947,0.506041407585144,0.0004498309572227299,0.00044978951336815953,0.0,0.0,1.4850184917449951,0.011454988270998001,1.4787791967391968,0.007484227418899536,0.5,0.5,1.4850184917449951,0.011281057260930538,0.0,1160
-0.04242194816470146,0.4988957345485687,-0.05286158248782158,0.4942605793476105,-0.050007015466690063,0.5060527920722961,0.0004497257759794593,0.0004407246597111225,0.0,0.0,1.5544192790985107,0.006971160415560007,1.5589914321899414,0.002385931322351098,0.5,0.5,1.5544192790985107,0.006954378914088011,0.0,1161
-0.03753259778022766,0.49481087923049927,-0.05122898891568184,0.4943047761917114,-0.04914174601435661,0.5060669779777527,0.0004519071080721915,0.00045250271796248853,0.0,0.0,1.5544192790985107,0.008653865195810795,1.5437403917312622,0.01633191667497158,0.5,0.5,1.5544192790985107,0.008653865195810795,0.0,1162
-0.04275979474186897,0.5146133303642273,-0.05007930099964142,0.4943165183067322,-0.048348989337682724,0.5060799717903137,0.00045111667714081705,0.00046058217412792146,0.0,0.0,1.5544192790985107,0.007928628474473953,1.5605800151824951,0.011497496627271175,0.5,0.5,1.5544192790985107,0.007928628474473953,0.0,1163
-0.03708744794130325,0.5114405155181885,-0.04831601679325104,0.49436619877815247,-0.04748092591762543,0.506094217300415,0.000452844105893746,0.00046608768752776086,0.0,0.0,1.5544192790985107,0.008681791834533215,1.5426323413848877,0.017639853060245514,0.5,0.5,1.5544192790985107,0.008681791834533215,0.0,1164
-0.033010080456733704,0.5092034935951233,-0.04831601679325104,0.49436619877815247,-0.04748092591762543,0.506094217300415,0.00045174380647949874,0.0004698222619481385,0.0,0.0,1.5476996898651123,0.0,1.547927975654602,0.0,0.5,0.5,1.5476996898651123,0.0,0.0,1165
-0.04743851348757744,0.5033617615699768,-0.0469239205121994,0.49429795145988464,-0.04668371379375458,0.5060572028160095,0.0004510073340497911,0.00047234774683602154,0.0,0.0,1.6171718835830688,0.00800000037997961,1.6197841167449951,0.013937684707343578,0.5,0.5,1.6171718835830688,0.007980702444911003,0.0,1166
-0.07707103341817856,0.5117530822753906,-0.045263614505529404,0.4941120147705078,-0.04530911147594452,0.5058989524841309,0.00045051411143504083,0.0004370198876131326,0.0,0.0,1.6854373216629028,0.013869169168174267,1.6823201179504395,0.016706837341189384,0.5,0.5,1.6854373216629028,0.013836865313351154,0.0,1167
-0.06351614743471146,0.5184271335601807,-0.04473397880792618,0.4939989149570465,-0.04446918144822121,0.5057240724563599,0.0004501836665440351,0.0004499480710364878,0.0,0.0,1.7760432958602905,0.008614717051386833,1.7811579704284668,0.005415752995759249,0.5,0.5,1.7760432958602905,0.008579380810260773,0.0,1168
-0.05966748669743538,0.524712324142456,-0.04331306368112564,0.49358612298965454,-0.04353152960538864,0.5054503679275513,0.00044996218639425933,0.0004588351584970951,0.0,0.0,1.8547824621200562,0.009798122569918633,1.8535319566726685,0.014796643517911434,0.5,0.5,1.8547824621200562,0.009767764247953892,0.0,1169
-0.057509154081344604,0.5053851008415222,-0.04188163951039314,0.49351292848587036,-0.042491570115089417,0.5053824782371521,0.00045206642244011164,0.00046489975648000836,0.0,0.0,1.6359707117080688,0.010676298290491104,1.621883749961853,0.014332951046526432,0.5,0.5,1.6359707117080688,0.010421733371913433,0.0,1170
-0.06752826273441315,0.4857574701309204,-0.041097063571214676,0.4936418831348419,-0.04136233031749725,0.5055562853813171,0.0004534834297373891,0.0004690175992436707,0.0,0.0,1.4180686473846436,0.01170211099088192,1.407880187034607,0.0079510398209095,0.5,0.5,1.4180686473846436,0.01142539270222187,0.0,1171
-0.0638042539358139,0.48630642890930176,-0.040293190628290176,0.4937734603881836,-0.0398508757352829,0.5057893395423889,0.00045217145816423,0.00045326646068133414,0.0,0.0,1.417801856994629,0.015293166041374207,1.4085501432418823,0.008145698346197605,0.5,0.5,1.417801856994629,0.015293166041374207,0.0,1172
-0.06069353222846985,0.4908037781715393,-0.040293190628290176,0.4937734603881836,-0.03890424221754074,0.5058909058570862,0.00045129365753382444,0.0004611038602888584,0.0,0.0,1.4638904333114624,0.009530803188681602,1.461533546447754,0.0,0.5,0.5,1.4638904333114624,0.009520682506263256,0.0,1173
-0.04961202293634415,0.49755343794822693,-0.039786260575056076,0.49378910660743713,-0.03793301060795784,0.5059227347373962,0.0004507059056777507,0.00044812317355535924,0.0,0.0,1.538017749786377,0.009744296781718731,1.5399585962295532,0.005071695428341627,0.5,0.5,1.538017749786377,0.009717537090182304,0.0,1174
-0.050452008843421936,0.4940948188304901,-0.038256749510765076,0.49383345246315,-0.03721039742231369,0.5059464573860168,0.00045031215995550156,0.0004575853527057916,0.0,0.0,1.538017749786377,0.0072300005704164505,1.541817545890808,0.015301520936191082,0.5,0.5,1.538017749786377,0.0072300005704164505,0.0,1175
-0.038907211273908615,0.49642375111579895,-0.03796422854065895,0.49384450912475586,-0.03645111247897148,0.505971372127533,0.00045230225077830255,0.00046404905151575804,0.0,0.0,1.538017749786377,0.007596940267831087,1.5330535173416138,0.002927296794950962,0.5,0.5,1.538017749786377,0.007596940267831087,0.0,1176
-0.04698648303747177,0.49882879853248596,-0.03634500131011009,0.4939207136631012,-0.03544086590409279,0.5060045123100281,0.0004536421038210392,0.0004684409941546619,0.0,0.0,1.538017749786377,0.010107897222042084,1.5237619876861572,0.016210194677114487,0.5,0.5,1.538017749786377,0.010107897222042084,0.0,1177
-0.045366670936346054,0.49596789479255676,-0.03574104607105255,0.49394872784614563,-0.034601759165525436,0.5060320496559143,0.00045227757073007524,0.00045289259287528694,0.0,0.0,1.538017749786377,0.008395559154450893,1.524436116218567,0.00604603486135602,0.5,0.5,1.538017749786377,0.008395559154450893,0.0,1178
-0.029618501663208008,0.4982835352420807,-0.03574104607105255,0.49394872784614563,-0.034601759165525436,0.5060320496559143,0.00045362551463767886,0.0004427590756677091,0.0,0.0,1.540050745010376,0.0,1.5426294803619385,0.0,0.5,0.5,1.540050745010376,0.0,0.0,1179
-0.0323370136320591,0.5091479420661926,-0.035607997328042984,0.4939289093017578,-0.03382581099867821,0.5059082508087158,0.0004533988540060818,0.0004539028450381011,0.0,0.0,1.7290092706680298,0.00800000037997961,1.7186861038208008,0.0013451715931296349,0.5,0.5,1.7290092706680298,0.007857603020966053,0.0,1180
-0.03865157440304756,0.5086396932601929,-0.034954484552145004,0.4938324987888336,-0.032934512943029404,0.5057660341262817,0.0004543796821963042,0.00046153838047757745,0.0,0.0,1.7290092706680298,0.00902570877224207,1.7172882556915283,0.0066058640368282795,0.5,0.5,1.7290092706680298,0.00902570877224207,0.0,1181
-0.036592837423086166,0.4902445375919342,-0.034954484552145004,0.4938324987888336,-0.032934512943029404,0.5057660341262817,0.00045277070603333414,0.00043030368397012353,0.0,0.0,1.724503517150879,0.0,1.735526442527771,0.0,0.5,0.5,1.724503517150879,0.0,0.0,1182
-0.024553241208195686,0.4725858271121979,-0.03435185179114342,0.49391451478004456,-0.03230879828333855,0.5058582425117493,0.00045395726920105517,0.00044530065497383475,0.0,0.0,1.065479040145874,0.00800000037997961,1.4355264902114868,0.006081878673285246,0.5,0.5,1.4245035648345947,0.00632471963763237,0.0,1183
-0.017962709069252014,0.4801587164402008,-0.03435185179114342,0.49391451478004456,-0.03230879828333855,0.5058582425117493,0.0004536212654784322,0.00045564930769614875,0.0,0.0,1.4309760332107544,0.0,1.413644552230835,0.0,0.5,0.5,1.4309760332107544,0.0,0.0,1184
-0.017808452248573303,0.4718755781650543,-0.03372668847441673,0.4942220449447632,-0.03165432810783386,0.5061662197113037,0.00045339600183069706,0.00046272986219264567,0.0,0.0,0.9895280003547668,0.00800000037997961,1.1136445999145508,0.006967062596231699,0.5,0.5,1.1309760808944702,0.007233071606606245,0.0,1185
-0.03456154838204384,0.46348899602890015,-0.032983746379613876,0.49469324946403503,-0.03080124594271183,0.5067266821861267,0.0004521129885688424,0.00046754616778343916,0.0,0.0,0.9895280003547668,0.010310143232345581,1.0055749416351318,0.0087977210059762,0.5,0.5,0.9895280003547668,0.010207174345850945,0.0,1186
-0.016928626224398613,0.46971508860588074,-0.032983746379613876,0.49469324946403503,-0.03080124594271183,0.5067266821861267,0.00045125451288186014,0.0004708093183580786,0.0,0.0,0.9879196286201477,0.0,0.9849534630775452,0.0,0.5,0.5,0.9879196286201477,0.0,0.0,1187
-0.006307130679488182,0.48845240473747253,-0.032983746379613876,0.49469324946403503,-0.03080124594271183,0.5067266821861267,0.000451807864010334,0.0004730141954496503,0.0,0.0,0.9869998097419739,0.0,0.9939671754837036,0.0,0.5,0.5,0.9869998097419739,0.0,0.0,1188
-0.002200616989284754,0.502830445766449,-0.032983746379613876,0.49469324946403503,-0.03080124594271183,0.5067266821861267,0.0004521794035099447,0.000474501313874498,0.0,0.0,0.987059473991394,0.0,0.9762973189353943,0.0,0.5,0.5,0.987059473991394,0.0,0.0,1189
0.0027941109146922827,0.5069408416748047,-0.032983746379613876,0.49469324946403503,-0.03080124594271183,0.5067266821861267,0.000452287495136261,0.00047550309682264924,0.0,0.0,0.9791620969772339,0.0,0.9898781180381775,0.0,0.5,0.5,0.9791620969772339,0.0,0.0,1190
-0.016115905717015266,0.5012510418891907,-0.032983746379613876,0.49469324946403503,-0.03080124594271183,0.5067266821861267,0.00045236002188175917,0.0004761774034705013,0.0,0.0,0.978615939617157,0.0,0.9758598804473877,0.0,0.5,0.5,0.978615939617157,0.0,0.0,1191
-0.019428426399827003,0.49114084243774414,-0.032983746379613876,0.49469324946403503,-0.03080124594271183,0.5067266821861267,0.00045254998258315027,0.0004766309866681695,0.0,0.0,0.9817914366722107,0.0,0.9874250292778015,0.0,0.5,0.5,0.9817914366722107,0.0,0.0,1192
-0.016041409224271774,0.503513753414154,-0.032983746379613876,0.49469324946403503,-0.03080124594271183,0.5067266821861267,0.0004515470063779503,0.0004581902758218348,0.0,0.0,0.9869365692138672,0.0,0.9890344738960266,0.0,0.5,0.5,0.9869365692138672,0.0,0.0,1193
-0.01729217916727066,0.4971993863582611,-0.032983746379613876,0.49469324946403503,-0.03080124594271183,0.5067266821861267,0.00045200425665825605,0.00042821455281227827,0.0,0.0,0.9886548519134521,0.0,0.985741138458252,0.0,0.5,0.5,0.9886548519134521,0.0,0.0,1194
-0.03581233695149422,0.500817060470581,-0.031626809388399124,0.49509087204933167,-0.03016517125070095,0.506911039352417,0.0004523112438619137,0.0004438507021404803,0.0,0.0,1.5842307806015015,0.00800000037997961,1.2857410907745361,0.014139962382614613,0.5,0.5,1.2886548042297363,0.006622604094445705,0.0,1195
-0.027664685621857643,0.4913238286972046,-0.03131496533751488,0.49508902430534363,-0.029425129294395447,0.5069010853767395,0.0004513871972449124,0.0004194056091364473,0.0,0.0,1.5842307806015015,0.007736595347523689,1.5767571926116943,0.003118478925898671,0.5,0.5,1.5842307806015015,0.007401094306260347,0.0,1196
-0.028787698596715927,0.49283167719841003,-0.030128849670290947,0.4950851500034332,-0.028803015127778053,0.506892740726471,0.00045189697993919253,0.0004205899022053927,0.0,0.0,1.5842307806015015,0.006221706047654152,1.5740716457366943,0.011861229315400124,0.5,0.5,1.5842307806015015,0.006221706047654152,0.0,1197
-0.018955688923597336,0.48804253339767456,-0.030128849670290947,0.4950851500034332,-0.028803015127778053,0.506892740726471,0.00045223921188153327,0.000421382108470425,0.0,0.0,1.5843127965927124,0.0,1.5759823322296143,0.0,0.5,0.5,1.5843127965927124,0.0,0.0,1198
-0.021463045850396156,0.4975908696651459,-0.030128849670290947,0.4950851500034332,-0.028803015127778053,0.506892740726471,0.00045246892841532826,0.00043909443775191903,0.0,0.0,1.5823297500610352,0.0,1.585158109664917,0.0,0.5,0.5,1.5823297500610352,0.0,0.0,1199
-0.020397886633872986,0.4850863814353943,-0.030128849670290947,0.4950851500034332,-0.028803015127778053,0.506892740726471,0.0004526230623014271,0.0004513793683145195,0.0,0.0,1.5729097127914429,0.0,1.5586156845092773,0.0,0.5,0.5,1.5729097127914429,0.0,0.0,1200
-0.02766254171729088,0.47950637340545654,-0.029322944581508636,0.49534523487091064,-0.02809089981019497,0.5071113705635071,0.00045272649731487036,0.00045981432776898146,0.0,0.0,1.1996784210205078,0.00800000037997961,1.2586157321929932,0.008468364365398884,0.5,0.5,1.2729097604751587,0.007449231576174498,0.0,1201
-0.01792028173804283,0.49534347653388977,-0.029322944581508636,0.49534523487091064,-0.02809089981019497,0.5071113705635071,0.0004527958808466792,0.0004655657394323498,0.0,0.0,1.2687658071517944,0.0,1.2739958763122559,0.0,0.5,0.5,1.2687658071517944,0.0,0.0,1202
-0.03675655275583267,0.5036219358444214,-0.02843467891216278,0.4953424036502838,-0.027342356741428375,0.5071129202842712,0.00045284244697541,0.00046946879592724144,0.0,0.0,1.6293779611587524,0.00800000037997961,1.57399582862854,0.008882708847522736,0.5,0.5,1.5687657594680786,0.00748544791713357,0.0,1203
-0.031810496002435684,0.5033726096153259,-0.028373122215270996,0.4953395426273346,-0.026688843965530396,0.5070745944976807,0.000454005494248122,0.00047210900811478496,0.0,0.0,1.6293779611587524,0.00655840989202261,1.617323637008667,0.0006162324571050704,0.5,0.5,1.6293779611587524,0.00654636649414897,0.0,1204
-0.0204656720161438,0.48668909072875977,-0.028373122215270996,0.4953395426273346,-0.026688843965530396,0.5070745944976807,0.0004536535998340696,0.0004738910647574812,0.0,0.0,1.6283888816833496,0.0,1.6340998411178589,0.0,0.5,0.5,1.6283888816833496,0.0,0.0,1205
-0.02306617610156536,0.4978814423084259,-0.028373122215270996,0.4953395426273346,-0.026688843965530396,0.5070745944976807,0.0004534176841843873,0.0004750921216327697,0.0,0.0,1.6240586042404175,0.0,1.6090964078903198,0.0,0.5,0.5,1.6240586042404175,0.0,0.0,1206
-0.026723120361566544,0.49204516410827637,-0.02757675014436245,0.49546295404434204,-0.025914836674928665,0.5071936249732971,0.0004532594757620245,0.00047590082976967096,0.0,0.0,1.4181952476501465,0.00800000037997961,1.4170414209365845,0.008058794774115086,0.5,0.5,1.4181952476501465,0.007831078954041004,0.0,1207
-0.029034048318862915,0.505534291267395,-0.02757675014436245,0.49546295404434204,-0.02526848576962948,0.5072930455207825,0.00045315339230000973,0.00047644495498389006,0.0,0.0,1.4181952476501465,0.006539498921483755,1.4044063091278076,0.0,0.5,0.5,1.4181952476501465,0.006539498921483755,0.0,1208
-0.011172344908118248,0.5158917903900146,-0.02757675014436245,0.49546295404434204,-0.02526848576962948,0.5072930455207825,0.00045308226253837347,0.0004768109356518835,0.0,0.0,1.4196979999542236,0.0,1.4113192558288574,0.0,0.5,0.5,1.4196979999542236,0.0,0.0,1209
-0.00962433684617281,0.5165719389915466,-0.02757675014436245,0.49546295404434204,-0.02526848576962948,0.5072930455207825,0.00045246872468851507,0.0004770569794345647,0.0,0.0,1.4186594486236572,0.0,1.4253523349761963,0.0,0.5,0.5,1.4186594486236572,0.0,0.0,1210
-0.0025752950459718704,0.5196536183357239,-0.02757675014436245,0.49546295404434204,-0.02526848576962948,0.5072930455207825,0.00045262291678227484,0.00047722237650305033,0.0,0.0,1.4240295886993408,0.0,1.435051441192627,0.0,0.5,0.5,1.4240295886993408,0.0,0.0,1211
-0.009438340552151203,0.5207693576812744,-0.02757675014436245,0.49546295404434204,-0.02526848576962948,0.5072930455207825,0.0004525850235950202,0.00047733355313539505,0.0,0.0,1.4215470552444458,0.0,1.4054805040359497,0.0,0.5,0.5,1.4215470552444458,0.0,0.0,1212
-0.002941005863249302,0.5074071884155273,-0.02757675014436245,0.49546295404434204,-0.02526848576962948,0.5072930455207825,0.0004527009732555598,0.00047740829177200794,0.0,0.0,1.420398473739624,0.0,1.4134098291397095,0.0,0.5,0.5,1.420398473739624,0.0,0.0,1213
-0.007066003978252411,0.5177222490310669,-0.02757675014436245,0.49546295404434204,-0.02526848576962948,0.5072930455207825,0.00045263738138601184,0.0004774584958795458,0.0,0.0,1.4237538576126099,0.0,1.422375202178955,0.0,0.5,0.5,1.4237538576126099,0.0,0.0,1214
-0.006089146248996258,0.5117812156677246,-0.02757675014436245,0.49546295404434204,-0.02526848576962948,0.5072930455207825,0.0004527361015789211,0.00044018018525093794,0.0,0.0,1.4253066778182983,0.0,1.4154467582702637,0.0,0.5,0.5,1.4253066778182983,0.0,0.0,1215
-0.0016223560087382793,0.5124946236610413,-0.02757675014436245,0.49546295404434204,-0.02526848576962948,0.5072930455207825,0.0004525195399764925,0.0004521276568993926,0.0,0.0,1.4213606119155884,0.0,1.4331440925598145,0.0,0.5,0.5,1.4213606119155884,0.0,0.0,1216
-0.009778697043657303,0.4973699748516083,-0.02757675014436245,0.49546295404434204,-0.02526848576962948,0.5072930455207825,0.0004525156691670418,0.000460325856693089,0.0,0.0,1.4229109287261963,0.0,1.4255009889602661,0.0,0.5,0.5,1.4229109287261963,0.0,0.0,1217
-0.005934477783739567,0.49570488929748535,-0.02757675014436245,0.49546295404434204,-0.02526848576962948,0.5072930455207825,0.0004526544362306595,0.00046591347199864686,0.0,0.0,1.4271020889282227,0.0,1.4312649965286255,0.0,0.5,0.5,1.4271020889282227,0.0,0.0,1218
-0.01638069562613964,0.49397778511047363,-0.02757675014436245,0.49546295404434204,-0.02526848576962948,0.5072930455207825,0.0004524647956714034,0.00046970430412329733,0.0,0.0,1.4327054023742676,0.0,1.4146702289581299,0.0,0.5,0.5,1.4327054023742676,0.0,0.0,1219
-0.0069634742103517056,0.48789170384407043,-0.02757675014436245,0.49546295404434204,-0.02526848576962948,0.5072930455207825,0.00045262029743753374,0.00047226808965206146,0.0,0.0,1.4331854581832886,0.0,1.4286035299301147,0.0,0.5,0.5,1.4331854581832886,0.0,0.0,1220
-0.0027519683353602886,0.4959571659564972,-0.02757675014436245,0.49546295404434204,-0.02526848576962948,0.5072930455207825,0.0004527246346697211,0.00047399834147654474,0.0,0.0,1.4262137413024902,0.0,1.408616065979004,0.0,0.5,0.5,1.4262137413024902,0.0,0.0,1221
-0.011131118051707745,0.4854358732700348,-0.02757675014436245,0.49546295404434204,-0.02526848576962948,0.5072930455207825,0.00045265324297361076,0.00045649035018868744,0.0,0.0,1.4201596975326538,0.0,1.4281206130981445,0.0,0.5,0.5,1.4201596975326538,0.0,0.0,1222
-0.01911058835685253,0.4810718595981598,-0.02757675014436245,0.49546295404434204,-0.02526848576962948,0.5072930455207825,0.0004527467244770378,0.00044511278974823654,0.0,0.0,1.4194132089614868,0.0,1.4082690477371216,0.0,0.5,0.5,1.4194132089614868,0.0,0.0,1223
-0.02570425719022751,0.47577378153800964,-0.026843365281820297,0.49580127000808716,-0.02457769215106964,0.5076230764389038,0.0004528094723355025,0.00043765094596892595,0.0,0.0,1.125070571899414,0.00800000037997961,1.138562798500061,0.008076639845967293,0.5,0.5,1.125070571899414,0.007655944209545851,0.0,1224
-0.014483461156487465,0.4853813946247101,-0.026843365281820297,0.49580127000808716,-0.02457769215106964,0.5076230764389038,0.00045285155647434294,0.0004327276546973735,0.0,0.0,1.1263248920440674,0.0,1.1248352527618408,0.0,0.5,0.5,1.1263248920440674,0.0,0.0,1225
-0.0013560287188738585,0.49624282121658325,-0.026843365281820297,0.49580127000808716,-0.02457769215106964,0.5076230764389038,0.000452879787189886,0.00044698038254864514,0.0,0.0,1.124778151512146,0.0,1.1147786378860474,0.0,0.5,0.5,1.124778151512146,0.0,0.0,1226
-0.014263375662267208,0.49734625220298767,-0.026843365281820297,0.49580127000808716,-0.02457769215106964,0.5076230764389038,0.0004527572891674936,0.00045680193579755723,0.0,0.0,1.1252449750900269,0.0,1.1285881996154785,0.0,0.5,0.5,1.1252449750900269,0.0,0.0,1227
-0.024431409314274788,0.49915069341659546,-0.026843365281820297,0.49580127000808716,-0.02457769215106964,0.5076230764389038,0.0004528165445663035,0.0004635154618881643,0.0,0.0,1.1284934282302856,0.0,1.10805344581604,0.0,0.5,0.5,1.1284934282302856,0.0,0.0,1228
-0.034528180956840515,0.48880472779273987,-0.02645001746714115,0.49587613344192505,-0.02381717786192894,0.5077661275863647,0.0004528563003987074,0.00044969323789700866,0.0,0.0,1.3849009275436401,0.00800000037997961,1.3827190399169922,0.0040040938183665276,0.5,0.5,1.3849009275436401,0.0077384584583342075,0.0,1229
-0.032379474490880966,0.4645627439022064,-0.026237042620778084,0.4959125220775604,-0.022812122479081154,0.5079551339149475,0.0004540156223811209,0.00045866071013733745,0.0,0.0,1.3849009275436401,0.010226748883724213,1.4015756845474243,0.002160612028092146,0.5,0.5,1.3849009275436401,0.010226748883724213,0.0,1230
-0.042552389204502106,0.4619475305080414,-0.024521781131625175,0.4962329864501953,-0.021624630317091942,0.5081784725189209,0.00045479429536499083,0.0004647810710594058,0.0,0.0,1.3849009275436401,0.012083092704415321,1.3860900402069092,0.01744941622018814,0.5,0.5,1.3849009275436401,0.012083092704415321,0.0,1231
-0.036209821701049805,0.45540669560432434,-0.02412267029285431,0.4963095784187317,-0.02083229087293148,0.5083274841308594,0.0004553174658212811,0.00046893718536011875,0.0,0.0,1.3849009275436401,0.008062290027737617,1.381218433380127,0.0040639243088662624,0.5,0.5,1.3849009275436401,0.008062290027737617,0.0,1232
-0.027418578043580055,0.46521660685539246,-0.023771382868289948,0.4963785707950592,-0.02018418349325657,0.508449375629425,0.00045339734060689807,0.0004717497795354575,0.0,0.0,1.3849009275436401,0.006594688165932894,1.3768861293792725,0.0035799783654510975,0.5,0.5,1.3849009275436401,0.006594688165932894,0.0,1233
-0.010161994956433773,0.4503995478153229,-0.02292325720191002,0.4965378940105438,-0.019625430926680565,0.5085544586181641,0.00045324585516937077,0.0004736487753689289,0.0,0.0,1.3849009275436401,0.005685482639819384,1.3850966691970825,0.008629615418612957,0.5,0.5,1.3849009275436401,0.005685482639819384,0.0,1234
0.015784654766321182,0.45128461718559265,-0.02292325720191002,0.4965378940105438,-0.019625430926680565,0.5085544586181641,0.0004531442536972463,0.0004562644171528518,0.0,0.0,1.388871669769287,0.0,1.3838926553726196,0.0,0.5,0.5,1.388871669769287,0.0,0.0,1235
0.01827031932771206,0.46681666374206543,-0.02292325720191002,0.4965378940105438,-0.019625430926680565,0.5085544586181641,0.00045194459380581975,0.0004631491901818663,0.0,0.0,1.3864034414291382,0.0,1.39920175075531,0.0,0.5,0.5,1.3864034414291382,0.0,0.0,1236
0.006732238456606865,0.4722650647163391,-0.02292325720191002,0.4965378940105438,-0.019625430926680565,0.5085544586181641,0.0004522711969912052,0.0004678306868299842,0.0,0.0,1.38926100730896,0.0,1.4073787927627563,0.0,0.5,0.5,1.38926100730896,0.0,0.0,1237
0.01390744000673294,0.4854902923107147,-0.02292325720191002,0.4965378940105438,-0.018832998350262642,0.5085985064506531,0.00045220780884847045,0.000452496693469584,0.0,0.0,1.5152803659439087,0.00800000037997961,1.526572585105896,0.0,0.5,0.5,1.5152803659439087,0.007936560548841953,0.0,1238
0.0003776263620238751,0.4969397485256195,-0.020540034398436546,0.4965275526046753,-0.017234671860933304,0.5086163282394409,0.00045244782813824713,0.0004424997605383396,0.0,0.0,1.5596532821655273,0.01600000075995922,1.5751383304595947,0.023832445964217186,0.5,0.5,1.5596532821655273,0.015984250232577324,0.0,1239
-0.0034412515815347433,0.48727935552597046,-0.016986442729830742,0.4966713786125183,-0.014838599599897861,0.5087258219718933,0.00045246758963912725,0.0004359295417089015,0.0,0.0,1.5251429080963135,0.024000000208616257,1.5303415060043335,0.03556502237915993,0.5,0.5,1.5251429080963135,0.023985709995031357,0.0,1240
-0.005737042520195246,0.4976937472820282,-0.013151049613952637,0.49661216139793396,-0.011640950106084347,0.5087521076202393,0.00045248083188198507,0.00044919500942341983,0.0,0.0,1.5625815391540527,0.03200000151991844,1.5862345695495605,0.038358502089977264,0.5,0.5,1.5625815391540527,0.0319775752723217,0.0,1241
-0.010526474565267563,0.48677384853363037,-0.00901907030493021,0.4968164265155792,-0.008139151148498058,0.5089142918586731,0.00045248970855027437,0.00044033443555235863,0.0,0.0,1.5245074033737183,0.03508096560835838,1.521401047706604,0.04137025773525238,0.5,0.5,1.5245074033737183,0.03505554050207138,0.0,1242
-0.003735935315489769,0.4877395033836365,-0.0056469980627298355,0.4969678521156311,-0.004700645338743925,0.5090655088424683,0.00045263703214004636,0.0004522339440882206,0.0,0.0,1.5268385410308838,0.03441840037703514,1.525923728942871,0.03375469893217087,0.5,0.5,1.5268385410308838,0.03441830724477768,0.0,1243
0.003495217766612768,0.4776097536087036,-0.0021970246452838182,0.49731478095054626,-0.0011969543993473053,0.5093544721603394,0.0004525768163148314,0.000460398499853909,0.0,0.0,1.4885152578353882,0.0351816788315773,1.4705743789672852,0.03467372804880142,0.5,0.5,1.4885152578353882,0.035155847668647766,0.0,1244
-0.01915501058101654,0.46844932436943054,0.0022619024384766817,0.4977955222129822,0.002784038195386529,0.5097814798355103,0.00045241275802254677,0.00044766347855329514,0.0,0.0,1.4639462232589722,0.04005035385489464,1.4633947610855103,0.04484768211841583,0.5,0.5,1.4639462232589722,0.04003826528787613,0.0,1245
-0.013840402476489544,0.46328794956207275,0.005924032535403967,0.49830853939056396,0.006075250916182995,0.510199785232544,0.00045258537284098566,0.0004393284907564521,0.0,0.0,1.4443726539611816,0.0331832654774189,1.4316158294677734,0.036978889256715775,0.5,0.5,1.4443726539611816,0.033176906406879425,0.0,1246
-0.007648129481822252,0.4703670144081116,0.009580937214195728,0.49872350692749023,0.009741566143929958,0.5105841755867004,0.00045270120608620346,0.00045154071995057166,0.0,0.0,1.4663373231887817,0.0368729867041111,1.4578044414520264,0.03680373728275299,0.5,0.5,1.4663373231887817,0.03686409071087837,0.0,1247
-0.0074218823574483395,0.4715788662433624,0.012576240114867687,0.4990665018558502,0.013221997767686844,0.5109344124794006,0.0004524961404968053,0.00045992466039024293,0.0,0.0,1.4705003499984741,0.0349804125726223,1.4567785263061523,0.030148787423968315,0.5,0.5,1.4705003499984741,0.034980107098817825,0.0,1248
0.00715043768286705,0.4919925332069397,0.016031697392463684,0.4991837441921234,0.016535133123397827,0.5110334753990173,0.00045264133950695395,0.0004656407400034368,0.0,0.0,1.5409098863601685,0.03322848305106163,1.536881685256958,0.03457445651292801,0.5,0.5,1.5409098863601685,0.03314615413546562,0.0,1249
0.011643139645457268,0.5163717269897461,0.01980072446167469,0.4989283084869385,0.019755423069000244,0.5108332633972168,0.00045273875002749264,0.0004695196112152189,0.0,0.0,1.6328821182250977,0.03240200877189636,1.6384676694869995,0.03777673840522766,0.5,0.5,1.6328821182250977,0.032265063375234604,0.0,1250
0.01205264963209629,0.5059172511100769,0.023935919627547264,0.4988374412059784,0.02296413667500019,0.5107610821723938,0.00045280411723069847,0.00047214332153089345,0.0,0.0,1.593295931816101,0.03212042897939682,1.592768907546997,0.04136193171143532,0.5,0.5,1.593295931816101,0.03209526464343071,0.0,1251
0.022522032260894775,0.5170625448226929,0.027121204882860184,0.4986434280872345,0.026236960664391518,0.5105398893356323,0.0004522823728621006,0.0004739142023026943,0.0,0.0,1.6382739543914795,0.03283610939979553,1.63163423538208,0.03191189467906952,0.5,0.5,1.6382739543914795,0.032802898436784744,0.0,1252
0.026770301163196564,0.5156968832015991,0.030358515679836273,0.4984704256057739,0.029160596430301666,0.5103549957275391,0.0004524978867266327,0.0004751077212858945,0.0,0.0,1.633947491645813,0.029295023530721664,1.6241874694824219,0.03241931274533272,0.5,0.5,1.633947491645813,0.029294749721884727,0.0,1253
0.04218354448676109,0.5148691534996033,0.03253135830163956,0.49832865595817566,0.031664635986089706,0.5101950764656067,0.0004526425036601722,0.0004759113071486354,0.0,0.0,1.6345762014389038,0.025091420859098434,1.6359449625015259,0.02177460677921772,0.5,0.5,1.6345762014389038,0.025091415271162987,0.0,1254
0.03435709699988365,0.5067773461341858,0.03554149344563484,0.4982154965400696,0.034970369189977646,0.5101019740104675,0.0004516089102253318,0.00047645202721469104,0.0,0.0,1.5989524126052856,0.03309142217040062,1.608376145362854,0.030122602358460426,0.5,0.5,1.5989524126052856,0.03307042643427849,0.0,1255
0.027037758380174637,0.4996064603328705,0.038824569433927536,0.49820366501808167,0.03799678757786751,0.5101068019866943,0.00045091702486388385,0.00047681567957624793,0.0,0.0,1.5692092180252075,0.03027760237455368,1.574399709701538,0.03283095359802246,0.5,0.5,1.5692092180252075,0.03026420995593071,0.0,1256
0.049714937806129456,0.5165826678276062,0.04101652652025223,0.4980369508266449,0.04050920158624649,0.5099218487739563,0.00045158120337873697,0.00045830942690372467,0.0,0.0,1.6442712545394897,0.025263233110308647,1.6467114686965942,0.02198289893567562,0.5,0.5,1.6442712545394897,0.025192096829414368,0.0,1257
0.05872569605708122,0.49887558817863464,0.0437266007065773,0.49806538224220276,0.04333510622382164,0.509936511516571,0.0004531568556558341,0.00046454198309220374,0.0,0.0,1.565597414970398,0.02834709733724594,1.5603094100952148,0.027102215215563774,0.5,0.5,1.565597414970398,0.028259415179491043,0.0,1258
0.05402842536568642,0.47969040274620056,0.0462033674120903,0.4983203709125519,0.046157356351614,0.5101959109306335,0.0004519530339166522,0.00045036085066385567,0.0,0.0,1.4791433811187744,0.02844768576323986,1.4682104587554932,0.02489856258034706,0.5,0.5,1.4791433811187744,0.028341438621282578,0.0,1259
0.058505184948444366,0.494208961725235,0.04850197583436966,0.4983524680137634,0.04850028082728386,0.5102585554122925,0.00045114741078577936,0.0004410995461512357,0.0,0.0,1.544053554534912,0.023487089201807976,1.556837558746338,0.02298831380903721,0.5,0.5,1.544053554534912,0.023437626659870148,0.0,1260
0.04957883059978485,0.5036516189575195,0.051551274955272675,0.4982839822769165,0.05143987014889717,0.5102109313011169,0.00045060794218443334,0.00045276086893863976,0.0,0.0,1.5869940519332886,0.02942688576877117,1.5932530164718628,0.03050069697201252,0.5,0.5,1.5869940519332886,0.02939976006746292,0.0,1261
0.049543872475624084,0.49414288997650146,0.05386270582675934,0.4983285665512085,0.0540640652179718,0.51027911901474,0.00045250149560160935,0.0004607585142366588,0.0,0.0,1.544823169708252,0.026274167001247406,1.5515073537826538,0.023118598386645317,0.5,0.5,1.544823169708252,0.0262508075684309,0.0,1262
0.05873405560851097,0.48647987842559814,0.05678732320666313,0.498452365398407,0.0565561018884182,0.5104349255561829,0.0004537761560641229,0.0004478981136344373,0.0,0.0,1.5083614587783813,0.02498563379049301,1.528495192527771,0.029272347688674927,0.5,0.5,1.5083614587783813,0.024969028308987617,0.0,1263
0.04343342036008835,0.4941290020942688,0.05963528901338577,0.498483270406723,0.059458520263433456,0.5105085372924805,0.00045236723963171244,0.00045743113150820136,0.0,0.0,1.5454483032226562,0.02905348129570484,1.5599488019943237,0.02848133072257042,0.5,0.5,1.5454483032226562,0.02903350256383419,0.0,1264
0.03269826993346214,0.4923611283302307,0.06346061080694199,0.4986211955547333,0.06253112852573395,0.5106053948402405,0.00045142468297854066,0.0004457273753359914,0.0,0.0,1.5392804145812988,0.030741965398192406,1.5347539186477661,0.03827804699540138,0.5,0.5,1.5392804145812988,0.030741380527615547,0.0,1265
0.020201561972498894,0.48736825585365295,0.06691449880599976,0.49879682064056396,0.06579619646072388,0.5107672810554504,0.00045079365372657776,0.00045594226685352623,0.0,0.0,1.52126145362854,0.03269607573747635,1.5199898481369019,0.034583501517772675,0.5,0.5,1.52126145362854,0.03269077092409134,0.0,1266
0.047992072999477386,0.4894293248653412,0.07001868635416031,0.4989545941352844,0.06842580437660217,0.5108897089958191,0.00045149834477342665,0.0004629295726772398,0.0,0.0,1.5242646932601929,0.026324719190597534,1.5200166702270508,0.03108193539083004,0.5,0.5,1.5242646932601929,0.026324599981307983,0.0,1267
0.051810406148433685,0.5025474429130554,0.0737629160284996,0.49889132380485535,0.07156837731599808,0.5108538269996643,0.0004531010636128485,0.00044931203592568636,0.0,0.0,1.582209587097168,0.03148061782121658,1.587691307067871,0.03744762763381004,0.5,0.5,1.582209587097168,0.0314277820289135,0.0,1268
0.052541229873895645,0.5064677596092224,0.07614223659038544,0.49879831075668335,0.0738028958439827,0.5107888579368591,0.00045191572280600667,0.0004583997360896319,0.0,0.0,1.5998622179031372,0.022358136251568794,1.6098625659942627,0.02381136454641819,0.5,0.5,1.5998622179031372,0.022354651242494583,0.0,1269
0.06030648946762085,0.5198323726654053,0.07919640839099884,0.49851280450820923,0.07660632580518723,0.5105298757553101,0.0004511224396992475,0.00046460345038212836,0.0,0.0,1.6629102230072021,0.02820967696607113,1.6640070676803589,0.030674871057271957,0.5,0.5,1.6629102230072021,0.02815362811088562,0.0,1270
0.08797164261341095,0.5131083130836487,0.08059433847665787,0.4984101951122284,0.07883477956056595,0.5103737115859985,0.0004551081801764667,0.0004688168119173497,0.0,0.0,1.640769124031067,0.02234468422830105,1.6440634727478027,0.014016910456120968,0.5,0.5,1.640769124031067,0.02233920805156231,0.0,1271
0.1027304083108902,0.519011378288269,0.08384746313095093,0.49797892570495605,0.08116932213306427,0.5101161003112793,0.0004532575258053839,0.00043483078479766846,0.0,0.0,1.680709958076477,0.023505929857492447,1.7026007175445557,0.03281589597463608,0.5,0.5,1.680709958076477,0.023487182334065437,0.0,1272
0.09120450168848038,0.5087791681289673,0.08623179793357849,0.4978737235069275,0.0834399089217186,0.5100076198577881,0.0004520203801803291,0.0004484356031753123,0.0,0.0,1.6185259819030762,0.022775808349251747,1.6148909330368042,0.023866543546319008,0.5,0.5,1.6185259819030762,0.022731786593794823,0.0,1273
0.08122763782739639,0.5151987075805664,0.08929861336946487,0.4975897967815399,0.08590196818113327,0.5098145008087158,0.00045571578084491193,0.0004221036797389388,0.0,0.0,1.6490720510482788,0.024707743898034096,1.663116455078125,0.03079930692911148,0.5,0.5,1.6490720510482788,0.024696217849850655,0.0,1274
0.08542080968618393,0.5088598132133484,0.09095931798219681,0.49749407172203064,0.0882069393992424,0.5097067952156067,0.00045366337872110307,0.00040542654460296035,0.0,0.0,1.6174964904785156,0.023086395114660263,1.6283798217773438,0.0166346225887537,0.5,0.5,1.6174964904785156,0.023074885830283165,0.0,1275
0.08418983221054077,0.5030578374862671,0.09274929761886597,0.49747326970100403,0.09063412994146347,0.5096678733825684,0.0004522918025031686,0.00042790110455825925,0.0,0.0,1.5868206024169922,0.024286482483148575,1.5824159383773804,0.017900986596941948,0.5,0.5,1.5868206024169922,0.024275055155158043,0.0,1276
0.0875735953450203,0.5101318359375,0.09554367512464523,0.4973171353340149,0.09292998164892197,0.509543776512146,0.00045589939691126347,0.0004436330054886639,0.0,0.0,1.624801516532898,0.02300863526761532,1.626617193222046,0.027987346053123474,0.5,0.5,1.624801516532898,0.02299204096198082,0.0,1277
0.08566220849752426,0.5078465938568115,0.09779610484838486,0.49723008275032043,0.09533973038196564,0.5094439387321472,0.0004537859931588173,0.00045450369361788034,0.0,0.0,1.6122149229049683,0.02412009797990322,1.6094201803207397,0.0225411057472229,0.5,0.5,1.6122149229049683,0.02411818690598011,0.0,1278
0.07764230668544769,0.5109281539916992,0.10044688731431961,0.4971064329147339,0.09780646115541458,0.509307324886322,0.00045690947445109487,0.0004259092966094613,0.0,0.0,1.6261123418807983,0.0247074905782938,1.6174145936965942,0.02653666026890278,0.5,0.5,1.6261123418807983,0.024705104529857635,0.0,1279
0.0857170894742012,0.5035266280174255,0.10301055759191513,0.4970587193965912,0.10001706331968307,0.5092661380767822,0.00045446024159900844,0.00044224841985851526,0.0,0.0,1.5894255638122559,0.02212471514940262,1.5894032716751099,0.025641152635216713,0.5,0.5,1.5894255638122559,0.022109827026724815,0.0,1280
0.07986753433942795,0.47956424951553345,0.10521957278251648,0.49731725454330444,0.10249116271734238,0.5095252394676208,0.0004528245481196791,0.0004535515618044883,0.0,0.0,1.4664491415023804,0.025065571069717407,1.4542948007583618,0.022240934893488884,0.5,0.5,1.4664491415023804,0.024876272305846214,0.0,1281
0.08284864574670792,0.4757445752620697,0.10673489421606064,0.49753862619400024,0.1051209568977356,0.509857177734375,0.0004562596441246569,0.0004431905981618911,0.0,0.0,1.4452296495437622,0.026512596756219864,1.4257289171218872,0.015314092859625816,0.5,0.5,1.4452296495437622,0.02650662697851658,0.0,1282
0.09243916720151901,0.4520292580127716,0.108878493309021,0.49810492992401123,0.1072184145450592,0.510408341884613,0.0004540265363175422,0.00043638492934405804,0.0,0.0,1.3138394355773926,0.021875139325857162,1.3125197887420654,0.022171389311552048,0.5,0.5,1.3138394355773926,0.02168659120798111,0.0,1283
0.1041995957493782,0.4562224745750427,0.11057811975479126,0.4985470771789551,0.10905661433935165,0.5108795166015625,0.0004525346157606691,0.0004495096218306571,0.0,0.0,1.3198894262313843,0.018976546823978424,1.3162943124771118,0.017561981454491615,0.5,0.5,1.3198894262313843,0.018976200371980667,0.0,1284
0.11360502243041992,0.4667004942893982,0.11264015734195709,0.4989863932132721,0.11109554022550583,0.5113002061843872,0.0004515367036219686,0.0004405409563332796,0.0,0.0,1.3673282861709595,0.02084212563931942,1.3608908653259277,0.02108314074575901,0.5,0.5,1.3673282861709595,0.02081867679953575,0.0,1285
0.12421885132789612,0.47497308254241943,0.11469630151987076,0.49936071038246155,0.11302362382411957,0.5116202235221863,0.0004553885373752564,0.0004523762036114931,0.0,0.0,1.4063141345977783,0.019559502601623535,1.3907194137573242,0.020899390801787376,0.5,0.5,1.4063141345977783,0.01954464055597782,0.0,1286
0.13358788192272186,0.47397735714912415,0.11613091081380844,0.4996483027935028,0.11477314680814743,0.5119421482086182,0.000453444808954373,0.0004604957066476345,0.0,0.0,1.3888123035430908,0.017791684716939926,1.372944951057434,0.014631526544690132,0.5,0.5,1.3888123035430908,0.01778896152973175,0.0,1287
0.13437949120998383,0.4799184501171112,0.11781241744756699,0.4998813271522522,0.11674589663743973,0.5122238993644714,0.00045214564306661487,0.0004660289268940687,0.0,0.0,1.4289487600326538,0.019943689927458763,1.4330949783325195,0.016975723206996918,0.5,0.5,1.4289487600326538,0.019927628338336945,0.0,1288
0.12082395702600479,0.4858706295490265,0.12077679485082626,0.5001628398895264,0.11850256472826004,0.5123848915100098,0.00045127636985853314,0.0004697824770119041,0.0,0.0,1.4794071912765503,0.01766277849674225,1.476115345954895,0.029777150601148605,0.5,0.5,1.4794071912765503,0.01764029823243618,0.0,1289
0.1318519413471222,0.4962559640407562,0.12322594970464706,0.5002270340919495,0.1205308809876442,0.5124379396438599,0.0004506943223532289,0.00047232088400051,0.0,0.0,1.544647216796875,0.02033334970474243,1.5445878505706787,0.024499963968992233,0.5,0.5,1.544647216796875,0.02029009349644184,0.0,1290
0.14321084320545197,0.4880363345146179,0.12447772920131683,0.5003502368927002,0.12215545028448105,0.5125854015350342,0.00045030441833660007,0.0004740339354611933,0.0,0.0,1.480265736579895,0.016346367076039314,1.4726779460906982,0.01257828064262867,0.5,0.5,1.480265736579895,0.016312500461935997,0.0,1291
0.14750798046588898,0.48665857315063477,0.12624140083789825,0.5005067586898804,0.1238560602068901,0.5127633810043335,0.0004590790194924921,0.0004565133713185787,0.0,0.0,1.466530680656433,0.017100565135478973,1.4822688102722168,0.017706064507365227,0.5,0.5,1.466530680656433,0.01709895208477974,0.0,1292
0.13983963429927826,0.4890148341655731,0.1284770369529724,0.500706672668457,0.12560632824897766,0.5129056572914124,0.0004559069639071822,0.00046331880730576813,0.0,0.0,1.4896994829177856,0.017565041780471802,1.481619119644165,0.022445539012551308,0.5,0.5,1.4896994829177856,0.017560327425599098,0.0,1293
0.1503354012966156,0.5032995343208313,0.12904295325279236,0.5006880760192871,0.12694787979125977,0.5128701329231262,0.00045379105722531676,0.00044956529745832086,0.0,0.0,1.5972574949264526,0.01349816843867302,1.6035951375961304,0.005662266630679369,0.5,0.5,1.5972574949264526,0.0134201655164361,0.0,1294
0.15168246626853943,0.5086876749992371,0.1321665495634079,0.5004701018333435,0.12878191471099854,0.5127409100532532,0.00045237719314172864,0.00045857313671149313,0.0,0.0,1.641129970550537,0.01840358041226864,1.6404598951339722,0.031311873346567154,0.5,0.5,1.641129970550537,0.0183858722448349,0.0,1295
0.14172136783599854,0.5022218227386475,0.13509683310985565,0.5003960132598877,0.13049857318401337,0.512712299823761,0.00045143134775571525,0.0004647214664146304,0.0,0.0,1.587465524673462,0.01719365455210209,1.596076488494873,0.029312271624803543,0.5,0.5,1.587465524673462,0.01716890186071396,0.0,1296
0.1478484719991684,0.5105184316635132,0.13596107065677643,0.5003313422203064,0.131971076130867,0.5125904679298401,0.00045984986354596913,0.0004688967892434448,0.0,0.0,1.653332233428955,0.014807465486228466,1.6454570293426514,0.008666572161018848,0.5,0.5,1.653332233428955,0.014775356277823448,0.0,1297
0.13167718052864075,0.514758288860321,0.1379678100347519,0.5001132488250732,0.13382139801979065,0.5123999118804932,0.0004564205009955913,0.00047172250924631953,0.0,0.0,1.673406958580017,0.018604794517159462,1.6790508031845093,0.020185545086860657,0.5,0.5,1.673406958580017,0.01860104501247406,0.0,1298
0.12443875521421432,0.5253620743751526,0.13979414105415344,0.49978047609329224,0.13543932139873505,0.5121273994445801,0.0004541339003480971,0.00047363038174808025,0.0,0.0,1.7376799583435059,0.016441134735941887,1.7510319948196411,0.01856396719813347,0.5,0.5,1.7376799583435059,0.016407186165452003,0.0,1299
0.1415843516588211,0.5232617855072021,0.14161159098148346,0.4994616210460663,0.13720205426216125,0.5118200778961182,0.0004526064149104059,0.00047491653822362423,0.0,0.0,1.7434170246124268,0.0178935956209898,1.7444708347320557,0.018452132120728493,0.5,0.5,1.7434170246124268,0.01789330132305622,0.0,1300
0.12747633457183838,0.5209454298019409,0.14315205812454224,0.49920597672462463,0.13913463056087494,0.511545717716217,0.0004515847540460527,0.00047578263911418617,0.0,0.0,1.7118337154388428,0.01952934078872204,1.735252857208252,0.015615378506481647,0.5,0.5,1.7118337154388428,0.01951960101723671,0.0,1301
0.135973259806633,0.5283332467079163,0.14501173794269562,0.4988228976726532,0.14070574939250946,0.5112255215644836,0.0004509008431341499,0.00047636544331908226,0.0,0.0,1.771840214729309,0.01606307551264763,1.7739416360855103,0.0189872607588768,0.5,0.5,1.771840214729309,0.016034163534641266,0.0,1302
0.12729549407958984,0.519208550453186,0.1465958207845688,0.4985906183719635,0.1425309181213379,0.510988175868988,0.0004504427779465914,0.00047675747191533446,0.0,0.0,1.700117826461792,0.018452806398272514,1.7163865566253662,0.01601015031337738,0.5,0.5,1.700117826461792,0.018405364826321602,0.0,1303
0.13297529518604279,0.5330941081047058,0.14845113456249237,0.4981536567211151,0.1442226767539978,0.5105939507484436,0.00045013584895059466,0.00047702103620395064,0.0,0.0,1.7997279167175293,0.01745729148387909,1.802098035812378,0.019060708582401276,0.5,0.5,1.7997279167175293,0.01737075485289097,0.0,1304
0.12227296084165573,0.5345417261123657,0.1506495326757431,0.4976111948490143,0.14648114144802094,0.5100831389427185,0.00044993014307692647,0.00047719822032377124,0.0,0.0,1.7932207584381104,0.02315557561814785,1.8127150535583496,0.022643402218818665,0.5,0.5,1.7932207584381104,0.023155085742473602,0.0,1305
0.11702902615070343,0.5266309380531311,0.15247659385204315,0.49729159474372864,0.14839236438274384,0.5097609162330627,0.0004497922782320529,0.00044001947389915586,0.0,0.0,1.737807273864746,0.01941170170903206,1.7439768314361572,0.018548039719462395,0.5,0.5,1.737807273864746,0.01938190497457981,0.0,1306
0.13280174136161804,0.5205127000808716,0.1543882042169571,0.4970102906227112,0.14996686577796936,0.5095337629318237,0.00044969984446652234,0.0004520169459283352,0.0,0.0,1.7140624523162842,0.015912532806396484,1.7169106006622314,0.019321927800774574,0.5,0.5,1.7140624523162842,0.015908047556877136,0.0,1307
0.13829083740711212,0.5192427039146423,0.1550748348236084,0.4969102740287781,0.15177008509635925,0.5092799663543701,0.0004496378533076495,0.0004602501867339015,0.0,0.0,1.7106339931488037,0.018210120499134064,1.7154422998428345,0.006938724312931299,0.5,0.5,1.7106339931488037,0.018210014328360558,0.0,1308
0.14215309917926788,0.5222994089126587,0.15676185488700867,0.4966253340244293,0.15354745090007782,0.5089816451072693,0.0004586228169500828,0.0004658620455302298,0.0,0.0,1.7371037006378174,0.018028557300567627,1.738118052482605,0.017109088599681854,0.5,0.5,1.7371037006378174,0.018022241070866585,0.0,1309
0.1526033729314804,0.5226910710334778,0.15831173956394196,0.49635428190231323,0.15461784601211548,0.508783221244812,0.0004556029452942312,0.0004696694668382406,0.0,0.0,1.7541049718856812,0.01088797114789486,1.7439368963241577,0.015734059736132622,0.5,0.5,1.7541049718856812,0.010886398144066334,0.0,1310
0.15156932175159454,0.5263724327087402,0.16003204882144928,0.4959825575351715,0.15617060661315918,0.5084514617919922,0.0004535880289040506,0.0004722445737570524,0.0,0.0,1.7812931537628174,0.015883885324001312,1.7836039066314697,0.017600055783987045,0.5,0.5,1.7812931537628174,0.015878014266490936,0.0,1311
0.15142296254634857,0.517231285572052,0.16228152811527252,0.4956586956977844,0.1576947122812271,0.5082389712333679,0.00046132344868965447,0.0004739824798889458,0.0,0.0,1.7093404531478882,0.015428480692207813,1.7137879133224487,0.02272680588066578,0.5,0.5,1.7093404531478882,0.01538855955004692,0.0,1312
0.15935254096984863,0.5034530758857727,0.16339744627475739,0.4956364333629608,0.15921561419963837,0.5081935524940491,0.00045740147470496595,0.00047515370533801615,0.0,0.0,1.600645899772644,0.015306123532354832,1.5907355546951294,0.011161391623318195,0.5,0.5,1.600645899772644,0.015215794555842876,0.0,1313
0.16565929353237152,0.4932716488838196,0.16486193239688873,0.49574100971221924,0.16079024970531464,0.5082904696464539,0.00045478850370272994,0.00047594227362424135,0.0,0.0,1.5093380212783813,0.015842067077755928,1.4995039701461792,0.014682215638458729,0.5,0.5,1.5093380212783813,0.015776075422763824,0.0,1314
0.16765116155147552,0.5047026872634888,0.16635717451572418,0.4957040846347809,0.16176283359527588,0.5082478523254395,0.00045304393279366195,0.00045774583122693,0.0,0.0,1.6145756244659424,0.00978930201381445,1.5954890251159668,0.0149570032954216,0.5,0.5,1.6145756244659424,0.00973514374345541,0.0,1315
0.16541732847690582,0.5127260684967041,0.16790224611759186,0.4955378770828247,0.1631692796945572,0.5080845355987549,0.000451877509476617,0.00046415833639912307,0.0,0.0,1.686410665512085,0.014195546507835388,1.6779536008834839,0.015539905056357384,0.5,0.5,1.686410665512085,0.014158936217427254,0.0,1316
0.17519843578338623,0.5037761926651001,0.16837121546268463,0.49551936984062195,0.16416101157665253,0.5080469846725464,0.000451096857432276,0.00043193556484766304,0.0,0.0,1.6086150407791138,0.009954486042261124,1.6102491617202759,0.0046933311969041824,0.5,0.5,1.6086150407791138,0.009924378246068954,0.0,1317
0.16858398914337158,0.500576913356781,0.17050518095493317,0.4955257475376129,0.16568300127983093,0.5080387592315674,0.00045962113654240966,0.00044643180444836617,0.0,0.0,1.5762176513671875,0.015228105708956718,1.5678106546401978,0.021339748054742813,0.5,0.5,1.5762176513671875,0.015220114961266518,0.0,1318
0.17656967043876648,0.5091135501861572,0.1718296855688095,0.49539536237716675,0.16691182553768158,0.5079249739646912,0.0004562681424431503,0.0004208439204376191,0.0,0.0,1.6631217002868652,0.012387501075863838,1.668931484222412,0.013309083878993988,0.5,0.5,1.6631217002868652,0.012340753339231014,0.0,1319
0.15470777451992035,0.5085150599479675,0.1735173761844635,0.4952628016471863,0.16836756467819214,0.5078219175338745,0.00045403221156448126,0.0004387188528198749,0.0,0.0,1.6414649486541748,0.014597221277654171,1.649181604385376,0.01692887581884861,0.5,0.5,1.6414649486541748,0.014593797735869884,0.0,1320
0.1488376259803772,0.5142360329627991,0.17390060424804688,0.4952264130115509,0.17011888325214386,0.5076243281364441,0.00045253842836245894,0.0004511204024311155,0.0,0.0,1.6831598281860352,0.017639609053730965,1.665435791015625,0.0038495748303830624,0.5,0.5,1.6831598281860352,0.017624279484152794,0.0,1321
0.1461716741323471,0.5123118758201599,0.17498090863227844,0.49514469504356384,0.17156483232975006,0.5074861645698547,0.0004515392647590488,0.00045963723096065223,0.0,0.0,1.6660748720169067,0.014527437277138233,1.6462973356246948,0.010833890177309513,0.5,0.5,1.6660748720169067,0.014525316655635834,0.0,1322
0.14416497945785522,0.5115936398506165,0.1769358068704605,0.4949699938297272,0.17321372032165527,0.5073400735855103,0.0004508703714236617,0.00046544530778191984,0.0,0.0,1.6591780185699463,0.01655384711921215,1.659929633140564,0.01962694339454174,0.5,0.5,1.6591780185699463,0.016553452238440514,0.0,1323
0.12868578732013702,0.5084214806556702,0.17920933663845062,0.4948589503765106,0.1750875562429428,0.5072322487831116,0.00045946621685288846,0.0004693872178904712,0.0,0.0,1.6282905340194702,0.018778296187520027,1.6196048259735107,0.022762421518564224,0.5,0.5,1.6282905340194702,0.018769340589642525,0.0,1324
0.13306809961795807,0.5147057771682739,0.18052026629447937,0.4947214722633362,0.17680580914020538,0.5070542097091675,0.00045616496936418116,0.0004720538854598999,0.0,0.0,1.6740394830703735,0.017292549833655357,1.6752854585647583,0.013181210495531559,0.5,0.5,1.6740394830703735,0.017274457961320877,0.0,1325
0.13027921319007874,0.4975575804710388,0.1822136789560318,0.4947461485862732,0.17874999344348907,0.507086992263794,0.00045396332279779017,0.00047385389916598797,0.0,0.0,1.5539212226867676,0.01958579383790493,1.5562169551849365,0.01693597622215748,0.5,0.5,1.5539212226867676,0.019444668665528297,0.0,1326
0.1434173434972763,0.5013300180435181,0.18272270262241364,0.49474769830703735,0.18004237115383148,0.5070739388465881,0.00045249235699884593,0.0004563970142044127,0.0,0.0,1.5809040069580078,0.012929214164614677,1.5677659511566162,0.0050902776420116425,0.5,0.5,1.5809040069580078,0.012924508191645145,0.0,1327
0.16237163543701172,0.4911685883998871,0.18272270262241364,0.49474769830703735,0.1811477243900299,0.5071606040000916,0.0004515084146987647,0.000463239528471604,0.0,0.0,1.4925442934036255,0.011130955070257187,1.5016193389892578,0.0,0.5,0.5,1.4925442934036255,0.011087531223893166,0.0,1328
0.1739620566368103,0.49451616406440735,0.1846393644809723,0.49483194947242737,0.18253512680530548,0.5072358846664429,0.0004508497368078679,0.0004495137254707515,0.0,0.0,1.5165746212005615,0.013898520730435848,1.5268687009811401,0.0191851444542408,0.5,0.5,1.5165746212005615,0.01389450766146183,0.0,1329
0.1678633689880371,0.4978432059288025,0.18644152581691742,0.4948749244213104,0.18395096063613892,0.5072643756866455,0.0004504085227381438,0.0004405436629895121,0.0,0.0,1.5506678819656372,0.014169503934681416,1.5469497442245483,0.018026763573288918,0.5,0.5,1.5506678819656372,0.01416127011179924,0.0,1330
0.17841532826423645,0.49551883339881897,0.18726138770580292,0.4949098527431488,0.18517251312732697,0.5073210597038269,0.00045011291513219476,0.00043463901965878904,0.0,0.0,1.5244333744049072,0.01223281491547823,1.5282189846038818,0.0082060182467103,0.5,0.5,1.5244333744049072,0.012228606268763542,0.0,1331
0.19380617141723633,0.49424052238464355,0.18901757895946503,0.4950338900089264,0.1866137981414795,0.5074232816696167,0.0004589479649439454,0.0004483030061237514,0.0,0.0,1.4999802112579346,0.014453314244747162,1.5002843141555786,0.017605649307370186,0.5,0.5,1.4999802112579346,0.014448992908000946,0.0,1332
0.1917816698551178,0.4917397201061249,0.19044633209705353,0.4951908588409424,0.18754993379116058,0.5075162053108215,0.000455819652415812,0.0004577085783239454,0.0,0.0,1.4718600511550903,0.00941113568842411,1.461373209953308,0.014373522251844406,0.5,0.5,1.4718600511550903,0.009407415054738522,0.0,1333
0.18825052678585052,0.49505066871643066,0.191169872879982,0.4952339231967926,0.18829704821109772,0.5075588226318359,0.00045373273314908147,0.0004641329578589648,0.0,0.0,1.5138047933578491,0.007489899173378944,1.5113310813903809,0.0072481450624763966,0.5,0.5,1.5138047933578491,0.007483311463147402,0.0,1334
0.20009002089500427,0.5051925778388977,0.19186779856681824,0.4951961934566498,0.18931685388088226,0.5074881315231323,0.0004523381940089166,0.0004500948707573116,0.0,0.0,1.6400035619735718,0.010304538533091545,1.6248226165771484,0.0069894567131996155,0.5,0.5,1.6400035619735718,0.01022259145975113,0.0,1335
0.17586731910705566,0.48814910650253296,0.19268840551376343,0.4952987730503082,0.19046391546726227,0.5076252818107605,0.00045140524161979556,0.00045893562491983175,0.0,0.0,1.4518153667449951,0.011759856715798378,1.4464447498321533,0.008269920945167542,0.5,0.5,1.4518153667449951,0.011552234180271626,0.0,1336
0.17107732594013214,0.4808291792869568,0.1945391446352005,0.49564337730407715,0.19171133637428284,0.5078554153442383,0.0004507806443143636,0.00046496812137775123,0.0,0.0,1.3883752822875977,0.012710176408290863,1.3867093324661255,0.018825486302375793,0.5,0.5,1.3883752822875977,0.01268460787832737,0.0,1337
0.1536472588777542,0.49276015162467957,0.19575843214988708,0.49572527408599854,0.19315646588802338,0.5079416036605835,0.0004503622476477176,0.0004690639325417578,0.0,0.0,1.5112075805664062,0.014586967416107655,1.503720760345459,0.012220372445881367,0.5,0.5,1.5112075805664062,0.014477062970399857,0.0,1338
0.15055333077907562,0.484665185213089,0.19751018285751343,0.49594905972480774,0.19471921026706696,0.5081341862678528,0.0004500818904489279,0.0004532964958343655,0.0,0.0,1.448190450668335,0.015776997432112694,1.443742036819458,0.017659885808825493,0.5,0.5,1.448190450668335,0.015745680779218674,0.0,1339
0.16577374935150146,0.4887147545814514,0.19838522374629974,0.4960380494594574,0.1961131989955902,0.5082781910896301,0.00044989396701566875,0.00044302360038273036,0.0,0.0,1.4678418636322021,0.014016852714121342,1.4694492816925049,0.008795577101409435,0.5,0.5,1.4678418636322021,0.014014146290719509,0.0,1340
0.17666484415531158,0.49543166160583496,0.19983883202075958,0.4961092174053192,0.1972619891166687,0.5083315372467041,0.00044976803474128246,0.00043627485865727067,0.0,0.0,1.524372935295105,0.011518681421875954,1.5218740701675415,0.014553511515259743,0.5,0.5,1.524372935295105,0.011500281281769276,0.0,1341
0.17776545882225037,0.4944232702255249,0.2014942765235901,0.49620839953422546,0.1986236870288849,0.5084096193313599,0.000449683575425297,0.0004494335735216737,0.0,0.0,1.5135056972503662,0.013640093617141247,1.5109556913375854,0.01658409647643566,0.5,0.5,1.5135056972503662,0.013639288023114204,0.0,1342
0.1788271963596344,0.49733486771583557,0.2035033404827118,0.49625077843666077,0.1996551752090454,0.508438229560852,0.0004496269684750587,0.0004584829730447382,0.0,0.0,1.5430914163589478,0.01032339222729206,1.549712896347046,0.020095042884349823,0.5,0.5,1.5430914163589478,0.010318874381482601,0.0,1343
0.1916045844554901,0.5041111707687378,0.20411093533039093,0.49620965123176575,0.20058368146419525,0.5083924531936646,0.0004495890170801431,0.000446414080215618,0.0,0.0,1.620054006576538,0.009323980659246445,1.6383917331695557,0.0060898116789758205,0.5,0.5,1.620054006576538,0.00929637998342514,0.0,1344
0.1934506595134735,0.5087864398956299,0.20523583889007568,0.49609386920928955,0.2017391175031662,0.5082679390907288,0.00044956355122849345,0.0004564134869724512,0.0,0.0,1.6781262159347534,0.01164087001234293,1.6733671426773071,0.011308505199849606,0.5,0.5,1.6781262159347534,0.011621247045695782,0.0,1345
0.18626560270786285,0.49998825788497925,0.20611877739429474,0.49608662724494934,0.20291157066822052,0.5082681179046631,0.0004495464963838458,0.0004632507625501603,0.0,0.0,1.5706639289855957,0.011792514473199844,1.5790103673934937,0.008829725906252861,0.5,0.5,1.5706639289855957,0.011724489741027355,0.0,1346
0.19647835195064545,0.48483073711395264,0.2075856775045395,0.49637991189956665,0.20356781780719757,0.5083948969841003,0.0004495350585784763,0.00046789960470050573,0.0,0.0,1.3799614906311035,0.006807245779782534,1.3734668493270874,0.014959295280277729,0.5,0.5,1.3799614906311035,0.006683839485049248,0.0,1347
0.2143668532371521,0.49061959981918335,0.20829923450946808,0.4965336322784424,0.2041948288679123,0.5085160136222839,0.00044952737516723573,0.00045254139695316553,0.0,0.0,1.3799614906311035,0.006386072374880314,1.3586074113845825,0.007299257442355156,0.5,0.5,1.3799614906311035,0.006386072374880314,0.0,1348
0.22283747792243958,0.4951821267604828,0.20829923450946808,0.4965336322784424,0.2041948288679123,0.5085160136222839,0.0004495222237892449,0.0004606086004059762,0.0,0.0,1.3761042356491089,0.0,1.3718911409378052,0.0,0.5,0.5,1.3761042356491089,0.0,0.0,1349
0.21627311408519745,0.4998876452445984,0.20833922922611237,0.4965338408946991,0.2049800008535385,0.5085175037384033,0.000449518789537251,0.00046610564459115267,0.0,0.0,1.568882942199707,0.00800000037997961,1.5656938552856445,0.00039994684630073607,0.5,0.5,1.568882942199707,0.007851805537939072,0.0,1350
0.22705870866775513,0.4890199303627014,0.20833922922611237,0.4965338408946991,0.2049800008535385,0.5085175037384033,0.00044951646123081446,0.0004698344273492694,0.0,0.0,1.565769910812378,0.0,1.564704418182373,0.0,0.5,0.5,1.565769910812378,0.0,0.0,1351
0.21133731305599213,0.48537179827690125,0.20872308313846588,0.49661722779273987,0.20574074983596802,0.5086923241615295,0.00044951491872780025,0.0004723559832200408,0.0,0.0,1.3449400663375854,0.00800000037997961,1.3568689823150635,0.003928068093955517,0.5,0.5,1.3449400663375854,0.007805728353559971,0.0,1352
0.20290538668632507,0.4894172251224518,0.2097475230693817,0.49684739112854004,0.20684248208999634,0.5089454650878906,0.0004495138709899038,0.00045542840962298214,0.0,0.0,1.3449400663375854,0.011304355226457119,1.3497885465621948,0.01049972977489233,0.5,0.5,1.3449400663375854,0.011304355226457119,0.0,1353
0.20470595359802246,0.5006479620933533,0.20995162427425385,0.4968976378440857,0.20765258371829987,0.5091316103935242,0.00044951317249797285,0.000444418634288013,0.0,0.0,1.3449400663375854,0.008312176913022995,1.3293464183807373,0.0021019361447542906,0.5,0.5,1.3449400663375854,0.008312176913022995,0.0,1354
0.2020777463912964,0.49563708901405334,0.21016626060009003,0.4969477653503418,0.2086700052022934,0.5093653798103333,0.00044951270683668554,0.00045504356967285275,0.0,0.0,1.3449400663375854,0.010439419187605381,1.3413034677505493,0.002204135525971651,0.5,0.5,1.3449400663375854,0.010439419187605381,0.0,1355
0.1987375020980835,0.48153093457221985,0.21016626060009003,0.4969477653503418,0.20947608351707458,0.5095505714416504,0.00044951241579838097,0.0004623167624231428,0.0,0.0,1.3449400663375854,0.008270904421806335,1.3506054878234863,0.0,0.5,0.5,1.3449400663375854,0.008270904421806335,0.0,1356
0.19087685644626617,0.48328283429145813,0.2113378942012787,0.497181236743927,0.2106739580631256,0.5097886323928833,0.0004495121829677373,0.000467265781480819,0.0,0.0,1.374629259109497,0.012218297459185123,1.3741111755371094,0.011946679092943668,0.5,0.5,1.374629259109497,0.012212913483381271,0.0,1357
0.19893860816955566,0.47155675292015076,0.21219554543495178,0.49751490354537964,0.2114565223455429,0.5100812911987305,0.00044951203744858503,0.0004521301598288119,0.0,0.0,1.2129454612731934,0.008465368300676346,1.199782371520996,0.009202693589031696,0.5,0.5,1.2129454612731934,0.00835496000945568,0.0,1358
0.21231962740421295,0.47153547406196594,0.21344950795173645,0.49804386496543884,0.21224690973758698,0.5104402303695679,0.00044951195013709366,0.00046032757381908596,0.0,0.0,1.1445200443267822,0.008700979873538017,1.1716123819351196,0.013609621673822403,0.5,0.5,1.1445200443267822,0.008680619299411774,0.0,1359
0.2104581892490387,0.45991596579551697,0.21518099308013916,0.49879366159439087,0.21314765512943268,0.5108492970466614,0.00045853661140426993,0.0004476172325666994,0.0,0.0,1.1445200443267822,0.00989274401217699,1.1621416807174683,0.018868593499064445,0.5,0.5,1.1445200443267822,0.00989274401217699,0.0,1360
0.22540797293186188,0.4705914258956909,0.21518099308013916,0.49879366159439087,0.21314765512943268,0.5108492970466614,0.00045554546522907913,0.0004392980772536248,0.0,0.0,1.142634391784668,0.0,1.1424891948699951,0.0,0.5,0.5,1.142634391784668,0.0,0.0,1361
0.23596084117889404,0.47295042872428894,0.21518099308013916,0.49879366159439087,0.21314765512943268,0.5108492970466614,0.00045354964095167816,0.00045151979429647326,0.0,0.0,1.137022852897644,0.0,1.1190056800842285,0.0,0.5,0.5,1.137022852897644,0.0,0.0,1362
0.2221468985080719,0.48651108145713806,0.21560192108154297,0.49890124797821045,0.21390974521636963,0.5110437870025635,0.00045221575419418514,0.0004599103413056582,0.0,0.0,1.3209152221679688,0.00800000037997961,1.3205729722976685,0.00434459000825882,0.5,0.5,1.3209152221679688,0.007865115068852901,0.0,1363
0.23402534425258636,0.48940321803092957,0.21560192108154297,0.49890124797821045,0.21390974521636963,0.5110437870025635,0.0004603987908922136,0.0004473451990634203,0.0,0.0,1.3175207376480103,0.0,1.3302831649780273,0.0,0.5,0.5,1.3175207376480103,0.0,0.0,1364
0.23387612402439117,0.4935346245765686,0.21560192108154297,0.49890124797821045,0.21390974521636963,0.5110437870025635,0.00045678604510612786,0.0004570521123241633,0.0,0.0,1.3139435052871704,0.0,1.3238017559051514,0.0,0.5,0.5,1.3139435052871704,0.0,0.0,1365
0.23205286264419556,0.503020167350769,0.21560192108154297,0.49890124797821045,0.21390974521636963,0.5110437870025635,0.0004543778777588159,0.0004454798181541264,0.0,0.0,1.3143526315689087,0.0,1.3085960149765015,0.0,0.5,0.5,1.3143526315689087,0.0,0.0,1366
0.24185623228549957,0.4918147623538971,0.21560192108154297,0.49890124797821045,0.21390974521636963,0.5110437870025635,0.0004527695127762854,0.00045577232958748937,0.0,0.0,1.3107960224151611,0.0,1.3128355741500854,0.0,0.5,0.5,1.3107960224151611,0.0,0.0,1367
0.21650469303131104,0.4921535849571228,0.2156267613172531,0.49890485405921936,0.21469628810882568,0.5111492872238159,0.00045169389341026545,0.000462813739432022,0.0,0.0,1.4374549388885498,0.00800000037997961,1.4261082410812378,0.0002510463527869433,0.5,0.5,1.4374549388885498,0.00793591607362032,0.0,1368
0.21314898133277893,0.5044666528701782,0.21659670770168304,0.4990258812904358,0.21575313806533813,0.5112910270690918,0.00045097392285242677,0.00044923662790097296,0.0,0.0,1.4374549388885498,0.010663110762834549,1.4466522932052612,0.009774653241038322,0.5,0.5,1.4374549388885498,0.010663110762834549,0.0,1369
0.21632198989391327,0.5266808867454529,0.21822968125343323,0.49923038482666016,0.2167072743177414,0.5114189982414246,0.00045953705557622015,0.00045834810589440167,0.0,0.0,1.4374549388885498,0.009626795537769794,1.4462169408798218,0.016457263380289078,0.5,0.5,1.4374549388885498,0.009626795537769794,0.0,1370
0.2185104787349701,0.527252197265625,0.21822968125343323,0.49923038482666016,0.2172623723745346,0.511493444442749,0.0004562121466733515,0.0004645683220587671,0.0,0.0,1.4374549388885498,0.005600727628916502,1.4557878971099854,0.0,0.5,0.5,1.4374549388885498,0.005600727628916502,0.0,1371
0.21717345714569092,0.526612401008606,0.21919912099838257,0.4993765354156494,0.21818266808986664,0.5116168856620789,0.00045399481314234436,0.00046879297588020563,0.0,0.0,1.4374549388885498,0.009285450913012028,1.4211575984954834,0.009803881868720055,0.5,0.5,1.4374549388885498,0.009285450913012028,0.0,1372
0.21562807261943817,0.5123815536499023,0.22028468549251556,0.4995083808898926,0.2187355011701584,0.5116910338401794,0.0004525134281720966,0.00047165233991108835,0.0,0.0,1.4374549388885498,0.0055778720416128635,1.4499387741088867,0.010935463942587376,0.5,0.5,1.4374549388885498,0.0055778720416128635,0.0,1373
0.21965309977531433,0.5001179575920105,0.22047172486782074,0.499533474445343,0.2194095253944397,0.5117814540863037,0.0004515225300565362,0.0004735830589197576,0.0,0.0,1.4374549388885498,0.006800591479986906,1.437485694885254,0.0018871689680963755,0.5,0.5,1.4374549388885498,0.006800591479986906,0.0,1374
0.22060233354568481,0.49511414766311646,0.22047172486782074,0.499533474445343,0.2194095253944397,0.5117814540863037,0.00045085916644893587,0.00047488464042544365,0.0,0.0,1.4387720823287964,0.0,1.4402309656143188,0.0,0.5,0.5,1.4387720823287964,0.0,0.0,1375
0.22593620419502258,0.5014381408691406,0.22047172486782074,0.499533474445343,0.2194095253944397,0.5117814540863037,0.00045041486737318337,0.0004757611604873091,0.0,0.0,1.4451221227645874,0.0,1.4415425062179565,0.0,0.5,0.5,1.4451221227645874,0.0,0.0,1376
0.21559514105319977,0.49720999598503113,0.2213141918182373,0.4995659589767456,0.22020617127418518,0.5118188858032227,0.000450117135187611,0.0004763510078191757,0.0,0.0,1.5238651037216187,0.00800000037997961,1.5322668552398682,0.008430968038737774,0.5,0.5,1.5238651037216187,0.00797521136701107,0.0,1377
0.2038259506225586,0.5030383467674255,0.2215471714735031,0.4995756447315216,0.2212582379579544,0.5118682980537415,0.0004499176284298301,0.0004767477512359619,0.0,0.0,1.5238651037216187,0.010532267391681671,1.5292454957962036,0.0023317609447985888,0.5,0.5,1.5238651037216187,0.010532267391681671,0.0,1378
0.21481822431087494,0.49232596158981323,0.22193726897239685,0.49959123134613037,0.22184514999389648,0.5118958353996277,0.0004497838672250509,0.00047701451694592834,0.0,0.0,1.5238651037216187,0.005875608418136835,1.5308862924575806,0.0039040865376591682,0.5,0.5,1.5238651037216187,0.005875608418136835,0.0,1379
0.21950900554656982,0.48227158188819885,0.22193726897239685,0.49959123134613037,0.2223416268825531,0.5119191408157349,0.00044969419832341373,0.00047719385474920273,0.0,0.0,1.5238651037216187,0.004970223177224398,1.5128960609436035,0.0,0.5,0.5,1.5238651037216187,0.004970223177224398,0.0,1380
0.21558231115341187,0.4988044202327728,0.22254736721515656,0.49962031841278076,0.22321759164333344,0.5119602680206299,0.0004496340989135206,0.00047731437371112406,0.0,0.0,1.5238651037216187,0.008769256994128227,1.5231451988220215,0.006107873748987913,0.5,0.5,1.5238651037216187,0.008769256994128227,0.0,1381
0.2112695872783661,0.49262067675590515,0.22309193015098572,0.49963507056236267,0.22406163811683655,0.5119999051094055,0.000449593790108338,0.00045863111154176295,0.0,0.0,1.5238651037216187,0.008449716493487358,1.543715238571167,0.005447599571198225,0.5,0.5,1.5238651037216187,0.008449716493487358,0.0,1382
0.22839777171611786,0.5026113390922546,0.22309193015098572,0.49963507056236267,0.22406163811683655,0.5119999051094055,0.0004495667526498437,0.0004465107631403953,0.0,0.0,1.5233068466186523,0.0,1.531240463256836,0.0,0.5,0.5,1.5233068466186523,0.0,0.0,1383
0.22484828531742096,0.5001533031463623,0.22422409057617188,0.4996308982372284,0.22486060857772827,0.5119974613189697,0.0004495486500672996,0.00042089360067620873,0.0,0.0,1.5738531351089478,0.00800000037997961,1.5744774341583252,0.011321731843054295,0.5,0.5,1.5738531351089478,0.007989782840013504,0.0,1384
0.2306048721075058,0.5116737484931946,0.22422409057617188,0.4996308982372284,0.22486060857772827,0.5119974613189697,0.0004495364846661687,0.00043875351548194885,0.0,0.0,1.5724397897720337,0.0,1.585982084274292,0.0,0.5,0.5,1.5724397897720337,0.0,0.0,1385
0.22346749901771545,0.5216795802116394,0.22525948286056519,0.4992932975292206,0.22556519508361816,0.5117782354354858,0.0004495283355936408,0.00045114432577975094,0.0,0.0,1.969016671180725,0.00800000037997961,1.8859820365905762,0.010890394449234009,0.5,0.5,1.8724397420883179,0.007379109039902687,0.0,1386
0.23043902218341827,0.5310124754905701,0.22525948286056519,0.4992932975292206,0.22556519508361816,0.5117782354354858,0.0004495228931773454,0.0004596535873133689,0.0,0.0,1.870704174041748,0.0,1.8684537410736084,0.0,0.5,0.5,1.870704174041748,0.0,0.0,1387
0.22765220701694489,0.5255167484283447,0.22583262622356415,0.4989874064922333,0.22625617682933807,0.5114058256149292,0.00044951922609470785,0.0004654564254451543,0.0,0.0,2.0650947093963623,0.00800000037997961,2.061037302017212,0.0064965346828103065,0.5,0.5,2.0650947093963623,0.007849324494600296,0.0,1388
0.2243911325931549,0.5337799787521362,0.2265612632036209,0.49859702587127686,0.2270524799823761,0.5109766721725464,0.000449516752269119,0.0004693947557825595,0.0,0.0,2.0650947093963623,0.009045852348208427,2.0626604557037354,0.008266331627964973,0.5,0.5,2.0650947093963623,0.009045852348208427,0.0,1389
0.2139798253774643,0.5195071697235107,0.22755193710327148,0.4980577230453491,0.22761352360248566,0.5106742978096008,0.00044951512245461345,0.00047205897863022983,0.0,0.0,2.0650947093963623,0.006373390555381775,2.0693118572235107,0.011279589496552944,0.5,0.5,2.0650947093963623,0.006373390555381775,0.0,1390
0.21152156591415405,0.5041511058807373,0.22806143760681152,0.4977914094924927,0.22842425107955933,0.5102373957633972,0.0004495140165090561,0.00047385733341798186,0.0,0.0,2.0650947093963623,0.009209712035953999,2.0524184703826904,0.005749003496021032,0.5,0.5,2.0650947093963623,0.009209712035953999,0.0,1391
0.21530230343341827,0.4839506149291992,0.22885604202747345,0.4973684251308441,0.22890880703926086,0.5099762678146362,0.0004495132598094642,0.00047506942064501345,0.0,0.0,2.0650947093963623,0.005504499655216932,2.0599653720855713,0.00900180358439684,0.5,0.5,2.0650947093963623,0.005504499655216932,0.0,1392
0.23072795569896698,0.48939192295074463,0.22885604202747345,0.4973684251308441,0.22890880703926086,0.5099762678146362,0.00044951276504434645,0.0004758855211548507,0.0,0.0,2.0644795894622803,0.0,2.0865256786346436,0.0,0.5,0.5,2.0644795894622803,0.0,0.0,1393
0.23320063948631287,0.4966539442539215,0.22885604202747345,0.4973684251308441,0.22890880703926086,0.5099762678146362,0.00045853719348087907,0.00047643468133173883,0.0,0.0,2.070841073989868,0.0,2.066876173019409,0.0,0.5,0.5,2.070841073989868,0.0,0.0,1394
0.24048636853694916,0.47870057821273804,0.22885604202747345,0.4973684251308441,0.22890880703926086,0.5099762678146362,0.00045554584357887506,0.0004580636159516871,0.0,0.0,2.0717928409576416,0.0,2.0779080390930176,0.0,0.5,0.5,2.0717928409576416,0.0,0.0,1395
0.23982971906661987,0.47610920667648315,0.22885604202747345,0.4973684251308441,0.22890880703926086,0.5099762678146362,0.00045354990288615227,0.000464374665170908,0.0,0.0,2.0720298290252686,0.0,2.0857622623443604,0.0,0.5,0.5,2.0720298290252686,0.0,0.0,1396
0.24332186579704285,0.48429861664772034,0.22885604202747345,0.4973684251308441,0.22890880703926086,0.5099762678146362,0.0004522159288171679,0.0004686617467086762,0.0,0.0,2.073486328125,0.0,2.061981439590454,0.0,0.5,0.5,2.073486328125,0.0,0.0,1397
0.23375609517097473,0.48366063833236694,0.22885604202747345,0.4973684251308441,0.22890880703926086,0.5099762678146362,0.0004513234016485512,0.0004715636314358562,0.0,0.0,2.073333263397217,0.0,2.085071086883545,0.0,0.5,0.5,2.073333263397217,0.0,0.0,1398
0.21198590099811554,0.477449893951416,0.22892336547374725,0.49735376238822937,0.229428231716156,0.5098695755004883,0.00045977605623193085,0.00047352322144433856,0.0,0.0,1.2271381616592407,0.00800000037997961,1.7850711345672607,0.0006890551303513348,0.5,0.5,1.7733333110809326,0.00530269555747509,0.0,1399
0.2114231437444687,0.49276819825172424,0.22967179119586945,0.497418075799942,0.2305050939321518,0.5099748373031616,0.0004563826078083366,0.000456183246569708,0.0,0.0,1.2271381616592407,0.01266215369105339,1.4850711822509766,0.007511802017688751,0.5,0.5,1.4733333587646484,0.010819900780916214,0.0,1400
0.2010672688484192,0.49271947145462036,0.22989721596240997,0.49749821424484253,0.2313159555196762,0.5102649927139282,0.00045410808525048196,0.00046309386380016804,0.0,0.0,1.2271381616592407,0.00887992698699236,1.2292197942733765,0.002392388880252838,0.5,0.5,1.2271381616592407,0.00861216802150011,0.0,1401
0.19952866435050964,0.49959203600883484,0.23131030797958374,0.4979954957962036,0.23212210834026337,0.5105534791946411,0.00045258915633894503,0.00044941893429495394,0.0,0.0,1.2271381616592407,0.00856221467256546,1.2324284315109253,0.014980379492044449,0.5,0.5,1.2271381616592407,0.00856221467256546,0.0,1402
0.19150704145431519,0.5100890398025513,0.23183755576610565,0.49801573157310486,0.23282982409000397,0.5105844140052795,0.00045157319982536137,0.0004404814389999956,0.0,0.0,1.6910502910614014,0.007921058684587479,1.5324283838272095,0.0052763549610972404,0.5,0.5,1.527138113975525,0.007083873264491558,0.0,1403
0.20337724685668945,0.5065703988075256,0.2329016476869583,0.4979138672351837,0.23382844030857086,0.5104928016662598,0.0004508931015152484,0.00045233519631437957,0.0,0.0,1.6622765064239502,0.010120375081896782,1.6662358045578003,0.010689502581954002,0.5,0.5,1.6622765064239502,0.010028105229139328,0.0,1404
0.21453224122524261,0.5029839873313904,0.2329016476869583,0.4979138672351837,0.23382844030857086,0.5104928016662598,0.0004504375974647701,0.00046046767965890467,0.0,0.0,1.657170057296753,0.0,1.6564912796020508,0.0,0.5,0.5,1.657170057296753,0.0,0.0,1405
0.20657570660114288,0.49408334493637085,0.23371727764606476,0.4979870915412903,0.23461361229419708,0.5105606913566589,0.0004501323855947703,0.00046600986388511956,0.0,0.0,1.484540581703186,0.00800000037997961,1.4812601804733276,0.008189110085368156,0.5,0.5,1.484540581703186,0.00788109190762043,0.0,1406
0.205647811293602,0.47760602831840515,0.23499053716659546,0.4980956017971039,0.2353130280971527,0.510621190071106,0.00044992781477048993,0.0004513147287070751,0.0,0.0,1.484540581703186,0.007020235061645508,1.4857831001281738,0.012778705917298794,0.5,0.5,1.484540581703186,0.007020235061645508,0.0,1407
0.20107395946979523,0.4822741150856018,0.23499053716659546,0.4980956017971039,0.23596374690532684,0.5106774568557739,0.00044979070662520826,0.0004597701190505177,0.0,0.0,1.484540581703186,0.006531435064971447,1.5008708238601685,0.0,0.5,0.5,1.484540581703186,0.006531435064971447,0.0,1408
0.20340977609157562,0.49645817279815674,0.23594316840171814,0.4982001483440399,0.23699671030044556,0.5107668042182922,0.0004496987967286259,0.000465535675175488,0.0,0.0,1.484540581703186,0.010368254035711288,1.4614986181259155,0.009583552367985249,0.5,0.5,1.484540581703186,0.010368254035711288,0.0,1409
0.2162659466266632,0.4973072409629822,0.23594316840171814,0.4982001483440399,0.23699671030044556,0.5107668042182922,0.00044963715481571853,0.00046944842324592173,0.0,0.0,1.4803787469863892,0.0,1.4832146167755127,0.0,0.5,0.5,1.4803787469863892,0.0,0.0,1410
0.21336069703102112,0.4935062825679779,0.23691509664058685,0.4982941150665283,0.2377922236919403,0.5108506083488464,0.0004495958564803004,0.0004720952420029789,0.0,0.0,1.465833306312561,0.00800000037997961,1.4744062423706055,0.009764579124748707,0.5,0.5,1.465833306312561,0.007999153807759285,0.0,1411
0.20358939468860626,0.499382346868515,0.23706026375293732,0.49830737709999084,0.2387688010931015,0.5109534859657288,0.0004495681496337056,0.0004738817806355655,0.0,0.0,1.465833306312561,0.009819785133004189,1.479778528213501,0.0014576563844457269,0.5,0.5,1.465833306312561,0.009819785133004189,0.0,1412
0.20378121733665466,0.49486806988716125,0.23777717351913452,0.4983869791030884,0.23947729170322418,0.5110281109809875,0.0004495495813898742,0.00047508589341305196,0.0,0.0,1.465833306312561,0.007124077063053846,1.4602175951004028,0.007213144563138485,0.5,0.5,1.465833306312561,0.007124077063053846,0.0,1413
0.20877939462661743,0.5037972927093506,0.23830483853816986,0.4984482526779175,0.24017086625099182,0.5111011862754822,0.00044953712495043874,0.00047589660971425474,0.0,0.0,1.465833306312561,0.006974159274250269,1.4551658630371094,0.0053121838718652725,0.5,0.5,1.465833306312561,0.006974159274250269,0.0,1414
0.2227521687746048,0.508267343044281,0.23903249204158783,0.4985305964946747,0.24078790843486786,0.5111662149429321,0.00044952877215109766,0.00047644213191233575,0.0,0.0,1.465833306312561,0.006204623728990555,1.4581080675125122,0.007323006168007851,0.5,0.5,1.465833306312561,0.006204623728990555,0.0,1415
0.22433780133724213,0.5103660821914673,0.240294948220253,0.49866700172424316,0.24157366156578064,0.5112490057945251,0.0004495231551118195,0.00047680901479907334,0.0,0.0,1.465833306312561,0.007901065051555634,1.463167428970337,0.012698088772594929,0.5,0.5,1.465833306312561,0.007901065051555634,0.0,1416
0.23908185958862305,0.5012426972389221,0.240294948220253,0.49866700172424316,0.24157366156578064,0.5112490057945251,0.0004495194007176906,0.0004397791053634137,0.0,0.0,1.4673917293548584,0.0,1.4489394426345825,0.0,0.5,0.5,1.4673917293548584,0.0,0.0,1417
0.23405472934246063,0.507816731929779,0.240294948220253,0.49866700172424316,0.24157366156578064,0.5112490057945251,0.0004495168977882713,0.00041665052413009107,0.0,0.0,1.467970848083496,0.0,1.458117127418518,0.0,0.5,0.5,1.467970848083496,0.0,0.0,1418
0.23395207524299622,0.49740368127822876,0.240294948220253,0.49866700172424316,0.24157366156578064,0.5112490057945251,0.0004495152097661048,0.00043578771874308586,0.0,0.0,1.462014079093933,0.0,1.4563665390014648,0.0,0.5,0.5,1.462014079093933,0.0,0.0,1419
0.24096238613128662,0.48981526494026184,0.240294948220253,0.49866700172424316,0.24157366156578064,0.5112490057945251,0.000449514074716717,0.00043149464181624353,0.0,0.0,1.4603772163391113,0.0,1.444593071937561,0.0,0.5,0.5,1.4603772163391113,0.0,0.0,1420
0.23828187584877014,0.473092257976532,0.240294948220253,0.49866700172424316,0.24157366156578064,0.5112490057945251,0.00044951331801712513,0.00042864802526310086,0.0,0.0,1.458141565322876,0.0,1.4786328077316284,0.0,0.5,0.5,1.458141565322876,0.0,0.0,1421
0.23788826167583466,0.47303134202957153,0.240294948220253,0.49866700172424316,0.24157366156578064,0.5112490057945251,0.0004495127941481769,0.0004441517230588943,0.0,0.0,1.4648067951202393,0.0,1.4576505422592163,0.0,0.5,0.5,1.4648067951202393,0.0,0.0,1422
0.24967820942401886,0.47830307483673096,0.240294948220253,0.49866700172424316,0.24157366156578064,0.5112490057945251,0.00044951244490221143,0.0004548601864371449,0.0,0.0,1.4627689123153687,0.0,1.4753962755203247,0.0,0.5,0.5,1.4627689123153687,0.0,0.0,1423
0.24077054858207703,0.4856986105442047,0.240294948220253,0.49866700172424316,0.24157366156578064,0.5112490057945251,0.0004585369606502354,0.0004440469783730805,0.0,0.0,1.4621495008468628,0.0,1.4533110857009888,0.0,0.5,0.5,1.4621495008468628,0.0,0.0,1424
0.25524550676345825,0.48666849732398987,0.240294948220253,0.49866700172424316,0.24157366156578064,0.5112490057945251,0.0004555456980597228,0.00043694916530512273,0.0,0.0,1.4597095251083374,0.0,1.480392575263977,0.0,0.5,0.5,1.4597095251083374,0.0,0.0,1425
0.25859972834587097,0.506435751914978,0.240294948220253,0.49866700172424316,0.24157366156578064,0.5112490057945251,0.0004444953228812665,0.00043226341949775815,0.0,0.0,1.4668035507202148,0.0,1.4757570028305054,0.0,0.5,0.5,1.4668035507202148,0.0,0.0,1426
0.24787138402462006,0.5169789791107178,0.240294948220253,0.49866700172424316,0.24157366156578064,0.5112490057945251,0.00045509624760597944,0.00044665890163742006,0.0,0.0,1.4659039974212646,0.0,1.4751372337341309,0.0,0.5,0.5,1.4659039974212646,0.0,0.0,1427
0.24821113049983978,0.5254470705986023,0.240294948220253,0.49866700172424316,0.24157366156578064,0.5112490057945251,0.0004532495513558388,0.000456581445178017,0.0,0.0,1.4705579280853271,0.0,1.460092306137085,0.0,0.5,0.5,1.4705579280853271,0.0,0.0,1428
0.25547075271606445,0.5165948867797852,0.240294948220253,0.49866700172424316,0.24157366156578064,0.5112490057945251,0.0004520150541793555,0.00046336519881151617,0.0,0.0,1.4712990522384644,0.0,1.4740979671478271,0.0,0.5,0.5,1.4712990522384644,0.0,0.0,1429
0.2509595453739166,0.5121874213218689,0.240294948220253,0.49866700172424316,0.24157366156578064,0.5112490057945251,0.0004421841586008668,0.00046797722461633384,0.0,0.0,1.473710298538208,0.0,1.482486367225647,0.0,0.5,0.5,1.473710298538208,0.0,0.0,1430
0.258218914270401,0.4996473789215088,0.24242626130580902,0.4986502528190613,0.24237000942230225,0.5112501382827759,0.0004357214202173054,0.0004711008514277637,0.0,0.0,1.5693378448486328,0.00800000037997961,1.5786590576171875,0.02131383679807186,0.5,0.5,1.5693378448486328,0.007963449694216251,0.0,1431
0.25364670157432556,0.49855780601501465,0.2447987198829651,0.49867382645606995,0.24396996200084686,0.5112594962120056,0.0004314507532399148,0.0004546161217149347,0.0,0.0,1.5649422407150269,0.01600000075995922,1.560862421989441,0.02372572012245655,0.5,0.5,1.5649422407150269,0.015999846160411835,0.0,1432
0.2608851194381714,0.5054855346679688,0.24715010821819305,0.49861857295036316,0.24636833369731903,0.5112044811248779,0.0004460958589334041,0.0004620251711457968,0.0,0.0,1.5937331914901733,0.024000000208616257,1.594292163848877,0.02352033741772175,0.5,0.5,1.5937331914901733,0.023990053683519363,0.0,1433
0.24438612163066864,0.5027707815170288,0.25072428584098816,0.49858972430229187,0.249567911028862,0.5111697912216187,0.0004561951500363648,0.000430607091402635,0.0,0.0,1.581635594367981,0.03200000151991844,1.578866720199585,0.03574291244149208,0.5,0.5,1.581635594367981,0.03199765831232071,0.0,1434
0.24413152039051056,0.5150895714759827,0.25440162420272827,0.498327374458313,0.25282928347587585,0.5109774470329285,0.00045398346264846623,0.0004455110465642065,0.0,0.0,1.6297019720077515,0.032708123326301575,1.6420166492462158,0.036866720765829086,0.5,0.5,1.6297019720077515,0.03267034515738487,0.0,1435
0.2577204406261444,0.5102351307868958,0.2579503357410431,0.4981694221496582,0.2556302845478058,0.5108591318130493,0.0004525058320723474,0.0004557937500067055,0.0,0.0,1.6130163669586182,0.028038913384079933,1.615280032157898,0.035522278398275375,0.5,0.5,1.6130163669586182,0.028035011142492294,0.0,1436
0.28049716353416443,0.5031039714813232,0.26098382472991943,0.49808162450790405,0.2584158480167389,0.5108197331428528,0.00044250572682358325,0.00046282834955491126,0.0,0.0,1.584936261177063,0.027869533747434616,1.5997300148010254,0.030347678810358047,0.5,0.5,1.584936261177063,0.027858546003699303,0.0,1437
0.28045666217803955,0.4886239171028137,0.26372960209846497,0.4981764554977417,0.2611285448074341,0.5109602808952332,0.0004359334707260132,0.0004676129901781678,0.0,0.0,1.5190255641937256,0.027222558856010437,1.536270022392273,0.027474157512187958,0.5,0.5,1.5190255641937256,0.027163449674844742,0.0,1438
0.28982776403427124,0.4866558015346527,0.2668130099773407,0.49834856390953064,0.26371893286705017,0.5111247301101685,0.00044919774518348277,0.0004708545166067779,0.0,0.0,1.5073896646499634,0.025957832112908363,1.5150383710861206,0.030882159247994423,0.5,0.5,1.5073896646499634,0.02595607563853264,0.0,1439
0.27497124671936035,0.5016220808029175,0.26989641785621643,0.4983200132846832,0.2662944495677948,0.5111061930656433,0.00045832147588953376,0.00047304469626396894,0.0,0.0,1.5780047178268433,0.02582031488418579,1.5800596475601196,0.030835267156362534,0.5,0.5,1.5780047178268433,0.02575596421957016,0.0,1440
0.27898135781288147,0.4983780086040497,0.272797554731369,0.49833419919013977,0.2691817283630371,0.5111273527145386,0.0004463086661417037,0.0004745218902826309,0.0,0.0,1.563457727432251,0.028876658529043198,1.5659072399139404,0.029011670500040054,0.5,0.5,1.563457727432251,0.02887360379099846,0.0,1441
0.29033708572387695,0.4929087460041046,0.2753925323486328,0.49843207001686096,0.2719041705131531,0.5112194418907166,0.0004563411639537662,0.00045682862401008606,0.0,0.0,1.536987066268921,0.027249539270997047,1.5331029891967773,0.02596835047006607,0.5,0.5,1.536987066268921,0.02723999321460724,0.0,1442
0.2975144684314728,0.5098000168800354,0.2762702405452728,0.4983929693698883,0.27444979548454285,0.5110962390899658,0.00046320148976519704,0.00044533383334055543,0.0,0.0,1.6191571950912476,0.025572407990694046,1.6153029203414917,0.008785910904407501,0.5,0.5,1.6191571950912476,0.02548612467944622,0.0,1443
0.30528008937835693,0.5073661804199219,0.2780984938144684,0.4983265697956085,0.27706196904182434,0.5109974145889282,0.00046786616439931095,0.0004201530246064067,0.0,0.0,1.6086080074310303,0.02614191174507141,1.6070928573608398,0.018294453620910645,0.5,0.5,1.6086080074310303,0.026140457019209862,0.0,1444
0.28099918365478516,0.4999135136604309,0.28149956464767456,0.49825090169906616,0.2800636887550354,0.5109986066818237,0.00045251971459947526,0.00040418043499812484,0.0,0.0,1.5704014301300049,0.03003917634487152,1.593039870262146,0.034019116312265396,0.5,0.5,1.5704014301300049,0.030017254874110222,0.0,1445
0.2798546254634857,0.4952479600906372,0.2850262522697449,0.49833711981773376,0.28273680806159973,0.5110563039779663,0.0004605937865562737,0.0004270218196325004,0.0,0.0,1.5492137670516968,0.026743555441498756,1.5463579893112183,0.035277511924505234,0.5,0.5,1.5492137670516968,0.026737552136182785,0.0,1446
0.2922998070716858,0.4968087375164032,0.2878442704677582,0.49835214018821716,0.2849683165550232,0.5110905766487122,0.00044779074960388243,0.0004430219705682248,0.0,0.0,1.5554327964782715,0.022318152710795403,1.5654628276824951,0.028180548921227455,0.5,0.5,1.5554327964782715,0.02231772057712078,0.0,1447
0.2800041139125824,0.5029513835906982,0.2899949550628662,0.49831071496009827,0.2878166139125824,0.5110523700714111,0.0004573575279209763,0.00043627378181554377,0.0,0.0,1.5842112302780151,0.028497381135821342,1.5900497436523438,0.021510731428861618,0.5,0.5,1.5842112302780151,0.028485581278800964,0.0,1448
0.283808171749115,0.47842544317245483,0.2931753098964691,0.4986216425895691,0.2904970347881317,0.5113198757171631,0.0004456793249119073,0.00044943284592591226,0.0,0.0,1.47133207321167,0.027109913527965546,1.4733400344848633,0.031955260783433914,0.5,0.5,1.47133207321167,0.02693738415837288,0.0,1449
0.2968379855155945,0.48148113489151,0.29608502984046936,0.4988590478897095,0.29304200410842896,0.5115518569946289,0.0004559092631097883,0.00045848244917578995,0.0,0.0,1.4798943996429443,0.025556055828928947,1.4893908500671387,0.029193824157118797,0.5,0.5,1.4798943996429443,0.025555118918418884,0.0,1450
0.29843688011169434,0.4748061001300812,0.2981492877006531,0.4991176426410675,0.2954910397529602,0.5118579864501953,0.0004629071045201272,0.0004646597371902317,0.0,0.0,1.446448564529419,0.02469462901353836,1.4461761713027954,0.020803792402148247,0.5,0.5,1.446448564529419,0.024680817499756813,0.0,1451
0.30018118023872375,0.485558420419693,0.30082952976226807,0.49933797121047974,0.29814890027046204,0.5120500922203064,0.0004492973966989666,0.0004688549670390785,0.0,0.0,1.4986485242843628,0.026684323325753212,1.4887748956680298,0.02689279615879059,0.5,0.5,1.4986485242843628,0.02664797566831112,0.0,1452
0.30983278155326843,0.499795138835907,0.303378164768219,0.4993712902069092,0.30042505264282227,0.5120525360107422,0.00045838969526812434,0.0004531610175035894,0.0,0.0,1.5697189569473267,0.022818999364972115,1.5577237606048584,0.025488590821623802,0.5,0.5,1.5697189569473267,0.02276139333844185,0.0,1453
0.3123486340045929,0.49734002351760864,0.3052837550640106,0.4993865489959717,0.30288219451904297,0.512087345123291,0.000464596610981971,0.00044293489190749824,0.0,0.0,1.5566221475601196,0.024576084688305855,1.5627869367599487,0.019056636840105057,0.5,0.5,1.5566221475601196,0.024573978036642075,0.0,1454
0.3165113031864166,0.5026110410690308,0.306339293718338,0.49935832619667053,0.3047366142272949,0.5120609402656555,0.0004688121844083071,0.00045402374234981835,0.0,0.0,1.585025429725647,0.018553471192717552,1.5975192785263062,0.010559107176959515,0.5,0.5,1.585025429725647,0.018545987084507942,0.0,1455
0.31822964549064636,0.5072672963142395,0.3085362911224365,0.4992872476577759,0.3072926998138428,0.5119587182998657,0.0004531332815531641,0.00042560879955999553,0.0,0.0,1.6107556819915771,0.025589611381292343,1.603142499923706,0.02198144607245922,0.5,0.5,1.6107556819915771,0.02558114193379879,0.0,1456
0.3128454089164734,0.5038649439811707,0.3106098771095276,0.4992635250091553,0.30948489904403687,0.5119134187698364,0.0004610129108186811,0.00044203936704434454,0.0,0.0,1.591444492340088,0.0219308789819479,1.5822370052337646,0.02073725126683712,0.5,0.5,1.591444492340088,0.021926790475845337,0.0,1457
0.3162200152873993,0.5094396471977234,0.31263741850852966,0.4991593658924103,0.31162115931510925,0.5118036866188049,0.0004480638890527189,0.00041807713569141924,0.0,0.0,1.6221152544021606,0.021400686353445053,1.6221164464950562,0.020302165299654007,0.5,0.5,1.6221152544021606,0.02139062061905861,0.0,1458
0.31666213274002075,0.49841734766960144,0.3152494430541992,0.4992091953754425,0.3142108619213104,0.5118260383605957,0.00045754475286230445,0.00043678583460859954,0.0,0.0,1.562164068222046,0.025944611057639122,1.551716923713684,0.0261248592287302,0.5,0.5,1.562164068222046,0.025898000225424767,0.0,1459
0.3333265483379364,0.5065011978149414,0.3174561858177185,0.49909958243370056,0.31615760922431946,0.5117501020431519,0.00046402140287682414,0.00044978648656979203,0.0,0.0,1.6097822189331055,0.019504336640238762,1.620422601699829,0.022094639018177986,0.5,0.5,1.6097822189331055,0.01948222890496254,0.0,1460
0.3303331136703491,0.5135132670402527,0.31876641511917114,0.4989851117134094,0.31828585267066956,0.5115805864334106,0.0004500223440118134,0.0004587245639413595,0.0,0.0,1.650274395942688,0.021367372944951057,1.6579370498657227,0.013152103871107101,0.5,0.5,1.650274395942688,0.02134985849261284,0.0,1461
0.32756978273391724,0.5085505247116089,0.3205636143684387,0.49890056252479553,0.3204698860645294,0.5114722847938538,0.00044087745482102036,0.00046482449397444725,0.0,0.0,1.6203440427780151,0.021877076476812363,1.617814540863037,0.0179919321089983,0.5,0.5,1.6203440427780151,0.02186727710068226,0.0,1462
0.32142287492752075,0.5183795094490051,0.322909414768219,0.49866363406181335,0.32253775000572205,0.5112594366073608,0.00043485936475917697,0.0004689666093327105,0.0,0.0,1.6733571290969849,0.020816989243030548,1.6714508533477783,0.023577360436320305,0.5,0.5,1.6733571290969849,0.020787745714187622,0.0,1463
0.318915456533432,0.5240500569343567,0.32459306716918945,0.4984203279018402,0.3247106373310089,0.5109708309173584,0.00043087973608635366,0.0004717696865554899,0.0,0.0,1.702834963798523,0.021929334849119186,1.714311122894287,0.017011525109410286,0.5,0.5,1.702834963798523,0.02191980928182602,0.0,1464
0.3279646635055542,0.5126133561134338,0.3266746997833252,0.4982796013355255,0.32672807574272156,0.5108228921890259,0.00044570007594302297,0.0004736622213385999,0.0,0.0,1.6439839601516724,0.02026364393532276,1.6383017301559448,0.020863980054855347,0.5,0.5,1.6439839601516724,0.020228562876582146,0.0,1465
0.33192178606987,0.49862179160118103,0.3294278383255005,0.4982794523239136,0.3288272023200989,0.510840117931366,0.0004559235239867121,0.0004378336016088724,0.0,0.0,1.5625966787338257,0.021061711013317108,1.5708472728729248,0.027531497180461884,0.5,0.5,1.5625966787338257,0.020991994068026543,0.0,1466
0.32347506284713745,0.48793694376945496,0.33199816942214966,0.4984600841999054,0.33089497685432434,0.5109814405441284,0.00046291679609566927,0.0004328484646975994,0.0,0.0,1.5025662183761597,0.020763223990797997,1.5006401538848877,0.025766730308532715,0.5,0.5,1.5025662183761597,0.020725823938846588,0.0,1467
0.3353182077407837,0.4896133244037628,0.33437031507492065,0.49862849712371826,0.3328389525413513,0.5111040472984314,0.00044930371223017573,0.0004295465478207916,0.0,0.0,1.5078085660934448,0.019478745758533478,1.4999250173568726,0.023781083524227142,0.5,0.5,1.5078085660934448,0.01947847753763199,0.0,1468
0.3330044746398926,0.4963032901287079,0.33629435300827026,0.4986710846424103,0.33478838205337524,0.5111472010612488,0.0004583940317388624,0.000427353719715029,0.0,0.0,1.5486632585525513,0.019515369087457657,1.5486732721328735,0.01924511231482029,0.5,0.5,1.5486632585525513,0.01949908398091793,0.0,1469
0.33124232292175293,0.5141342282295227,0.33825066685676575,0.49856460094451904,0.33667081594467163,0.5109895467758179,0.0004463560471776873,0.0004432526766322553,0.0,0.0,1.654355764389038,0.018996132537722588,1.625180959701538,0.019591977819800377,0.5,0.5,1.654355764389038,0.018890129402279854,0.0,1470
0.3325650691986084,0.5149871706962585,0.3411029577255249,0.49824056029319763,0.3389926850795746,0.5107817053794861,0.0004384689382277429,0.0004188421298749745,0.0,0.0,1.6600689888000488,0.02331191673874855,1.6839232444763184,0.028706474229693413,0.5,0.5,1.6600689888000488,0.023311536759138107,0.0,1471
0.3392665684223175,0.5124889612197876,0.3428918421268463,0.4981064200401306,0.3409428596496582,0.510630190372467,0.00045094804954715073,0.00040334221557714045,0.0,0.0,1.6483403444290161,0.01956181786954403,1.6456348896026611,0.017938967794179916,0.5,0.5,1.6483403444290161,0.019560473039746284,0.0,1472
0.3366791307926178,0.5168961882591248,0.34527409076690674,0.4978339970111847,0.3429405689239502,0.5104235410690308,0.000459519331343472,0.00042642990592867136,0.0,0.0,1.6738835573196411,0.0200901348143816,1.6846519708633423,0.02397778630256653,0.5,0.5,1.6738835573196411,0.020083580166101456,0.0,1473
0.35281968116760254,0.512143611907959,0.34724941849708557,0.49769070744514465,0.34476083517074585,0.5102733373641968,0.000465365155832842,0.00044261047150939703,0.0,0.0,1.653118371963501,0.018268326297402382,1.6432147026062012,0.019805142655968666,0.5,0.5,1.653118371963501,0.018264388665556908,0.0,1474
0.3561316430568695,0.5073574781417847,0.34850385785102844,0.4976433515548706,0.34661152958869934,0.5101786851882935,0.00046933291014283895,0.00045380063238553703,0.0,0.0,1.6218920946121216,0.018540315330028534,1.6085245609283447,0.012553350068628788,0.5,0.5,1.6218920946121216,0.018531277775764465,0.0,1475
0.3561634421348572,0.510490894317627,0.3498353064060211,0.49755343794822693,0.3483322560787201,0.5100531578063965,0.0004720172146335244,0.0004614685894921422,0.0,0.0,1.6436035633087158,0.017256904393434525,1.6382219791412354,0.013344797305762768,0.5,0.5,1.6436035633087158,0.017252836376428604,0.0,1476
0.3384053707122803,0.5061584115028381,0.352290540933609,0.4974423944950104,0.3505091071128845,0.5099701881408691,0.00047382916091009974,0.0004666899039875716,0.0,0.0,1.6088881492614746,0.021797340363264084,1.6159933805465698,0.024577321484684944,0.5,0.5,1.6088881492614746,0.021784206852316856,0.0,1477
0.3498748540878296,0.5151346921920776,0.3545309901237488,0.4972613751888275,0.3522057831287384,0.5097991228103638,0.0004563810070976615,0.0004702299484051764,0.0,0.0,1.6712706089019775,0.017086029052734375,1.6514123678207397,0.022477440536022186,0.5,0.5,1.6712706089019775,0.017052793875336647,0.0,1478
0.35511133074760437,0.5143530368804932,0.3561689257621765,0.49712178111076355,0.35407599806785583,0.5096138715744019,0.0004632286145351827,0.00047262306907214224,0.0,0.0,1.6695365905761719,0.01879372075200081,1.6558223962783813,0.016438758000731468,0.5,0.5,1.6695365905761719,0.01879369094967842,0.0,1479
0.3693276047706604,0.5118066072463989,0.35732078552246094,0.49700501561164856,0.35560423135757446,0.5094757676124573,0.00046788458712399006,0.0004742376913782209,0.0,0.0,1.6609046459197998,0.015345128253102303,1.671814203262329,0.011577749624848366,0.5,0.5,1.6609046459197998,0.015344556421041489,0.0,1480
0.37218180298805237,0.5058044791221619,0.35942670702934265,0.49686819314956665,0.35736456513404846,0.5093958377838135,0.00047103819088079035,0.0004753255925606936,0.0,0.0,1.616176962852478,0.017639167606830597,1.6356805562973022,0.021103477105498314,0.5,0.5,1.616176962852478,0.01762152649462223,0.0,1481
0.3849678039550781,0.5108221769332886,0.3610658347606659,0.49670180678367615,0.35855215787887573,0.5092841386795044,0.00047316867858171463,0.0004388624511193484,0.0,0.0,1.6645997762680054,0.01194241177290678,1.671950340270996,0.01647559180855751,0.5,0.5,1.6645997762680054,0.011928413063287735,0.0,1482
0.38278764486312866,0.5202924609184265,0.36236730217933655,0.49646326899528503,0.3600936532020569,0.509017288684845,0.00047460541827604175,0.00041607138700783253,0.0,0.0,1.742222785949707,0.01569157838821411,1.7520756721496582,0.013231527991592884,0.5,0.5,1.742222785949707,0.01564432866871357,0.0,1483
0.3686390221118927,0.5361348986625671,0.3642856478691101,0.49592044949531555,0.3619699478149414,0.5085011720657349,0.0004568826116155833,0.0004353822732809931,0.0,0.0,1.8392375707626343,0.019551755860447884,1.8465484380722046,0.019936611875891685,0.5,0.5,1.8392375707626343,0.019459819421172142,0.0,1484
0.3678855895996094,0.5261573791503906,0.365792453289032,0.49562427401542664,0.36332374811172485,0.5082331299781799,0.00044536907807923853,0.00044881683425046504,0.0,0.0,1.766258955001831,0.013837503269314766,1.7648794651031494,0.015356269665062428,0.5,0.5,1.766258955001831,0.013800671324133873,0.0,1485
0.3749876916408539,0.5270716547966003,0.3670971095561981,0.49534571170806885,0.3650907576084137,0.5078504681587219,0.0004378196317702532,0.0004580605891533196,0.0,0.0,1.784055233001709,0.018082572147250175,1.781156301498413,0.013340556994080544,0.5,0.5,1.784055233001709,0.018079709261655807,0.0,1486
0.3604055941104889,0.5243288278579712,0.36738866567611694,0.4952976107597351,0.3667815625667572,0.5075557827949524,0.0004505000833887607,0.000464372627902776,0.0,0.0,1.7433454990386963,0.017177198082208633,1.7343146800994873,0.002955046482384205,0.5,0.5,1.7433454990386963,0.01716296561062336,0.0,1487
0.3637572228908539,0.5196580290794373,0.36906224489212036,0.49504125118255615,0.3683280646800995,0.5073326230049133,0.00044119087397120893,0.0004686603497248143,0.0,0.0,1.7140940427780151,0.01563197933137417,1.7227976322174072,0.016930948942899704,0.5,0.5,1.7140940427780151,0.01562529243528843,0.0,1488
0.37836793065071106,0.5101611614227295,0.37186920642852783,0.49480220675468445,0.3698030412197113,0.5072094202041626,0.0004528237332124263,0.0004715627001132816,0.0,0.0,1.6541428565979004,0.014827893115580082,1.6557477712631226,0.028171230107545853,0.5,0.5,1.6541428565979004,0.01480125356465578,0.0,1489
0.3860507011413574,0.49414464831352234,0.37249109148979187,0.49484336376190186,0.37092721462249756,0.50726717710495,0.00046080147149041295,0.0004735225811600685,0.0,0.0,1.519455909729004,0.011359591968357563,1.5046957731246948,0.006232326850295067,0.5,0.5,1.519455909729004,0.01125671248883009,0.0,1490
0.3759092092514038,0.4918559193611145,0.3743552565574646,0.4949609339237213,0.3725670874118805,0.5073748230934143,0.00046623669913969934,0.0004748438950628042,0.0,0.0,1.5052603483200073,0.016435716301202774,1.5078119039535522,0.018678782507777214,0.5,0.5,1.5052603483200073,0.016434060409665108,0.0,1491
0.3890601098537445,0.4798264503479004,0.3752445578575134,0.4951247572898865,0.37373536825180054,0.5075872540473938,0.00046992316492833197,0.0004570366581901908,0.0,0.0,1.39091956615448,0.011952399276196957,1.3886338472366333,0.009042571298778057,0.5,0.5,1.39091956615448,0.01187435258179903,0.0,1492
0.39909759163856506,0.48286527395248413,0.3763532340526581,0.4953206777572632,0.3748612403869629,0.5077784657478333,0.0004724159080069512,0.0004454697191249579,0.0,0.0,1.4025862216949463,0.011420589871704578,1.3958755731582642,0.011258426122367382,0.5,0.5,1.4025862216949463,0.011419812217354774,0.0,1493
0.39249083399772644,0.4838004410266876,0.37720778584480286,0.49546879529953003,0.3764815032482147,0.5080226063728333,0.00047409802209585905,0.00043788584298454225,0.0,0.0,1.4212406873703003,0.0163884237408638,1.3991831541061401,0.008673055097460747,0.5,0.5,1.4212406873703003,0.016385572031140327,0.0,1494
0.38824477791786194,0.49245694279670715,0.37836799025535583,0.49554333090782166,0.37780940532684326,0.5081122517585754,0.0004565547569654882,0.0004328829818405211,0.0,0.0,1.5034023523330688,0.013354357331991196,1.506648063659668,0.011626098304986954,0.5,0.5,1.5034023523330688,0.01330930832773447,0.0,1495
0.3735128939151764,0.4881708025932312,0.3810959756374359,0.4957590401172638,0.3795018494129181,0.5082705020904541,0.00046334703802131116,0.00042956945253536105,0.0,0.0,1.4775465726852417,0.017003940418362617,1.4918886423110962,0.02736487425863743,0.5,0.5,1.4775465726852417,0.016998255625367165,0.0,1496
0.39282462000846863,0.4883832037448883,0.3826412260532379,0.4959203004837036,0.38076573610305786,0.508407473564148,0.0004679648845922202,0.00044479130883701146,0.0,0.0,1.462827205657959,0.01271431427448988,1.4668134450912476,0.015536517836153507,0.5,0.5,1.462827205657959,0.012712936848402023,0.0,1497
0.39069536328315735,0.4879847466945648,0.384101539850235,0.49607720971107483,0.3820265829563141,0.5085460543632507,0.0004710924986284226,0.0004374393029138446,0.0,0.0,1.4613114595413208,0.01268452312797308,1.4637680053710938,0.014687246643006802,0.5,0.5,1.4613114595413208,0.012684508226811886,0.0,1498
0.4009453356266022,0.4751284122467041,0.38517558574676514,0.4963671863079071,0.38322481513023376,0.5088469386100769,0.00047320532030425966,0.0004325876652728766,0.0,0.0,1.324792504310608,0.01247035339474678,1.307085633277893,0.011125043034553528,0.5,0.5,1.324792504310608,0.012354325503110886,0.0,1499
0.39620479941368103,0.4706781506538391,0.3869697153568268,0.4968860149383545,0.38469648361206055,0.5092626810073853,0.000455977744422853,0.0004293735255487263,0.0,0.0,1.2954734563827515,0.015299365855753422,1.2892910242080688,0.018676364794373512,0.5,0.5,1.2954734563827515,0.015292790718376637,0.0,1500
0.3875510096549988,0.4637071192264557,0.3877118229866028,0.49712640047073364,0.3859142065048218,0.5096557140350342,0.0004447777755558491,0.000427238701377064,0.0,0.0,1.2586010694503784,0.01280448492616415,1.2575417757034302,0.007800637278705835,0.5,0.5,1.2586010694503784,0.012795781716704369,0.0,1501
0.37080708146095276,0.46282759308815,0.3892030417919159,0.4975326955318451,0.3877280056476593,0.5101776123046875,0.0004374303971417248,0.0004258182889316231,0.0,0.0,1.2906360626220703,0.018883559852838516,1.3047959804534912,0.015455786138772964,0.5,0.5,1.2906360626220703,0.018873872235417366,0.0,1502
0.36606988310813904,0.45258328318595886,0.3918788731098175,0.4985368549823761,0.38975703716278076,0.5108959674835205,0.00045023145503364503,0.0004248721816111356,0.0,0.0,1.230526328086853,0.02156335674226284,1.2117927074432373,0.028580298647284508,0.5,0.5,1.230526328086853,0.02152441255748272,0.0,1503
0.3784705698490143,0.4597061574459076,0.3925159275531769,0.49874165654182434,0.39082953333854675,0.5112515687942505,0.0004410146502777934,0.0004242414725013077,0.0,0.0,1.2506459951400757,0.0113014355301857,1.2597702741622925,0.006691623479127884,0.5,0.5,1.2506459951400757,0.011299148201942444,0.0,1504
0.37777167558670044,0.457699716091156,0.39389002323150635,0.49921855330467224,0.3924151062965393,0.5118002891540527,0.00043494990677572787,0.00044108761358074844,0.0,0.0,1.2376216650009155,0.016779711470007896,1.2367475032806396,0.014545108191668987,0.5,0.5,1.2376216650009155,0.016778288409113884,0.0,1505
0.3725513219833374,0.45092934370040894,0.39611080288887024,0.5000874996185303,0.3941429555416107,0.5124655365943909,0.00044851796701550484,0.00045275266165845096,0.0,0.0,1.2032676935195923,0.018525931984186172,1.1978304386138916,0.023847322911024094,0.5,0.5,1.2032676935195923,0.018515000119805336,0.0,1506
0.3926137387752533,0.4563565254211426,0.3966575860977173,0.5002989768981934,0.3949030935764313,0.5127744674682617,0.00045785587280988693,0.00044266742770560086,0.0,0.0,1.1847714185714722,0.00820649228990078,1.201743483543396,0.005862712394446135,0.5,0.5,1.1847714185714722,0.008205088786780834,0.0,1507
0.4040018618106842,0.45789510011672974,0.39735352993011475,0.5006107687950134,0.3962554633617401,0.5133675932884216,0.00044600473484024405,0.0004360400780569762,0.0,0.0,1.1574620008468628,0.014772878028452396,1.1496281623840332,0.007625926751643419,0.5,0.5,1.1574620008468628,0.01476737018674612,0.0,1508
0.39912816882133484,0.475189745426178,0.3986275792121887,0.5009270310401917,0.3973486125469208,0.5136364698410034,0.0004561326059047133,0.0004492713778745383,0.0,0.0,1.3296252489089966,0.011426319368183613,1.3274904489517212,0.013127068988978863,0.5,0.5,1.3296252489089966,0.011257397942245007,0.0,1509
0.39904147386550903,0.47783011198043823,0.4004482924938202,0.501339852809906,0.39879855513572693,0.5139548778533936,0.0004630593175534159,0.0004403845814522356,0.0,0.0,1.3546332120895386,0.014849444851279259,1.3478306531906128,0.018669405952095985,0.5,0.5,1.3546332120895386,0.0148448022082448,0.0,1510
