odom_x,odom_y,heading,speed,heading_cmd,speed_cmd,step,t
0.010461659170687199,0.01772553287446499,0.7928726077079773,0.061847519129514694,0.7928726077079773,0.061847519129514694,1,0.0
0.010461659170687199,0.01772553287446499,0.7928726077079773,0.046385638415813446,0.7928726077079773,0.046385638415813446,2,0.00841069221496582
0.010461659170687199,0.01772553287446499,0.7928726077079773,0.05025111138820648,0.7928726077079773,0.05025111138820648,3,0.013736724853515625
0.010461659170687199,0.01772553287446499,0.7928726077079773,0.049284741282463074,0.7928726077079773,0.049284741282463074,4,0.017810583114624023
0.010461659170687199,0.01772553287446499,0.7928726077079773,0.049526333808898926,0.7928726077079773,0.049526333808898926,5,0.024066686630249023
0.010461659170687199,0.01772553287446499,0.7928726077079773,0.04946593567728996,0.7928726077079773,0.04946593567728996,6,0.028170347213745117
0.010461659170687199,0.01772553287446499,0.7928726077079773,0.04948103427886963,0.7928726077079773,0.04948103427886963,7,0.03507828712463379
0.010461659170687199,0.01772553287446499,0.7928726077079773,0.04947726055979729,0.7928726077079773,0.04947726055979729,8,0.0402827262878418
0.010461659170687199,0.01772553287446499,0.7928726077079773,0.0494782030582428,0.7928726077079773,0.0494782030582428,9,0.0402827262878418
0.010461659170687199,0.01772553287446499,0.7928726077079773,0.049477968364953995,0.7928726077079773,0.049477968364953995,10,0.047721147537231445
0.010461659170687199,0.01772553287446499,0.7928726077079773,0.04947802796959877,0.7928726077079773,0.04947802796959877,11,0.047721147537231445
0.010461659170687199,0.01772553287446499,0.7928726077079773,0.049478013068437576,0.7928726077079773,0.049478013068437576,12,0.05663299560546875
0.010461659170687199,0.01772553287446499,0.7928726077079773,0.049478016793727875,0.7928726077079773,0.049478016793727875,13,0.05663299560546875
0.010461659170687199,0.01772553287446499,0.7928726077079773,0.049478016793727875,0.7928726077079773,0.049478016793727875,14,0.05663299560546875
0.010461659170687199,0.01772553287446499,0.7928726077079773,0.049478016793727875,0.7928726077079773,0.049478016793727875,15,0.07064270973205566
0.010461659170687199,0.01772553287446499,0.7928726077079773,0.049478016793727875,0.7928726077079773,0.049478016793727875,16,0.07265853881835938
0.010461659170687199,0.01772553287446499,0.7928726077079773,0.049478016793727875,0.7928726077079773,0.049478016793727875,17,0.07265853881835938
0.010461659170687199,0.01772553287446499,0.7928726077079773,0.049478016793727875,0.7928726077079773,0.049478016793727875,18,0.08291506767272949
0.010461659170687199,0.01772553287446499,0.7928726077079773,0.049478016793727875,0.7928726077079773,0.049478016793727875,19,0.08895492553710938
0.010461659170687199,0.01772553287446499,0.7928726077079773,0.049478016793727875,0.7928726077079773,0.049478016793727875,20,0.09085440635681152
0.010461659170687199,0.01772553287446499,0.7928726077079773,0.049478016793727875,0.7928726077079773,0.049478016793727875,21,0.09543132781982422
0.010461659170687199,0.01772553287446499,0.7928726077079773,0.049478016793727875,0.7928726077079773,0.049478016793727875,22,0.09900379180908203
0.010461659170687199,0.01772553287446499,0.7928726077079773,0.049478016793727875,0.7928726077079773,0.049478016793727875,23,0.1053779125213623
0.010461659170687199,0.01772553287446499,0.7928726077079773,0.049478016793727875,0.7928726077079773,0.049478016793727875,24,0.10852861404418945
0.010461659170687199,0.01772553287446499,0.7928726077079773,0.049478016793727875,0.7928726077079773,0.049478016793727875,25,0.10852861404418945
0.010461659170687199,0.01772553287446499,0.7928726077079773,0.049478016793727875,0.7928726077079773,0.049478016793727875,26,0.11402225494384766
0.010461659170687199,0.01772553287446499,0.7928726077079773,0.049478016793727875,0.7928726077079773,0.049478016793727875,27,0.11925268173217773
0.010461659170687199,0.01772553287446499,0.7928726077079773,0.049478016793727875,0.7928726077079773,0.049478016793727875,28,0.12126994132995605
0.010461659170687199,0.01772553287446499,0.7928726077079773,0.049478016793727875,0.7928726077079773,0.049478016793727875,29,0.12126994132995605
0.010461659170687199,0.01772553287446499,0.7928726077079773,0.049478016793727875,0.7928726077079773,0.049478016793727875,30,0.12126994132995605
0.010461659170687199,0.01772553287446499,0.7928726077079773,0.049478016793727875,0.7928726077079773,0.049478016793727875,31,0.13291001319885254
0.010461659170687199,0.01772553287446499,0.7928726077079773,0.049478016793727875,0.7928726077079773,0.049478016793727875,32,0.13724160194396973
0.010461659170687199,0.01772553287446499,0.7928726077079773,0.049478016793727875,0.7928726077079773,0.049478016793727875,33,0.13724160194396973
0.010461659170687199,0.01772553287446499,0.7928726077079773,0.049478016793727875,0.7928726077079773,0.049478016793727875,34,0.13724160194396973
0.010461659170687199,0.01772553287446499,0.7928726077079773,0.049478016793727875,0.7928726077079773,0.049478016793727875,35,0.15081000328063965
0.010461659170687199,0.01772553287446499,0.7928726077079773,0.049478016793727875,0.7928726077079773,0.049478016793727875,36,0.15636849403381348
0.010461659170687199,0.01772553287446499,0.7928726077079773,0.049478016793727875,0.7928726077079773,0.049478016793727875,37,0.1610262393951416
0.010461659170687199,0.01772553287446499,0.7928726077079773,0.049478016793727875,0.7928726077079773,0.049478016793727875,38,0.1647348403930664
0.010461659170687199,0.01772553287446499,0.7928726077079773,0.049478016793727875,0.7928726077079773,0.049478016793727875,39,0.1647348403930664
0.010461659170687199,0.01772553287446499,0.7928726077079773,0.049478016793727875,0.7928726077079773,0.049478016793727875,40,0.16780710220336914
0.010461659170687199,0.01772553287446499,0.7928726077079773,0.049478016793727875,0.7928726077079773,0.049478016793727875,41,0.17105555534362793
0.010461659170687199,0.01772553287446499,0.7928726077079773,0.049478016793727875,0.7928726077079773,0.049478016793727875,42,0.17105555534362793
0.010461659170687199,0.01772553287446499,0.7928726077079773,0.049478016793727875,0.7928726077079773,0.049478016793727875,43,0.1806197166442871
0.010461659170687199,0.01772553287446499,0.7928726077079773,0.049478016793727875,0.7928726077079773,0.049478016793727875,44,0.1806197166442871
0.010461659170687199,0.01772553287446499,0.7928726077079773,0.049478016793727875,0.7928726077079773,0.049478016793727875,45,0.18777012825012207
0.010461659170687199,0.01772553287446499,0.7928726077079773,0.049478016793727875,0.7928726077079773,0.049478016793727875,46,0.18777012825012207
0.010461659170687199,0.01772553287446499,0.7928726077079773,0.049478016793727875,0.7928726077079773,0.049478016793727875,47,0.18777012825012207
0.010461659170687199,0.01772553287446499,0.7928726077079773,0.049478016793727875,0.7928726077079773,0.049478016793727875,48,0.19634723663330078
0.010461659170687199,0.01772553287446499,0.7928726077079773,0.049478016793727875,0.7928726077079773,0.049478016793727875,49,0.19634723663330078
0.010461659170687199,0.01772553287446499,0.7928726077079773,0.049478016793727875,0.7928726077079773,0.049478016793727875,50,0.20436930656433105
0.010461659170687199,0.01772553287446499,0.7928726077079773,0.049478016793727875,0.7928726077079773,0.049478016793727875,51,0.20436930656433105
0.010461659170687199,0.01772553287446499,0.7928726077079773,0.049478016793727875,0.7928726077079773,0.049478016793727875,52,0.21213030815124512
0.010461659170687199,0.01772553287446499,0.7928726077079773,0.049478016793727875,0.7928726077079773,0.049478016793727875,53,0.21789312362670898
0.010461659170687199,0.01772553287446499,0.7928726077079773,0.049478016793727875,0.7928726077079773,0.049478016793727875,54,0.22110533714294434
0.010461659170687199,0.01772553287446499,0.7928726077079773,0.049478016793727875,0.7928726077079773,0.049478016793727875,55,0.22110533714294434
0.010461659170687199,0.01772553287446499,0.7928726077079773,0.049478016793727875,0.7928726077079773,0.049478016793727875,56,0.2298121452331543
0.010461659170687199,0.01772553287446499,0.7928726077079773,0.049478016793727875,0.7928726077079773,0.049478016793727875,57,0.2358553409576416
0.010461659170687199,0.01772553287446499,0.7928726077079773,0.049478016793727875,0.7928726077079773,0.049478016793727875,58,0.2398841381072998
0.010461659170687199,0.01772553287446499,0.7928726077079773,0.049478016793727875,0.7928726077079773,0.049478016793727875,59,0.2398841381072998
0.010461659170687199,0.01772553287446499,0.7928726077079773,0.049478016793727875,0.7928726077079773,0.049478016793727875,60,0.24793314933776855
0.010461659170687199,0.01772553287446499,0.7928726077079773,0.049478016793727875,0.7928726077079773,0.049478016793727875,61,0.2539823055267334
0.010461659170687199,0.01772553287446499,0.7928726077079773,0.049478016793727875,0.7928726077079773,0.049478016793727875,62,0.25720953941345215
0.010461659170687199,0.01772553287446499,0.7928726077079773,0.049478016793727875,0.7928726077079773,0.049478016793727875,63,0.2604670524597168
0.010461659170687199,0.01772553287446499,0.7928726077079773,0.049478016793727875,0.7928726077079773,0.049478016793727875,64,0.26415348052978516
0.010461659170687199,0.01772553287446499,0.7928726077079773,0.049478016793727875,0.7928726077079773,0.049478016793727875,65,0.2713897228240967
0.010461659170687199,0.01772553287446499,0.7928726077079773,0.049478016793727875,0.7928726077079773,0.049478016793727875,66,0.2727344036102295
0.010461659170687199,0.01772553287446499,0.7928726077079773,0.049478016793727875,0.7928726077079773,0.049478016793727875,67,0.27790093421936035
0.010461659170687199,0.01772553287446499,0.7928726077079773,0.049478016793727875,0.7928726077079773,0.049478016793727875,68,0.28247523307800293
0.010461659170687199,0.01772553287446499,0.7928726077079773,0.049478016793727875,0.7928726077079773,0.049478016793727875,69,0.28637123107910156
0.010461659170687199,0.01772553287446499,0.7928726077079773,0.049478016793727875,0.7928726077079773,0.049478016793727875,70,0.290407657623291
0.010461659170687199,0.01772553287446499,0.7928726077079773,0.049478016793727875,0.7928726077079773,0.049478016793727875,71,0.2929513454437256
0.010461659170687199,0.01772553287446499,0.7928726077079773,0.049478016793727875,0.7928726077079773,0.049478016793727875,72,0.2978994846343994
0.010461659170687199,0.01772553287446499,0.7928726077079773,0.049478016793727875,0.7928726077079773,0.049478016793727875,73,0.30225443840026855
0.010461659170687199,0.01772553287446499,0.7928726077079773,0.049478016793727875,0.7928726077079773,0.049478016793727875,74,0.3065028190612793
0.010461659170687199,0.01772553287446499,0.7928726077079773,0.049478016793727875,0.7928726077079773,0.049478016793727875,75,0.3088364601135254
0.010461659170687199,0.01772553287446499,0.7928726077079773,0.049478016793727875,0.7928726077079773,0.049478016793727875,76,0.3088364601135254
0.010461659170687199,0.01772553287446499,0.7928726077079773,0.049478016793727875,0.7928726077079773,0.049478016793727875,77,0.31749534606933594
0.010461659170687199,0.01772553287446499,0.7928726077079773,0.049478016793727875,0.7928726077079773,0.049478016793727875,78,0.32065629959106445
0.010461659170687199,0.01772553287446499,0.7928726077079773,0.049478016793727875,0.7928726077079773,0.049478016793727875,79,0.32065629959106445
0.010461659170687199,0.01772553287446499,0.7928726077079773,0.049478016793727875,0.7928726077079773,0.049478016793727875,80,0.32065629959106445
0.010461659170687199,0.01772553287446499,0.7928726077079773,0.049478016793727875,0.7928726077079773,0.049478016793727875,81,0.32065629959106445
0.010461659170687199,0.01772553287446499,0.7928726077079773,0.049478016793727875,0.7928726077079773,0.049478016793727875,82,0.33322620391845703
0.010461659170687199,0.01772553287446499,0.7928726077079773,0.049478016793727875,0.7928726077079773,0.049478016793727875,83,0.33660173416137695
0.010461659170687199,0.01772553287446499,0.7928726077079773,0.049478016793727875,0.7928726077079773,0.049478016793727875,84,0.33660173416137695
0.010461659170687199,0.01772553287446499,0.7928726077079773,0.049478016793727875,0.7928726077079773,0.049478016793727875,85,0.33660173416137695
0.010461659170687199,0.01772553287446499,0.7928726077079773,0.049478016793727875,0.7928726077079773,0.049478016793727875,86,0.3465094566345215
0.010461659170687199,0.01772553287446499,0.7928726077079773,0.049478016793727875,0.7928726077079773,0.049478016793727875,87,0.3527836799621582
0.010461659170687199,0.01772553287446499,0.7928726077079773,0.049478016793727875,0.7928726077079773,0.049478016793727875,88,0.36759042739868164
0.010461659170687199,0.01772553287446499,0.7928726077079773,0.049478016793727875,0.7928726077079773,0.049478016793727875,89,0.3710610866546631
0.010461659170687199,0.01772553287446499,0.7928726077079773,0.049478016793727875,0.7928726077079773,0.049478016793727875,90,0.3710610866546631
0.010461659170687199,0.01772553287446499,0.7928726077079773,0.049478016793727875,0.7928726077079773,0.049478016793727875,91,0.38041138648986816
0.010461659170687199,0.01772553287446499,0.7928726077079773,0.049478016793727875,0.7928726077079773,0.049478016793727875,92,0.38041138648986816
0.010461659170687199,0.01772553287446499,0.7928726077079773,0.049478016793727875,0.7928726077079773,0.049478016793727875,93,0.38041138648986816
0.010461659170687199,0.01772553287446499,0.7928726077079773,0.049478016793727875,0.7928726077079773,0.049478016793727875,94,0.38041138648986816
0.010461659170687199,0.01772553287446499,0.7928726077079773,0.049478016793727875,0.7928726077079773,0.049478016793727875,95,0.3977639675140381
0.010461659170687199,0.01772553287446499,0.7928726077079773,0.049478016793727875,0.7928726077079773,0.049478016793727875,96,0.40111207962036133
0.010461659170687199,0.01772553287446499,0.7928726077079773,0.049478016793727875,0.7928726077079773,0.049478016793727875,97,0.40439820289611816
0.010461659170687199,0.01772553287446499,0.7928726077079773,0.049478016793727875,0.7928726077079773,0.049478016793727875,98,0.40439820289611816
0.010461659170687199,0.01772553287446499,0.7928726077079773,0.049478016793727875,0.7928726077079773,0.049478016793727875,99,0.41138529777526855
0.010461659170687199,0.01772553287446499,0.7928726077079773,0.049478016793727875,0.7928726077079773,0.049478016793727875,100,0.41138529777526855
0.010461659170687199,0.01772553287446499,0.7928726077079773,0.049478016793727875,0.7928726077079773,0.049478016793727875,101,0.4196889400482178
0.010461659170687199,0.01772553287446499,0.7928726077079773,0.049478016793727875,0.7928726077079773,0.049478016793727875,102,0.4196889400482178
0.010461659170687199,0.01772553287446499,0.7928726077079773,0.049478016793727875,0.7928726077079773,0.049478016793727875,103,0.42708587646484375
0.010461659170687199,0.01772553287446499,0.7928726077079773,0.049478016793727875,0.7928726077079773,0.049478016793727875,104,0.42829442024230957
0.010461659170687199,0.01772553287446499,0.7928726077079773,0.049478016793727875,0.7928726077079773,0.049478016793727875,105,0.4339594841003418
0.010461659170687199,0.01772553287446499,0.7928726077079773,0.049478016793727875,0.7928726077079773,0.049478016793727875,106,0.4374661445617676
0.010461659170687199,0.01772553287446499,0.7928726077079773,0.049478016793727875,0.7928726077079773,0.049478016793727875,107,0.43993330001831055
0.010461659170687199,0.01772553287446499,0.7928726077079773,0.049478016793727875,0.7928726077079773,0.049478016793727875,108,0.4440040588378906
0.010461659170687199,0.01772553287446499,0.7928726077079773,0.049478016793727875,0.7928726077079773,0.049478016793727875,109,0.4440040588378906
0.010461659170687199,0.01772553287446499,0.7928726077079773,0.049478016793727875,0.7928726077079773,0.049478016793727875,110,0.4440040588378906
0.010461659170687199,0.01772553287446499,0.7928726077079773,0.049478016793727875,0.7928726077079773,0.049478016793727875,111,0.4541788101196289
0.010461659170687199,0.01772553287446499,0.7928726077079773,0.049478016793727875,0.7928726077079773,0.049478016793727875,112,0.4541788101196289
0.010461659170687199,0.01772553287446499,0.7928726077079773,0.049478016793727875,0.7928726077079773,0.049478016793727875,113,0.4585118293762207
0.010461659170687199,0.01772553287446499,0.7928726077079773,0.049478016793727875,0.7928726077079773,0.049478016793727875,114,0.4585118293762207
0.010461659170687199,0.01772553287446499,0.7928726077079773,0.049478016793727875,0.7928726077079773,0.049478016793727875,115,0.46778297424316406
0.010461659170687199,0.01772553287446499,0.7928726077079773,0.049478016793727875,0.7928726077079773,0.049478016793727875,116,0.4719548225402832
0.010461659170687199,0.01772553287446499,0.7928726077079773,0.049478016793727875,0.7928726077079773,0.049478016793727875,117,0.4745621681213379
0.010461659170687199,0.01772553287446499,0.7928726077079773,0.049478016793727875,0.7928726077079773,0.049478016793727875,118,0.4745621681213379
0.010461659170687199,0.01772553287446499,0.7928726077079773,0.049478016793727875,0.7928726077079773,0.049478016793727875,119,0.4745621681213379
0.010461659170687199,0.01772553287446499,0.7928726077079773,0.049478016793727875,0.7928726077079773,0.049478016793727875,120,0.4745621681213379
0.010461659170687199,0.01772553287446499,0.7928726077079773,0.049478016793727875,0.7928726077079773,0.049478016793727875,121,0.490215539932251
0.010461659170687199,0.01772553287446499,0.7928726077079773,0.049478016793727875,0.7928726077079773,0.049478016793727875,122,0.4956800937652588
0.010461659170687199,0.01772553287446499,0.7928726077079773,0.049478016793727875,0.7928726077079773,0.049478016793727875,123,0.4966893196105957
0.010461659170687199,0.01772553287446499,0.7928726077079773,0.049478016793727875,0.7928726077079773,0.049478016793727875,124,0.5002586841583252
0.010461659170687199,0.01772553287446499,0.7928726077079773,0.049478016793727875,0.7928726077079773,0.049478016793727875,125,0.5060372352600098
0.010461659170687199,0.01772553287446499,0.7928726077079773,0.049478016793727875,0.7928726077079773,0.049478016793727875,126,0.5091831684112549
0.010461659170687199,0.01772553287446499,0.7928726077079773,0.049478016793727875,0.7928726077079773,0.049478016793727875,127,0.5091831684112549
0.010461659170687199,0.01772553287446499,0.7928726077079773,0.049478016793727875,0.7928726077079773,0.049478016793727875,128,0.5091831684112549
0.010461659170687199,0.01772553287446499,0.7928726077079773,0.049478016793727875,0.7928726077079773,0.049478016793727875,129,0.5260140895843506
0.010461659170687199,0.01772553287446499,0.7928726077079773,0.049478016793727875,0.7928726077079773,0.049478016793727875,130,0.5260140895843506
0.010461659170687199,0.01772553287446499,0.7928726077079773,0.049478016793727875,0.7928726077079773,0.049478016793727875,131,0.5260140895843506
0.010461659170687199,0.01772553287446499,0.7928726077079773,0.049478016793727875,0.7928726077079773,0.049478016793727875,132,0.5404527187347412
0.010461659170687199,0.01772553287446499,0.7928726077079773,0.049478016793727875,0.7928726077079773,0.049478016793727875,133,0.5404527187347412
0.010461659170687199,0.01772553287446499,0.7928726077079773,0.049478016793727875,0.7928726077079773,0.049478016793727875,134,0.5404527187347412
0.010461659170687199,0.01772553287446499,0.7928726077079773,0.049478016793727875,0.7928726077079773,0.049478016793727875,135,0.5556998252868652
0.010461659170687199,0.01772553287446499,0.7928726077079773,0.049478016793727875,0.7928726077079773,0.049478016793727875,136,0.5610823631286621
0.010461659170687199,0.01772553287446499,0.7928726077079773,0.049478016793727875,0.7928726077079773,0.049478016793727875,137,0.562654972076416
0.010461659170687199,0.01772553287446499,0.7928726077079773,0.049478016793727875,0.7928726077079773,0.049478016793727875,138,0.5676794052124023
0.010461659170687199,0.01772553287446499,0.7928726077079773,0.049478016793727875,0.7928726077079773,0.049478016793727875,139,0.5715012550354004
0.010461659170687199,0.01772553287446499,0.7928726077079773,0.049478016793727875,0.7928726077079773,0.049478016793727875,140,0.5715012550354004
0.010461659170687199,0.01772553287446499,0.7928726077079773,0.049478016793727875,0.7928726077079773,0.049478016793727875,141,0.5715012550354004
0.010461659170687199,0.01772553287446499,0.7928726077079773,0.049478016793727875,0.7928726077079773,0.049478016793727875,142,0.5790729522705078
0.010461659170687199,0.01772553287446499,0.7928726077079773,0.049478016793727875,0.7928726077079773,0.049478016793727875,143,0.5871577262878418
0.010461659170687199,0.01772553287446499,0.7928726077079773,0.049478016793727875,0.7928726077079773,0.049478016793727875,144,0.5909750461578369
0.010461659170687199,0.01772553287446499,0.7928726077079773,0.049478016793727875,0.7928726077079773,0.049478016793727875,145,0.5909750461578369
0.010461659170687199,0.01772553287446499,0.7928726077079773,0.049478016793727875,0.7928726077079773,0.049478016793727875,146,0.5909750461578369
0.010461659170687199,0.01772553287446499,0.7928726077079773,0.049478016793727875,0.7928726077079773,0.049478016793727875,147,0.6007914543151855
0.010461659170687199,0.01772553287446499,0.7928726077079773,0.049478016793727875,0.7928726077079773,0.049478016793727875,148,0.6007914543151855
0.010461659170687199,0.01772553287446499,0.7928726077079773,0.049478016793727875,0.7928726077079773,0.049478016793727875,149,0.6007914543151855
0.010461659170687199,0.01772553287446499,0.7928726077079773,0.049478016793727875,0.7928726077079773,0.049478016793727875,150,0.6007914543151855
0.010461659170687199,0.01772553287446499,0.7928726077079773,0.049478016793727875,0.7928726077079773,0.049478016793727875,151,0.6007914543151855
0.010461659170687199,0.01772553287446499,0.7928726077079773,0.049478016793727875,0.7928726077079773,0.049478016793727875,152,0.6186785697937012
0.010461659170687199,0.01772553287446499,0.7928726077079773,0.049478016793727875,0.7928726077079773,0.049478016793727875,153,0.6221458911895752
0.010461659170687199,0.01772553287446499,0.7928726077079773,0.049478016793727875,0.7928726077079773,0.049478016793727875,154,0.6221458911895752
0.010461659170687199,0.01772553287446499,0.7928726077079773,0.049478016793727875,0.7928726077079773,0.049478016793727875,155,0.6221458911895752
0.010461659170687199,0.01772553287446499,0.7928726077079773,0.049478016793727875,0.7928726077079773,0.049478016793727875,156,0.6221458911895752
0.010461659170687199,0.01772553287446499,0.7928726077079773,0.049478016793727875,0.7928726077079773,0.049478016793727875,157,0.6326782703399658
0.010461659170687199,0.01772553287446499,0.7928726077079773,0.049478016793727875,0.7928726077079773,0.049478016793727875,158,0.6377243995666504
0.010461659170687199,0.01772553287446499,0.7928726077079773,0.049478016793727875,0.7928726077079773,0.049478016793727875,159,0.6377243995666504
0.010461659170687199,0.01772553287446499,0.7928726077079773,0.049478016793727875,0.7928726077079773,0.049478016793727875,160,0.6377243995666504
0.010461659170687199,0.01772553287446499,0.7928726077079773,0.049478016793727875,0.7928726077079773,0.049478016793727875,161,0.6485376358032227
0.010461659170687199,0.01772553287446499,0.7928726077079773,0.049478016793727875,0.7928726077079773,0.049478016793727875,162,0.6485376358032227
0.010461659170687199,0.01772553287446499,0.7928726077079773,0.049478016793727875,0.7928726077079773,0.049478016793727875,163,0.6485376358032227
0.010461659170687199,0.01772553287446499,0.7928726077079773,0.049478016793727875,0.7928726077079773,0.049478016793727875,164,0.6485376358032227
0.010461659170687199,0.01772553287446499,0.7928726077079773,0.049478016793727875,0.7928726077079773,0.049478016793727875,165,0.6646149158477783
0.010461659170687199,0.01772553287446499,0.7928726077079773,0.049478016793727875,0.7928726077079773,0.049478016793727875,166,0.6680500507354736
0.010461659170687199,0.01772553287446499,0.7928726077079773,0.049478016793727875,0.7928726077079773,0.049478016793727875,167,0.6710648536682129
0.010461659170687199,0.01772553287446499,0.7928726077079773,0.049478016793727875,0.7928726077079773,0.049478016793727875,168,0.6710648536682129
0.010461659170687199,0.01772553287446499,0.7928726077079773,0.049478016793727875,0.7928726077079773,0.049478016793727875,169,0.6710648536682129
0.010461659170687199,0.01772553287446499,0.7928726077079773,0.049478016793727875,0.7928726077079773,0.049478016793727875,170,0.6813724040985107
0.010461659170687199,0.01772553287446499,0.7928726077079773,0.049478016793727875,0.7928726077079773,0.049478016793727875,171,0.6870362758636475
0.010461659170687199,0.01772553287446499,0.7928726077079773,0.049478016793727875,0.7928726077079773,0.049478016793727875,172,0.6870362758636475
0.010461659170687199,0.01772553287446499,0.7928726077079773,0.049478016793727875,0.7928726077079773,0.049478016793727875,173,0.6870362758636475
0.010461659170687199,0.01772553287446499,0.7928726077079773,0.049478016793727875,0.7928726077079773,0.049478016793727875,174,0.6966812610626221
0.010461659170687199,0.01772553287446499,0.7928726077079773,0.049478016793727875,0.7928726077079773,0.049478016793727875,175,0.7030496597290039
0.010461659170687199,0.01772553287446499,0.7928726077079773,0.049478016793727875,0.7928726077079773,0.049478016793727875,176,0.7071468830108643
0.010461659170687199,0.01772553287446499,0.7928726077079773,0.049478016793727875,0.7928726077079773,0.049478016793727875,177,0.7071468830108643
0.010461659170687199,0.01772553287446499,0.7928726077079773,0.049478016793727875,0.7928726077079773,0.049478016793727875,178,0.7125000953674316
0.010461659170687199,0.01772553287446499,0.7928726077079773,0.049478016793727875,0.7928726077079773,0.049478016793727875,179,0.7125000953674316
0.010461659170687199,0.01772553287446499,0.7928726077079773,0.049478016793727875,0.7928726077079773,0.049478016793727875,180,0.7125000953674316
0.010461659170687199,0.01772553287446499,0.7928726077079773,0.049478016793727875,0.7928726077079773,0.049478016793727875,181,0.7125000953674316
0.010461659170687199,0.01772553287446499,0.7928726077079773,0.049478016793727875,0.7928726077079773,0.049478016793727875,182,0.7125000953674316
0.010461659170687199,0.01772553287446499,0.7928726077079773,0.049478016793727875,0.7928726077079773,0.049478016793727875,183,0.7281389236450195
0.010461659170687199,0.01772553287446499,0.7928726077079773,0.049478016793727875,0.7928726077079773,0.049478016793727875,184,0.7281389236450195
0.010461659170687199,0.01772553287446499,0.7928726077079773,0.049478016793727875,0.7928726077079773,0.049478016793727875,185,0.7281389236450195
0.010461659170687199,0.01772553287446499,0.7928726077079773,0.049478016793727875,0.7928726077079773,0.049478016793727875,186,0.7281389236450195
0.010461659170687199,0.01772553287446499,0.7928726077079773,0.049478016793727875,0.7928726077079773,0.049478016793727875,187,0.7466568946838379
0.010461659170687199,0.01772553287446499,0.7928726077079773,0.049478016793727875,0.7928726077079773,0.049478016793727875,188,0.7511615753173828
0.010461659170687199,0.01772553287446499,0.7928726077079773,0.049478016793727875,0.7928726077079773,0.049478016793727875,189,0.7538130283355713
0.010461659170687199,0.01772553287446499,0.7928726077079773,0.049478016793727875,0.7928726077079773,0.049478016793727875,190,0.7538130283355713
0.010461659170687199,0.01772553287446499,0.7928726077079773,0.049478016793727875,0.7928726077079773,0.049478016793727875,191,0.7597708702087402
0.010461659170687199,0.01772553287446499,0.7928726077079773,0.049478016793727875,0.7928726077079773,0.049478016793727875,192,0.7631025314331055
0.010461659170687199,0.01772553287446499,0.7928726077079773,0.049478016793727875,0.7928726077079773,0.049478016793727875,193,0.7680854797363281
0.010461659170687199,0.01772553287446499,0.7928726077079773,0.049478016793727875,0.7928726077079773,0.049478016793727875,194,0.7711203098297119
0.010461659170687199,0.01772553287446499,0.7928726077079773,0.049478016793727875,0.7928726077079773,0.049478016793727875,195,0.7771501541137695
0.010461659170687199,0.01772553287446499,0.7928726077079773,0.049478016793727875,0.7928726077079773,0.049478016793727875,196,0.782341480255127
0.010461659170687199,0.01772553287446499,0.7928726077079773,0.049478016793727875,0.7928726077079773,0.049478016793727875,197,0.7858381271362305
0.010461659170687199,0.01772553287446499,0.7928726077079773,0.049478016793727875,0.7928726077079773,0.049478016793727875,198,0.7873842716217041
0.010461659170687199,0.01772553287446499,0.7928726077079773,0.049478016793727875,0.7928726077079773,0.049478016793727875,199,0.7932717800140381
0.010461659170687199,0.01772553287446499,0.7928726077079773,0.049478016793727875,0.7928726077079773,0.049478016793727875,200,0.7957241535186768
0.010461659170687199,0.01772553287446499,0.7928726077079773,0.049478016793727875,0.7928726077079773,0.049478016793727875,201,0.7979180812835693
0.010461659170687199,0.01772553287446499,0.7928726077079773,0.049478016793727875,0.7928726077079773,0.049478016793727875,202,0.8030974864959717
0.010461659170687199,0.01772553287446499,0.7928726077079773,0.049478016793727875,0.7928726077079773,0.049478016793727875,203,0.807650089263916
0.010461659170687199,0.01772553287446499,0.7928726077079773,0.049478016793727875,0.7928726077079773,0.049478016793727875,204,0.8089706897735596
0.010461659170687199,0.01772553287446499,0.7928726077079773,0.049478016793727875,0.7928726077079773,0.049478016793727875,205,0.8113348484039307
0.010461659170687199,0.01772553287446499,0.7928726077079773,0.049478016793727875,0.7928726077079773,0.049478016793727875,206,0.8113348484039307
0.010461659170687199,0.01772553287446499,0.7928726077079773,0.049478016793727875,0.7928726077079773,0.049478016793727875,207,0.8210570812225342
0.010461659170687199,0.01772553287446499,0.7928726077079773,0.049478016793727875,0.7928726077079773,0.049478016793727875,208,0.8210570812225342
0.010461659170687199,0.01772553287446499,0.7928726077079773,0.049478016793727875,0.7928726077079773,0.049478016793727875,209,0.8210570812225342
0.010461659170687199,0.01772553287446499,0.7928726077079773,0.049478016793727875,0.7928726077079773,0.049478016793727875,210,0.8320298194885254
0.010461659170687199,0.01772553287446499,0.7928726077079773,0.049478016793727875,0.7928726077079773,0.049478016793727875,211,0.8354051113128662
0.010461659170687199,0.01772553287446499,0.7928726077079773,0.049478016793727875,0.7928726077079773,0.049478016793727875,212,0.8387751579284668
0.010461659170687199,0.01772553287446499,0.7928726077079773,0.049478016793727875,0.7928726077079773,0.049478016793727875,213,0.840794563293457
0.010461659170687199,0.01772553287446499,0.7928726077079773,0.049478016793727875,0.7928726077079773,0.049478016793727875,214,0.8477084636688232
0.010461659170687199,0.01772553287446499,0.7928726077079773,0.049478016793727875,0.7928726077079773,0.049478016793727875,215,0.8535022735595703
0.010461659170687199,0.01772553287446499,0.7928726077079773,0.049478016793727875,0.7928726077079773,0.049478016793727875,216,0.8555147647857666
0.010461659170687199,0.01772553287446499,0.7928726077079773,0.049478016793727875,0.7928726077079773,0.049478016793727875,217,0.8555147647857666
0.010461659170687199,0.01772553287446499,0.7928726077079773,0.049478016793727875,0.7928726077079773,0.049478016793727875,218,0.8555147647857666
0.010461659170687199,0.01772553287446499,0.7928726077079773,0.049478016793727875,0.7928726077079773,0.049478016793727875,219,0.8676388263702393
0.010461659170687199,0.01772553287446499,0.7928726077079773,0.049478016793727875,0.7928726077079773,0.049478016793727875,220,0.8721997737884521
0.010461659170687199,0.01772553287446499,0.7928726077079773,0.049478016793727875,0.7928726077079773,0.049478016793727875,221,0.8721997737884521
0.010461659170687199,0.01772553287446499,0.7928726077079773,0.049478016793727875,0.7928726077079773,0.049478016793727875,222,0.8721997737884521
0.010461659170687199,0.01772553287446499,0.7928726077079773,0.049478016793727875,0.7928726077079773,0.049478016793727875,223,0.8835718631744385
0.010461659170687199,0.01772553287446499,0.7928726077079773,0.049478016793727875,0.7928726077079773,0.049478016793727875,224,0.8835718631744385
0.010461659170687199,0.01772553287446499,0.7928726077079773,0.049478016793727875,0.7928726077079773,0.049478016793727875,225,0.8835718631744385
0.010461659170687199,0.01772553287446499,0.7928726077079773,0.049478016793727875,0.7928726077079773,0.049478016793727875,226,0.8835718631744385
0.010461659170687199,0.01772553287446499,0.7928726077079773,0.049478016793727875,0.7928726077079773,0.049478016793727875,227,0.8835718631744385
0.010461659170687199,0.01772553287446499,0.7928726077079773,0.049478016793727875,0.7928726077079773,0.049478016793727875,228,0.9016134738922119
0.010461659170687199,0.01772553287446499,0.7928726077079773,0.049478016793727875,0.7928726077079773,0.049478016793727875,229,0.9042699337005615
0.010461659170687199,0.01772553287446499,0.7928726077079773,0.049478016793727875,0.7928726077079773,0.049478016793727875,230,0.9074652194976807
0.010461659170687199,0.01772553287446499,0.7928726077079773,0.049478016793727875,0.7928726077079773,0.049478016793727875,231,0.9119753837585449
0.010461659170687199,0.01772553287446499,0.7928726077079773,0.049478016793727875,0.7928726077079773,0.049478016793727875,232,0.9160099029541016
0.010461659170687199,0.01772553287446499,0.7928726077079773,0.049478016793727875,0.7928726077079773,0.049478016793727875,233,0.9160099029541016
0.010461659170687199,0.01772553287446499,0.7928726077079773,0.049478016793727875,0.7928726077079773,0.049478016793727875,234,0.9160099029541016
0.010461659170687199,0.01772553287446499,0.7928726077079773,0.049478016793727875,0.7928726077079773,0.049478016793727875,235,0.9160099029541016
0.010461659170687199,0.01772553287446499,0.7928726077079773,0.049478016793727875,0.7928726077079773,0.049478016793727875,236,0.9291317462921143
0.010461659170687199,0.01772553287446499,0.7928726077079773,0.049478016793727875,0.7928726077079773,0.049478016793727875,237,0.9317817687988281
0.010461659170687199,0.01772553287446499,0.7928726077079773,0.049478016793727875,0.7928726077079773,0.049478016793727875,238,0.9317817687988281
0.010461659170687199,0.01772553287446499,0.7928726077079773,0.049478016793727875,0.7928726077079773,0.049478016793727875,239,0.9317817687988281
0.010461659170687199,0.01772553287446499,0.7928726077079773,0.049478016793727875,0.7928726077079773,0.049478016793727875,240,0.9317817687988281
0.010461659170687199,0.01772553287446499,0.7928726077079773,0.049478016793727875,0.7928726077079773,0.049478016793727875,241,0.9464023113250732
0.010461659170687199,0.01772553287446499,0.7928726077079773,0.049478016793727875,0.7928726077079773,0.049478016793727875,242,0.9464023113250732
0.010461659170687199,0.01772553287446499,0.7928726077079773,0.049478016793727875,0.7928726077079773,0.049478016793727875,243,0.9539613723754883
0.010461659170687199,0.01772553287446499,0.7928726077079773,0.049478016793727875,0.7928726077079773,0.049478016793727875,244,0.9539613723754883
0.010461659170687199,0.01772553287446499,0.7928726077079773,0.049478016793727875,0.7928726077079773,0.049478016793727875,245,0.9539613723754883
0.010461659170687199,0.01772553287446499,0.7928726077079773,0.049478016793727875,0.7928726077079773,0.049478016793727875,246,0.9633476734161377
0.010461659170687199,0.01772553287446499,0.7928726077079773,0.049478016793727875,0.7928726077079773,0.049478016793727875,247,0.9682343006134033
0.010461659170687199,0.01772553287446499,0.7928726077079773,0.049478016793727875,0.7928726077079773,0.049478016793727875,248,0.9703519344329834
0.010461659170687199,0.01772553287446499,0.7928726077079773,0.049478016793727875,0.7928726077079773,0.049478016793727875,249,0.9703519344329834
0.010461659170687199,0.01772553287446499,0.7928726077079773,0.049478016793727875,0.7928726077079773,0.049478016793727875,250,0.980032205581665
0.010461659170687199,0.01772553287446499,0.7928726077079773,0.049478016793727875,0.7928726077079773,0.049478016793727875,251,0.980032205581665
0.010461659170687199,0.01772553287446499,0.7928726077079773,0.049478016793727875,0.7928726077079773,0.049478016793727875,252,0.9870100021362305
0.010461659170687199,0.01772553287446499,0.7928726077079773,0.049478016793727875,0.7928726077079773,0.049478016793727875,253,0.9870100021362305
0.010461659170687199,0.01772553287446499,0.7928726077079773,0.049478016793727875,0.7928726077079773,0.049478016793727875,254,0.9870100021362305
0.010461659170687199,0.01772553287446499,0.7928726077079773,0.049478016793727875,0.7928726077079773,0.049478016793727875,255,0.9940006732940674
0.010461659170687199,0.01772553287446499,0.7928726077079773,0.049478016793727875,0.7928726077079773,0.049478016793727875,256,0.9940006732940674
0.010461659170687199,0.01772553287446499,0.7928726077079773,0.049478016793727875,0.7928726077079773,0.049478016793727875,257,0.9940006732940674
0.010461659170687199,0.01772553287446499,0.7928726077079773,0.049478016793727875,0.7928726077079773,0.049478016793727875,258,1.0043985843658447
0.010461659170687199,0.01772553287446499,0.7928726077079773,0.049478016793727875,0.7928726077079773,0.049478016793727875,259,1.009718894958496
0.010461659170687199,0.01772553287446499,0.7928726077079773,0.049478016793727875,0.7928726077079773,0.049478016793727875,260,1.0117318630218506
0.010461659170687199,0.01772553287446499,0.7928726077079773,0.049478016793727875,0.7928726077079773,0.049478016793727875,261,1.0117318630218506
0.010461659170687199,0.01772553287446499,0.7928726077079773,0.049478016793727875,0.7928726077079773,0.049478016793727875,262,1.0210554599761963
0.010461659170687199,0.01772553287446499,0.7928726077079773,0.049478016793727875,0.7928726077079773,0.049478016793727875,263,1.0255186557769775
0.010461659170687199,0.01772553287446499,0.7928726077079773,0.049478016793727875,0.7928726077079773,0.049478016793727875,264,1.0255186557769775
0.010461659170687199,0.01772553287446499,0.7928726077079773,0.049478016793727875,0.7928726077079773,0.049478016793727875,265,1.0255186557769775
0.010461659170687199,0.01772553287446499,0.7928726077079773,0.049478016793727875,0.7928726077079773,0.049478016793727875,266,1.0358474254608154
0.010461659170687199,0.01772553287446499,0.7928726077079773,0.049478016793727875,0.7928726077079773,0.049478016793727875,267,1.0358474254608154
0.010461659170687199,0.01772553287446499,0.7928726077079773,0.049478016793727875,0.7928726077079773,0.049478016793727875,268,1.0427377223968506
0.010461659170687199,0.01772553287446499,0.7928726077079773,0.049478016793727875,0.7928726077079773,0.049478016793727875,269,1.0427377223968506
0.010461659170687199,0.01772553287446499,0.7928726077079773,0.049478016793727875,0.7928726077079773,0.049478016793727875,270,1.0494298934936523
0.010461659170687199,0.01772553287446499,0.7928726077079773,0.049478016793727875,0.7928726077079773,0.049478016793727875,271,1.0570077896118164
0.010461659170687199,0.01772553287446499,0.7928726077079773,0.049478016793727875,0.7928726077079773,0.049478016793727875,272,1.0570077896118164
0.010461659170687199,0.01772553287446499,0.7928726077079773,0.049478016793727875,0.7928726077079773,0.049478016793727875,273,1.0570077896118164
0.010461659170687199,0.01772553287446499,0.7928726077079773,0.049478016793727875,0.7928726077079773,0.049478016793727875,274,1.0683097839355469
0.010461659170687199,0.01772553287446499,0.7928726077079773,0.049478016793727875,0.7928726077079773,0.049478016793727875,275,1.0734951496124268
0.010461659170687199,0.01772553287446499,0.7928726077079773,0.049478016793727875,0.7928726077079773,0.049478016793727875,276,1.0776832103729248
0.010461659170687199,0.01772553287446499,0.7928726077079773,0.049478016793727875,0.7928726077079773,0.049478016793727875,277,1.080822467803955
0.010461659170687199,0.01772553287446499,0.7928726077079773,0.049478016793727875,0.7928726077079773,0.049478016793727875,278,1.080822467803955
0.010461659170687199,0.01772553287446499,0.7928726077079773,0.049478016793727875,0.7928726077079773,0.049478016793727875,279,1.0887258052825928
0.010461659170687199,0.01772553287446499,0.7928726077079773,0.049478016793727875,0.7928726077079773,0.049478016793727875,280,1.0909929275512695
0.010461659170687199,0.01772553287446499,0.7928726077079773,0.049478016793727875,0.7928726077079773,0.049478016793727875,281,1.0909929275512695
0.010461659170687199,0.01772553287446499,0.7928726077079773,0.049478016793727875,0.7928726077079773,0.049478016793727875,282,1.107267141342163
0.010461659170687199,0.01772553287446499,0.7928726077079773,0.049478016793727875,0.7928726077079773,0.049478016793727875,283,1.1086061000823975
0.010461659170687199,0.01772553287446499,0.7928726077079773,0.049478016793727875,0.7928726077079773,0.049478016793727875,284,1.1086061000823975
0.010461659170687199,0.01772553287446499,0.7928726077079773,0.049478016793727875,0.7928726077079773,0.049478016793727875,285,1.1086061000823975
0.010461659170687199,0.01772553287446499,0.7928726077079773,0.049478016793727875,0.7928726077079773,0.049478016793727875,286,1.1205229759216309
0.010461659170687199,0.01772553287446499,0.7928726077079773,0.049478016793727875,0.7928726077079773,0.049478016793727875,287,1.1205229759216309
0.010461659170687199,0.01772553287446499,0.7928726077079773,0.049478016793727875,0.7928726077079773,0.049478016793727875,288,1.1205229759216309
0.010461659170687199,0.01772553287446499,0.7928726077079773,0.049478016793727875,0.7928726077079773,0.049478016793727875,289,1.1205229759216309
0.010461659170687199,0.01772553287446499,0.7928726077079773,0.049478016793727875,0.7928726077079773,0.049478016793727875,290,1.1205229759216309
0.010461659170687199,0.01772553287446499,0.7928726077079773,0.049478016793727875,0.7928726077079773,0.049478016793727875,291,1.1363842487335205
0.010461659170687199,0.01772553287446499,0.7928726077079773,0.049478016793727875,0.7928726077079773,0.049478016793727875,292,1.1363842487335205
0.010461659170687199,0.01772553287446499,0.7928726077079773,0.049478016793727875,0.7928726077079773,0.049478016793727875,293,1.1363842487335205
0.010461659170687199,0.01772553287446499,0.7928726077079773,0.049478016793727875,0.7928726077079773,0.049478016793727875,294,1.1363842487335205
0.010461659170687199,0.01772553287446499,0.7928726077079773,0.049478016793727875,0.7928726077079773,0.049478016793727875,295,1.1523725986480713
0.010461659170687199,0.01772553287446499,0.7928726077079773,0.049478016793727875,0.7928726077079773,0.049478016793727875,296,1.1523725986480713
0.010461659170687199,0.01772553287446499,0.7928726077079773,0.049478016793727875,0.7928726077079773,0.049478016793727875,297,1.1523725986480713
0.010461659170687199,0.01772553287446499,0.7928726077079773,0.049478016793727875,0.7928726077079773,0.049478016793727875,298,1.1643826961517334
0.010461659170687199,0.01772553287446499,0.7928726077079773,0.049478016793727875,0.7928726077079773,0.049478016793727875,299,1.1683604717254639
0.010461659170687199,0.01772553287446499,0.7928726077079773,0.049478016793727875,0.7928726077079773,0.049478016793727875,300,1.1709961891174316
0.010461659170687199,0.01772553287446499,0.7928726077079773,0.049478016793727875,0.7928726077079773,0.049478016793727875,301,1.1709961891174316
0.010461659170687199,0.01772553287446499,0.7928726077079773,0.049478016793727875,0.7928726077079773,0.049478016793727875,302,1.178074598312378
0.010461659170687199,0.01772553287446499,0.7928726077079773,0.049478016793727875,0.7928726077079773,0.049478016793727875,303,1.178074598312378
0.010461659170687199,0.01772553287446499,0.7928726077079773,0.049478016793727875,0.7928726077079773,0.049478016793727875,304,1.1847631931304932
0.010461659170687199,0.01772553287446499,0.7928726077079773,0.049478016793727875,0.7928726077079773,0.049478016793727875,305,1.1877293586730957
0.010461659170687199,0.01772553287446499,0.7928726077079773,0.049478016793727875,0.7928726077079773,0.049478016793727875,306,1.1877293586730957
0.010461659170687199,0.01772553287446499,0.7928726077079773,0.049478016793727875,0.7928726077079773,0.049478016793727875,307,1.1877293586730957
0.010461659170687199,0.01772553287446499,0.7928726077079773,0.049478016793727875,0.7928726077079773,0.049478016793727875,308,1.1996715068817139
0.010461659170687199,0.01772553287446499,0.7928726077079773,0.049478016793727875,0.7928726077079773,0.049478016793727875,309,1.2045493125915527
0.010461659170687199,0.01772553287446499,0.7928726077079773,0.049478016793727875,0.7928726077079773,0.049478016793727875,310,1.2045493125915527
0.010461659170687199,0.01772553287446499,0.7928726077079773,0.049478016793727875,0.7928726077079773,0.049478016793727875,311,1.2045493125915527
0.010461659170687199,0.01772553287446499,0.7928726077079773,0.049478016793727875,0.7928726077079773,0.049478016793727875,312,1.2045493125915527
0.010461659170687199,0.01772553287446499,0.7928726077079773,0.049478016793727875,0.7928726077079773,0.049478016793727875,313,1.23610258102417
0.010461659170687199,0.01772553287446499,0.7928726077079773,0.049478016793727875,0.7928726077079773,0.049478016793727875,314,1.23811674118042
0.010461659170687199,0.01772553287446499,0.7928726077079773,0.049478016793727875,0.7928726077079773,0.049478016793727875,315,1.23811674118042
0.010461659170687199,0.01772553287446499,0.7928726077079773,0.049478016793727875,0.7928726077079773,0.049478016793727875,316,1.2489471435546875
0.010461659170687199,0.01772553287446499,0.7928726077079773,0.049478016793727875,0.7928726077079773,0.049478016793727875,317,1.2542850971221924
0.010461659170687199,0.01772553287446499,0.7928726077079773,0.049478016793727875,0.7928726077079773,0.049478016793727875,318,1.2542850971221924
0.010461659170687199,0.01772553287446499,0.7928726077079773,0.049478016793727875,0.7928726077079773,0.049478016793727875,319,1.2542850971221924
0.010461659170687199,0.01772553287446499,0.7928726077079773,0.049478016793727875,0.7928726077079773,0.049478016793727875,320,1.2639195919036865
0.010461659170687199,0.01772553287446499,0.7928726077079773,0.049478016793727875,0.7928726077079773,0.049478016793727875,321,1.2705776691436768
0.010461659170687199,0.01772553287446499,0.7928726077079773,0.049478016793727875,0.7928726077079773,0.049478016793727875,322,1.2705776691436768
0.010461659170687199,0.01772553287446499,0.7928726077079773,0.049478016793727875,0.7928726077079773,0.049478016793727875,323,1.281064748764038
0.010461659170687199,0.01772553287446499,0.7928726077079773,0.049478016793727875,0.7928726077079773,0.049478016793727875,324,1.2825729846954346
0.010461659170687199,0.01772553287446499,0.7928726077079773,0.049478016793727875,0.7928726077079773,0.049478016793727875,325,1.2876505851745605
0.010461659170687199,0.01772553287446499,0.7928726077079773,0.049478016793727875,0.7928726077079773,0.049478016793727875,326,1.2876505851745605
0.010461659170687199,0.01772553287446499,0.7928726077079773,0.049478016793727875,0.7928726077079773,0.049478016793727875,327,1.295100450515747
0.010461659170687199,0.01772553287446499,0.7928726077079773,0.049478016793727875,0.7928726077079773,0.049478016793727875,328,1.295100450515747
0.010461659170687199,0.01772553287446499,0.7928726077079773,0.049478016793727875,0.7928726077079773,0.049478016793727875,329,1.3036644458770752
0.010461659170687199,0.01772553287446499,0.7928726077079773,0.049478016793727875,0.7928726077079773,0.049478016793727875,330,1.328129529953003
0.010461659170687199,0.01772553287446499,0.7928726077079773,0.049478016793727875,0.7928726077079773,0.049478016793727875,331,1.328129529953003
0.010461659170687199,0.01772553287446499,0.7928726077079773,0.049478016793727875,0.7928726077079773,0.049478016793727875,332,1.3385436534881592
0.010461659170687199,0.01772553287446499,0.7928726077079773,0.049478016793727875,0.7928726077079773,0.049478016793727875,333,1.3385436534881592
0.010461659170687199,0.01772553287446499,0.7928726077079773,0.049478016793727875,0.7928726077079773,0.049478016793727875,334,1.3501760959625244
0.010461659170687199,0.01772553287446499,0.7928726077079773,0.049478016793727875,0.7928726077079773,0.049478016793727875,335,1.3542296886444092
0.010461659170687199,0.01772553287446499,0.7928726077079773,0.049478016793727875,0.7928726077079773,0.049478016793727875,336,1.3542296886444092
0.010461659170687199,0.01772553287446499,0.7928726077079773,0.049478016793727875,0.7928726077079773,0.049478016793727875,337,1.3542296886444092
0.010461659170687199,0.01772553287446499,0.7928726077079773,0.049478016793727875,0.7928726077079773,0.049478016793727875,338,1.3656790256500244
0.010461659170687199,0.01772553287446499,0.7928726077079773,0.049478016793727875,0.7928726077079773,0.049478016793727875,339,1.3706231117248535
0.010461659170687199,0.01772553287446499,0.7928726077079773,0.049478016793727875,0.7928726077079773,0.049478016793727875,340,1.3750479221343994
0.010461659170687199,0.01772553287446499,0.7928726077079773,0.049478016793727875,0.7928726077079773,0.049478016793727875,341,1.3750479221343994
0.010461659170687199,0.01772553287446499,0.7928726077079773,0.049478016793727875,0.7928726077079773,0.049478016793727875,342,1.3750479221343994
0.010461659170687199,0.01772553287446499,0.7928726077079773,0.049478016793727875,0.7928726077079773,0.049478016793727875,343,1.3844645023345947
0.010461659170687199,0.01772553287446499,0.7928726077079773,0.049478016793727875,0.7928726077079773,0.049478016793727875,344,1.3844645023345947
0.010461659170687199,0.01772553287446499,0.7928726077079773,0.049478016793727875,0.7928726077079773,0.049478016793727875,345,1.3949012756347656
0.010461659170687199,0.01772553287446499,0.7928726077079773,0.049478016793727875,0.7928726077079773,0.049478016793727875,346,1.4008798599243164
0.010461659170687199,0.01772553287446499,0.7928726077079773,0.049478016793727875,0.7928726077079773,0.049478016793727875,347,1.4043433666229248
0.010461659170687199,0.01772553287446499,0.7928726077079773,0.049478016793727875,0.7928726077079773,0.049478016793727875,348,1.4088337421417236
0.010461659170687199,0.01772553287446499,0.7928726077079773,0.049478016793727875,0.7928726077079773,0.049478016793727875,349,1.43809175491333
0.010461659170687199,0.01772553287446499,0.7928726077079773,0.049478016793727875,0.7928726077079773,0.049478016793727875,350,1.4429457187652588
0.010461659170687199,0.01772553287446499,0.7928726077079773,0.049478016793727875,0.7928726077079773,0.049478016793727875,351,1.4434595108032227
0.010461659170687199,0.01772553287446499,0.7928726077079773,0.049478016793727875,0.7928726077079773,0.049478016793727875,352,1.4508743286132812
0.010461659170687199,0.01772553287446499,0.7928726077079773,0.049478016793727875,0.7928726077079773,0.049478016793727875,353,1.4508743286132812
0.010461659170687199,0.01772553287446499,0.7928726077079773,0.049478016793727875,0.7928726077079773,0.049478016793727875,354,1.4508743286132812
0.010461659170687199,0.01772553287446499,0.7928726077079773,0.049478016793727875,0.7928726077079773,0.049478016793727875,355,1.4634344577789307
0.010461659170687199,0.01772553287446499,0.7928726077079773,0.049478016793727875,0.7928726077079773,0.049478016793727875,356,1.468592882156372
0.010461659170687199,0.01772553287446499,0.7928726077079773,0.049478016793727875,0.7928726077079773,0.049478016793727875,357,1.4707815647125244
0.010461659170687199,0.01772553287446499,0.7928726077079773,0.049478016793727875,0.7928726077079773,0.049478016793727875,358,1.4707815647125244
0.010461659170687199,0.01772553287446499,0.7928726077079773,0.049478016793727875,0.7928726077079773,0.049478016793727875,359,1.4792242050170898
0.010461659170687199,0.01772553287446499,0.7928726077079773,0.049478016793727875,0.7928726077079773,0.049478016793727875,360,1.4792242050170898
0.010461659170687199,0.01772553287446499,0.7928726077079773,0.049478016793727875,0.7928726077079773,0.049478016793727875,361,1.4792242050170898
0.010461659170687199,0.01772553287446499,0.7928726077079773,0.049478016793727875,0.7928726077079773,0.049478016793727875,362,1.4792242050170898
0.010461659170687199,0.01772553287446499,0.7928726077079773,0.049478016793727875,0.7928726077079773,0.049478016793727875,363,1.5110414028167725
0.010461659170687199,0.01772553287446499,0.7928726077079773,0.049478016793727875,0.7928726077079773,0.049478016793727875,364,1.5193507671356201
0.010461659170687199,0.01772553287446499,0.7928726077079773,0.049478016793727875,0.7928726077079773,0.049478016793727875,365,1.5193507671356201
0.010461659170687199,0.01772553287446499,0.7928726077079773,0.049478016793727875,0.7928726077079773,0.049478016793727875,366,1.5276379585266113
0.010461659170687199,0.01772553287446499,0.7928726077079773,0.049478016793727875,0.7928726077079773,0.049478016793727875,367,1.5276379585266113
0.010461659170687199,0.01772553287446499,0.7928726077079773,0.049478016793727875,0.7928726077079773,0.049478016793727875,368,1.5377273559570312
0.010461659170687199,0.01772553287446499,0.7928726077079773,0.049478016793727875,0.7928726077079773,0.049478016793727875,369,1.5429182052612305
0.010461659170687199,0.01772553287446499,0.7928726077079773,0.049478016793727875,0.7928726077079773,0.049478016793727875,370,1.5473659038543701
0.010461659170687199,0.01772553287446499,0.7928726077079773,0.049478016793727875,0.7928726077079773,0.049478016793727875,371,1.5473659038543701
0.010461659170687199,0.01772553287446499,0.7928726077079773,0.049478016793727875,0.7928726077079773,0.049478016793727875,372,1.5473659038543701
0.010461659170687199,0.01772553287446499,0.7928726077079773,0.049478016793727875,0.7928726077079773,0.049478016793727875,373,1.5606517791748047
0.010461659170687199,0.01772553287446499,0.7928726077079773,0.049478016793727875,0.7928726077079773,0.049478016793727875,374,1.5606517791748047
0.010461659170687199,0.01772553287446499,0.7928726077079773,0.049478016793727875,0.7928726077079773,0.049478016793727875,375,1.5689635276794434
0.010461659170687199,0.01772553287446499,0.7928726077079773,0.049478016793727875,0.7928726077079773,0.049478016793727875,376,1.5750772953033447
0.010461659170687199,0.01772553287446499,0.7928726077079773,0.049478016793727875,0.7928726077079773,0.049478016793727875,377,1.5750772953033447
0.010461659170687199,0.01772553287446499,0.7928726077079773,0.049478016793727875,0.7928726077079773,0.049478016793727875,378,1.5750772953033447
0.010461659170687199,0.01772553287446499,0.7928726077079773,0.049478016793727875,0.7928726077079773,0.049478016793727875,379,1.5875022411346436
0.010461659170687199,0.01772553287446499,0.7928726077079773,0.049478016793727875,0.7928726077079773,0.049478016793727875,380,1.5915882587432861
0.010461659170687199,0.01772553287446499,0.7928726077079773,0.049478016793727875,0.7928726077079773,0.049478016793727875,381,1.5915882587432861
0.010461659170687199,0.01772553287446499,0.7928726077079773,0.049478016793727875,0.7928726077079773,0.049478016793727875,382,1.5915882587432861
0.010461659170687199,0.01772553287446499,0.7928726077079773,0.049478016793727875,0.7928726077079773,0.049478016793727875,383,1.6081960201263428
0.010461659170687199,0.01772553287446499,0.7928726077079773,0.049478016793727875,0.7928726077079773,0.049478016793727875,384,1.6120338439941406
0.010461659170687199,0.01772553287446499,0.7928726077079773,0.049478016793727875,0.7928726077079773,0.049478016793727875,385,1.6120338439941406
0.010461659170687199,0.01772553287446499,0.7928726077079773,0.049478016793727875,0.7928726077079773,0.049478016793727875,386,1.6207835674285889
0.010461659170687199,0.01772553287446499,0.7928726077079773,0.049478016793727875,0.7928726077079773,0.049478016793727875,387,1.6222994327545166
0.010461659170687199,0.01772553287446499,0.7928726077079773,0.049478016793727875,0.7928726077079773,0.049478016793727875,388,1.6222994327545166
0.010461659170687199,0.01772553287446499,0.7928726077079773,0.049478016793727875,0.7928726077079773,0.049478016793727875,389,1.6222994327545166
0.010461659170687199,0.01772553287446499,0.7928726077079773,0.049478016793727875,0.7928726077079773,0.049478016793727875,390,1.6385612487792969
0.010461659170687199,0.01772553287446499,0.7928726077079773,0.049478016793727875,0.7928726077079773,0.049478016793727875,391,1.642930269241333
0.010461659170687199,0.01772553287446499,0.7928726077079773,0.049478016793727875,0.7928726077079773,0.049478016793727875,392,1.6536824703216553
0.010461659170687199,0.01772553287446499,0.7928726077079773,0.049478016793727875,0.7928726077079773,0.049478016793727875,393,1.6536824703216553
0.010461659170687199,0.01772553287446499,0.7928726077079773,0.049478016793727875,0.7928726077079773,0.049478016793727875,394,1.6536824703216553
0.010461659170687199,0.01772553287446499,0.7928726077079773,0.049478016793727875,0.7928726077079773,0.049478016793727875,395,1.6736817359924316
0.010461659170687199,0.01772553287446499,0.7928726077079773,0.049478016793727875,0.7928726077079773,0.049478016793727875,396,1.6736817359924316
0.010461659170687199,0.01772553287446499,0.7928726077079773,0.049478016793727875,0.7928726077079773,0.049478016793727875,397,1.6736817359924316
0.010461659170687199,0.01772553287446499,0.7928726077079773,0.049478016793727875,0.7928726077079773,0.049478016793727875,398,1.68980073928833
0.010461659170687199,0.01772553287446499,0.7928726077079773,0.049478016793727875,0.7928726077079773,0.049478016793727875,399,1.68980073928833
0.010461659170687199,0.01772553287446499,0.7928726077079773,0.049478016793727875,0.7928726077079773,0.049478016793727875,400,1.68980073928833
0.010461659170687199,0.01772553287446499,0.7928726077079773,0.049478016793727875,0.7928726077079773,0.049478016793727875,401,1.7011559009552002
0.010461659170687199,0.01772553287446499,0.7928726077079773,0.049478016793727875,0.7928726077079773,0.049478016793727875,402,1.7056937217712402
0.010461659170687199,0.01772553287446499,0.7928726077079773,0.049478016793727875,0.7928726077079773,0.049478016793727875,403,1.7098448276519775
0.010461659170687199,0.01772553287446499,0.7928726077079773,0.049478016793727875,0.7928726077079773,0.049478016793727875,404,1.7114832401275635
0.010461659170687199,0.01772553287446499,0.7928726077079773,0.049478016793727875,0.7928726077079773,0.049478016793727875,405,1.7168891429901123
0.010461659170687199,0.01772553287446499,0.7928726077079773,0.049478016793727875,0.7928726077079773,0.049478016793727875,406,1.7168891429901123
0.010461659170687199,0.01772553287446499,0.7928726077079773,0.049478016793727875,0.7928726077079773,0.049478016793727875,407,1.7257165908813477
0.010461659170687199,0.01772553287446499,0.7928726077079773,0.049478016793727875,0.7928726077079773,0.049478016793727875,408,1.7257165908813477
0.010461659170687199,0.01772553287446499,0.7928726077079773,0.049478016793727875,0.7928726077079773,0.049478016793727875,409,1.732834815979004
0.010461659170687199,0.01772553287446499,0.7928726077079773,0.049478016793727875,0.7928726077079773,0.049478016793727875,410,1.7375543117523193
0.010461659170687199,0.01772553287446499,0.7928726077079773,0.049478016793727875,0.7928726077079773,0.049478016793727875,411,1.7405388355255127
0.010461659170687199,0.01772553287446499,0.7928726077079773,0.049478016793727875,0.7928726077079773,0.049478016793727875,412,1.7405388355255127
0.010461659170687199,0.01772553287446499,0.7928726077079773,0.049478016793727875,0.7928726077079773,0.049478016793727875,413,1.748849868774414
0.010461659170687199,0.01772553287446499,0.7928726077079773,0.049478016793727875,0.7928726077079773,0.049478016793727875,414,1.7495968341827393
0.010461659170687199,0.01772553287446499,0.7928726077079773,0.049478016793727875,0.7928726077079773,0.049478016793727875,415,1.7549688816070557
0.010461659170687199,0.01772553287446499,0.7928726077079773,0.049478016793727875,0.7928726077079773,0.049478016793727875,416,1.7605621814727783
0.010461659170687199,0.01772553287446499,0.7928726077079773,0.049478016793727875,0.7928726077079773,0.049478016793727875,417,1.7633826732635498
0.010461659170687199,0.01772553287446499,0.7928726077079773,0.049478016793727875,0.7928726077079773,0.049478016793727875,418,1.7669761180877686
0.010461659170687199,0.01772553287446499,0.7928726077079773,0.049478016793727875,0.7928726077079773,0.049478016793727875,419,1.7711577415466309
0.010461659170687199,0.01772553287446499,0.7928726077079773,0.049478016793727875,0.7928726077079773,0.049478016793727875,420,1.7711577415466309
0.010461659170687199,0.01772553287446499,0.7928726077079773,0.049478016793727875,0.7928726077079773,0.049478016793727875,421,1.7807188034057617
0.010461659170687199,0.01772553287446499,0.7928726077079773,0.049478016793727875,0.7928726077079773,0.049478016793727875,422,1.7877259254455566
0.010461659170687199,0.01772553287446499,0.7928726077079773,0.049478016793727875,0.7928726077079773,0.049478016793727875,423,1.7877259254455566
0.010461659170687199,0.01772553287446499,0.7928726077079773,0.049478016793727875,0.7928726077079773,0.049478016793727875,424,1.7877259254455566
0.010461659170687199,0.01772553287446499,0.7928726077079773,0.049478016793727875,0.7928726077079773,0.049478016793727875,425,1.798642635345459
0.010461659170687199,0.01772553287446499,0.7928726077079773,0.049478016793727875,0.7928726077079773,0.049478016793727875,426,1.8029766082763672
0.010461659170687199,0.01772553287446499,0.7928726077079773,0.049478016793727875,0.7928726077079773,0.049478016793727875,427,1.8082096576690674
0.010461659170687199,0.01772553287446499,0.7928726077079773,0.049478016793727875,0.7928726077079773,0.049478016793727875,428,1.8122973442077637
0.010461659170687199,0.01772553287446499,0.7928726077079773,0.049478016793727875,0.7928726077079773,0.049478016793727875,429,1.8122973442077637
0.010461659170687199,0.01772553287446499,0.7928726077079773,0.049478016793727875,0.7928726077079773,0.049478016793727875,430,1.8183090686798096
0.010461659170687199,0.01772553287446499,0.7928726077079773,0.049478016793727875,0.7928726077079773,0.049478016793727875,431,1.8228421211242676
0.010461659170687199,0.01772553287446499,0.7928726077079773,0.049478016793727875,0.7928726077079773,0.049478016793727875,432,1.8270752429962158
0.010461659170687199,0.01772553287446499,0.7928726077079773,0.049478016793727875,0.7928726077079773,0.049478016793727875,433,1.831303596496582
0.010461659170687199,0.01772553287446499,0.7928726077079773,0.049478016793727875,0.7928726077079773,0.049478016793727875,434,1.8344976902008057
0.010461659170687199,0.01772553287446499,0.7928726077079773,0.049478016793727875,0.7928726077079773,0.049478016793727875,435,1.840113639831543
0.010461659170687199,0.01772553287446499,0.7928726077079773,0.049478016793727875,0.7928726077079773,0.049478016793727875,436,1.8450117111206055
0.010461659170687199,0.01772553287446499,0.7928726077079773,0.049478016793727875,0.7928726077079773,0.049478016793727875,437,1.8496863842010498
0.010461659170687199,0.01772553287446499,0.7928726077079773,0.049478016793727875,0.7928726077079773,0.049478016793727875,438,1.8531994819641113
0.010461659170687199,0.01772553287446499,0.7928726077079773,0.049478016793727875,0.7928726077079773,0.049478016793727875,439,1.8552138805389404
0.010461659170687199,0.01772553287446499,0.7928726077079773,0.049478016793727875,0.7928726077079773,0.049478016793727875,440,1.8586134910583496
0.010461659170687199,0.01772553287446499,0.7928726077079773,0.049478016793727875,0.7928726077079773,0.049478016793727875,441,1.8612360954284668
0.010461659170687199,0.01772553287446499,0.7928726077079773,0.049478016793727875,0.7928726077079773,0.049478016793727875,442,1.8612360954284668
0.010461659170687199,0.01772553287446499,0.7928726077079773,0.049478016793727875,0.7928726077079773,0.049478016793727875,443,1.8877496719360352
0.010461659170687199,0.01772553287446499,0.7928726077079773,0.049478016793727875,0.7928726077079773,0.049478016793727875,444,1.8877496719360352
0.010461659170687199,0.01772553287446499,0.7928726077079773,0.049478016793727875,0.7928726077079773,0.049478016793727875,445,1.8877496719360352
0.010461659170687199,0.01772553287446499,0.7928726077079773,0.049478016793727875,0.7928726077079773,0.049478016793727875,446,1.9005048274993896
0.010461659170687199,0.01772553287446499,0.7928726077079773,0.049478016793727875,0.7928726077079773,0.049478016793727875,447,1.9064042568206787
0.010461659170687199,0.01772553287446499,0.7928726077079773,0.049478016793727875,0.7928726077079773,0.049478016793727875,448,1.9114620685577393
0.010461659170687199,0.01772553287446499,0.7928726077079773,0.049478016793727875,0.7928726077079773,0.049478016793727875,449,1.9126296043395996
0.010461659170687199,0.01772553287446499,0.7928726077079773,0.049478016793727875,0.7928726077079773,0.049478016793727875,450,1.9199047088623047
0.010461659170687199,0.01772553287446499,0.7928726077079773,0.049478016793727875,0.7928726077079773,0.049478016793727875,451,1.9226572513580322
0.010461659170687199,0.01772553287446499,0.7928726077079773,0.049478016793727875,0.7928726077079773,0.049478016793727875,452,1.9226572513580322
0.010461659170687199,0.01772553287446499,0.7928726077079773,0.049478016793727875,0.7928726077079773,0.049478016793727875,453,1.9226572513580322
0.010461659170687199,0.01772553287446499,0.7928726077079773,0.049478016793727875,0.7928726077079773,0.049478016793727875,454,1.9323570728302002
0.010461659170687199,0.01772553287446499,0.7928726077079773,0.049478016793727875,0.7928726077079773,0.049478016793727875,455,1.954392433166504
0.010461659170687199,0.01772553287446499,0.7928726077079773,0.049478016793727875,0.7928726077079773,0.049478016793727875,456,1.954392433166504
0.010461659170687199,0.01772553287446499,0.7928726077079773,0.049478016793727875,0.7928726077079773,0.049478016793727875,457,1.9645493030548096
0.010461659170687199,0.01772553287446499,0.7928726077079773,0.049478016793727875,0.7928726077079773,0.049478016793727875,458,1.972517728805542
0.010461659170687199,0.01772553287446499,0.7928726077079773,0.049478016793727875,0.7928726077079773,0.049478016793727875,459,1.972517728805542
0.010461659170687199,0.01772553287446499,0.7928726077079773,0.049478016793727875,0.7928726077079773,0.049478016793727875,460,1.972517728805542
0.010461659170687199,0.01772553287446499,0.7928726077079773,0.049478016793727875,0.7928726077079773,0.049478016793727875,461,1.9806461334228516
0.010461659170687199,0.01772553287446499,0.7928726077079773,0.049478016793727875,0.7928726077079773,0.049478016793727875,462,1.987727403640747
0.010461659170687199,0.01772553287446499,0.7928726077079773,0.049478016793727875,0.7928726077079773,0.049478016793727875,463,1.987727403640747
0.010461659170687199,0.01772553287446499,0.7928726077079773,0.049478016793727875,0.7928726077079773,0.049478016793727875,464,1.9965124130249023
0.010461659170687199,0.01772553287446499,0.7928726077079773,0.049478016793727875,0.7928726077079773,0.049478016793727875,465,2.0043087005615234
0.010461659170687199,0.01772553287446499,0.7928726077079773,0.049478016793727875,0.7928726077079773,0.049478016793727875,466,2.0063271522521973
0.010461659170687199,0.01772553287446499,0.7928726077079773,0.049478016793727875,0.7928726077079773,0.049478016793727875,467,2.014232635498047
0.010461659170687199,0.01772553287446499,0.7928726077079773,0.049478016793727875,0.7928726077079773,0.049478016793727875,468,2.0185739994049072
0.010461659170687199,0.01772553287446499,0.7928726077079773,0.049478016793727875,0.7928726077079773,0.049478016793727875,469,2.0206069946289062
0.010461659170687199,0.01772553287446499,0.7928726077079773,0.049478016793727875,0.7928726077079773,0.049478016793727875,470,2.0206069946289062
0.010461659170687199,0.01772553287446499,0.7928726077079773,0.049478016793727875,0.7928726077079773,0.049478016793727875,471,2.028942108154297
0.010461659170687199,0.01772553287446499,0.7928726077079773,0.049478016793727875,0.7928726077079773,0.049478016793727875,472,2.0327699184417725
0.010461659170687199,0.01772553287446499,0.7928726077079773,0.049478016793727875,0.7928726077079773,0.049478016793727875,473,2.0327699184417725
0.010461659170687199,0.01772553287446499,0.7928726077079773,0.049478016793727875,0.7928726077079773,0.049478016793727875,474,2.0377159118652344
0.010461659170687199,0.01772553287446499,0.7928726077079773,0.049478016793727875,0.7928726077079773,0.049478016793727875,475,2.043732166290283
0.010461659170687199,0.01772553287446499,0.7928726077079773,0.049478016793727875,0.7928726077079773,0.049478016793727875,476,2.0476465225219727
0.010461659170687199,0.01772553287446499,0.7928726077079773,0.049478016793727875,0.7928726077079773,0.049478016793727875,477,2.050165891647339
0.010461659170687199,0.01772553287446499,0.7928726077079773,0.049478016793727875,0.7928726077079773,0.049478016793727875,478,2.054208755493164
0.010461659170687199,0.01772553287446499,0.7928726077079773,0.049478016793727875,0.7928726077079773,0.049478016793727875,479,2.057485580444336
0.010461659170687199,0.01772553287446499,0.7928726077079773,0.049478016793727875,0.7928726077079773,0.049478016793727875,480,2.06032657623291
0.010461659170687199,0.01772553287446499,0.7928726077079773,0.049478016793727875,0.7928726077079773,0.049478016793727875,481,2.0634799003601074
0.010461659170687199,0.01772553287446499,0.7928726077079773,0.049478016793727875,0.7928726077079773,0.049478016793727875,482,2.068190574645996
0.010461659170687199,0.01772553287446499,0.7928726077079773,0.049478016793727875,0.7928726077079773,0.049478016793727875,483,2.0712203979492188
0.010461659170687199,0.01772553287446499,0.7928726077079773,0.049478016793727875,0.7928726077079773,0.049478016793727875,484,2.07592511177063
0.010461659170687199,0.01772553287446499,0.7928726077079773,0.049478016793727875,0.7928726077079773,0.049478016793727875,485,2.07592511177063
0.010461659170687199,0.01772553287446499,0.7928726077079773,0.049478016793727875,0.7928726077079773,0.049478016793727875,486,2.0798439979553223
0.010461659170687199,0.01772553287446499,0.7928726077079773,0.049478016793727875,0.7928726077079773,0.049478016793727875,487,2.083573341369629
0.010461659170687199,0.01772553287446499,0.7928726077079773,0.049478016793727875,0.7928726077079773,0.049478016793727875,488,2.088918924331665
0.010461659170687199,0.01772553287446499,0.7928726077079773,0.049478016793727875,0.7928726077079773,0.049478016793727875,489,2.0914454460144043
0.010461659170687199,0.01772553287446499,0.7928726077079773,0.049478016793727875,0.7928726077079773,0.049478016793727875,490,2.0948593616485596
0.010461659170687199,0.01772553287446499,0.7928726077079773,0.049478016793727875,0.7928726077079773,0.049478016793727875,491,2.0982728004455566
0.010461659170687199,0.01772553287446499,0.7928726077079773,0.049478016793727875,0.7928726077079773,0.049478016793727875,492,2.101818799972534
0.010461659170687199,0.01772553287446499,0.7928726077079773,0.049478016793727875,0.7928726077079773,0.049478016793727875,493,2.1042587757110596
0.010461659170687199,0.01772553287446499,0.7928726077079773,0.049478016793727875,0.7928726077079773,0.049478016793727875,494,2.1083273887634277
0.010461659170687199,0.01772553287446499,0.7928726077079773,0.049478016793727875,0.7928726077079773,0.049478016793727875,495,2.112161636352539
0.010461659170687199,0.01772553287446499,0.7928726077079773,0.049478016793727875,0.7928726077079773,0.049478016793727875,496,2.1156506538391113
0.010461659170687199,0.01772553287446499,0.7928726077079773,0.049478016793727875,0.7928726077079773,0.049478016793727875,497,2.117948055267334
0.010461659170687199,0.01772553287446499,0.7928726077079773,0.049478016793727875,0.7928726077079773,0.049478016793727875,498,2.121631622314453
0.010461659170687199,0.01772553287446499,0.7928726077079773,0.049478016793727875,0.7928726077079773,0.049478016793727875,499,2.1229593753814697
0.010461659170687199,0.01772553287446499,0.7928726077079773,0.049478016793727875,0.7928726077079773,0.049478016793727875,500,2.124967336654663
0.010461659170687199,0.01772553287446499,0.7928726077079773,0.049478016793727875,0.7928726077079773,0.049478016793727875,501,2.130335807800293
0.010461659170687199,0.01772553287446499,0.7928726077079773,0.049478016793727875,0.7928726077079773,0.049478016793727875,502,2.1325533390045166
0.010461659170687199,0.01772553287446499,0.7928726077079773,0.049478016793727875,0.7928726077079773,0.049478016793727875,503,2.1352994441986084
0.010461659170687199,0.01772553287446499,0.7928726077079773,0.049478016793727875,0.7928726077079773,0.049478016793727875,504,2.1385536193847656
0.010461659170687199,0.01772553287446499,0.7928726077079773,0.049478016793727875,0.7928726077079773,0.049478016793727875,505,2.1385536193847656
0.010461659170687199,0.01772553287446499,0.7928726077079773,0.049478016793727875,0.7928726077079773,0.049478016793727875,506,2.1385536193847656
0.010461659170687199,0.01772553287446499,0.7928726077079773,0.049478016793727875,0.7928726077079773,0.049478016793727875,507,2.150336980819702
0.010461659170687199,0.01772553287446499,0.7928726077079773,0.049478016793727875,0.7928726077079773,0.049478016793727875,508,2.1533210277557373
0.010461659170687199,0.01772553287446499,0.7928726077079773,0.049478016793727875,0.7928726077079773,0.049478016793727875,509,2.1582753658294678
0.010461659170687199,0.01772553287446499,0.7928726077079773,0.049478016793727875,0.7928726077079773,0.049478016793727875,510,2.161214590072632
0.010461659170687199,0.01772553287446499,0.7928726077079773,0.049478016793727875,0.7928726077079773,0.049478016793727875,511,2.1646392345428467
0.010461659170687199,0.01772553287446499,0.7928726077079773,0.049478016793727875,0.7928726077079773,0.049478016793727875,512,2.1652138233184814
0.010461659170687199,0.01772553287446499,0.7928726077079773,0.049478016793727875,0.7928726077079773,0.049478016793727875,513,2.16910719871521
0.010461659170687199,0.01772553287446499,0.7928726077079773,0.049478016793727875,0.7928726077079773,0.049478016793727875,514,2.174116849899292
0.010461659170687199,0.01772553287446499,0.7928726077079773,0.049478016793727875,0.7928726077079773,0.049478016793727875,515,2.174116849899292
0.010461659170687199,0.01772553287446499,0.7928726077079773,0.049478016793727875,0.7928726077079773,0.049478016793727875,516,2.174116849899292
0.010461659170687199,0.01772553287446499,0.7928726077079773,0.049478016793727875,0.7928726077079773,0.049478016793727875,517,2.174116849899292
0.010461659170687199,0.01772553287446499,0.7928726077079773,0.049478016793727875,0.7928726077079773,0.049478016793727875,518,2.1867363452911377
0.010461659170687199,0.01772553287446499,0.7928726077079773,0.049478016793727875,0.7928726077079773,0.049478016793727875,519,2.1867363452911377
0.010461659170687199,0.01772553287446499,0.7928726077079773,0.049478016793727875,0.7928726077079773,0.049478016793727875,520,2.1867363452911377
0.010461659170687199,0.01772553287446499,0.7928726077079773,0.049478016793727875,0.7928726077079773,0.049478016793727875,521,2.1867363452911377
0.010461659170687199,0.01772553287446499,0.7928726077079773,0.049478016793727875,0.7928726077079773,0.049478016793727875,522,2.2005114555358887
0.010461659170687199,0.01772553287446499,0.7928726077079773,0.049478016793727875,0.7928726077079773,0.049478016793727875,523,2.2037649154663086
0.010461659170687199,0.01772553287446499,0.7928726077079773,0.049478016793727875,0.7928726077079773,0.049478016793727875,524,2.2037649154663086
0.010461659170687199,0.01772553287446499,0.7928726077079773,0.049478016793727875,0.7928726077079773,0.049478016793727875,525,2.2118079662323
0.010461659170687199,0.01772553287446499,0.7928726077079773,0.049478016793727875,0.7928726077079773,0.049478016793727875,526,2.2118079662323
0.010461659170687199,0.01772553287446499,0.7928726077079773,0.049478016793727875,0.7928726077079773,0.049478016793727875,527,2.2210519313812256
0.010461659170687199,0.01772553287446499,0.7928726077079773,0.049478016793727875,0.7928726077079773,0.049478016793727875,528,2.2210519313812256
0.010461659170687199,0.01772553287446499,0.7928726077079773,0.049478016793727875,0.7928726077079773,0.049478016793727875,529,2.2210519313812256
0.010461659170687199,0.01772553287446499,0.7928726077079773,0.049478016793727875,0.7928726077079773,0.049478016793727875,530,2.2309136390686035
0.010461659170687199,0.01772553287446499,0.7928726077079773,0.049478016793727875,0.7928726077079773,0.049478016793727875,531,2.2344460487365723
0.010461659170687199,0.01772553287446499,0.7928726077079773,0.049478016793727875,0.7928726077079773,0.049478016793727875,532,2.2384755611419678
0.010461659170687199,0.01772553287446499,0.7928726077079773,0.049478016793727875,0.7928726077079773,0.049478016793727875,533,2.2384755611419678
0.010461659170687199,0.01772553287446499,0.7928726077079773,0.049478016793727875,0.7928726077079773,0.049478016793727875,534,2.2384755611419678
0.010461659170687199,0.01772553287446499,0.7928726077079773,0.049478016793727875,0.7928726077079773,0.049478016793727875,535,2.2488315105438232
0.010461659170687199,0.01772553287446499,0.7928726077079773,0.049478016793727875,0.7928726077079773,0.049478016793727875,536,2.2488315105438232
0.010461659170687199,0.01772553287446499,0.7928726077079773,0.049478016793727875,0.7928726077079773,0.049478016793727875,537,2.2488315105438232
0.010461659170687199,0.01772553287446499,0.7928726077079773,0.049478016793727875,0.7928726077079773,0.049478016793727875,538,2.2488315105438232
0.010461659170687199,0.01772553287446499,0.7928726077079773,0.049478016793727875,0.7928726077079773,0.049478016793727875,539,2.2488315105438232
0.010461659170687199,0.01772553287446499,0.7928726077079773,0.049478016793727875,0.7928726077079773,0.049478016793727875,540,2.262551784515381
0.010461659170687199,0.01772553287446499,0.7928726077079773,0.049478016793727875,0.7928726077079773,0.049478016793727875,541,2.2667694091796875
0.010461659170687199,0.01772553287446499,0.7928726077079773,0.049478016793727875,0.7928726077079773,0.049478016793727875,542,2.26938533782959
0.010461659170687199,0.01772553287446499,0.7928726077079773,0.049478016793727875,0.7928726077079773,0.049478016793727875,543,2.273493766784668
0.010461659170687199,0.01772553287446499,0.7928726077079773,0.049478016793727875,0.7928726077079773,0.049478016793727875,544,2.273493766784668
0.010461659170687199,0.01772553287446499,0.7928726077079773,0.049478016793727875,0.7928726077079773,0.049478016793727875,545,2.281797409057617
0.010461659170687199,0.01772553287446499,0.7928726077079773,0.049478016793727875,0.7928726077079773,0.049478016793727875,546,2.28768253326416
0.010461659170687199,0.01772553287446499,0.7928726077079773,0.049478016793727875,0.7928726077079773,0.049478016793727875,547,2.28768253326416
0.010461659170687199,0.01772553287446499,0.7928726077079773,0.049478016793727875,0.7928726077079773,0.049478016793727875,548,2.28768253326416
0.010461659170687199,0.01772553287446499,0.7928726077079773,0.049478016793727875,0.7928726077079773,0.049478016793727875,549,2.2963144779205322
0.010461659170687199,0.01772553287446499,0.7928726077079773,0.049478016793727875,0.7928726077079773,0.049478016793727875,550,2.2963144779205322
0.010461659170687199,0.01772553287446499,0.7928726077079773,0.049478016793727875,0.7928726077079773,0.049478016793727875,551,2.3040621280670166
0.010461659170687199,0.01772553287446499,0.7928726077079773,0.049478016793727875,0.7928726077079773,0.049478016793727875,552,2.3040621280670166
0.010461659170687199,0.01772553287446499,0.7928726077079773,0.049478016793727875,0.7928726077079773,0.049478016793727875,553,2.312795400619507
0.010461659170687199,0.01772553287446499,0.7928726077079773,0.049478016793727875,0.7928726077079773,0.049478016793727875,554,2.3145501613616943
0.010461659170687199,0.01772553287446499,0.7928726077079773,0.049478016793727875,0.7928726077079773,0.049478016793727875,555,2.3145501613616943
0.010461659170687199,0.01772553287446499,0.7928726077079773,0.049478016793727875,0.7928726077079773,0.049478016793727875,556,2.3145501613616943
0.010461659170687199,0.01772553287446499,0.7928726077079773,0.049478016793727875,0.7928726077079773,0.049478016793727875,557,2.326312303543091
0.010461659170687199,0.01772553287446499,0.7928726077079773,0.049478016793727875,0.7928726077079773,0.049478016793727875,558,2.3273251056671143
0.010461659170687199,0.01772553287446499,0.7928726077079773,0.049478016793727875,0.7928726077079773,0.049478016793727875,559,2.3273251056671143
0.010461659170687199,0.01772553287446499,0.7928726077079773,0.049478016793727875,0.7928726077079773,0.049478016793727875,560,2.3358778953552246
0.010461659170687199,0.01772553287446499,0.7928726077079773,0.049478016793727875,0.7928726077079773,0.049478016793727875,561,2.3405187129974365
0.010461659170687199,0.01772553287446499,0.7928726077079773,0.049478016793727875,0.7928726077079773,0.049478016793727875,562,2.3437986373901367
0.010461659170687199,0.01772553287446499,0.7928726077079773,0.049478016793727875,0.7928726077079773,0.049478016793727875,563,2.3437986373901367
0.010461659170687199,0.01772553287446499,0.7928726077079773,0.049478016793727875,0.7928726077079773,0.049478016793727875,564,2.3437986373901367
0.010461659170687199,0.01772553287446499,0.7928726077079773,0.049478016793727875,0.7928726077079773,0.049478016793727875,565,2.3437986373901367
0.010461659170687199,0.01772553287446499,0.7928726077079773,0.049478016793727875,0.7928726077079773,0.049478016793727875,566,2.3437986373901367
0.010461659170687199,0.01772553287446499,0.7928726077079773,0.049478016793727875,0.7928726077079773,0.049478016793727875,567,2.358680248260498
0.010461659170687199,0.01772553287446499,0.7928726077079773,0.049478016793727875,0.7928726077079773,0.049478016793727875,568,2.358680248260498
0.010461659170687199,0.01772553287446499,0.7928726077079773,0.049478016793727875,0.7928726077079773,0.049478016793727875,569,2.3693594932556152
0.010461659170687199,0.01772553287446499,0.7928726077079773,0.049478016793727875,0.7928726077079773,0.049478016793727875,570,2.3752834796905518
0.010461659170687199,0.01772553287446499,0.7928726077079773,0.049478016793727875,0.7928726077079773,0.049478016793727875,571,2.3756396770477295
0.010461659170687199,0.01772553287446499,0.7928726077079773,0.049478016793727875,0.7928726077079773,0.049478016793727875,572,2.3756396770477295
0.010461659170687199,0.01772553287446499,0.7928726077079773,0.049478016793727875,0.7928726077079773,0.049478016793727875,573,2.3756396770477295
0.010461659170687199,0.01772553287446499,0.7928726077079773,0.049478016793727875,0.7928726077079773,0.049478016793727875,574,2.38857102394104
0.010461659170687199,0.01772553287446499,0.7928726077079773,0.049478016793727875,0.7928726077079773,0.049478016793727875,575,2.38857102394104
0.010461659170687199,0.01772553287446499,0.7928726077079773,0.049478016793727875,0.7928726077079773,0.049478016793727875,576,2.3944919109344482
0.010461659170687199,0.01772553287446499,0.7928726077079773,0.049478016793727875,0.7928726077079773,0.049478016793727875,577,2.3944919109344482
0.010461659170687199,0.01772553287446499,0.7928726077079773,0.049478016793727875,0.7928726077079773,0.049478016793727875,578,2.405900001525879
0.010461659170687199,0.01772553287446499,0.7928726077079773,0.049478016793727875,0.7928726077079773,0.049478016793727875,579,2.408421754837036
0.010461659170687199,0.01772553287446499,0.7928726077079773,0.049478016793727875,0.7928726077079773,0.049478016793727875,580,2.4106903076171875
0.010461659170687199,0.01772553287446499,0.7928726077079773,0.049478016793727875,0.7928726077079773,0.049478016793727875,581,2.4106903076171875
0.010461659170687199,0.01772553287446499,0.7928726077079773,0.049478016793727875,0.7928726077079773,0.049478016793727875,582,2.4106903076171875
0.010461659170687199,0.01772553287446499,0.7928726077079773,0.049478016793727875,0.7928726077079773,0.049478016793727875,583,2.422391176223755
0.010461659170687199,0.01772553287446499,0.7928726077079773,0.049478016793727875,0.7928726077079773,0.049478016793727875,584,2.422391176223755
0.010461659170687199,0.01772553287446499,0.7928726077079773,0.049478016793727875,0.7928726077079773,0.049478016793727875,585,2.4301466941833496
0.010461659170687199,0.01772553287446499,0.7928726077079773,0.049478016793727875,0.7928726077079773,0.049478016793727875,586,2.4353110790252686
0.010461659170687199,0.01772553287446499,0.7928726077079773,0.049478016793727875,0.7928726077079773,0.049478016793727875,587,2.4411063194274902
0.010461659170687199,0.01772553287446499,0.7928726077079773,0.049478016793727875,0.7928726077079773,0.049478016793727875,588,2.442655324935913
0.010461659170687199,0.01772553287446499,0.7928726077079773,0.049478016793727875,0.7928726077079773,0.049478016793727875,589,2.442655324935913
0.010461659170687199,0.01772553287446499,0.7928726077079773,0.049478016793727875,0.7928726077079773,0.049478016793727875,590,2.4500105381011963
0.010461659170687199,0.01772553287446499,0.7928726077079773,0.049478016793727875,0.7928726077079773,0.049478016793727875,591,2.4500105381011963
0.010461659170687199,0.01772553287446499,0.7928726077079773,0.049478016793727875,0.7928726077079773,0.049478016793727875,592,2.4500105381011963
0.010461659170687199,0.01772553287446499,0.7928726077079773,0.049478016793727875,0.7928726077079773,0.049478016793727875,593,2.4500105381011963
0.010461659170687199,0.01772553287446499,0.7928726077079773,0.049478016793727875,0.7928726077079773,0.049478016793727875,594,2.466003179550171
0.010461659170687199,0.01772553287446499,0.7928726077079773,0.049478016793727875,0.7928726077079773,0.049478016793727875,595,2.4671823978424072
0.010461659170687199,0.01772553287446499,0.7928726077079773,0.049478016793727875,0.7928726077079773,0.049478016793727875,596,2.469707727432251
0.010461659170687199,0.01772553287446499,0.7928726077079773,0.049478016793727875,0.7928726077079773,0.049478016793727875,597,2.469707727432251
0.010461659170687199,0.01772553287446499,0.7928726077079773,0.049478016793727875,0.7928726077079773,0.049478016793727875,598,2.469707727432251
0.010461659170687199,0.01772553287446499,0.7928726077079773,0.049478016793727875,0.7928726077079773,0.049478016793727875,599,2.4816701412200928
0.010461659170687199,0.01772553287446499,0.7928726077079773,0.049478016793727875,0.7928726077079773,0.049478016793727875,600,2.487579107284546
0.010461659170687199,0.01772553287446499,0.7928726077079773,0.049478016793727875,0.7928726077079773,0.049478016793727875,601,2.490353584289551
0.010461659170687199,0.01772553287446499,0.7928726077079773,0.049478016793727875,0.7928726077079773,0.049478016793727875,602,2.490353584289551
0.010461659170687199,0.01772553287446499,0.7928726077079773,0.049478016793727875,0.7928726077079773,0.049478016793727875,603,2.499089479446411
0.010461659170687199,0.01772553287446499,0.7928726077079773,0.049478016793727875,0.7928726077079773,0.049478016793727875,604,2.50480318069458
0.010461659170687199,0.01772553287446499,0.7928726077079773,0.049478016793727875,0.7928726077079773,0.049478016793727875,605,2.505528450012207
0.010461659170687199,0.01772553287446499,0.7928726077079773,0.049478016793727875,0.7928726077079773,0.049478016793727875,606,2.513563632965088
0.010461659170687199,0.01772553287446499,0.7928726077079773,0.049478016793727875,0.7928726077079773,0.049478016793727875,607,2.5145764350891113
0.010461659170687199,0.01772553287446499,0.7928726077079773,0.049478016793727875,0.7928726077079773,0.049478016793727875,608,2.5145764350891113
0.010461659170687199,0.01772553287446499,0.7928726077079773,0.049478016793727875,0.7928726077079773,0.049478016793727875,609,2.521902084350586
0.010461659170687199,0.01772553287446499,0.7928726077079773,0.049478016793727875,0.7928726077079773,0.049478016793727875,610,2.521902084350586
0.010461659170687199,0.01772553287446499,0.7928726077079773,0.049478016793727875,0.7928726077079773,0.049478016793727875,611,2.521902084350586
0.010461659170687199,0.01772553287446499,0.7928726077079773,0.049478016793727875,0.7928726077079773,0.049478016793727875,612,2.53011155128479
0.010461659170687199,0.01772553287446499,0.7928726077079773,0.049478016793727875,0.7928726077079773,0.049478016793727875,613,2.5345799922943115
0.010461659170687199,0.01772553287446499,0.7928726077079773,0.049478016793727875,0.7928726077079773,0.049478016793727875,614,2.5384163856506348
0.010461659170687199,0.01772553287446499,0.7928726077079773,0.049478016793727875,0.7928726077079773,0.049478016793727875,615,2.5384163856506348
0.010461659170687199,0.01772553287446499,0.7928726077079773,0.049478016793727875,0.7928726077079773,0.049478016793727875,616,2.5384163856506348
0.010461659170687199,0.01772553287446499,0.7928726077079773,0.049478016793727875,0.7928726077079773,0.049478016793727875,617,2.5474228858947754
0.010461659170687199,0.01772553287446499,0.7928726077079773,0.049478016793727875,0.7928726077079773,0.049478016793727875,618,2.5474228858947754
0.010461659170687199,0.01772553287446499,0.7928726077079773,0.049478016793727875,0.7928726077079773,0.049478016793727875,619,2.5545003414154053
0.010461659170687199,0.01772553287446499,0.7928726077079773,0.049478016793727875,0.7928726077079773,0.049478016793727875,620,2.5545003414154053
0.010461659170687199,0.01772553287446499,0.7928726077079773,0.049478016793727875,0.7928726077079773,0.049478016793727875,621,2.5545003414154053
0.010461659170687199,0.01772553287446499,0.7928726077079773,0.049478016793727875,0.7928726077079773,0.049478016793727875,622,2.5545003414154053
0.010461659170687199,0.01772553287446499,0.7928726077079773,0.049478016793727875,0.7928726077079773,0.049478016793727875,623,2.5545003414154053
0.010461659170687199,0.01772553287446499,0.7928726077079773,0.049478016793727875,0.7928726077079773,0.049478016793727875,624,2.569852828979492
0.010461659170687199,0.01772553287446499,0.7928726077079773,0.049478016793727875,0.7928726077079773,0.049478016793727875,625,2.575000286102295
0.010461659170687199,0.01772553287446499,0.7928726077079773,0.049478016793727875,0.7928726077079773,0.049478016793727875,626,2.5766308307647705
0.010461659170687199,0.01772553287446499,0.7928726077079773,0.049478016793727875,0.7928726077079773,0.049478016793727875,627,2.5766308307647705
0.010461659170687199,0.01772553287446499,0.7928726077079773,0.049478016793727875,0.7928726077079773,0.049478016793727875,628,2.5766308307647705
0.010461659170687199,0.01772553287446499,0.7928726077079773,0.049478016793727875,0.7928726077079773,0.049478016793727875,629,2.587719440460205
0.010461659170687199,0.01772553287446499,0.7928726077079773,0.049478016793727875,0.7928726077079773,0.049478016793727875,630,2.587719440460205
0.010461659170687199,0.01772553287446499,0.7928726077079773,0.049478016793727875,0.7928726077079773,0.049478016793727875,631,2.594552755355835
0.010461659170687199,0.01772553287446499,0.7928726077079773,0.049478016793727875,0.7928726077079773,0.049478016793727875,632,2.594552755355835
0.010461659170687199,0.01772553287446499,0.7928726077079773,0.049478016793727875,0.7928726077079773,0.049478016793727875,633,2.601351022720337
0.010461659170687199,0.01772553287446499,0.7928726077079773,0.049478016793727875,0.7928726077079773,0.049478016793727875,634,2.601351022720337
0.010461659170687199,0.01772553287446499,0.7928726077079773,0.049478016793727875,0.7928726077079773,0.049478016793727875,635,2.601351022720337
0.010461659170687199,0.01772553287446499,0.7928726077079773,0.049478016793727875,0.7928726077079773,0.049478016793727875,636,2.6105873584747314
0.010461659170687199,0.01772553287446499,0.7928726077079773,0.049478016793727875,0.7928726077079773,0.049478016793727875,637,2.6105873584747314
0.010461659170687199,0.01772553287446499,0.7928726077079773,0.049478016793727875,0.7928726077079773,0.049478016793727875,638,2.6172056198120117
0.010461659170687199,0.01772553287446499,0.7928726077079773,0.049478016793727875,0.7928726077079773,0.049478016793727875,639,2.6210477352142334
0.010461659170687199,0.01772553287446499,0.7928726077079773,0.049478016793727875,0.7928726077079773,0.049478016793727875,640,2.6210477352142334
0.010461659170687199,0.01772553287446499,0.7928726077079773,0.049478016793727875,0.7928726077079773,0.049478016793727875,641,2.6210477352142334
0.010461659170687199,0.01772553287446499,0.7928726077079773,0.049478016793727875,0.7928726077079773,0.049478016793727875,642,2.6331048011779785
0.010461659170687199,0.01772553287446499,0.7928726077079773,0.049478016793727875,0.7928726077079773,0.049478016793727875,643,2.637051820755005
0.010461659170687199,0.01772553287446499,0.7928726077079773,0.049478016793727875,0.7928726077079773,0.049478016793727875,644,2.637051820755005
0.010461659170687199,0.01772553287446499,0.7928726077079773,0.049478016793727875,0.7928726077079773,0.049478016793727875,645,2.637051820755005
0.010461659170687199,0.01772553287446499,0.7928726077079773,0.049478016793727875,0.7928726077079773,0.049478016793727875,646,2.6489944458007812
0.010461659170687199,0.01772553287446499,0.7928726077079773,0.049478016793727875,0.7928726077079773,0.049478016793727875,647,2.6489944458007812
0.010461659170687199,0.01772553287446499,0.7928726077079773,0.049478016793727875,0.7928726077079773,0.049478016793727875,648,2.6543850898742676
0.010461659170687199,0.01772553287446499,0.7928726077079773,0.049478016793727875,0.7928726077079773,0.049478016793727875,649,2.6543850898742676
0.010461659170687199,0.01772553287446499,0.7928726077079773,0.049478016793727875,0.7928726077079773,0.049478016793727875,650,2.6543850898742676
0.010461659170687199,0.01772553287446499,0.7928726077079773,0.049478016793727875,0.7928726077079773,0.049478016793727875,651,2.666879653930664
0.010461659170687199,0.01772553287446499,0.7928726077079773,0.049478016793727875,0.7928726077079773,0.049478016793727875,652,2.669867753982544
0.010461659170687199,0.01772553287446499,0.7928726077079773,0.049478016793727875,0.7928726077079773,0.049478016793727875,653,2.672548770904541
0.010461659170687199,0.01772553287446499,0.7928726077079773,0.049478016793727875,0.7928726077079773,0.049478016793727875,654,2.677424430847168
0.010461659170687199,0.01772553287446499,0.7928726077079773,0.049478016793727875,0.7928726077079773,0.049478016793727875,655,2.680946111679077
0.010461659170687199,0.01772553287446499,0.7928726077079773,0.049478016793727875,0.7928726077079773,0.049478016793727875,656,2.680946111679077
0.010461659170687199,0.01772553287446499,0.7928726077079773,0.049478016793727875,0.7928726077079773,0.049478016793727875,657,2.6865625381469727
0.010461659170687199,0.01772553287446499,0.7928726077079773,0.049478016793727875,0.7928726077079773,0.049478016793727875,658,2.6865625381469727
0.010461659170687199,0.01772553287446499,0.7928726077079773,0.049478016793727875,0.7928726077079773,0.049478016793727875,659,2.6930837631225586
0.010461659170687199,0.01772553287446499,0.7928726077079773,0.049478016793727875,0.7928726077079773,0.049478016793727875,660,2.6966068744659424
0.010461659170687199,0.01772553287446499,0.7928726077079773,0.049478016793727875,0.7928726077079773,0.049478016793727875,661,2.7006278038024902
0.010461659170687199,0.01772553287446499,0.7928726077079773,0.049478016793727875,0.7928726077079773,0.049478016793727875,662,2.7006278038024902
0.010461659170687199,0.01772553287446499,0.7928726077079773,0.049478016793727875,0.7928726077079773,0.049478016793727875,663,2.7006278038024902
0.010461659170687199,0.01772553287446499,0.7928726077079773,0.049478016793727875,0.7928726077079773,0.049478016793727875,664,2.707214593887329
0.010461659170687199,0.01772553287446499,0.7928726077079773,0.049478016793727875,0.7928726077079773,0.049478016793727875,665,2.707214593887329
0.010461659170687199,0.01772553287446499,0.7928726077079773,0.049478016793727875,0.7928726077079773,0.049478016793727875,666,2.7151501178741455
0.010461659170687199,0.01772553287446499,0.7928726077079773,0.049478016793727875,0.7928726077079773,0.049478016793727875,667,2.7182910442352295
0.010461659170687199,0.01772553287446499,0.7928726077079773,0.049478016793727875,0.7928726077079773,0.049478016793727875,668,2.7198634147644043
0.010461659170687199,0.01772553287446499,0.7928726077079773,0.049478016793727875,0.7928726077079773,0.049478016793727875,669,2.725041627883911
0.010461659170687199,0.01772553287446499,0.7928726077079773,0.049478016793727875,0.7928726077079773,0.049478016793727875,670,2.7285261154174805
0.010461659170687199,0.01772553287446499,0.7928726077079773,0.049478016793727875,0.7928726077079773,0.049478016793727875,671,2.730015277862549
0.010461659170687199,0.01772553287446499,0.7928726077079773,0.049478016793727875,0.7928726077079773,0.049478016793727875,672,2.733520269393921
0.010461659170687199,0.01772553287446499,0.7928726077079773,0.049478016793727875,0.7928726077079773,0.049478016793727875,673,2.737560272216797
0.010461659170687199,0.01772553287446499,0.7928726077079773,0.049478016793727875,0.7928726077079773,0.049478016793727875,674,2.7410547733306885
0.010461659170687199,0.01772553287446499,0.7928726077079773,0.049478016793727875,0.7928726077079773,0.049478016793727875,675,2.744286298751831
0.010461659170687199,0.01772553287446499,0.7928726077079773,0.049478016793727875,0.7928726077079773,0.049478016793727875,676,2.7476041316986084
0.010461659170687199,0.01772553287446499,0.7928726077079773,0.049478016793727875,0.7928726077079773,0.049478016793727875,677,2.750558376312256
0.010461659170687199,0.01772553287446499,0.7928726077079773,0.049478016793727875,0.7928726077079773,0.049478016793727875,678,2.754425525665283
0.010461659170687199,0.01772553287446499,0.7928726077079773,0.049478016793727875,0.7928726077079773,0.049478016793727875,679,2.7560713291168213
0.010461659170687199,0.01772553287446499,0.7928726077079773,0.049478016793727875,0.7928726077079773,0.049478016793727875,680,2.760115623474121
0.010461659170687199,0.01772553287446499,0.7928726077079773,0.049478016793727875,0.7928726077079773,0.049478016793727875,681,2.760115623474121
0.010461659170687199,0.01772553287446499,0.7928726077079773,0.049478016793727875,0.7928726077079773,0.049478016793727875,682,2.760115623474121
0.010461659170687199,0.01772553287446499,0.7928726077079773,0.049478016793727875,0.7928726077079773,0.049478016793727875,683,2.7701597213745117
0.010461659170687199,0.01772553287446499,0.7928726077079773,0.049478016793727875,0.7928726077079773,0.049478016793727875,684,2.776294469833374
0.010461659170687199,0.01772553287446499,0.7928726077079773,0.049478016793727875,0.7928726077079773,0.049478016793727875,685,2.777952194213867
0.010461659170687199,0.01772553287446499,0.7928726077079773,0.049478016793727875,0.7928726077079773,0.049478016793727875,686,2.777952194213867
0.010461659170687199,0.01772553287446499,0.7928726077079773,0.049478016793727875,0.7928726077079773,0.049478016793727875,687,2.777952194213867
0.010461659170687199,0.01772553287446499,0.7928726077079773,0.049478016793727875,0.7928726077079773,0.049478016793727875,688,2.777952194213867
0.010461659170687199,0.01772553287446499,0.7928726077079773,0.049478016793727875,0.7928726077079773,0.049478016793727875,689,2.7919328212738037
0.010461659170687199,0.01772553287446499,0.7928726077079773,0.049478016793727875,0.7928726077079773,0.049478016793727875,690,2.7919328212738037
0.010461659170687199,0.01772553287446499,0.7928726077079773,0.049478016793727875,0.7928726077079773,0.049478016793727875,691,2.7919328212738037
0.010461659170687199,0.01772553287446499,0.7928726077079773,0.049478016793727875,0.7928726077079773,0.049478016793727875,692,2.7919328212738037
0.010461659170687199,0.01772553287446499,0.7928726077079773,0.049478016793727875,0.7928726077079773,0.049478016793727875,693,2.8043856620788574
0.010461659170687199,0.01772553287446499,0.7928726077079773,0.049478016793727875,0.7928726077079773,0.049478016793727875,694,2.8092944622039795
0.010461659170687199,0.01772553287446499,0.7928726077079773,0.049478016793727875,0.7928726077079773,0.049478016793727875,695,2.811687707901001
0.010461659170687199,0.01772553287446499,0.7928726077079773,0.049478016793727875,0.7928726077079773,0.049478016793727875,696,2.811687707901001
0.010461659170687199,0.01772553287446499,0.7928726077079773,0.049478016793727875,0.7928726077079773,0.049478016793727875,697,2.811687707901001
0.010461659170687199,0.01772553287446499,0.7928726077079773,0.049478016793727875,0.7928726077079773,0.049478016793727875,698,2.8236491680145264
0.010461659170687199,0.01772553287446499,0.7928726077079773,0.049478016793727875,0.7928726077079773,0.049478016793727875,699,2.825402021408081
0.010461659170687199,0.01772553287446499,0.7928726077079773,0.049478016793727875,0.7928726077079773,0.049478016793727875,700,2.825402021408081
0.010461659170687199,0.01772553287446499,0.7928726077079773,0.049478016793727875,0.7928726077079773,0.049478016793727875,701,2.825402021408081
0.010461659170687199,0.01772553287446499,0.7928726077079773,0.049478016793727875,0.7928726077079773,0.049478016793727875,702,2.825402021408081
0.010461659170687199,0.01772553287446499,0.7928726077079773,0.049478016793727875,0.7928726077079773,0.049478016793727875,703,2.839299440383911
0.010461659170687199,0.01772553287446499,0.7928726077079773,0.049478016793727875,0.7928726077079773,0.049478016793727875,704,2.839299440383911
0.010461659170687199,0.01772553287446499,0.7928726077079773,0.049478016793727875,0.7928726077079773,0.049478016793727875,705,2.839299440383911
0.010461659170687199,0.01772553287446499,0.7928726077079773,0.049478016793727875,0.7928726077079773,0.049478016793727875,706,2.850220203399658
0.010461659170687199,0.01772553287446499,0.7928726077079773,0.049478016793727875,0.7928726077079773,0.049478016793727875,707,2.8520243167877197
0.010461659170687199,0.01772553287446499,0.7928726077079773,0.049478016793727875,0.7928726077079773,0.049478016793727875,708,2.8549365997314453
0.010461659170687199,0.01772553287446499,0.7928726077079773,0.049478016793727875,0.7928726077079773,0.049478016793727875,709,2.8549365997314453
0.010461659170687199,0.01772553287446499,0.7928726077079773,0.049478016793727875,0.7928726077079773,0.049478016793727875,710,2.8549365997314453
0.010461659170687199,0.01772553287446499,0.7928726077079773,0.049478016793727875,0.7928726077079773,0.049478016793727875,711,2.8549365997314453
0.010461659170687199,0.01772553287446499,0.7928726077079773,0.049478016793727875,0.7928726077079773,0.049478016793727875,712,2.8737738132476807
0.010461659170687199,0.01772553287446499,0.7928726077079773,0.049478016793727875,0.7928726077079773,0.049478016793727875,713,2.8737738132476807
0.010461659170687199,0.01772553287446499,0.7928726077079773,0.049478016793727875,0.7928726077079773,0.049478016793727875,714,2.8796494007110596
0.010461659170687199,0.01772553287446499,0.7928726077079773,0.049478016793727875,0.7928726077079773,0.049478016793727875,715,2.8848767280578613
0.010461659170687199,0.01772553287446499,0.7928726077079773,0.049478016793727875,0.7928726077079773,0.049478016793727875,716,2.8884146213531494
0.010461659170687199,0.01772553287446499,0.7928726077079773,0.049478016793727875,0.7928726077079773,0.049478016793727875,717,2.8884146213531494
0.010461659170687199,0.01772553287446499,0.7928726077079773,0.049478016793727875,0.7928726077079773,0.049478016793727875,718,2.8884146213531494
0.010461659170687199,0.01772553287446499,0.7928726077079773,0.049478016793727875,0.7928726077079773,0.049478016793727875,719,2.8884146213531494
0.010461659170687199,0.01772553287446499,0.7928726077079773,0.049478016793727875,0.7928726077079773,0.049478016793727875,720,2.9028127193450928
0.010461659170687199,0.01772553287446499,0.7928726077079773,0.049478016793727875,0.7928726077079773,0.049478016793727875,721,2.905601978302002
0.010461659170687199,0.01772553287446499,0.7928726077079773,0.049478016793727875,0.7928726077079773,0.049478016793727875,722,2.905601978302002
0.010461659170687199,0.01772553287446499,0.7928726077079773,0.049478016793727875,0.7928726077079773,0.049478016793727875,723,2.9114885330200195
0.010461659170687199,0.01772553287446499,0.7928726077079773,0.049478016793727875,0.7928726077079773,0.049478016793727875,724,2.9114885330200195
0.010461659170687199,0.01772553287446499,0.7928726077079773,0.049478016793727875,0.7928726077079773,0.049478016793727875,725,2.9195358753204346
0.010461659170687199,0.01772553287446499,0.7928726077079773,0.049478016793727875,0.7928726077079773,0.049478016793727875,726,2.9215359687805176
0.010461659170687199,0.01772553287446499,0.7928726077079773,0.049478016793727875,0.7928726077079773,0.049478016793727875,727,2.926185131072998
0.010461659170687199,0.01772553287446499,0.7928726077079773,0.049478016793727875,0.7928726077079773,0.049478016793727875,728,2.926185131072998
0.010461659170687199,0.01772553287446499,0.7928726077079773,0.049478016793727875,0.7928726077079773,0.049478016793727875,729,2.926185131072998
0.010461659170687199,0.01772553287446499,0.7928726077079773,0.049478016793727875,0.7928726077079773,0.049478016793727875,730,2.9344465732574463
0.010461659170687199,0.01772553287446499,0.7928726077079773,0.049478016793727875,0.7928726077079773,0.049478016793727875,731,2.936345100402832
0.010461659170687199,0.01772553287446499,0.7928726077079773,0.049478016793727875,0.7928726077079773,0.049478016793727875,732,2.936345100402832
0.010461659170687199,0.01772553287446499,0.7928726077079773,0.049478016793727875,0.7928726077079773,0.049478016793727875,733,2.936345100402832
0.010461659170687199,0.01772553287446499,0.7928726077079773,0.049478016793727875,0.7928726077079773,0.049478016793727875,734,2.936345100402832
0.010461659170687199,0.01772553287446499,0.7928726077079773,0.049478016793727875,0.7928726077079773,0.049478016793727875,735,2.950242042541504
0.010461659170687199,0.01772553287446499,0.7928726077079773,0.049478016793727875,0.7928726077079773,0.049478016793727875,736,2.9550790786743164
0.010461659170687199,0.01772553287446499,0.7928726077079773,0.049478016793727875,0.7928726077079773,0.049478016793727875,737,2.9550790786743164
0.010461659170687199,0.01772553287446499,0.7928726077079773,0.049478016793727875,0.7928726077079773,0.049478016793727875,738,2.9550790786743164
0.010461659170687199,0.01772553287446499,0.7928726077079773,0.049478016793727875,0.7928726077079773,0.049478016793727875,739,2.966240406036377
0.010461659170687199,0.01772553287446499,0.7928726077079773,0.049478016793727875,0.7928726077079773,0.049478016793727875,740,2.970454454421997
0.010461659170687199,0.01772553287446499,0.7928726077079773,0.049478016793727875,0.7928726077079773,0.049478016793727875,741,2.970454454421997
0.010461659170687199,0.01772553287446499,0.7928726077079773,0.049478016793727875,0.7928726077079773,0.049478016793727875,742,2.9781079292297363
0.010461659170687199,0.01772553287446499,0.7928726077079773,0.049478016793727875,0.7928726077079773,0.049478016793727875,743,2.9781079292297363
0.010461659170687199,0.01772553287446499,0.7928726077079773,0.049478016793727875,0.7928726077079773,0.049478016793727875,744,2.982018232345581
0.010461659170687199,0.01772553287446499,0.7928726077079773,0.049478016793727875,0.7928726077079773,0.049478016793727875,745,2.9873452186584473
0.010461659170687199,0.01772553287446499,0.7928726077079773,0.049478016793727875,0.7928726077079773,0.049478016793727875,746,2.9923229217529297
0.010461659170687199,0.01772553287446499,0.7928726077079773,0.049478016793727875,0.7928726077079773,0.049478016793727875,747,2.9923229217529297
0.010461659170687199,0.01772553287446499,0.7928726077079773,0.049478016793727875,0.7928726077079773,0.049478016793727875,748,2.9978713989257812
0.010461659170687199,0.01772553287446499,0.7928726077079773,0.049478016793727875,0.7928726077079773,0.049478016793727875,749,2.9978713989257812
0.010461659170687199,0.01772553287446499,0.7928726077079773,0.049478016793727875,0.7928726077079773,0.049478016793727875,750,2.9978713989257812
0.010461659170687199,0.01772553287446499,0.7928726077079773,0.049478016793727875,0.7928726077079773,0.049478016793727875,751,2.9978713989257812
0.010461659170687199,0.01772553287446499,0.7928726077079773,0.049478016793727875,0.7928726077079773,0.049478016793727875,752,2.9978713989257812
0.010461659170687199,0.01772553287446499,0.7928726077079773,0.049478016793727875,0.7928726077079773,0.049478016793727875,753,3.013960599899292
0.010461659170687199,0.01772553287446499,0.7928726077079773,0.049478016793727875,0.7928726077079773,0.049478016793727875,754,3.013960599899292
0.010461659170687199,0.01772553287446499,0.7928726077079773,0.049478016793727875,0.7928726077079773,0.049478016793727875,755,3.013960599899292
0.010461659170687199,0.01772553287446499,0.7928726077079773,0.049478016793727875,0.7928726077079773,0.049478016793727875,756,3.013960599899292
0.010461659170687199,0.01772553287446499,0.7928726077079773,0.049478016793727875,0.7928726077079773,0.049478016793727875,757,3.0270283222198486
0.010461659170687199,0.01772553287446499,0.7928726077079773,0.049478016793727875,0.7928726077079773,0.049478016793727875,758,3.0296528339385986
0.010461659170687199,0.01772553287446499,0.7928726077079773,0.049478016793727875,0.7928726077079773,0.049478016793727875,759,3.0296528339385986
0.010461659170687199,0.01772553287446499,0.7928726077079773,0.049478016793727875,0.7928726077079773,0.049478016793727875,760,3.0296528339385986
0.010461659170687199,0.01772553287446499,0.7928726077079773,0.049478016793727875,0.7928726077079773,0.049478016793727875,761,3.037719249725342
0.010461659170687199,0.01772553287446499,0.7928726077079773,0.049478016793727875,0.7928726077079773,0.049478016793727875,762,3.037719249725342
0.010461659170687199,0.01772553287446499,0.7928726077079773,0.049478016793727875,0.7928726077079773,0.049478016793727875,763,3.0454766750335693
0.010461659170687199,0.01772553287446499,0.7928726077079773,0.049478016793727875,0.7928726077079773,0.049478016793727875,764,3.0472164154052734
0.010461659170687199,0.01772553287446499,0.7928726077079773,0.049478016793727875,0.7928726077079773,0.049478016793727875,765,3.051966428756714
0.010461659170687199,0.01772553287446499,0.7928726077079773,0.049478016793727875,0.7928726077079773,0.049478016793727875,766,3.051966428756714
0.010461659170687199,0.01772553287446499,0.7928726077079773,0.049478016793727875,0.7928726077079773,0.049478016793727875,767,3.051966428756714
0.010461659170687199,0.01772553287446499,0.7928726077079773,0.049478016793727875,0.7928726077079773,0.049478016793727875,768,3.0611729621887207
0.010461659170687199,0.01772553287446499,0.7928726077079773,0.049478016793727875,0.7928726077079773,0.049478016793727875,769,3.0611729621887207
0.010461659170687199,0.01772553287446499,0.7928726077079773,0.049478016793727875,0.7928726077079773,0.049478016793727875,770,3.0697247982025146
0.010461659170687199,0.01772553287446499,0.7928726077079773,0.049478016793727875,0.7928726077079773,0.049478016793727875,771,3.070742130279541
0.010461659170687199,0.01772553287446499,0.7928726077079773,0.049478016793727875,0.7928726077079773,0.049478016793727875,772,3.0753471851348877
0.010461659170687199,0.01772553287446499,0.7928726077079773,0.049478016793727875,0.7928726077079773,0.049478016793727875,773,3.0770838260650635
0.010461659170687199,0.01772553287446499,0.7928726077079773,0.049478016793727875,0.7928726077079773,0.049478016793727875,774,3.0770838260650635
0.010461659170687199,0.01772553287446499,0.7928726077079773,0.049478016793727875,0.7928726077079773,0.049478016793727875,775,3.0770838260650635
0.010461659170687199,0.01772553287446499,0.7928726077079773,0.049478016793727875,0.7928726077079773,0.049478016793727875,776,3.0770838260650635
0.010461659170687199,0.01772553287446499,0.7928726077079773,0.049478016793727875,0.7928726077079773,0.049478016793727875,777,3.0770838260650635
0.010461659170687199,0.01772553287446499,0.7928726077079773,0.049478016793727875,0.7928726077079773,0.049478016793727875,778,3.092949390411377
0.010461659170687199,0.01772553287446499,0.7928726077079773,0.049478016793727875,0.7928726077079773,0.049478016793727875,779,3.092949390411377
0.010461659170687199,0.01772553287446499,0.7928726077079773,0.049478016793727875,0.7928726077079773,0.049478016793727875,780,3.092949390411377
0.010461659170687199,0.01772553287446499,0.7928726077079773,0.049478016793727875,0.7928726077079773,0.049478016793727875,781,3.092949390411377
0.010461659170687199,0.01772553287446499,0.7928726077079773,0.049478016793727875,0.7928726077079773,0.049478016793727875,782,3.1089696884155273
0.010461659170687199,0.01772553287446499,0.7928726077079773,0.049478016793727875,0.7928726077079773,0.049478016793727875,783,3.109640598297119
0.010461659170687199,0.01772553287446499,0.7928726077079773,0.049478016793727875,0.7928726077079773,0.049478016793727875,784,3.109640598297119
0.010461659170687199,0.01772553287446499,0.7928726077079773,0.049478016793727875,0.7928726077079773,0.049478016793727875,785,3.116588830947876
0.010461659170687199,0.01772553287446499,0.7928726077079773,0.049478016793727875,0.7928726077079773,0.049478016793727875,786,3.116588830947876
0.010461659170687199,0.01772553287446499,0.7928726077079773,0.049478016793727875,0.7928726077079773,0.049478016793727875,787,3.1258466243743896
0.010461659170687199,0.01772553287446499,0.7928726077079773,0.049478016793727875,0.7928726077079773,0.049478016793727875,788,3.1404874324798584
0.010461659170687199,0.01772553287446499,0.7928726077079773,0.049478016793727875,0.7928726077079773,0.049478016793727875,789,3.1404874324798584
0.010461659170687199,0.01772553287446499,0.7928726077079773,0.049478016793727875,0.7928726077079773,0.049478016793727875,790,3.1404874324798584
0.010461659170687199,0.01772553287446499,0.7928726077079773,0.049478016793727875,0.7928726077079773,0.049478016793727875,791,3.156613349914551
0.010461659170687199,0.01772553287446499,0.7928726077079773,0.049478016793727875,0.7928726077079773,0.049478016793727875,792,3.156613349914551
0.010461659170687199,0.01772553287446499,0.7928726077079773,0.049478016793727875,0.7928726077079773,0.049478016793727875,793,3.156613349914551
0.010461659170687199,0.01772553287446499,0.7928726077079773,0.049478016793727875,0.7928726077079773,0.049478016793727875,794,3.1683385372161865
0.010461659170687199,0.01772553287446499,0.7928726077079773,0.049478016793727875,0.7928726077079773,0.049478016793727875,795,3.1742708683013916
0.010461659170687199,0.01772553287446499,0.7928726077079773,0.049478016793727875,0.7928726077079773,0.049478016793727875,796,3.1781699657440186
0.010461659170687199,0.01772553287446499,0.7928726077079773,0.049478016793727875,0.7928726077079773,0.049478016793727875,797,3.179187297821045
0.010461659170687199,0.01772553287446499,0.7928726077079773,0.049478016793727875,0.7928726077079773,0.049478016793727875,798,3.179187297821045
0.010461659170687199,0.01772553287446499,0.7928726077079773,0.049478016793727875,0.7928726077079773,0.049478016793727875,799,3.204366445541382
0.010461659170687199,0.01772553287446499,0.7928726077079773,0.049478016793727875,0.7928726077079773,0.049478016793727875,800,3.204366445541382
0.010461659170687199,0.01772553287446499,0.7928726077079773,0.049478016793727875,0.7928726077079773,0.049478016793727875,801,3.204366445541382
0.010461659170687199,0.01772553287446499,0.7928726077079773,0.049478016793727875,0.7928726077079773,0.049478016793727875,802,3.204366445541382
0.010461659170687199,0.01772553287446499,0.7928726077079773,0.049478016793727875,0.7928726077079773,0.049478016793727875,803,3.2215611934661865
0.010461659170687199,0.01772553287446499,0.7928726077079773,0.049478016793727875,0.7928726077079773,0.049478016793727875,804,3.2215611934661865
0.010461659170687199,0.01772553287446499,0.7928726077079773,0.049478016793727875,0.7928726077079773,0.049478016793727875,805,3.2215611934661865
0.010461659170687199,0.01772553287446499,0.7928726077079773,0.049478016793727875,0.7928726077079773,0.049478016793727875,806,3.2362985610961914
0.010461659170687199,0.01772553287446499,0.7928726077079773,0.049478016793727875,0.7928726077079773,0.049478016793727875,807,3.2386386394500732
0.010461659170687199,0.01772553287446499,0.7928726077079773,0.049478016793727875,0.7928726077079773,0.049478016793727875,808,3.2386386394500732
0.010461659170687199,0.01772553287446499,0.7928726077079773,0.049478016793727875,0.7928726077079773,0.049478016793727875,809,3.2386386394500732
0.010461659170687199,0.01772553287446499,0.7928726077079773,0.049478016793727875,0.7928726077079773,0.049478016793727875,810,3.254406452178955
0.010461659170687199,0.01772553287446499,0.7928726077079773,0.049478016793727875,0.7928726077079773,0.049478016793727875,811,3.254406452178955
0.010461659170687199,0.01772553287446499,0.7928726077079773,0.049478016793727875,0.7928726077079773,0.049478016793727875,812,3.254406452178955
0.010461659170687199,0.01772553287446499,0.7928726077079773,0.049478016793727875,0.7928726077079773,0.049478016793727875,813,3.2680578231811523
0.010461659170687199,0.01772553287446499,0.7928726077079773,0.049478016793727875,0.7928726077079773,0.049478016793727875,814,3.273599624633789
0.010461659170687199,0.01772553287446499,0.7928726077079773,0.049478016793727875,0.7928726077079773,0.049478016793727875,815,3.273599624633789
0.010461659170687199,0.01772553287446499,0.7928726077079773,0.049478016793727875,0.7928726077079773,0.049478016793727875,816,3.273599624633789
0.010461659170687199,0.01772553287446499,0.7928726077079773,0.049478016793727875,0.7928726077079773,0.049478016793727875,817,3.2861011028289795
0.010461659170687199,0.01772553287446499,0.7928726077079773,0.049478016793727875,0.7928726077079773,0.049478016793727875,818,3.2922215461730957
0.010461659170687199,0.01772553287446499,0.7928726077079773,0.049478016793727875,0.7928726077079773,0.049478016793727875,819,3.2993693351745605
0.010461659170687199,0.01772553287446499,0.7928726077079773,0.049478016793727875,0.7928726077079773,0.049478016793727875,820,3.302982807159424
0.010461659170687199,0.01772553287446499,0.7928726077079773,0.049478016793727875,0.7928726077079773,0.049478016793727875,821,3.307218551635742
0.010461659170687199,0.01772553287446499,0.7928726077079773,0.049478016793727875,0.7928726077079773,0.049478016793727875,822,3.307218551635742
0.010461659170687199,0.01772553287446499,0.7928726077079773,0.049478016793727875,0.7928726077079773,0.049478016793727875,823,3.315138578414917
0.010461659170687199,0.01772553287446499,0.7928726077079773,0.049478016793727875,0.7928726077079773,0.049478016793727875,824,3.317960262298584
0.010461659170687199,0.01772553287446499,0.7928726077079773,0.049478016793727875,0.7928726077079773,0.049478016793727875,825,3.321049213409424
0.010461659170687199,0.01772553287446499,0.7928726077079773,0.049478016793727875,0.7928726077079773,0.049478016793727875,826,3.321049213409424
0.010461659170687199,0.01772553287446499,0.7928726077079773,0.049478016793727875,0.7928726077079773,0.049478016793727875,827,3.3308215141296387
0.010461659170687199,0.01772553287446499,0.7928726077079773,0.049478016793727875,0.7928726077079773,0.049478016793727875,828,3.3308215141296387
0.010461659170687199,0.01772553287446499,0.7928726077079773,0.049478016793727875,0.7928726077079773,0.049478016793727875,829,3.3406918048858643
0.010461659170687199,0.01772553287446499,0.7928726077079773,0.049478016793727875,0.7928726077079773,0.049478016793727875,830,3.342491388320923
0.010461659170687199,0.01772553287446499,0.7928726077079773,0.049478016793727875,0.7928726077079773,0.049478016793727875,831,3.3465120792388916
0.010461659170687199,0.01772553287446499,0.7928726077079773,0.049478016793727875,0.7928726077079773,0.049478016793727875,832,3.3465120792388916
0.010461659170687199,0.01772553287446499,0.7928726077079773,0.049478016793727875,0.7928726077079773,0.049478016793727875,833,3.3539230823516846
0.010461659170687199,0.01772553287446499,0.7928726077079773,0.049478016793727875,0.7928726077079773,0.049478016793727875,834,3.3539230823516846
0.010461659170687199,0.01772553287446499,0.7928726077079773,0.049478016793727875,0.7928726077079773,0.049478016793727875,835,3.3621573448181152
0.010461659170687199,0.01772553287446499,0.7928726077079773,0.049478016793727875,0.7928726077079773,0.049478016793727875,836,3.3621573448181152
0.010461659170687199,0.01772553287446499,0.7928726077079773,0.049478016793727875,0.7928726077079773,0.049478016793727875,837,3.3621573448181152
0.010461659170687199,0.01772553287446499,0.7928726077079773,0.049478016793727875,0.7928726077079773,0.049478016793727875,838,3.371225595474243
0.010461659170687199,0.01772553287446499,0.7928726077079773,0.049478016793727875,0.7928726077079773,0.049478016793727875,839,3.371225595474243
0.010461659170687199,0.01772553287446499,0.7928726077079773,0.049478016793727875,0.7928726077079773,0.049478016793727875,840,3.3798880577087402
0.010461659170687199,0.01772553287446499,0.7928726077079773,0.049478016793727875,0.7928726077079773,0.049478016793727875,841,3.3798880577087402
0.010461659170687199,0.01772553287446499,0.7928726077079773,0.049478016793727875,0.7928726077079773,0.049478016793727875,842,3.386671781539917
0.010461659170687199,0.01772553287446499,0.7928726077079773,0.049478016793727875,0.7928726077079773,0.049478016793727875,843,3.386671781539917
0.010461659170687199,0.01772553287446499,0.7928726077079773,0.049478016793727875,0.7928726077079773,0.049478016793727875,844,3.386671781539917
0.010461659170687199,0.01772553287446499,0.7928726077079773,0.049478016793727875,0.7928726077079773,0.049478016793727875,845,3.3943872451782227
0.010461659170687199,0.01772553287446499,0.7928726077079773,0.049478016793727875,0.7928726077079773,0.049478016793727875,846,3.3943872451782227
0.010461659170687199,0.01772553287446499,0.7928726077079773,0.049478016793727875,0.7928726077079773,0.049478016793727875,847,3.4043922424316406
0.010461659170687199,0.01772553287446499,0.7928726077079773,0.049478016793727875,0.7928726077079773,0.049478016793727875,848,3.410217523574829
0.010461659170687199,0.01772553287446499,0.7928726077079773,0.049478016793727875,0.7928726077079773,0.049478016793727875,849,3.410217523574829
0.010461659170687199,0.01772553287446499,0.7928726077079773,0.049478016793727875,0.7928726077079773,0.049478016793727875,850,3.410217523574829
0.010461659170687199,0.01772553287446499,0.7928726077079773,0.049478016793727875,0.7928726077079773,0.049478016793727875,851,3.420898914337158
0.010461659170687199,0.01772553287446499,0.7928726077079773,0.049478016793727875,0.7928726077079773,0.049478016793727875,852,3.420898914337158
0.010461659170687199,0.01772553287446499,0.7928726077079773,0.049478016793727875,0.7928726077079773,0.049478016793727875,853,3.427746057510376
0.010461659170687199,0.01772553287446499,0.7928726077079773,0.049478016793727875,0.7928726077079773,0.049478016793727875,854,3.427746057510376
0.010461659170687199,0.01772553287446499,0.7928726077079773,0.049478016793727875,0.7928726077079773,0.049478016793727875,855,3.427746057510376
0.010461659170687199,0.01772553287446499,0.7928726077079773,0.049478016793727875,0.7928726077079773,0.049478016793727875,856,3.4391844272613525
0.010461659170687199,0.01772553287446499,0.7928726077079773,0.049478016793727875,0.7928726077079773,0.049478016793727875,857,3.442789077758789
0.010461659170687199,0.01772553287446499,0.7928726077079773,0.049478016793727875,0.7928726077079773,0.049478016793727875,858,3.442789077758789
0.010461659170687199,0.01772553287446499,0.7928726077079773,0.049478016793727875,0.7928726077079773,0.049478016793727875,859,3.442789077758789
0.010461659170687199,0.01772553287446499,0.7928726077079773,0.049478016793727875,0.7928726077079773,0.049478016793727875,860,3.4531140327453613
0.010461659170687199,0.01772553287446499,0.7928726077079773,0.049478016793727875,0.7928726077079773,0.049478016793727875,861,3.4531140327453613
0.010461659170687199,0.01772553287446499,0.7928726077079773,0.049478016793727875,0.7928726077079773,0.049478016793727875,862,3.4613699913024902
0.010461659170687199,0.01772553287446499,0.7928726077079773,0.049478016793727875,0.7928726077079773,0.049478016793727875,863,3.4613699913024902
0.010461659170687199,0.01772553287446499,0.7928726077079773,0.049478016793727875,0.7928726077079773,0.049478016793727875,864,3.4613699913024902
0.010461659170687199,0.01772553287446499,0.7928726077079773,0.049478016793727875,0.7928726077079773,0.049478016793727875,865,3.47118878364563
0.010461659170687199,0.01772553287446499,0.7928726077079773,0.049478016793727875,0.7928726077079773,0.049478016793727875,866,3.47118878364563
0.010461659170687199,0.01772553287446499,0.7928726077079773,0.049478016793727875,0.7928726077079773,0.049478016793727875,867,3.477163791656494
0.010461659170687199,0.01772553287446499,0.7928726077079773,0.049478016793727875,0.7928726077079773,0.049478016793727875,868,3.477163791656494
0.010461659170687199,0.01772553287446499,0.7928726077079773,0.049478016793727875,0.7928726077079773,0.049478016793727875,869,3.4870758056640625
0.010461659170687199,0.01772553287446499,0.7928726077079773,0.049478016793727875,0.7928726077079773,0.049478016793727875,870,3.4870758056640625
0.010461659170687199,0.01772553287446499,0.7928726077079773,0.049478016793727875,0.7928726077079773,0.049478016793727875,871,3.495425224304199
0.010461659170687199,0.01772553287446499,0.7928726077079773,0.049478016793727875,0.7928726077079773,0.049478016793727875,872,3.5002777576446533
0.010461659170687199,0.01772553287446499,0.7928726077079773,0.049478016793727875,0.7928726077079773,0.049478016793727875,873,3.5023155212402344
0.010461659170687199,0.01772553287446499,0.7928726077079773,0.049478016793727875,0.7928726077079773,0.049478016793727875,874,3.504380464553833
0.010461659170687199,0.01772553287446499,0.7928726077079773,0.049478016793727875,0.7928726077079773,0.049478016793727875,875,3.5092978477478027
0.010461659170687199,0.01772553287446499,0.7928726077079773,0.049478016793727875,0.7928726077079773,0.049478016793727875,876,3.5092978477478027
0.010461659170687199,0.01772553287446499,0.7928726077079773,0.049478016793727875,0.7928726077079773,0.049478016793727875,877,3.5180556774139404
0.010461659170687199,0.01772553287446499,0.7928726077079773,0.049478016793727875,0.7928726077079773,0.049478016793727875,878,3.5180556774139404
0.010461659170687199,0.01772553287446499,0.7928726077079773,0.049478016793727875,0.7928726077079773,0.049478016793727875,879,3.5251309871673584
0.010461659170687199,0.01772553287446499,0.7928726077079773,0.049478016793727875,0.7928726077079773,0.049478016793727875,880,3.5251309871673584
0.010461659170687199,0.01772553287446499,0.7928726077079773,0.049478016793727875,0.7928726077079773,0.049478016793727875,881,3.5251309871673584
0.010461659170687199,0.01772553287446499,0.7928726077079773,0.049478016793727875,0.7928726077079773,0.049478016793727875,882,3.5251309871673584
0.010461659170687199,0.01772553287446499,0.7928726077079773,0.049478016793727875,0.7928726077079773,0.049478016793727875,883,3.537729024887085
0.010461659170687199,0.01772553287446499,0.7928726077079773,0.049478016793727875,0.7928726077079773,0.049478016793727875,884,3.542775869369507
0.010461659170687199,0.01772553287446499,0.7928726077079773,0.049478016793727875,0.7928726077079773,0.049478016793727875,885,3.542775869369507
0.010461659170687199,0.01772553287446499,0.7928726077079773,0.049478016793727875,0.7928726077079773,0.049478016793727875,886,3.542775869369507
0.010461659170687199,0.01772553287446499,0.7928726077079773,0.049478016793727875,0.7928726077079773,0.049478016793727875,887,3.557072162628174
0.010461659170687199,0.01772553287446499,0.7928726077079773,0.049478016793727875,0.7928726077079773,0.049478016793727875,888,3.558454751968384
0.010461659170687199,0.01772553287446499,0.7928726077079773,0.049478016793727875,0.7928726077079773,0.049478016793727875,889,3.558454751968384
0.010461659170687199,0.01772553287446499,0.7928726077079773,0.049478016793727875,0.7928726077079773,0.049478016793727875,890,3.558454751968384
0.010461659170687199,0.01772553287446499,0.7928726077079773,0.049478016793727875,0.7928726077079773,0.049478016793727875,891,3.571460008621216
0.010461659170687199,0.01772553287446499,0.7928726077079773,0.049478016793727875,0.7928726077079773,0.049478016793727875,892,3.572998285293579
0.010461659170687199,0.01772553287446499,0.7928726077079773,0.049478016793727875,0.7928726077079773,0.049478016793727875,893,3.572998285293579
0.010461659170687199,0.01772553287446499,0.7928726077079773,0.049478016793727875,0.7928726077079773,0.049478016793727875,894,3.5814709663391113
0.010461659170687199,0.01772553287446499,0.7928726077079773,0.049478016793727875,0.7928726077079773,0.049478016793727875,895,3.5814709663391113
0.010461659170687199,0.01772553287446499,0.7928726077079773,0.049478016793727875,0.7928726077079773,0.049478016793727875,896,3.588782548904419
0.010461659170687199,0.01772553287446499,0.7928726077079773,0.049478016793727875,0.7928726077079773,0.049478016793727875,897,3.588782548904419
0.010461659170687199,0.01772553287446499,0.7928726077079773,0.049478016793727875,0.7928726077079773,0.049478016793727875,898,3.596127986907959
0.010461659170687199,0.01772553287446499,0.7928726077079773,0.049478016793727875,0.7928726077079773,0.049478016793727875,899,3.59867787361145
0.010461659170687199,0.01772553287446499,0.7928726077079773,0.049478016793727875,0.7928726077079773,0.049478016793727875,900,3.600659132003784
0.010461659170687199,0.01772553287446499,0.7928726077079773,0.049478016793727875,0.7928726077079773,0.049478016793727875,901,3.6048617362976074
0.010461659170687199,0.01772553287446499,0.7928726077079773,0.049478016793727875,0.7928726077079773,0.049478016793727875,902,3.6048617362976074
0.010461659170687199,0.01772553287446499,0.7928726077079773,0.049478016793727875,0.7928726077079773,0.049478016793727875,903,3.6048617362976074
0.010461659170687199,0.01772553287446499,0.7928726077079773,0.049478016793727875,0.7928726077079773,0.049478016793727875,904,3.618814468383789
0.010461659170687199,0.01772553287446499,0.7928726077079773,0.049478016793727875,0.7928726077079773,0.049478016793727875,905,3.622614622116089
0.010461659170687199,0.01772553287446499,0.7928726077079773,0.049478016793727875,0.7928726077079773,0.049478016793727875,906,3.622614622116089
0.010461659170687199,0.01772553287446499,0.7928726077079773,0.049478016793727875,0.7928726077079773,0.049478016793727875,907,3.622614622116089
0.010461659170687199,0.01772553287446499,0.7928726077079773,0.049478016793727875,0.7928726077079773,0.049478016793727875,908,3.622614622116089
0.010461659170687199,0.01772553287446499,0.7928726077079773,0.049478016793727875,0.7928726077079773,0.049478016793727875,909,3.6365931034088135
0.010461659170687199,0.01772553287446499,0.7928726077079773,0.049478016793727875,0.7928726077079773,0.049478016793727875,910,3.6365931034088135
0.010461659170687199,0.01772553287446499,0.7928726077079773,0.049478016793727875,0.7928726077079773,0.049478016793727875,911,3.6464178562164307
0.010461659170687199,0.01772553287446499,0.7928726077079773,0.049478016793727875,0.7928726077079773,0.049478016793727875,912,3.6508865356445312
0.010461659170687199,0.01772553287446499,0.7928726077079773,0.049478016793727875,0.7928726077079773,0.049478016793727875,913,3.6561856269836426
0.010461659170687199,0.01772553287446499,0.7928726077079773,0.049478016793727875,0.7928726077079773,0.049478016793727875,914,3.658707618713379
0.010461659170687199,0.01772553287446499,0.7928726077079773,0.049478016793727875,0.7928726077079773,0.049478016793727875,915,3.660029172897339
0.010461659170687199,0.01772553287446499,0.7928726077079773,0.049478016793727875,0.7928726077079773,0.049478016793727875,916,3.660029172897339
0.010461659170687199,0.01772553287446499,0.7928726077079773,0.049478016793727875,0.7928726077079773,0.049478016793727875,917,3.6677191257476807
0.010461659170687199,0.01772553287446499,0.7928726077079773,0.049478016793727875,0.7928726077079773,0.049478016793727875,918,3.671804904937744
0.010461659170687199,0.01772553287446499,0.7928726077079773,0.049478016793727875,0.7928726077079773,0.049478016793727875,919,3.675363779067993
0.010461659170687199,0.01772553287446499,0.7928726077079773,0.049478016793727875,0.7928726077079773,0.049478016793727875,920,3.675363779067993
0.010461659170687199,0.01772553287446499,0.7928726077079773,0.049478016793727875,0.7928726077079773,0.049478016793727875,921,3.683504581451416
0.010461659170687199,0.01772553287446499,0.7928726077079773,0.049478016793727875,0.7928726077079773,0.049478016793727875,922,3.686852216720581
0.010461659170687199,0.01772553287446499,0.7928726077079773,0.049478016793727875,0.7928726077079773,0.049478016793727875,923,3.6901285648345947
0.010461659170687199,0.01772553287446499,0.7928726077079773,0.049478016793727875,0.7928726077079773,0.049478016793727875,924,3.692141056060791
0.010461659170687199,0.01772553287446499,0.7928726077079773,0.049478016793727875,0.7928726077079773,0.049478016793727875,925,3.6975719928741455
0.010461659170687199,0.01772553287446499,0.7928726077079773,0.049478016793727875,0.7928726077079773,0.049478016793727875,926,3.6993134021759033
0.010461659170687199,0.01772553287446499,0.7928726077079773,0.049478016793727875,0.7928726077079773,0.049478016793727875,927,3.7052791118621826
0.010461659170687199,0.01772553287446499,0.7928726077079773,0.049478016793727875,0.7928726077079773,0.049478016793727875,928,3.7070415019989014
0.010461659170687199,0.01772553287446499,0.7928726077079773,0.049478016793727875,0.7928726077079773,0.049478016793727875,929,3.7109854221343994
0.010461659170687199,0.01772553287446499,0.7928726077079773,0.049478016793727875,0.7928726077079773,0.049478016793727875,930,3.7150344848632812
0.010461659170687199,0.01772553287446499,0.7928726077079773,0.049478016793727875,0.7928726077079773,0.049478016793727875,931,3.7192306518554688
0.010461659170687199,0.01772553287446499,0.7928726077079773,0.049478016793727875,0.7928726077079773,0.049478016793727875,932,3.7192306518554688
0.010461659170687199,0.01772553287446499,0.7928726077079773,0.049478016793727875,0.7928726077079773,0.049478016793727875,933,3.7192306518554688
0.010461659170687199,0.01772553287446499,0.7928726077079773,0.049478016793727875,0.7928726077079773,0.049478016793727875,934,3.7192306518554688
0.010461659170687199,0.01772553287446499,0.7928726077079773,0.049478016793727875,0.7928726077079773,0.049478016793727875,935,3.730761766433716
0.010461659170687199,0.01772553287446499,0.7928726077079773,0.049478016793727875,0.7928726077079773,0.049478016793727875,936,3.730761766433716
0.010461659170687199,0.01772553287446499,0.7928726077079773,0.049478016793727875,0.7928726077079773,0.049478016793727875,937,3.730761766433716
0.010461659170687199,0.01772553287446499,0.7928726077079773,0.049478016793727875,0.7928726077079773,0.049478016793727875,938,3.730761766433716
0.010461659170687199,0.01772553287446499,0.7928726077079773,0.049478016793727875,0.7928726077079773,0.049478016793727875,939,3.762402057647705
0.010461659170687199,0.01772553287446499,0.7928726077079773,0.049478016793727875,0.7928726077079773,0.049478016793727875,940,3.767561674118042
0.010461659170687199,0.01772553287446499,0.7928726077079773,0.049478016793727875,0.7928726077079773,0.049478016793727875,941,3.772860050201416
0.010461659170687199,0.01772553287446499,0.7928726077079773,0.049478016793727875,0.7928726077079773,0.049478016793727875,942,3.778127908706665
0.010461659170687199,0.01772553287446499,0.7928726077079773,0.049478016793727875,0.7928726077079773,0.049478016793727875,943,3.7817587852478027
0.010461659170687199,0.01772553287446499,0.7928726077079773,0.049478016793727875,0.7928726077079773,0.049478016793727875,944,3.7866175174713135
0.010461659170687199,0.01772553287446499,0.7928726077079773,0.049478016793727875,0.7928726077079773,0.049478016793727875,945,3.791192054748535
0.010461659170687199,0.01772553287446499,0.7928726077079773,0.049478016793727875,0.7928726077079773,0.049478016793727875,946,3.795619249343872
0.010461659170687199,0.01772553287446499,0.7928726077079773,0.049478016793727875,0.7928726077079773,0.049478016793727875,947,3.7992846965789795
0.010461659170687199,0.01772553287446499,0.7928726077079773,0.049478016793727875,0.7928726077079773,0.049478016793727875,948,3.802391529083252
0.010461659170687199,0.01772553287446499,0.7928726077079773,0.049478016793727875,0.7928726077079773,0.049478016793727875,949,3.8031108379364014
0.010461659170687199,0.01772553287446499,0.7928726077079773,0.049478016793727875,0.7928726077079773,0.049478016793727875,950,3.8099794387817383
0.010461659170687199,0.01772553287446499,0.7928726077079773,0.049478016793727875,0.7928726077079773,0.049478016793727875,951,3.8124916553497314
0.010461659170687199,0.01772553287446499,0.7928726077079773,0.049478016793727875,0.7928726077079773,0.049478016793727875,952,3.8124916553497314
0.010461659170687199,0.01772553287446499,0.7928726077079773,0.049478016793727875,0.7928726077079773,0.049478016793727875,953,3.8437659740448
0.010461659170687199,0.01772553287446499,0.7928726077079773,0.049478016793727875,0.7928726077079773,0.049478016793727875,954,3.851820945739746
0.010461659170687199,0.01772553287446499,0.7928726077079773,0.049478016793727875,0.7928726077079773,0.049478016793727875,955,3.8568708896636963
0.010461659170687199,0.01772553287446499,0.7928726077079773,0.049478016793727875,0.7928726077079773,0.049478016793727875,956,3.861567974090576
0.010461659170687199,0.01772553287446499,0.7928726077079773,0.049478016793727875,0.7928726077079773,0.049478016793727875,957,3.861567974090576
0.010461659170687199,0.01772553287446499,0.7928726077079773,0.049478016793727875,0.7928726077079773,0.049478016793727875,958,3.861567974090576
0.010461659170687199,0.01772553287446499,0.7928726077079773,0.049478016793727875,0.7928726077079773,0.049478016793727875,959,3.872180700302124
0.010461659170687199,0.01772553287446499,0.7928726077079773,0.049478016793727875,0.7928726077079773,0.049478016793727875,960,3.872180700302124
0.010461659170687199,0.01772553287446499,0.7928726077079773,0.049478016793727875,0.7928726077079773,0.049478016793727875,961,3.872180700302124
0.010461659170687199,0.01772553287446499,0.7928726077079773,0.049478016793727875,0.7928726077079773,0.049478016793727875,962,3.872180700302124
0.010461659170687199,0.01772553287446499,0.7928726077079773,0.049478016793727875,0.7928726077079773,0.049478016793727875,963,3.872180700302124
0.010461659170687199,0.01772553287446499,0.7928726077079773,0.049478016793727875,0.7928726077079773,0.049478016793727875,964,3.891529083251953
0.010461659170687199,0.01772553287446499,0.7928726077079773,0.049478016793727875,0.7928726077079773,0.049478016793727875,965,3.903862237930298
0.010461659170687199,0.01772553287446499,0.7928726077079773,0.049478016793727875,0.7928726077079773,0.049478016793727875,966,3.9080724716186523
0.010461659170687199,0.01772553287446499,0.7928726077079773,0.049478016793727875,0.7928726077079773,0.049478016793727875,967,3.9080724716186523
0.010461659170687199,0.01772553287446499,0.7928726077079773,0.049478016793727875,0.7928726077079773,0.049478016793727875,968,3.915665864944458
0.010461659170687199,0.01772553287446499,0.7928726077079773,0.049478016793727875,0.7928726077079773,0.049478016793727875,969,3.9205212593078613
0.010461659170687199,0.01772553287446499,0.7928726077079773,0.049478016793727875,0.7928726077079773,0.049478016793727875,970,3.9216322898864746
0.010461659170687199,0.01772553287446499,0.7928726077079773,0.049478016793727875,0.7928726077079773,0.049478016793727875,971,3.9216322898864746
0.010461659170687199,0.01772553287446499,0.7928726077079773,0.049478016793727875,0.7928726077079773,0.049478016793727875,972,3.9308741092681885
0.010461659170687199,0.01772553287446499,0.7928726077079773,0.049478016793727875,0.7928726077079773,0.049478016793727875,973,3.9308741092681885
0.010461659170687199,0.01772553287446499,0.7928726077079773,0.049478016793727875,0.7928726077079773,0.049478016793727875,974,3.9385757446289062
0.010461659170687199,0.01772553287446499,0.7928726077079773,0.049478016793727875,0.7928726077079773,0.049478016793727875,975,3.9385757446289062
0.010461659170687199,0.01772553287446499,0.7928726077079773,0.049478016793727875,0.7928726077079773,0.049478016793727875,976,3.9385757446289062
0.010461659170687199,0.01772553287446499,0.7928726077079773,0.049478016793727875,0.7928726077079773,0.049478016793727875,977,3.950957775115967
0.010461659170687199,0.01772553287446499,0.7928726077079773,0.049478016793727875,0.7928726077079773,0.049478016793727875,978,3.9550156593322754
0.010461659170687199,0.01772553287446499,0.7928726077079773,0.049478016793727875,0.7928726077079773,0.049478016793727875,979,3.9550156593322754
0.010461659170687199,0.01772553287446499,0.7928726077079773,0.049478016793727875,0.7928726077079773,0.049478016793727875,980,3.9550156593322754
0.010461659170687199,0.01772553287446499,0.7928726077079773,0.049478016793727875,0.7928726077079773,0.049478016793727875,981,3.9685938358306885
0.010461659170687199,0.01772553287446499,0.7928726077079773,0.049478016793727875,0.7928726077079773,0.049478016793727875,982,3.9726107120513916
0.010461659170687199,0.01772553287446499,0.7928726077079773,0.049478016793727875,0.7928726077079773,0.049478016793727875,983,3.975823402404785
0.010461659170687199,0.01772553287446499,0.7928726077079773,0.049478016793727875,0.7928726077079773,0.049478016793727875,984,3.975823402404785
0.010461659170687199,0.01772553287446499,0.7928726077079773,0.049478016793727875,0.7928726077079773,0.049478016793727875,985,3.9841415882110596
0.010461659170687199,0.01772553287446499,0.7928726077079773,0.049478016793727875,0.7928726077079773,0.049478016793727875,986,3.9872398376464844
0.010461659170687199,0.01772553287446499,0.7928726077079773,0.049478016793727875,0.7928726077079773,0.049478016793727875,987,3.9872398376464844
0.010461659170687199,0.01772553287446499,0.7928726077079773,0.049478016793727875,0.7928726077079773,0.049478016793727875,988,3.9962563514709473
0.010461659170687199,0.01772553287446499,0.7928726077079773,0.049478016793727875,0.7928726077079773,0.049478016793727875,989,4.017833471298218
0.010461659170687199,0.01772553287446499,0.7928726077079773,0.049478016793727875,0.7928726077079773,0.049478016793727875,990,4.023231744766235
0.010461659170687199,0.01772553287446499,0.7928726077079773,0.049478016793727875,0.7928726077079773,0.049478016793727875,991,4.023231744766235
0.010461659170687199,0.01772553287446499,0.7928726077079773,0.049478016793727875,0.7928726077079773,0.049478016793727875,992,4.033384084701538
0.010461659170687199,0.01772553287446499,0.7928726077079773,0.049478016793727875,0.7928726077079773,0.049478016793727875,993,4.039038896560669
0.010461659170687199,0.01772553287446499,0.7928726077079773,0.049478016793727875,0.7928726077079773,0.049478016793727875,994,4.039038896560669
0.010461659170687199,0.01772553287446499,0.7928726077079773,0.049478016793727875,0.7928726077079773,0.049478016793727875,995,4.039038896560669
0.010461659170687199,0.01772553287446499,0.7928726077079773,0.049478016793727875,0.7928726077079773,0.049478016793727875,996,4.049821376800537
0.010461659170687199,0.01772553287446499,0.7928726077079773,0.049478016793727875,0.7928726077079773,0.049478016793727875,997,4.056449890136719
0.010461659170687199,0.01772553287446499,0.7928726077079773,0.049478016793727875,0.7928726077079773,0.049478016793727875,998,4.060717582702637
0.010461659170687199,0.01772553287446499,0.7928726077079773,0.049478016793727875,0.7928726077079773,0.049478016793727875,999,4.067599773406982
0.010461659170687199,0.01772553287446499,0.7928726077079773,0.049478016793727875,0.7928726077079773,0.049478016793727875,1000,4.074227571487427
0.010461659170687199,0.01772553287446499,0.7928726077079773,0.049478016793727875,0.7928726077079773,0.049478016793727875,1001,4.076240539550781
0.010461659170687199,0.01772553287446499,0.7928726077079773,0.049478016793727875,0.7928726077079773,0.049478016793727875,1002,4.081205129623413
0.010461659170687199,0.01772553287446499,0.7928726077079773,0.049478016793727875,0.7928726077079773,0.049478016793727875,1003,4.084167718887329
0.010461659170687199,0.01772553287446499,0.7928726077079773,0.049478016793727875,0.7928726077079773,0.049478016793727875,1004,4.088205814361572
0.010461659170687199,0.01772553287446499,0.7928726077079773,0.049478016793727875,0.7928726077079773,0.049478016793727875,1005,4.091829299926758
0.010461659170687199,0.01772553287446499,0.7928726077079773,0.049478016793727875,0.7928726077079773,0.049478016793727875,1006,4.094817638397217
0.010461659170687199,0.01772553287446499,0.7928726077079773,0.049478016793727875,0.7928726077079773,0.049478016793727875,1007,4.095829963684082
0.010461659170687199,0.01772553287446499,0.7928726077079773,0.049478016793727875,0.7928726077079773,0.049478016793727875,1008,4.1023032665252686
0.010461659170687199,0.01772553287446499,0.7928726077079773,0.049478016793727875,0.7928726077079773,0.049478016793727875,1009,4.104374170303345
0.010461659170687199,0.01772553287446499,0.7928726077079773,0.049478016793727875,0.7928726077079773,0.049478016793727875,1010,4.104374170303345
0.010461659170687199,0.01772553287446499,0.7928726077079773,0.049478016793727875,0.7928726077079773,0.049478016793727875,1011,4.11385178565979
0.010461659170687199,0.01772553287446499,0.7928726077079773,0.049478016793727875,0.7928726077079773,0.049478016793727875,1012,4.120430946350098
0.010461659170687199,0.01772553287446499,0.7928726077079773,0.049478016793727875,0.7928726077079773,0.049478016793727875,1013,4.120430946350098
0.010461659170687199,0.01772553287446499,0.7928726077079773,0.049478016793727875,0.7928726077079773,0.049478016793727875,1014,4.127304553985596
0.010461659170687199,0.01772553287446499,0.7928726077079773,0.049478016793727875,0.7928726077079773,0.049478016793727875,1015,4.127304553985596
0.010461659170687199,0.01772553287446499,0.7928726077079773,0.049478016793727875,0.7928726077079773,0.049478016793727875,1016,4.127304553985596
0.010461659170687199,0.01772553287446499,0.7928726077079773,0.049478016793727875,0.7928726077079773,0.049478016793727875,1017,4.127304553985596
0.010461659170687199,0.01772553287446499,0.7928726077079773,0.049478016793727875,0.7928726077079773,0.049478016793727875,1018,4.127304553985596
0.010461659170687199,0.01772553287446499,0.7928726077079773,0.049478016793727875,0.7928726077079773,0.049478016793727875,1019,4.142566442489624
0.010461659170687199,0.01772553287446499,0.7928726077079773,0.049478016793727875,0.7928726077079773,0.049478016793727875,1020,4.142566442489624
0.010461659170687199,0.01772553287446499,0.7928726077079773,0.049478016793727875,0.7928726077079773,0.049478016793727875,1021,4.142566442489624
0.010461659170687199,0.01772553287446499,0.7928726077079773,0.049478016793727875,0.7928726077079773,0.049478016793727875,1022,4.142566442489624
0.010461659170687199,0.01772553287446499,0.7928726077079773,0.049478016793727875,0.7928726077079773,0.049478016793727875,1023,4.1585853099823
0.010461659170687199,0.01772553287446499,0.7928726077079773,0.049478016793727875,0.7928726077079773,0.049478016793727875,1024,4.1585853099823
0.010461659170687199,0.01772553287446499,0.7928726077079773,0.049478016793727875,0.7928726077079773,0.049478016793727875,1025,4.167237997055054
0.010461659170687199,0.01772553287446499,0.7928726077079773,0.049478016793727875,0.7928726077079773,0.049478016793727875,1026,4.172101259231567
0.010461659170687199,0.01772553287446499,0.7928726077079773,0.049478016793727875,0.7928726077079773,0.049478016793727875,1027,4.175849676132202
0.010461659170687199,0.01772553287446499,0.7928726077079773,0.049478016793727875,0.7928726077079773,0.049478016793727875,1028,4.175849676132202
0.010461659170687199,0.01772553287446499,0.7928726077079773,0.049478016793727875,0.7928726077079773,0.049478016793727875,1029,4.18335747718811
0.010461659170687199,0.01772553287446499,0.7928726077079773,0.049478016793727875,0.7928726077079773,0.049478016793727875,1030,4.18772029876709
0.010461659170687199,0.01772553287446499,0.7928726077079773,0.049478016793727875,0.7928726077079773,0.049478016793727875,1031,4.193052291870117
0.010461659170687199,0.01772553287446499,0.7928726077079773,0.049478016793727875,0.7928726077079773,0.049478016793727875,1032,4.193052291870117
0.010461659170687199,0.01772553287446499,0.7928726077079773,0.049478016793727875,0.7928726077079773,0.049478016793727875,1033,4.193052291870117
0.010461659170687199,0.01772553287446499,0.7928726077079773,0.049478016793727875,0.7928726077079773,0.049478016793727875,1034,4.193052291870117
0.010461659170687199,0.01772553287446499,0.7928726077079773,0.049478016793727875,0.7928726077079773,0.049478016793727875,1035,4.206573963165283
0.010461659170687199,0.01772553287446499,0.7928726077079773,0.049478016793727875,0.7928726077079773,0.049478016793727875,1036,4.206573963165283
0.010461659170687199,0.01772553287446499,0.7928726077079773,0.049478016793727875,0.7928726077079773,0.049478016793727875,1037,4.206573963165283
0.010461659170687199,0.01772553287446499,0.7928726077079773,0.049478016793727875,0.7928726077079773,0.049478016793727875,1038,4.206573963165283
0.010461659170687199,0.01772553287446499,0.7928726077079773,0.049478016793727875,0.7928726077079773,0.049478016793727875,1039,4.206573963165283
0.010461659170687199,0.01772553287446499,0.7928726077079773,0.049478016793727875,0.7928726077079773,0.049478016793727875,1040,4.222397089004517
0.010461659170687199,0.01772553287446499,0.7928726077079773,0.049478016793727875,0.7928726077079773,0.049478016793727875,1041,4.222397089004517
0.010461659170687199,0.01772553287446499,0.7928726077079773,0.049478016793727875,0.7928726077079773,0.049478016793727875,1042,4.231813192367554
0.010461659170687199,0.01772553287446499,0.7928726077079773,0.049478016793727875,0.7928726077079773,0.049478016793727875,1043,4.231813192367554
0.010461659170687199,0.01772553287446499,0.7928726077079773,0.049478016793727875,0.7928726077079773,0.049478016793727875,1044,4.238933563232422
0.010461659170687199,0.01772553287446499,0.7928726077079773,0.049478016793727875,0.7928726077079773,0.049478016793727875,1045,4.238933563232422
0.010461659170687199,0.01772553287446499,0.7928726077079773,0.049478016793727875,0.7928726077079773,0.049478016793727875,1046,4.238933563232422
0.010461659170687199,0.01772553287446499,0.7928726077079773,0.049478016793727875,0.7928726077079773,0.049478016793727875,1047,4.238933563232422
0.010461659170687199,0.01772553287446499,0.7928726077079773,0.049478016793727875,0.7928726077079773,0.049478016793727875,1048,4.253759145736694
0.010461659170687199,0.01772553287446499,0.7928726077079773,0.049478016793727875,0.7928726077079773,0.049478016793727875,1049,4.253759145736694
0.010461659170687199,0.01772553287446499,0.7928726077079773,0.049478016793727875,0.7928726077079773,0.049478016793727875,1050,4.253759145736694
0.010461659170687199,0.01772553287446499,0.7928726077079773,0.049478016793727875,0.7928726077079773,0.049478016793727875,1051,4.253759145736694
0.010461659170687199,0.01772553287446499,0.7928726077079773,0.049478016793727875,0.7928726077079773,0.049478016793727875,1052,4.253759145736694
0.010461659170687199,0.01772553287446499,0.7928726077079773,0.049478016793727875,0.7928726077079773,0.049478016793727875,1053,4.272278785705566
0.010461659170687199,0.01772553287446499,0.7928726077079773,0.049478016793727875,0.7928726077079773,0.049478016793727875,1054,4.272278785705566
0.010461659170687199,0.01772553287446499,0.7928726077079773,0.049478016793727875,0.7928726077079773,0.049478016793727875,1055,4.279671669006348
0.010461659170687199,0.01772553287446499,0.7928726077079773,0.049478016793727875,0.7928726077079773,0.049478016793727875,1056,4.279671669006348
0.010461659170687199,0.01772553287446499,0.7928726077079773,0.049478016793727875,0.7928726077079773,0.049478016793727875,1057,4.285855770111084
0.010461659170687199,0.01772553287446499,0.7928726077079773,0.049478016793727875,0.7928726077079773,0.049478016793727875,1058,4.288536310195923
0.010461659170687199,0.01772553287446499,0.7928726077079773,0.049478016793727875,0.7928726077079773,0.049478016793727875,1059,4.301557540893555
0.010461659170687199,0.01772553287446499,0.7928726077079773,0.049478016793727875,0.7928726077079773,0.049478016793727875,1060,4.305329322814941
0.010461659170687199,0.01772553287446499,0.7928726077079773,0.049478016793727875,0.7928726077079773,0.049478016793727875,1061,4.305329322814941
0.010461659170687199,0.01772553287446499,0.7928726077079773,0.049478016793727875,0.7928726077079773,0.049478016793727875,1062,4.3122053146362305
0.010461659170687199,0.01772553287446499,0.7928726077079773,0.049478016793727875,0.7928726077079773,0.049478016793727875,1063,4.317246198654175
0.010461659170687199,0.01772553287446499,0.7928726077079773,0.049478016793727875,0.7928726077079773,0.049478016793727875,1064,4.3213112354278564
0.010461659170687199,0.01772553287446499,0.7928726077079773,0.049478016793727875,0.7928726077079773,0.049478016793727875,1065,4.323022365570068
0.010461659170687199,0.01772553287446499,0.7928726077079773,0.049478016793727875,0.7928726077079773,0.049478016793727875,1066,4.32762598991394
0.010461659170687199,0.01772553287446499,0.7928726077079773,0.049478016793727875,0.7928726077079773,0.049478016793727875,1067,4.330733776092529
0.010461659170687199,0.01772553287446499,0.7928726077079773,0.049478016793727875,0.7928726077079773,0.049478016793727875,1068,4.334761619567871
0.010461659170687199,0.01772553287446499,0.7928726077079773,0.049478016793727875,0.7928726077079773,0.049478016793727875,1069,4.335829973220825
0.010461659170687199,0.01772553287446499,0.7928726077079773,0.049478016793727875,0.7928726077079773,0.049478016793727875,1070,4.342921733856201
0.010461659170687199,0.01772553287446499,0.7928726077079773,0.049478016793727875,0.7928726077079773,0.049478016793727875,1071,4.343934059143066
0.010461659170687199,0.01772553287446499,0.7928726077079773,0.049478016793727875,0.7928726077079773,0.049478016793727875,1072,4.349442005157471
0.010461659170687199,0.01772553287446499,0.7928726077079773,0.049478016793727875,0.7928726077079773,0.049478016793727875,1073,4.349442005157471
0.010461659170687199,0.01772553287446499,0.7928726077079773,0.049478016793727875,0.7928726077079773,0.049478016793727875,1074,4.356446266174316
0.010461659170687199,0.01772553287446499,0.7928726077079773,0.049478016793727875,0.7928726077079773,0.049478016793727875,1075,4.3598244190216064
0.010461659170687199,0.01772553287446499,0.7928726077079773,0.049478016793727875,0.7928726077079773,0.049478016793727875,1076,4.363173007965088
0.010461659170687199,0.01772553287446499,0.7928726077079773,0.049478016793727875,0.7928726077079773,0.049478016793727875,1077,4.367052793502808
0.010461659170687199,0.01772553287446499,0.7928726077079773,0.049478016793727875,0.7928726077079773,0.049478016793727875,1078,4.370875358581543
0.010461659170687199,0.01772553287446499,0.7928726077079773,0.049478016793727875,0.7928726077079773,0.049478016793727875,1079,4.373956918716431
0.010461659170687199,0.01772553287446499,0.7928726077079773,0.049478016793727875,0.7928726077079773,0.049478016793727875,1080,4.377463102340698
0.010461659170687199,0.01772553287446499,0.7928726077079773,0.049478016793727875,0.7928726077079773,0.049478016793727875,1081,4.380442380905151
0.010461659170687199,0.01772553287446499,0.7928726077079773,0.049478016793727875,0.7928726077079773,0.049478016793727875,1082,4.383743762969971
0.010461659170687199,0.01772553287446499,0.7928726077079773,0.049478016793727875,0.7928726077079773,0.049478016793727875,1083,4.387605428695679
0.010461659170687199,0.01772553287446499,0.7928726077079773,0.049478016793727875,0.7928726077079773,0.049478016793727875,1084,4.389485597610474
0.010461659170687199,0.01772553287446499,0.7928726077079773,0.049478016793727875,0.7928726077079773,0.049478016793727875,1085,4.3949878215789795
0.010461659170687199,0.01772553287446499,0.7928726077079773,0.049478016793727875,0.7928726077079773,0.049478016793727875,1086,4.398516654968262
0.010461659170687199,0.01772553287446499,0.7928726077079773,0.049478016793727875,0.7928726077079773,0.049478016793727875,1087,4.401941537857056
0.010461659170687199,0.01772553287446499,0.7928726077079773,0.049478016793727875,0.7928726077079773,0.049478016793727875,1088,4.427069664001465
0.010461659170687199,0.01772553287446499,0.7928726077079773,0.049478016793727875,0.7928726077079773,0.049478016793727875,1089,4.4307849407196045
0.010461659170687199,0.01772553287446499,0.7928726077079773,0.049478016793727875,0.7928726077079773,0.049478016793727875,1090,4.43419075012207
0.010461659170687199,0.01772553287446499,0.7928726077079773,0.049478016793727875,0.7928726077079773,0.049478016793727875,1091,4.437521934509277
0.010461659170687199,0.01772553287446499,0.7928726077079773,0.049478016793727875,0.7928726077079773,0.049478016793727875,1092,4.44293212890625
0.010461659170687199,0.01772553287446499,0.7928726077079773,0.049478016793727875,0.7928726077079773,0.049478016793727875,1093,4.44293212890625
0.010461659170687199,0.01772553287446499,0.7928726077079773,0.049478016793727875,0.7928726077079773,0.049478016793727875,1094,4.44293212890625
0.010461659170687199,0.01772553287446499,0.7928726077079773,0.049478016793727875,0.7928726077079773,0.049478016793727875,1095,4.44293212890625
0.010461659170687199,0.01772553287446499,0.7928726077079773,0.049478016793727875,0.7928726077079773,0.049478016793727875,1096,4.44293212890625
0.010461659170687199,0.01772553287446499,0.7928726077079773,0.049478016793727875,0.7928726077079773,0.049478016793727875,1097,4.4577109813690186
0.010461659170687199,0.01772553287446499,0.7928726077079773,0.049478016793727875,0.7928726077079773,0.049478016793727875,1098,4.4577109813690186
0.010461659170687199,0.01772553287446499,0.7928726077079773,0.049478016793727875,0.7928726077079773,0.049478016793727875,1099,4.4577109813690186
0.010461659170687199,0.01772553287446499,0.7928726077079773,0.049478016793727875,0.7928726077079773,0.049478016793727875,1100,4.4577109813690186
0.010461659170687199,0.01772553287446499,0.7928726077079773,0.049478016793727875,0.7928726077079773,0.049478016793727875,1101,4.4577109813690186
0.010461659170687199,0.01772553287446499,0.7928726077079773,0.049478016793727875,0.7928726077079773,0.049478016793727875,1102,4.473494291305542
0.010461659170687199,0.01772553287446499,0.7928726077079773,0.049478016793727875,0.7928726077079773,0.049478016793727875,1103,4.473494291305542
0.010461659170687199,0.01772553287446499,0.7928726077079773,0.049478016793727875,0.7928726077079773,0.049478016793727875,1104,4.492553949356079
0.010461659170687199,0.01772553287446499,0.7928726077079773,0.049478016793727875,0.7928726077079773,0.049478016793727875,1105,4.496441125869751
0.010461659170687199,0.01772553287446499,0.7928726077079773,0.049478016793727875,0.7928726077079773,0.049478016793727875,1106,4.500317335128784
0.010461659170687199,0.01772553287446499,0.7928726077079773,0.049478016793727875,0.7928726077079773,0.049478016793727875,1107,4.505016088485718
0.010461659170687199,0.01772553287446499,0.7928726077079773,0.049478016793727875,0.7928726077079773,0.049478016793727875,1108,4.505016088485718
0.010461659170687199,0.01772553287446499,0.7928726077079773,0.049478016793727875,0.7928726077079773,0.049478016793727875,1109,4.505016088485718
0.010461659170687199,0.01772553287446499,0.7928726077079773,0.049478016793727875,0.7928726077079773,0.049478016793727875,1110,4.511885404586792
0.010461659170687199,0.01772553287446499,0.7928726077079773,0.049478016793727875,0.7928726077079773,0.049478016793727875,1111,4.511885404586792
0.010461659170687199,0.01772553287446499,0.7928726077079773,0.049478016793727875,0.7928726077079773,0.049478016793727875,1112,4.521773099899292
0.010461659170687199,0.01772553287446499,0.7928726077079773,0.049478016793727875,0.7928726077079773,0.049478016793727875,1113,4.524407386779785
0.010461659170687199,0.01772553287446499,0.7928726077079773,0.049478016793727875,0.7928726077079773,0.049478016793727875,1114,4.52962064743042
0.010461659170687199,0.01772553287446499,0.7928726077079773,0.049478016793727875,0.7928726077079773,0.049478016793727875,1115,4.534715890884399
0.010461659170687199,0.01772553287446499,0.7928726077079773,0.049478016793727875,0.7928726077079773,0.049478016793727875,1116,4.539513349533081
0.010461659170687199,0.01772553287446499,0.7928726077079773,0.049478016793727875,0.7928726077079773,0.049478016793727875,1117,4.540704011917114
0.010461659170687199,0.01772553287446499,0.7928726077079773,0.049478016793727875,0.7928726077079773,0.049478016793727875,1118,4.540704011917114
0.010461659170687199,0.01772553287446499,0.7928726077079773,0.049478016793727875,0.7928726077079773,0.049478016793727875,1119,4.540704011917114
0.010461659170687199,0.01772553287446499,0.7928726077079773,0.049478016793727875,0.7928726077079773,0.049478016793727875,1120,4.552520513534546
0.010461659170687199,0.01772553287446499,0.7928726077079773,0.049478016793727875,0.7928726077079773,0.049478016793727875,1121,4.552520513534546
0.010461659170687199,0.01772553287446499,0.7928726077079773,0.049478016793727875,0.7928726077079773,0.049478016793727875,1122,4.552520513534546
0.010461659170687199,0.01772553287446499,0.7928726077079773,0.049478016793727875,0.7928726077079773,0.049478016793727875,1123,4.552520513534546
0.010461659170687199,0.01772553287446499,0.7928726077079773,0.049478016793727875,0.7928726077079773,0.049478016793727875,1124,4.568372964859009
0.010461659170687199,0.01772553287446499,0.7928726077079773,0.049478016793727875,0.7928726077079773,0.049478016793727875,1125,4.571761131286621
0.010461659170687199,0.01772553287446499,0.7928726077079773,0.049478016793727875,0.7928726077079773,0.049478016793727875,1126,4.572780132293701
0.010461659170687199,0.01772553287446499,0.7928726077079773,0.049478016793727875,0.7928726077079773,0.049478016793727875,1127,4.572780132293701
0.010461659170687199,0.01772553287446499,0.7928726077079773,0.049478016793727875,0.7928726077079773,0.049478016793727875,1128,4.572780132293701
0.010461659170687199,0.01772553287446499,0.7928726077079773,0.049478016793727875,0.7928726077079773,0.049478016793727875,1129,4.584646701812744
0.010461659170687199,0.01772553287446499,0.7928726077079773,0.049478016793727875,0.7928726077079773,0.049478016793727875,1130,4.58931827545166
0.010461659170687199,0.01772553287446499,0.7928726077079773,0.049478016793727875,0.7928726077079773,0.049478016793727875,1131,4.58931827545166
0.010461659170687199,0.01772553287446499,0.7928726077079773,0.049478016793727875,0.7928726077079773,0.049478016793727875,1132,4.58931827545166
0.010461659170687199,0.01772553287446499,0.7928726077079773,0.049478016793727875,0.7928726077079773,0.049478016793727875,1133,4.601452589035034
0.010461659170687199,0.01772553287446499,0.7928726077079773,0.049478016793727875,0.7928726077079773,0.049478016793727875,1134,4.604379415512085
0.010461659170687199,0.01772553287446499,0.7928726077079773,0.049478016793727875,0.7928726077079773,0.049478016793727875,1135,4.604379415512085
0.010461659170687199,0.01772553287446499,0.7928726077079773,0.049478016793727875,0.7928726077079773,0.049478016793727875,1136,4.604379415512085
0.010461659170687199,0.01772553287446499,0.7928726077079773,0.049478016793727875,0.7928726077079773,0.049478016793727875,1137,4.615160226821899
0.010461659170687199,0.01772553287446499,0.7928726077079773,0.049478016793727875,0.7928726077079773,0.049478016793727875,1138,4.620193719863892
0.010461659170687199,0.01772553287446499,0.7928726077079773,0.049478016793727875,0.7928726077079773,0.049478016793727875,1139,4.620193719863892
0.010461659170687199,0.01772553287446499,0.7928726077079773,0.049478016793727875,0.7928726077079773,0.049478016793727875,1140,4.620193719863892
0.010461659170687199,0.01772553287446499,0.7928726077079773,0.049478016793727875,0.7928726077079773,0.049478016793727875,1141,4.620193719863892
0.010461659170687199,0.01772553287446499,0.7928726077079773,0.049478016793727875,0.7928726077079773,0.049478016793727875,1142,4.6308393478393555
0.010461659170687199,0.01772553287446499,0.7928726077079773,0.049478016793727875,0.7928726077079773,0.049478016793727875,1143,4.637329816818237
0.010461659170687199,0.01772553287446499,0.7928726077079773,0.049478016793727875,0.7928726077079773,0.049478016793727875,1144,4.637329816818237
0.010461659170687199,0.01772553287446499,0.7928726077079773,0.049478016793727875,0.7928726077079773,0.049478016793727875,1145,4.646542072296143
0.010461659170687199,0.01772553287446499,0.7928726077079773,0.049478016793727875,0.7928726077079773,0.049478016793727875,1146,4.646542072296143
0.010461659170687199,0.01772553287446499,0.7928726077079773,0.049478016793727875,0.7928726077079773,0.049478016793727875,1147,4.653528451919556
0.010461659170687199,0.01772553287446499,0.7928726077079773,0.049478016793727875,0.7928726077079773,0.049478016793727875,1148,4.653528451919556
0.010461659170687199,0.01772553287446499,0.7928726077079773,0.049478016793727875,0.7928726077079773,0.049478016793727875,1149,4.653528451919556
0.010461659170687199,0.01772553287446499,0.7928726077079773,0.049478016793727875,0.7928726077079773,0.049478016793727875,1150,4.662613868713379
0.010461659170687199,0.01772553287446499,0.7928726077079773,0.049478016793727875,0.7928726077079773,0.049478016793727875,1151,4.662613868713379
0.010461659170687199,0.01772553287446499,0.7928726077079773,0.049478016793727875,0.7928726077079773,0.049478016793727875,1152,4.670887470245361
0.010461659170687199,0.01772553287446499,0.7928726077079773,0.049478016793727875,0.7928726077079773,0.049478016793727875,1153,4.694167137145996
0.010461659170687199,0.01772553287446499,0.7928726077079773,0.049478016793727875,0.7928726077079773,0.049478016793727875,1154,4.699606657028198
0.010461659170687199,0.01772553287446499,0.7928726077079773,0.049478016793727875,0.7928726077079773,0.049478016793727875,1155,4.705496311187744
0.010461659170687199,0.01772553287446499,0.7928726077079773,0.049478016793727875,0.7928726077079773,0.049478016793727875,1156,4.708531379699707
0.010461659170687199,0.01772553287446499,0.7928726077079773,0.049478016793727875,0.7928726077079773,0.049478016793727875,1157,4.710291147232056
0.010461659170687199,0.01772553287446499,0.7928726077079773,0.049478016793727875,0.7928726077079773,0.049478016793727875,1158,4.710291147232056
0.010461659170687199,0.01772553287446499,0.7928726077079773,0.049478016793727875,0.7928726077079773,0.049478016793727875,1159,4.722275018692017
0.010461659170687199,0.01772553287446499,0.7928726077079773,0.049478016793727875,0.7928726077079773,0.049478016793727875,1160,4.726198673248291
0.010461659170687199,0.01772553287446499,0.7928726077079773,0.049478016793727875,0.7928726077079773,0.049478016793727875,1161,4.726198673248291
0.010461659170687199,0.01772553287446499,0.7928726077079773,0.049478016793727875,0.7928726077079773,0.049478016793727875,1162,4.726198673248291
0.010461659170687199,0.01772553287446499,0.7928726077079773,0.049478016793727875,0.7928726077079773,0.049478016793727875,1163,4.726198673248291
0.010461659170687199,0.01772553287446499,0.7928726077079773,0.049478016793727875,0.7928726077079773,0.049478016793727875,1164,4.746074914932251
0.010461659170687199,0.01772553287446499,0.7928726077079773,0.049478016793727875,0.7928726077079773,0.049478016793727875,1165,4.74960470199585
0.010461659170687199,0.01772553287446499,0.7928726077079773,0.049478016793727875,0.7928726077079773,0.049478016793727875,1166,4.756187915802002
0.010461659170687199,0.01772553287446499,0.7928726077079773,0.049478016793727875,0.7928726077079773,0.049478016793727875,1167,4.758579730987549
0.010461659170687199,0.01772553287446499,0.7928726077079773,0.049478016793727875,0.7928726077079773,0.049478016793727875,1168,4.760608434677124
0.010461659170687199,0.01772553287446499,0.7928726077079773,0.049478016793727875,0.7928726077079773,0.049478016793727875,1169,4.760608434677124
0.010461659170687199,0.01772553287446499,0.7928726077079773,0.049478016793727875,0.7928726077079773,0.049478016793727875,1170,4.760608434677124
0.010461659170687199,0.01772553287446499,0.7928726077079773,0.049478016793727875,0.7928726077079773,0.049478016793727875,1171,4.772979497909546
0.010461659170687199,0.01772553287446499,0.7928726077079773,0.049478016793727875,0.7928726077079773,0.049478016793727875,1172,4.774029493331909
0.010461659170687199,0.01772553287446499,0.7928726077079773,0.049478016793727875,0.7928726077079773,0.049478016793727875,1173,4.774029493331909
0.010461659170687199,0.01772553287446499,0.7928726077079773,0.049478016793727875,0.7928726077079773,0.049478016793727875,1174,4.774029493331909
0.010461659170687199,0.01772553287446499,0.7928726077079773,0.049478016793727875,0.7928726077079773,0.049478016793727875,1175,4.7841010093688965
0.010461659170687199,0.01772553287446499,0.7928726077079773,0.049478016793727875,0.7928726077079773,0.049478016793727875,1176,4.7841010093688965
0.010461659170687199,0.01772553287446499,0.7928726077079773,0.049478016793727875,0.7928726077079773,0.049478016793727875,1177,4.791555643081665
0.010461659170687199,0.01772553287446499,0.7928726077079773,0.049478016793727875,0.7928726077079773,0.049478016793727875,1178,4.791555643081665
0.010461659170687199,0.01772553287446499,0.7928726077079773,0.049478016793727875,0.7928726077079773,0.049478016793727875,1179,4.799056053161621
0.010461659170687199,0.01772553287446499,0.7928726077079773,0.049478016793727875,0.7928726077079773,0.049478016793727875,1180,4.8037779331207275
0.010461659170687199,0.01772553287446499,0.7928726077079773,0.049478016793727875,0.7928726077079773,0.049478016793727875,1181,4.809157133102417
0.010461659170687199,0.01772553287446499,0.7928726077079773,0.049478016793727875,0.7928726077079773,0.049478016793727875,1182,4.811678409576416
0.010461659170687199,0.01772553287446499,0.7928726077079773,0.049478016793727875,0.7928726077079773,0.049478016793727875,1183,4.813687801361084
0.010461659170687199,0.01772553287446499,0.7928726077079773,0.049478016793727875,0.7928726077079773,0.049478016793727875,1184,4.813687801361084
0.010461659170687199,0.01772553287446499,0.7928726077079773,0.049478016793727875,0.7928726077079773,0.049478016793727875,1185,4.822082757949829
0.010461659170687199,0.01772553287446499,0.7928726077079773,0.049478016793727875,0.7928726077079773,0.049478016793727875,1186,4.824246883392334
0.010461659170687199,0.01772553287446499,0.7928726077079773,0.049478016793727875,0.7928726077079773,0.049478016793727875,1187,4.828300952911377
0.010461659170687199,0.01772553287446499,0.7928726077079773,0.049478016793727875,0.7928726077079773,0.049478016793727875,1188,4.830324172973633
0.010461659170687199,0.01772553287446499,0.7928726077079773,0.049478016793727875,0.7928726077079773,0.049478016793727875,1189,4.834971189498901
0.010461659170687199,0.01772553287446499,0.7928726077079773,0.049478016793727875,0.7928726077079773,0.049478016793727875,1190,4.838898658752441
0.010461659170687199,0.01772553287446499,0.7928726077079773,0.049478016793727875,0.7928726077079773,0.049478016793727875,1191,4.838898658752441
0.010461659170687199,0.01772553287446499,0.7928726077079773,0.049478016793727875,0.7928726077079773,0.049478016793727875,1192,4.838898658752441
0.010461659170687199,0.01772553287446499,0.7928726077079773,0.049478016793727875,0.7928726077079773,0.049478016793727875,1193,4.838898658752441
0.010461659170687199,0.01772553287446499,0.7928726077079773,0.049478016793727875,0.7928726077079773,0.049478016793727875,1194,4.838898658752441
0.010461659170687199,0.01772553287446499,0.7928726077079773,0.049478016793727875,0.7928726077079773,0.049478016793727875,1195,4.8537890911102295
0.010461659170687199,0.01772553287446499,0.7928726077079773,0.049478016793727875,0.7928726077079773,0.049478016793727875,1196,4.8592119216918945
0.010461659170687199,0.01772553287446499,0.7928726077079773,0.049478016793727875,0.7928726077079773,0.049478016793727875,1197,4.861017465591431
0.010461659170687199,0.01772553287446499,0.7928726077079773,0.049478016793727875,0.7928726077079773,0.049478016793727875,1198,4.861017465591431
0.010461659170687199,0.01772553287446499,0.7928726077079773,0.049478016793727875,0.7928726077079773,0.049478016793727875,1199,4.869508981704712
0.010461659170687199,0.01772553287446499,0.7928726077079773,0.049478016793727875,0.7928726077079773,0.049478016793727875,1200,4.872973203659058
0.010461659170687199,0.01772553287446499,0.7928726077079773,0.049478016793727875,0.7928726077079773,0.049478016793727875,1201,4.89056396484375
0.010461659170687199,0.01772553287446499,0.7928726077079773,0.049478016793727875,0.7928726077079773,0.049478016793727875,1202,4.89056396484375
0.010461659170687199,0.01772553287446499,0.7928726077079773,0.049478016793727875,0.7928726077079773,0.049478016793727875,1203,4.89056396484375
0.010461659170687199,0.01772553287446499,0.7928726077079773,0.049478016793727875,0.7928726077079773,0.049478016793727875,1204,4.89056396484375
0.010461659170687199,0.01772553287446499,0.7928726077079773,0.049478016793727875,0.7928726077079773,0.049478016793727875,1205,4.903966426849365
0.010461659170687199,0.01772553287446499,0.7928726077079773,0.049478016793727875,0.7928726077079773,0.049478016793727875,1206,4.908993244171143
0.010461659170687199,0.01772553287446499,0.7928726077079773,0.049478016793727875,0.7928726077079773,0.049478016793727875,1207,4.911507844924927
0.010461659170687199,0.01772553287446499,0.7928726077079773,0.049478016793727875,0.7928726077079773,0.049478016793727875,1208,4.911507844924927
0.010461659170687199,0.01772553287446499,0.7928726077079773,0.049478016793727875,0.7928726077079773,0.049478016793727875,1209,4.917996168136597
0.010461659170687199,0.01772553287446499,0.7928726077079773,0.049478016793727875,0.7928726077079773,0.049478016793727875,1210,4.917996168136597
0.010461659170687199,0.01772553287446499,0.7928726077079773,0.049478016793727875,0.7928726077079773,0.049478016793727875,1211,4.925355434417725
0.010461659170687199,0.01772553287446499,0.7928726077079773,0.049478016793727875,0.7928726077079773,0.049478016793727875,1212,4.9330220222473145
0.010461659170687199,0.01772553287446499,0.7928726077079773,0.049478016793727875,0.7928726077079773,0.049478016793727875,1213,4.936817407608032
0.010461659170687199,0.01772553287446499,0.7928726077079773,0.049478016793727875,0.7928726077079773,0.049478016793727875,1214,4.936817407608032
0.010461659170687199,0.01772553287446499,0.7928726077079773,0.049478016793727875,0.7928726077079773,0.049478016793727875,1215,4.936817407608032
0.010461659170687199,0.01772553287446499,0.7928726077079773,0.049478016793727875,0.7928726077079773,0.049478016793727875,1216,4.948983669281006
0.010461659170687199,0.01772553287446499,0.7928726077079773,0.049478016793727875,0.7928726077079773,0.049478016793727875,1217,4.951208591461182
0.010461659170687199,0.01772553287446499,0.7928726077079773,0.049478016793727875,0.7928726077079773,0.049478016793727875,1218,4.951208591461182
0.010461659170687199,0.01772553287446499,0.7928726077079773,0.049478016793727875,0.7928726077079773,0.049478016793727875,1219,4.951208591461182
0.010461659170687199,0.01772553287446499,0.7928726077079773,0.049478016793727875,0.7928726077079773,0.049478016793727875,1220,4.951208591461182
0.010461659170687199,0.01772553287446499,0.7928726077079773,0.049478016793727875,0.7928726077079773,0.049478016793727875,1221,4.966867208480835
0.010461659170687199,0.01772553287446499,0.7928726077079773,0.049478016793727875,0.7928726077079773,0.049478016793727875,1222,4.966867208480835
0.010461659170687199,0.01772553287446499,0.7928726077079773,0.049478016793727875,0.7928726077079773,0.049478016793727875,1223,4.9731104373931885
0.010461659170687199,0.01772553287446499,0.7928726077079773,0.049478016793727875,0.7928726077079773,0.049478016793727875,1224,4.9731104373931885
0.010461659170687199,0.01772553287446499,0.7928726077079773,0.049478016793727875,0.7928726077079773,0.049478016793727875,1225,4.980886459350586
0.010461659170687199,0.01772553287446499,0.7928726077079773,0.049478016793727875,0.7928726077079773,0.049478016793727875,1226,4.9882776737213135
0.010461659170687199,0.01772553287446499,0.7928726077079773,0.049478016793727875,0.7928726077079773,0.049478016793727875,1227,4.9882776737213135
0.010461659170687199,0.01772553287446499,0.7928726077079773,0.049478016793727875,0.7928726077079773,0.049478016793727875,1228,4.997994661331177
0.010461659170687199,0.01772553287446499,0.7928726077079773,0.049478016793727875,0.7928726077079773,0.049478016793727875,1229,5.0043089389801025
0.010461659170687199,0.01772553287446499,0.7928726077079773,0.049478016793727875,0.7928726077079773,0.049478016793727875,1230,5.0043089389801025
0.010461659170687199,0.01772553287446499,0.7928726077079773,0.049478016793727875,0.7928726077079773,0.049478016793727875,1231,5.0043089389801025
0.010461659170687199,0.01772553287446499,0.7928726077079773,0.049478016793727875,0.7928726077079773,0.049478016793727875,1232,5.012753963470459
0.010461659170687199,0.01772553287446499,0.7928726077079773,0.049478016793727875,0.7928726077079773,0.049478016793727875,1233,5.016744136810303
0.010461659170687199,0.01772553287446499,0.7928726077079773,0.049478016793727875,0.7928726077079773,0.049478016793727875,1234,5.023372650146484
0.010461659170687199,0.01772553287446499,0.7928726077079773,0.049478016793727875,0.7928726077079773,0.049478016793727875,1235,5.023372650146484
0.010461659170687199,0.01772553287446499,0.7928726077079773,0.049478016793727875,0.7928726077079773,0.049478016793727875,1236,5.029428720474243
0.010461659170687199,0.01772553287446499,0.7928726077079773,0.049478016793727875,0.7928726077079773,0.049478016793727875,1237,5.029428720474243
0.010461659170687199,0.01772553287446499,0.7928726077079773,0.049478016793727875,0.7928726077079773,0.049478016793727875,1238,5.036991834640503
0.010461659170687199,0.01772553287446499,0.7928726077079773,0.049478016793727875,0.7928726077079773,0.049478016793727875,1239,5.036991834640503
0.010461659170687199,0.01772553287446499,0.7928726077079773,0.049478016793727875,0.7928726077079773,0.049478016793727875,1240,5.036991834640503
0.010461659170687199,0.01772553287446499,0.7928726077079773,0.049478016793727875,0.7928726077079773,0.049478016793727875,1241,5.0451340675354
0.010461659170687199,0.01772553287446499,0.7928726077079773,0.049478016793727875,0.7928726077079773,0.049478016793727875,1242,5.0451340675354
0.010461659170687199,0.01772553287446499,0.7928726077079773,0.049478016793727875,0.7928726077079773,0.049478016793727875,1243,5.053015470504761
0.010461659170687199,0.01772553287446499,0.7928726077079773,0.049478016793727875,0.7928726077079773,0.049478016793727875,1244,5.057363510131836
0.010461659170687199,0.01772553287446499,0.7928726077079773,0.049478016793727875,0.7928726077079773,0.049478016793727875,1245,5.061840772628784
0.010461659170687199,0.01772553287446499,0.7928726077079773,0.049478016793727875,0.7928726077079773,0.049478016793727875,1246,5.061840772628784
0.010461659170687199,0.01772553287446499,0.7928726077079773,0.049478016793727875,0.7928726077079773,0.049478016793727875,1247,5.061840772628784
0.010461659170687199,0.01772553287446499,0.7928726077079773,0.049478016793727875,0.7928726077079773,0.049478016793727875,1248,5.07586145401001
0.010461659170687199,0.01772553287446499,0.7928726077079773,0.049478016793727875,0.7928726077079773,0.049478016793727875,1249,5.076878070831299
0.010461659170687199,0.01772553287446499,0.7928726077079773,0.049478016793727875,0.7928726077079773,0.049478016793727875,1250,5.076878070831299
0.010461659170687199,0.01772553287446499,0.7928726077079773,0.049478016793727875,0.7928726077079773,0.049478016793727875,1251,5.086649179458618
0.010461659170687199,0.01772553287446499,0.7928726077079773,0.049478016793727875,0.7928726077079773,0.049478016793727875,1252,5.086649179458618
0.010461659170687199,0.01772553287446499,0.7928726077079773,0.049478016793727875,0.7928726077079773,0.049478016793727875,1253,5.092747688293457
0.010461659170687199,0.01772553287446499,0.7928726077079773,0.049478016793727875,0.7928726077079773,0.049478016793727875,1254,5.092747688293457
0.010461659170687199,0.01772553287446499,0.7928726077079773,0.049478016793727875,0.7928726077079773,0.049478016793727875,1255,5.092747688293457
0.010461659170687199,0.01772553287446499,0.7928726077079773,0.049478016793727875,0.7928726077079773,0.049478016793727875,1256,5.092747688293457
0.010461659170687199,0.01772553287446499,0.7928726077079773,0.049478016793727875,0.7928726077079773,0.049478016793727875,1257,5.1085734367370605
0.010461659170687199,0.01772553287446499,0.7928726077079773,0.049478016793727875,0.7928726077079773,0.049478016793727875,1258,5.1085734367370605
0.010461659170687199,0.01772553287446499,0.7928726077079773,0.049478016793727875,0.7928726077079773,0.049478016793727875,1259,5.1085734367370605
0.010461659170687199,0.01772553287446499,0.7928726077079773,0.049478016793727875,0.7928726077079773,0.049478016793727875,1260,5.1085734367370605
0.010461659170687199,0.01772553287446499,0.7928726077079773,0.049478016793727875,0.7928726077079773,0.049478016793727875,1261,5.1085734367370605
0.010461659170687199,0.01772553287446499,0.7928726077079773,0.049478016793727875,0.7928726077079773,0.049478016793727875,1262,5.125654697418213
0.010461659170687199,0.01772553287446499,0.7928726077079773,0.049478016793727875,0.7928726077079773,0.049478016793727875,1263,5.129893779754639
0.010461659170687199,0.01772553287446499,0.7928726077079773,0.049478016793727875,0.7928726077079773,0.049478016793727875,1264,5.134641647338867
0.010461659170687199,0.01772553287446499,0.7928726077079773,0.049478016793727875,0.7928726077079773,0.049478016793727875,1265,5.139705657958984
0.010461659170687199,0.01772553287446499,0.7928726077079773,0.049478016793727875,0.7928726077079773,0.049478016793727875,1266,5.139705657958984
0.010461659170687199,0.01772553287446499,0.7928726077079773,0.049478016793727875,0.7928726077079773,0.049478016793727875,1267,5.139705657958984
0.010461659170687199,0.01772553287446499,0.7928726077079773,0.049478016793727875,0.7928726077079773,0.049478016793727875,1268,5.139705657958984
0.010461659170687199,0.01772553287446499,0.7928726077079773,0.049478016793727875,0.7928726077079773,0.049478016793727875,1269,5.155357599258423
0.010461659170687199,0.01772553287446499,0.7928726077079773,0.049478016793727875,0.7928726077079773,0.049478016793727875,1270,5.159956455230713
0.010461659170687199,0.01772553287446499,0.7928726077079773,0.049478016793727875,0.7928726077079773,0.049478016793727875,1271,5.163099527359009
0.010461659170687199,0.01772553287446499,0.7928726077079773,0.049478016793727875,0.7928726077079773,0.049478016793727875,1272,5.163099527359009
0.010461659170687199,0.01772553287446499,0.7928726077079773,0.049478016793727875,0.7928726077079773,0.049478016793727875,1273,5.1706862449646
0.010461659170687199,0.01772553287446499,0.7928726077079773,0.049478016793727875,0.7928726077079773,0.049478016793727875,1274,5.173715591430664
0.010461659170687199,0.01772553287446499,0.7928726077079773,0.049478016793727875,0.7928726077079773,0.049478016793727875,1275,5.173715591430664
0.010461659170687199,0.01772553287446499,0.7928726077079773,0.049478016793727875,0.7928726077079773,0.049478016793727875,1276,5.173715591430664
0.010461659170687199,0.01772553287446499,0.7928726077079773,0.049478016793727875,0.7928726077079773,0.049478016793727875,1277,5.18567419052124
0.010461659170687199,0.01772553287446499,0.7928726077079773,0.049478016793727875,0.7928726077079773,0.049478016793727875,1278,5.189140796661377
0.010461659170687199,0.01772553287446499,0.7928726077079773,0.049478016793727875,0.7928726077079773,0.049478016793727875,1279,5.189140796661377
0.010461659170687199,0.01772553287446499,0.7928726077079773,0.049478016793727875,0.7928726077079773,0.049478016793727875,1280,5.189140796661377
0.010461659170687199,0.01772553287446499,0.7928726077079773,0.049478016793727875,0.7928726077079773,0.049478016793727875,1281,5.189140796661377
0.010461659170687199,0.01772553287446499,0.7928726077079773,0.049478016793727875,0.7928726077079773,0.049478016793727875,1282,5.189140796661377
0.010461659170687199,0.01772553287446499,0.7928726077079773,0.049478016793727875,0.7928726077079773,0.049478016793727875,1283,5.2054123878479
0.010461659170687199,0.01772553287446499,0.7928726077079773,0.049478016793727875,0.7928726077079773,0.049478016793727875,1284,5.2054123878479
0.010461659170687199,0.01772553287446499,0.7928726077079773,0.049478016793727875,0.7928726077079773,0.049478016793727875,1285,5.2054123878479
0.010461659170687199,0.01772553287446499,0.7928726077079773,0.049478016793727875,0.7928726077079773,0.049478016793727875,1286,5.2054123878479
0.010461659170687199,0.01772553287446499,0.7928726077079773,0.049478016793727875,0.7928726077079773,0.049478016793727875,1287,5.221688508987427
0.010461659170687199,0.01772553287446499,0.7928726077079773,0.049478016793727875,0.7928726077079773,0.049478016793727875,1288,5.221688508987427
0.010461659170687199,0.01772553287446499,0.7928726077079773,0.049478016793727875,0.7928726077079773,0.049478016793727875,1289,5.25063681602478
0.010461659170687199,0.01772553287446499,0.7928726077079773,0.049478016793727875,0.7928726077079773,0.049478016793727875,1290,5.255941867828369
0.010461659170687199,0.01772553287446499,0.7928726077079773,0.049478016793727875,0.7928726077079773,0.049478016793727875,1291,5.255941867828369
0.010461659170687199,0.01772553287446499,0.7928726077079773,0.049478016793727875,0.7928726077079773,0.049478016793727875,1292,5.266474485397339
0.010461659170687199,0.01772553287446499,0.7928726077079773,0.049478016793727875,0.7928726077079773,0.049478016793727875,1293,5.271045923233032
0.010461659170687199,0.01772553287446499,0.7928726077079773,0.049478016793727875,0.7928726077079773,0.049478016793727875,1294,5.2740302085876465
0.010461659170687199,0.01772553287446499,0.7928726077079773,0.049478016793727875,0.7928726077079773,0.049478016793727875,1295,5.2740302085876465
0.010461659170687199,0.01772553287446499,0.7928726077079773,0.049478016793727875,0.7928726077079773,0.049478016793727875,1296,5.288186311721802
0.010461659170687199,0.01772553287446499,0.7928726077079773,0.049478016793727875,0.7928726077079773,0.049478016793727875,1297,5.2961297035217285
0.010461659170687199,0.01772553287446499,0.7928726077079773,0.049478016793727875,0.7928726077079773,0.049478016793727875,1298,5.300504922866821
0.010461659170687199,0.01772553287446499,0.7928726077079773,0.049478016793727875,0.7928726077079773,0.049478016793727875,1299,5.3038623332977295
0.010461659170687199,0.01772553287446499,0.7928726077079773,0.049478016793727875,0.7928726077079773,0.049478016793727875,1300,5.310406923294067
0.010461659170687199,0.01772553287446499,0.7928726077079773,0.049478016793727875,0.7928726077079773,0.049478016793727875,1301,5.315174341201782
0.010461659170687199,0.01772553287446499,0.7928726077079773,0.049478016793727875,0.7928726077079773,0.049478016793727875,1302,5.321249961853027
0.010461659170687199,0.01772553287446499,0.7928726077079773,0.049478016793727875,0.7928726077079773,0.049478016793727875,1303,5.327182769775391
0.010461659170687199,0.01772553287446499,0.7928726077079773,0.049478016793727875,0.7928726077079773,0.049478016793727875,1304,5.332251787185669
0.010461659170687199,0.01772553287446499,0.7928726077079773,0.049478016793727875,0.7928726077079773,0.049478016793727875,1305,5.339017391204834
0.010461659170687199,0.01772553287446499,0.7928726077079773,0.049478016793727875,0.7928726077079773,0.049478016793727875,1306,5.342132329940796
0.010461659170687199,0.01772553287446499,0.7928726077079773,0.049478016793727875,0.7928726077079773,0.049478016793727875,1307,5.347952842712402
0.010461659170687199,0.01772553287446499,0.7928726077079773,0.049478016793727875,0.7928726077079773,0.049478016793727875,1308,5.3499720096588135
0.010461659170687199,0.01772553287446499,0.7928726077079773,0.049478016793727875,0.7928726077079773,0.049478016793727875,1309,5.356548070907593
0.010461659170687199,0.01772553287446499,0.7928726077079773,0.049478016793727875,0.7928726077079773,0.049478016793727875,1310,5.3585591316223145
0.010461659170687199,0.01772553287446499,0.7928726077079773,0.049478016793727875,0.7928726077079773,0.049478016793727875,1311,5.361586570739746
0.010461659170687199,0.01772553287446499,0.7928726077079773,0.049478016793727875,0.7928726077079773,0.049478016793727875,1312,5.37830662727356
0.010461659170687199,0.01772553287446499,0.7928726077079773,0.049478016793727875,0.7928726077079773,0.049478016793727875,1313,5.380327463150024
0.010461659170687199,0.01772553287446499,0.7928726077079773,0.049478016793727875,0.7928726077079773,0.049478016793727875,1314,5.382347583770752
0.010461659170687199,0.01772553287446499,0.7928726077079773,0.049478016793727875,0.7928726077079773,0.049478016793727875,1315,5.385869979858398
0.010461659170687199,0.01772553287446499,0.7928726077079773,0.049478016793727875,0.7928726077079773,0.049478016793727875,1316,5.3899030685424805
0.010461659170687199,0.01772553287446499,0.7928726077079773,0.049478016793727875,0.7928726077079773,0.049478016793727875,1317,5.39191460609436
0.010461659170687199,0.01772553287446499,0.7928726077079773,0.049478016793727875,0.7928726077079773,0.049478016793727875,1318,5.394935131072998
0.010461659170687199,0.01772553287446499,0.7928726077079773,0.049478016793727875,0.7928726077079773,0.049478016793727875,1319,5.39694619178772
0.010461659170687199,0.01772553287446499,0.7928726077079773,0.049478016793727875,0.7928726077079773,0.049478016793727875,1320,5.400001764297485
0.010461659170687199,0.01772553287446499,0.7928726077079773,0.049478016793727875,0.7928726077079773,0.049478016793727875,1321,5.404864549636841
0.010461659170687199,0.01772553287446499,0.7928726077079773,0.049478016793727875,0.7928726077079773,0.049478016793727875,1322,5.4086387157440186
0.010461659170687199,0.01772553287446499,0.7928726077079773,0.049478016793727875,0.7928726077079773,0.049478016793727875,1323,5.410651683807373
0.010461659170687199,0.01772553287446499,0.7928726077079773,0.049478016793727875,0.7928726077079773,0.049478016793727875,1324,5.414684295654297
0.010461659170687199,0.01772553287446499,0.7928726077079773,0.049478016793727875,0.7928726077079773,0.049478016793727875,1325,5.416694641113281
0.010461659170687199,0.01772553287446499,0.7928726077079773,0.049478016793727875,0.7928726077079773,0.049478016793727875,1326,5.4187071323394775
0.010461659170687199,0.01772553287446499,0.7928726077079773,0.049478016793727875,0.7928726077079773,0.049478016793727875,1327,5.4233198165893555
0.010461659170687199,0.01772553287446499,0.7928726077079773,0.049478016793727875,0.7928726077079773,0.049478016793727875,1328,5.424332141876221
0.010461659170687199,0.01772553287446499,0.7928726077079773,0.049478016793727875,0.7928726077079773,0.049478016793727875,1329,5.426347970962524
0.010461659170687199,0.01772553287446499,0.7928726077079773,0.049478016793727875,0.7928726077079773,0.049478016793727875,1330,5.43117618560791
0.010461659170687199,0.01772553287446499,0.7928726077079773,0.049478016793727875,0.7928726077079773,0.049478016793727875,1331,5.431915283203125
0.010461659170687199,0.01772553287446499,0.7928726077079773,0.049478016793727875,0.7928726077079773,0.049478016793727875,1332,5.433930158615112
0.010461659170687199,0.01772553287446499,0.7928726077079773,0.049478016793727875,0.7928726077079773,0.049478016793727875,1333,5.439411163330078
0.010461659170687199,0.01772553287446499,0.7928726077079773,0.049478016793727875,0.7928726077079773,0.049478016793727875,1334,5.442444324493408
0.010461659170687199,0.01772553287446499,0.7928726077079773,0.049478016793727875,0.7928726077079773,0.049478016793727875,1335,5.444551229476929
0.010461659170687199,0.01772553287446499,0.7928726077079773,0.049478016793727875,0.7928726077079773,0.049478016793727875,1336,5.447171449661255
0.010461659170687199,0.01772553287446499,0.7928726077079773,0.049478016793727875,0.7928726077079773,0.049478016793727875,1337,5.4491822719573975
0.010461659170687199,0.01772553287446499,0.7928726077079773,0.049478016793727875,0.7928726077079773,0.049478016793727875,1338,5.454697847366333
0.010461659170687199,0.01772553287446499,0.7928726077079773,0.049478016793727875,0.7928726077079773,0.049478016793727875,1339,5.456460237503052
0.010461659170687199,0.01772553287446499,0.7928726077079773,0.049478016793727875,0.7928726077079773,0.049478016793727875,1340,5.460499048233032
0.010461659170687199,0.01772553287446499,0.7928726077079773,0.049478016793727875,0.7928726077079773,0.049478016793727875,1341,5.463642358779907
0.010461659170687199,0.01772553287446499,0.7928726077079773,0.049478016793727875,0.7928726077079773,0.049478016793727875,1342,5.467488527297974
0.010461659170687199,0.01772553287446499,0.7928726077079773,0.049478016793727875,0.7928726077079773,0.049478016793727875,1343,5.4700212478637695
0.010461659170687199,0.01772553287446499,0.7928726077079773,0.049478016793727875,0.7928726077079773,0.049478016793727875,1344,5.4723961353302
0.010461659170687199,0.01772553287446499,0.7928726077079773,0.049478016793727875,0.7928726077079773,0.049478016793727875,1345,5.47643518447876
0.010461659170687199,0.01772553287446499,0.7928726077079773,0.049478016793727875,0.7928726077079773,0.049478016793727875,1346,5.4784464836120605
0.010461659170687199,0.01772553287446499,0.7928726077079773,0.049478016793727875,0.7928726077079773,0.049478016793727875,1347,5.480467081069946
0.010461659170687199,0.01772553287446499,0.7928726077079773,0.049478016793727875,0.7928726077079773,0.049478016793727875,1348,5.483173370361328
0.010461659170687199,0.01772553287446499,0.7928726077079773,0.049478016793727875,0.7928726077079773,0.049478016793727875,1349,5.4882142543792725
0.010461659170687199,0.01772553287446499,0.7928726077079773,0.049478016793727875,0.7928726077079773,0.049478016793727875,1350,5.490238189697266
0.010461659170687199,0.01772553287446499,0.7928726077079773,0.049478016793727875,0.7928726077079773,0.049478016793727875,1351,5.4942779541015625
0.010461659170687199,0.01772553287446499,0.7928726077079773,0.049478016793727875,0.7928726077079773,0.049478016793727875,1352,5.4981606006622314
0.010461659170687199,0.01772553287446499,0.7928726077079773,0.049478016793727875,0.7928726077079773,0.049478016793727875,1353,5.499675750732422
0.010461659170687199,0.01772553287446499,0.7928726077079773,0.049478016793727875,0.7928726077079773,0.049478016793727875,1354,5.501721382141113
0.010461659170687199,0.01772553287446499,0.7928726077079773,0.049478016793727875,0.7928726077079773,0.049478016793727875,1355,5.510051012039185
0.010461659170687199,0.01772553287446499,0.7928726077079773,0.049478016793727875,0.7928726077079773,0.049478016793727875,1356,5.512916088104248
0.010461659170687199,0.01772553287446499,0.7928726077079773,0.049478016793727875,0.7928726077079773,0.049478016793727875,1357,5.515938997268677
0.010461659170687199,0.01772553287446499,0.7928726077079773,0.049478016793727875,0.7928726077079773,0.049478016793727875,1358,5.519981861114502
0.010461659170687199,0.01772553287446499,0.7928726077079773,0.049478016793727875,0.7928726077079773,0.049478016793727875,1359,5.524774789810181
0.010461659170687199,0.01772553287446499,0.7928726077079773,0.049478016793727875,0.7928726077079773,0.049478016793727875,1360,5.526987791061401
0.010461659170687199,0.01772553287446499,0.7928726077079773,0.049478016793727875,0.7928726077079773,0.049478016793727875,1361,5.526987791061401
0.010461659170687199,0.01772553287446499,0.7928726077079773,0.049478016793727875,0.7928726077079773,0.049478016793727875,1362,5.537762403488159
0.010461659170687199,0.01772553287446499,0.7928726077079773,0.049478016793727875,0.7928726077079773,0.049478016793727875,1363,5.539782524108887
0.010461659170687199,0.01772553287446499,0.7928726077079773,0.049478016793727875,0.7928726077079773,0.049478016793727875,1364,5.5438232421875
0.010461659170687199,0.01772553287446499,0.7928726077079773,0.049478016793727875,0.7928726077079773,0.049478016793727875,1365,5.545834541320801
0.010461659170687199,0.01772553287446499,0.7928726077079773,0.049478016793727875,0.7928726077079773,0.049478016793727875,1366,5.545834541320801
0.010461659170687199,0.01772553287446499,0.7928726077079773,0.049478016793727875,0.7928726077079773,0.049478016793727875,1367,5.549865961074829
0.010461659170687199,0.01772553287446499,0.7928726077079773,0.049478016793727875,0.7928726077079773,0.049478016793727875,1368,5.553634166717529
0.010461659170687199,0.01772553287446499,0.7928726077079773,0.049478016793727875,0.7928726077079773,0.049478016793727875,1369,5.560422420501709
0.010461659170687199,0.01772553287446499,0.7928726077079773,0.049478016793727875,0.7928726077079773,0.049478016793727875,1370,5.564449787139893
0.010461659170687199,0.01772553287446499,0.7928726077079773,0.049478016793727875,0.7928726077079773,0.049478016793727875,1371,5.583397626876831
0.010461659170687199,0.01772553287446499,0.7928726077079773,0.049478016793727875,0.7928726077079773,0.049478016793727875,1372,5.587145566940308
0.010461659170687199,0.01772553287446499,0.7928726077079773,0.049478016793727875,0.7928726077079773,0.049478016793727875,1373,5.5905680656433105
0.010461659170687199,0.01772553287446499,0.7928726077079773,0.049478016793727875,0.7928726077079773,0.049478016793727875,1374,5.5905680656433105
0.010461659170687199,0.01772553287446499,0.7928726077079773,0.049478016793727875,0.7928726077079773,0.049478016793727875,1375,5.597944974899292
0.010461659170687199,0.01772553287446499,0.7928726077079773,0.049478016793727875,0.7928726077079773,0.049478016793727875,1376,5.597944974899292
0.010461659170687199,0.01772553287446499,0.7928726077079773,0.049478016793727875,0.7928726077079773,0.049478016793727875,1377,5.597944974899292
0.010461659170687199,0.01772553287446499,0.7928726077079773,0.049478016793727875,0.7928726077079773,0.049478016793727875,1378,5.597944974899292
0.010461659170687199,0.01772553287446499,0.7928726077079773,0.049478016793727875,0.7928726077079773,0.049478016793727875,1379,5.614581346511841
0.010461659170687199,0.01772553287446499,0.7928726077079773,0.049478016793727875,0.7928726077079773,0.049478016793727875,1380,5.614581346511841
0.010461659170687199,0.01772553287446499,0.7928726077079773,0.049478016793727875,0.7928726077079773,0.049478016793727875,1381,5.614581346511841
0.010461659170687199,0.01772553287446499,0.7928726077079773,0.049478016793727875,0.7928726077079773,0.049478016793727875,1382,5.614581346511841
0.010461659170687199,0.01772553287446499,0.7928726077079773,0.049478016793727875,0.7928726077079773,0.049478016793727875,1383,5.629572153091431
0.010461659170687199,0.01772553287446499,0.7928726077079773,0.049478016793727875,0.7928726077079773,0.049478016793727875,1384,5.629572153091431
0.010461659170687199,0.01772553287446499,0.7928726077079773,0.049478016793727875,0.7928726077079773,0.049478016793727875,1385,5.629572153091431
0.010461659170687199,0.01772553287446499,0.7928726077079773,0.049478016793727875,0.7928726077079773,0.049478016793727875,1386,5.629572153091431
0.010461659170687199,0.01772553287446499,0.7928726077079773,0.049478016793727875,0.7928726077079773,0.049478016793727875,1387,5.629572153091431
0.010461659170687199,0.01772553287446499,0.7928726077079773,0.049478016793727875,0.7928726077079773,0.049478016793727875,1388,5.629572153091431
0.010461659170687199,0.01772553287446499,0.7928726077079773,0.049478016793727875,0.7928726077079773,0.049478016793727875,1389,5.64393162727356
0.010461659170687199,0.01772553287446499,0.7928726077079773,0.049478016793727875,0.7928726077079773,0.049478016793727875,1390,5.6456708908081055
0.010461659170687199,0.01772553287446499,0.7928726077079773,0.049478016793727875,0.7928726077079773,0.049478016793727875,1391,5.6456708908081055
0.010461659170687199,0.01772553287446499,0.7928726077079773,0.049478016793727875,0.7928726077079773,0.049478016793727875,1392,5.6456708908081055
0.010461659170687199,0.01772553287446499,0.7928726077079773,0.049478016793727875,0.7928726077079773,0.049478016793727875,1393,5.6456708908081055
0.010461659170687199,0.01772553287446499,0.7928726077079773,0.049478016793727875,0.7928726077079773,0.049478016793727875,1394,5.6456708908081055
0.010461659170687199,0.01772553287446499,0.7928726077079773,0.049478016793727875,0.7928726077079773,0.049478016793727875,1395,5.661689043045044
0.010461659170687199,0.01772553287446499,0.7928726077079773,0.049478016793727875,0.7928726077079773,0.049478016793727875,1396,5.661689043045044
0.010461659170687199,0.01772553287446499,0.7928726077079773,0.049478016793727875,0.7928726077079773,0.049478016793727875,1397,5.661689043045044
0.010461659170687199,0.01772553287446499,0.7928726077079773,0.049478016793727875,0.7928726077079773,0.049478016793727875,1398,5.668574571609497
0.010461659170687199,0.01772553287446499,0.7928726077079773,0.049478016793727875,0.7928726077079773,0.049478016793727875,1399,5.668574571609497
0.010461659170687199,0.01772553287446499,0.7928726077079773,0.049478016793727875,0.7928726077079773,0.049478016793727875,1400,5.677826404571533
0.010461659170687199,0.01772553287446499,0.7928726077079773,0.049478016793727875,0.7928726077079773,0.049478016793727875,1401,5.6825573444366455
0.010461659170687199,0.01772553287446499,0.7928726077079773,0.049478016793727875,0.7928726077079773,0.049478016793727875,1402,5.6825573444366455
0.010461659170687199,0.01772553287446499,0.7928726077079773,0.049478016793727875,0.7928726077079773,0.049478016793727875,1403,5.6825573444366455
0.010461659170687199,0.01772553287446499,0.7928726077079773,0.049478016793727875,0.7928726077079773,0.049478016793727875,1404,5.693759202957153
0.010461659170687199,0.01772553287446499,0.7928726077079773,0.049478016793727875,0.7928726077079773,0.049478016793727875,1405,5.693759202957153
0.010461659170687199,0.01772553287446499,0.7928726077079773,0.049478016793727875,0.7928726077079773,0.049478016793727875,1406,5.706006288528442
0.010461659170687199,0.01772553287446499,0.7928726077079773,0.049478016793727875,0.7928726077079773,0.049478016793727875,1407,5.7097461223602295
0.010461659170687199,0.01772553287446499,0.7928726077079773,0.049478016793727875,0.7928726077079773,0.049478016793727875,1408,5.7097461223602295
0.010461659170687199,0.01772553287446499,0.7928726077079773,0.049478016793727875,0.7928726077079773,0.049478016793727875,1409,5.7097461223602295
0.010461659170687199,0.01772553287446499,0.7928726077079773,0.049478016793727875,0.7928726077079773,0.049478016793727875,1410,5.7097461223602295
0.010461659170687199,0.01772553287446499,0.7928726077079773,0.049478016793727875,0.7928726077079773,0.049478016793727875,1411,5.72623348236084
0.010461659170687199,0.01772553287446499,0.7928726077079773,0.049478016793727875,0.7928726077079773,0.049478016793727875,1412,5.73454213142395
0.010461659170687199,0.01772553287446499,0.7928726077079773,0.049478016793727875,0.7928726077079773,0.049478016793727875,1413,5.73454213142395
0.010461659170687199,0.01772553287446499,0.7928726077079773,0.049478016793727875,0.7928726077079773,0.049478016793727875,1414,5.741730690002441
0.010461659170687199,0.01772553287446499,0.7928726077079773,0.049478016793727875,0.7928726077079773,0.049478016793727875,1415,5.741730690002441
0.010461659170687199,0.01772553287446499,0.7928726077079773,0.049478016793727875,0.7928726077079773,0.049478016793727875,1416,5.755007982254028
0.010461659170687199,0.01772553287446499,0.7928726077079773,0.049478016793727875,0.7928726077079773,0.049478016793727875,1417,5.7586140632629395
0.010461659170687199,0.01772553287446499,0.7928726077079773,0.049478016793727875,0.7928726077079773,0.049478016793727875,1418,5.7586140632629395
0.010461659170687199,0.01772553287446499,0.7928726077079773,0.049478016793727875,0.7928726077079773,0.049478016793727875,1419,5.7586140632629395
0.010461659170687199,0.01772553287446499,0.7928726077079773,0.049478016793727875,0.7928726077079773,0.049478016793727875,1420,5.773782253265381
0.010461659170687199,0.01772553287446499,0.7928726077079773,0.049478016793727875,0.7928726077079773,0.049478016793727875,1421,5.773782253265381
0.010461659170687199,0.01772553287446499,0.7928726077079773,0.049478016793727875,0.7928726077079773,0.049478016793727875,1422,5.7830400466918945
0.010461659170687199,0.01772553287446499,0.7928726077079773,0.049478016793727875,0.7928726077079773,0.049478016793727875,1423,5.7830400466918945
0.010461659170687199,0.01772553287446499,0.7928726077079773,0.049478016793727875,0.7928726077079773,0.049478016793727875,1424,5.790371656417847
0.010461659170687199,0.01772553287446499,0.7928726077079773,0.049478016793727875,0.7928726077079773,0.049478016793727875,1425,5.790371656417847
0.010461659170687199,0.01772553287446499,0.7928726077079773,0.049478016793727875,0.7928726077079773,0.049478016793727875,1426,5.790371656417847
0.010461659170687199,0.01772553287446499,0.7928726077079773,0.049478016793727875,0.7928726077079773,0.049478016793727875,1427,5.805819272994995
0.010461659170687199,0.01772553287446499,0.7928726077079773,0.049478016793727875,0.7928726077079773,0.049478016793727875,1428,5.805819272994995
0.010461659170687199,0.01772553287446499,0.7928726077079773,0.049478016793727875,0.7928726077079773,0.049478016793727875,1429,5.805819272994995
0.010461659170687199,0.01772553287446499,0.7928726077079773,0.049478016793727875,0.7928726077079773,0.049478016793727875,1430,5.821669340133667
0.010461659170687199,0.01772553287446499,0.7928726077079773,0.049478016793727875,0.7928726077079773,0.049478016793727875,1431,5.821669340133667
0.010461659170687199,0.01772553287446499,0.7928726077079773,0.049478016793727875,0.7928726077079773,0.049478016793727875,1432,5.82945990562439
0.010461659170687199,0.01772553287446499,0.7928726077079773,0.049478016793727875,0.7928726077079773,0.049478016793727875,1433,5.82945990562439
0.010461659170687199,0.01772553287446499,0.7928726077079773,0.049478016793727875,0.7928726077079773,0.049478016793727875,1434,5.83880090713501
0.010461659170687199,0.01772553287446499,0.7928726077079773,0.049478016793727875,0.7928726077079773,0.049478016793727875,1435,5.83880090713501
0.010461659170687199,0.01772553287446499,0.7928726077079773,0.049478016793727875,0.7928726077079773,0.049478016793727875,1436,5.83880090713501
0.010461659170687199,0.01772553287446499,0.7928726077079773,0.049478016793727875,0.7928726077079773,0.049478016793727875,1437,5.853487253189087
0.010461659170687199,0.01772553287446499,0.7928726077079773,0.049478016793727875,0.7928726077079773,0.049478016793727875,1438,5.853487253189087
0.010461659170687199,0.01772553287446499,0.7928726077079773,0.049478016793727875,0.7928726077079773,0.049478016793727875,1439,5.8626697063446045
0.010461659170687199,0.01772553287446499,0.7928726077079773,0.049478016793727875,0.7928726077079773,0.049478016793727875,1440,5.8626697063446045
0.010461659170687199,0.01772553287446499,0.7928726077079773,0.049478016793727875,0.7928726077079773,0.049478016793727875,1441,5.869369029998779
0.010461659170687199,0.01772553287446499,0.7928726077079773,0.049478016793727875,0.7928726077079773,0.049478016793727875,1442,5.869369029998779
0.010461659170687199,0.01772553287446499,0.7928726077079773,0.049478016793727875,0.7928726077079773,0.049478016793727875,1443,5.869369029998779
0.010461659170687199,0.01772553287446499,0.7928726077079773,0.049478016793727875,0.7928726077079773,0.049478016793727875,1444,5.885309457778931
0.010461659170687199,0.01772553287446499,0.7928726077079773,0.049478016793727875,0.7928726077079773,0.049478016793727875,1445,5.885309457778931
0.010461659170687199,0.01772553287446499,0.7928726077079773,0.049478016793727875,0.7928726077079773,0.049478016793727875,1446,5.885309457778931
0.010461659170687199,0.01772553287446499,0.7928726077079773,0.049478016793727875,0.7928726077079773,0.049478016793727875,1447,5.885309457778931
0.010461659170687199,0.01772553287446499,0.7928726077079773,0.049478016793727875,0.7928726077079773,0.049478016793727875,1448,5.901237487792969
0.010461659170687199,0.01772553287446499,0.7928726077079773,0.049478016793727875,0.7928726077079773,0.049478016793727875,1449,5.901237487792969
0.010461659170687199,0.01772553287446499,0.7928726077079773,0.049478016793727875,0.7928726077079773,0.049478016793727875,1450,5.901237487792969
0.010461659170687199,0.01772553287446499,0.7928726077079773,0.049478016793727875,0.7928726077079773,0.049478016793727875,1451,5.901237487792969
0.010461659170687199,0.01772553287446499,0.7928726077079773,0.049478016793727875,0.7928726077079773,0.049478016793727875,1452,5.917140483856201
0.010461659170687199,0.01772553287446499,0.7928726077079773,0.049478016793727875,0.7928726077079773,0.049478016793727875,1453,5.917140483856201
0.010461659170687199,0.01772553287446499,0.7928726077079773,0.049478016793727875,0.7928726077079773,0.049478016793727875,1454,5.917140483856201
0.010461659170687199,0.01772553287446499,0.7928726077079773,0.049478016793727875,0.7928726077079773,0.049478016793727875,1455,5.934208393096924
0.010461659170687199,0.01772553287446499,0.7928726077079773,0.049478016793727875,0.7928726077079773,0.049478016793727875,1456,5.936155080795288
0.010461659170687199,0.01772553287446499,0.7928726077079773,0.049478016793727875,0.7928726077079773,0.049478016793727875,1457,5.936155080795288
0.010461659170687199,0.01772553287446499,0.7928726077079773,0.049478016793727875,0.7928726077079773,0.049478016793727875,1458,5.936155080795288
0.010461659170687199,0.01772553287446499,0.7928726077079773,0.049478016793727875,0.7928726077079773,0.049478016793727875,1459,5.9493536949157715
0.010461659170687199,0.01772553287446499,0.7928726077079773,0.049478016793727875,0.7928726077079773,0.049478016793727875,1460,5.9493536949157715
0.010461659170687199,0.01772553287446499,0.7928726077079773,0.049478016793727875,0.7928726077079773,0.049478016793727875,1461,5.9493536949157715
0.010461659170687199,0.01772553287446499,0.7928726077079773,0.049478016793727875,0.7928726077079773,0.049478016793727875,1462,5.965280055999756
0.010461659170687199,0.01772553287446499,0.7928726077079773,0.049478016793727875,0.7928726077079773,0.049478016793727875,1463,5.965280055999756
0.010461659170687199,0.01772553287446499,0.7928726077079773,0.049478016793727875,0.7928726077079773,0.049478016793727875,1464,5.965280055999756
0.010461659170687199,0.01772553287446499,0.7928726077079773,0.049478016793727875,0.7928726077079773,0.049478016793727875,1465,5.965280055999756
0.010461659170687199,0.01772553287446499,0.7928726077079773,0.049478016793727875,0.7928726077079773,0.049478016793727875,1466,5.983360528945923
0.010461659170687199,0.01772553287446499,0.7928726077079773,0.049478016793727875,0.7928726077079773,0.049478016793727875,1467,5.983360528945923
0.010461659170687199,0.01772553287446499,0.7928726077079773,0.049478016793727875,0.7928726077079773,0.049478016793727875,1468,5.992175579071045
0.010461659170687199,0.01772553287446499,0.7928726077079773,0.049478016793727875,0.7928726077079773,0.049478016793727875,1469,5.997340202331543
0.010461659170687199,0.01772553287446499,0.7928726077079773,0.049478016793727875,0.7928726077079773,0.049478016793727875,1470,5.997340202331543
0.010461659170687199,0.01772553287446499,0.7928726077079773,0.049478016793727875,0.7928726077079773,0.049478016793727875,1471,5.997340202331543
0.010461659170687199,0.01772553287446499,0.7928726077079773,0.049478016793727875,0.7928726077079773,0.049478016793727875,1472,5.997340202331543
0.010461659170687199,0.01772553287446499,0.7928726077079773,0.049478016793727875,0.7928726077079773,0.049478016793727875,1473,6.013274669647217
0.010461659170687199,0.01772553287446499,0.7928726077079773,0.049478016793727875,0.7928726077079773,0.049478016793727875,1474,6.013274669647217
0.010461659170687199,0.01772553287446499,0.7928726077079773,0.049478016793727875,0.7928726077079773,0.049478016793727875,1475,6.013274669647217
0.010461659170687199,0.01772553287446499,0.7928726077079773,0.049478016793727875,0.7928726077079773,0.049478016793727875,1476,6.0291359424591064
0.010461659170687199,0.01772553287446499,0.7928726077079773,0.049478016793727875,0.7928726077079773,0.049478016793727875,1477,6.0291359424591064
0.010461659170687199,0.01772553287446499,0.7928726077079773,0.049478016793727875,0.7928726077079773,0.049478016793727875,1478,6.0291359424591064
0.010461659170687199,0.01772553287446499,0.7928726077079773,0.049478016793727875,0.7928726077079773,0.049478016793727875,1479,6.0291359424591064
0.010461659170687199,0.01772553287446499,0.7928726077079773,0.049478016793727875,0.7928726077079773,0.049478016793727875,1480,6.045067310333252
0.010461659170687199,0.01772553287446499,0.7928726077079773,0.049478016793727875,0.7928726077079773,0.049478016793727875,1481,6.045067310333252
0.010461659170687199,0.01772553287446499,0.7928726077079773,0.049478016793727875,0.7928726077079773,0.049478016793727875,1482,6.045067310333252
0.010461659170687199,0.01772553287446499,0.7928726077079773,0.049478016793727875,0.7928726077079773,0.049478016793727875,1483,6.057857036590576
0.010461659170687199,0.01772553287446499,0.7928726077079773,0.049478016793727875,0.7928726077079773,0.049478016793727875,1484,6.061084508895874
0.010461659170687199,0.01772553287446499,0.7928726077079773,0.049478016793727875,0.7928726077079773,0.049478016793727875,1485,6.061084508895874
0.010461659170687199,0.01772553287446499,0.7928726077079773,0.049478016793727875,0.7928726077079773,0.049478016793727875,1486,6.061084508895874
0.010461659170687199,0.01772553287446499,0.7928726077079773,0.049478016793727875,0.7928726077079773,0.049478016793727875,1487,6.0769524574279785
0.010461659170687199,0.01772553287446499,0.7928726077079773,0.049478016793727875,0.7928726077079773,0.049478016793727875,1488,6.0769524574279785
0.010461659170687199,0.01772553287446499,0.7928726077079773,0.049478016793727875,0.7928726077079773,0.049478016793727875,1489,6.0837082862854
0.010461659170687199,0.01772553287446499,0.7928726077079773,0.049478016793727875,0.7928726077079773,0.049478016793727875,1490,6.0837082862854
0.010461659170687199,0.01772553287446499,0.7928726077079773,0.049478016793727875,0.7928726077079773,0.049478016793727875,1491,6.094458341598511
0.010461659170687199,0.01772553287446499,0.7928726077079773,0.049478016793727875,0.7928726077079773,0.049478016793727875,1492,6.094458341598511
0.010461659170687199,0.01772553287446499,0.7928726077079773,0.049478016793727875,0.7928726077079773,0.049478016793727875,1493,6.103360652923584
0.010461659170687199,0.01772553287446499,0.7928726077079773,0.049478016793727875,0.7928726077079773,0.049478016793727875,1494,6.103360652923584
0.010461659170687199,0.01772553287446499,0.7928726077079773,0.049478016793727875,0.7928726077079773,0.049478016793727875,1495,6.111725091934204
0.010461659170687199,0.01772553287446499,0.7928726077079773,0.049478016793727875,0.7928726077079773,0.049478016793727875,1496,6.111725091934204
0.010461659170687199,0.01772553287446499,0.7928726077079773,0.049478016793727875,0.7928726077079773,0.049478016793727875,1497,6.120020627975464
0.010461659170687199,0.01772553287446499,0.7928726077079773,0.049478016793727875,0.7928726077079773,0.049478016793727875,1498,6.120020627975464
0.010461659170687199,0.01772553287446499,0.7928726077079773,0.049478016793727875,0.7928726077079773,0.049478016793727875,1499,6.127874851226807
0.010461659170687199,0.01772553287446499,0.7928726077079773,0.049478016793727875,0.7928726077079773,0.049478016793727875,1500,6.127874851226807
0.010461659170687199,0.01772553287446499,0.7928726077079773,0.049478016793727875,0.7928726077079773,0.049478016793727875,1501,6.13557243347168
0.010461659170687199,0.01772553287446499,0.7928726077079773,0.049478016793727875,0.7928726077079773,0.049478016793727875,1502,6.137417793273926
0.010461659170687199,0.01772553287446499,0.7928726077079773,0.049478016793727875,0.7928726077079773,0.049478016793727875,1503,6.137417793273926
0.010461659170687199,0.01772553287446499,0.7928726077079773,0.049478016793727875,0.7928726077079773,0.049478016793727875,1504,6.14408540725708
0.010461659170687199,0.01772553287446499,0.7928726077079773,0.049478016793727875,0.7928726077079773,0.049478016793727875,1505,6.14408540725708
0.010461659170687199,0.01772553287446499,0.7928726077079773,0.049478016793727875,0.7928726077079773,0.049478016793727875,1506,6.14408540725708
0.010461659170687199,0.01772553287446499,0.7928726077079773,0.049478016793727875,0.7928726077079773,0.049478016793727875,1507,6.14408540725708
0.010461659170687199,0.01772553287446499,0.7928726077079773,0.049478016793727875,0.7928726077079773,0.049478016793727875,1508,6.14408540725708
0.010461659170687199,0.01772553287446499,0.7928726077079773,0.049478016793727875,0.7928726077079773,0.049478016793727875,1509,6.159888744354248
0.010461659170687199,0.01772553287446499,0.7928726077079773,0.049478016793727875,0.7928726077079773,0.049478016793727875,1510,6.159888744354248
0.010461659170687199,0.01772553287446499,0.7928726077079773,0.049478016793727875,0.7928726077079773,0.049478016793727875,1511,6.159888744354248
0.010461659170687199,0.01772553287446499,0.7928726077079773,0.049478016793727875,0.7928726077079773,0.049478016793727875,1512,6.159888744354248
0.010461659170687199,0.01772553287446499,0.7928726077079773,0.049478016793727875,0.7928726077079773,0.049478016793727875,1513,6.175781488418579
0.010461659170687199,0.01772553287446499,0.7928726077079773,0.049478016793727875,0.7928726077079773,0.049478016793727875,1514,6.175781488418579
0.010461659170687199,0.01772553287446499,0.7928726077079773,0.049478016793727875,0.7928726077079773,0.049478016793727875,1515,6.175781488418579
0.010461659170687199,0.01772553287446499,0.7928726077079773,0.049478016793727875,0.7928726077079773,0.049478016793727875,1516,6.183996200561523
0.010461659170687199,0.01772553287446499,0.7928726077079773,0.049478016793727875,0.7928726077079773,0.049478016793727875,1517,6.191682815551758
0.010461659170687199,0.01772553287446499,0.7928726077079773,0.049478016793727875,0.7928726077079773,0.049478016793727875,1518,6.193591833114624
0.010461659170687199,0.01772553287446499,0.7928726077079773,0.049478016793727875,0.7928726077079773,0.049478016793727875,1519,6.193591833114624
0.010461659170687199,0.01772553287446499,0.7928726077079773,0.049478016793727875,0.7928726077079773,0.049478016793727875,1520,6.193591833114624
0.010461659170687199,0.01772553287446499,0.7928726077079773,0.049478016793727875,0.7928726077079773,0.049478016793727875,1521,6.193591833114624
0.010461659170687199,0.01772553287446499,0.7928726077079773,0.049478016793727875,0.7928726077079773,0.049478016793727875,1522,6.207754373550415
0.010461659170687199,0.01772553287446499,0.7928726077079773,0.049478016793727875,0.7928726077079773,0.049478016793727875,1523,6.207754373550415
0.010461659170687199,0.01772553287446499,0.7928726077079773,0.049478016793727875,0.7928726077079773,0.049478016793727875,1524,6.207754373550415
0.010461659170687199,0.01772553287446499,0.7928726077079773,0.049478016793727875,0.7928726077079773,0.049478016793727875,1525,6.207754373550415
0.010461659170687199,0.01772553287446499,0.7928726077079773,0.049478016793727875,0.7928726077079773,0.049478016793727875,1526,6.223608732223511
0.010461659170687199,0.01772553287446499,0.7928726077079773,0.049478016793727875,0.7928726077079773,0.049478016793727875,1527,6.223608732223511
0.010461659170687199,0.01772553287446499,0.7928726077079773,0.049478016793727875,0.7928726077079773,0.049478016793727875,1528,6.223608732223511
0.010461659170687199,0.01772553287446499,0.7928726077079773,0.049478016793727875,0.7928726077079773,0.049478016793727875,1529,6.223608732223511
0.010461659170687199,0.01772553287446499,0.7928726077079773,0.049478016793727875,0.7928726077079773,0.049478016793727875,1530,6.239500522613525
0.010461659170687199,0.01772553287446499,0.7928726077079773,0.049478016793727875,0.7928726077079773,0.049478016793727875,1531,6.239500522613525
0.010461659170687199,0.01772553287446499,0.7928726077079773,0.049478016793727875,0.7928726077079773,0.049478016793727875,1532,6.239500522613525
0.010461659170687199,0.01772553287446499,0.7928726077079773,0.049478016793727875,0.7928726077079773,0.049478016793727875,1533,6.239500522613525
0.010461659170687199,0.01772553287446499,0.7928726077079773,0.049478016793727875,0.7928726077079773,0.049478016793727875,1534,6.255372524261475
0.010461659170687199,0.01772553287446499,0.7928726077079773,0.049478016793727875,0.7928726077079773,0.049478016793727875,1535,6.255372524261475
0.010461659170687199,0.01772553287446499,0.7928726077079773,0.049478016793727875,0.7928726077079773,0.049478016793727875,1536,6.255372524261475
0.010461659170687199,0.01772553287446499,0.7928726077079773,0.049478016793727875,0.7928726077079773,0.049478016793727875,1537,6.255372524261475
0.010461659170687199,0.01772553287446499,0.7928726077079773,0.049478016793727875,0.7928726077079773,0.049478016793727875,1538,6.271258592605591
0.010461659170687199,0.01772553287446499,0.7928726077079773,0.049478016793727875,0.7928726077079773,0.049478016793727875,1539,6.271258592605591
0.010461659170687199,0.01772553287446499,0.7928726077079773,0.049478016793727875,0.7928726077079773,0.049478016793727875,1540,6.271258592605591
0.010461659170687199,0.01772553287446499,0.7928726077079773,0.049478016793727875,0.7928726077079773,0.049478016793727875,1541,6.287313222885132
0.010461659170687199,0.01772553287446499,0.7928726077079773,0.049478016793727875,0.7928726077079773,0.049478016793727875,1542,6.287313222885132
0.010461659170687199,0.01772553287446499,0.7928726077079773,0.049478016793727875,0.7928726077079773,0.049478016793727875,1543,6.287313222885132
0.010461659170687199,0.01772553287446499,0.7928726077079773,0.049478016793727875,0.7928726077079773,0.049478016793727875,1544,6.287313222885132
0.010461659170687199,0.01772553287446499,0.7928726077079773,0.049478016793727875,0.7928726077079773,0.049478016793727875,1545,6.303176403045654
0.010461659170687199,0.01772553287446499,0.7928726077079773,0.049478016793727875,0.7928726077079773,0.049478016793727875,1546,6.303176403045654
0.010461659170687199,0.01772553287446499,0.7928726077079773,0.049478016793727875,0.7928726077079773,0.049478016793727875,1547,6.303176403045654
0.010461659170687199,0.01772553287446499,0.7928726077079773,0.049478016793727875,0.7928726077079773,0.049478016793727875,1548,6.319070816040039
0.010461659170687199,0.01772553287446499,0.7928726077079773,0.049478016793727875,0.7928726077079773,0.049478016793727875,1549,6.319070816040039
0.010461659170687199,0.01772553287446499,0.7928726077079773,0.049478016793727875,0.7928726077079773,0.049478016793727875,1550,6.319070816040039
0.010461659170687199,0.01772553287446499,0.7928726077079773,0.049478016793727875,0.7928726077079773,0.049478016793727875,1551,6.356696367263794
0.010461659170687199,0.01772553287446499,0.7928726077079773,0.049478016793727875,0.7928726077079773,0.049478016793727875,1552,6.356696367263794
0.010461659170687199,0.01772553287446499,0.7928726077079773,0.049478016793727875,0.7928726077079773,0.049478016793727875,1553,6.356696367263794
0.010461659170687199,0.01772553287446499,0.7928726077079773,0.049478016793727875,0.7928726077079773,0.049478016793727875,1554,6.3673906326293945
0.010461659170687199,0.01772553287446499,0.7928726077079773,0.049478016793727875,0.7928726077079773,0.049478016793727875,1555,6.3673906326293945
0.010461659170687199,0.01772553287446499,0.7928726077079773,0.049478016793727875,0.7928726077079773,0.049478016793727875,1556,6.3673906326293945
0.010461659170687199,0.01772553287446499,0.7928726077079773,0.049478016793727875,0.7928726077079773,0.049478016793727875,1557,6.384433269500732
0.010461659170687199,0.01772553287446499,0.7928726077079773,0.049478016793727875,0.7928726077079773,0.049478016793727875,1558,6.384433269500732
0.010461659170687199,0.01772553287446499,0.7928726077079773,0.049478016793727875,0.7928726077079773,0.049478016793727875,1559,6.394128322601318
0.010461659170687199,0.01772553287446499,0.7928726077079773,0.049478016793727875,0.7928726077079773,0.049478016793727875,1560,6.394128322601318
0.010461659170687199,0.01772553287446499,0.7928726077079773,0.049478016793727875,0.7928726077079773,0.049478016793727875,1561,6.399313688278198
0.010461659170687199,0.01772553287446499,0.7928726077079773,0.049478016793727875,0.7928726077079773,0.049478016793727875,1562,6.399313688278198
0.010461659170687199,0.01772553287446499,0.7928726077079773,0.049478016793727875,0.7928726077079773,0.049478016793727875,1563,6.399313688278198
0.010461659170687199,0.01772553287446499,0.7928726077079773,0.049478016793727875,0.7928726077079773,0.049478016793727875,1564,6.415217399597168
0.010461659170687199,0.01772553287446499,0.7928726077079773,0.049478016793727875,0.7928726077079773,0.049478016793727875,1565,6.415217399597168
0.010461659170687199,0.01772553287446499,0.7928726077079773,0.049478016793727875,0.7928726077079773,0.049478016793727875,1566,6.415217399597168
0.010461659170687199,0.01772553287446499,0.7928726077079773,0.049478016793727875,0.7928726077079773,0.049478016793727875,1567,6.431206464767456
0.010461659170687199,0.01772553287446499,0.7928726077079773,0.049478016793727875,0.7928726077079773,0.049478016793727875,1568,6.431206464767456
0.010461659170687199,0.01772553287446499,0.7928726077079773,0.049478016793727875,0.7928726077079773,0.049478016793727875,1569,6.431206464767456
0.010461659170687199,0.01772553287446499,0.7928726077079773,0.049478016793727875,0.7928726077079773,0.049478016793727875,1570,6.447186708450317
0.010461659170687199,0.01772553287446499,0.7928726077079773,0.049478016793727875,0.7928726077079773,0.049478016793727875,1571,6.447186708450317
0.010461659170687199,0.01772553287446499,0.7928726077079773,0.049478016793727875,0.7928726077079773,0.049478016793727875,1572,6.447186708450317
0.010461659170687199,0.01772553287446499,0.7928726077079773,0.049478016793727875,0.7928726077079773,0.049478016793727875,1573,6.463212013244629
0.010461659170687199,0.01772553287446499,0.7928726077079773,0.049478016793727875,0.7928726077079773,0.049478016793727875,1574,6.463212013244629
0.010461659170687199,0.01772553287446499,0.7928726077079773,0.049478016793727875,0.7928726077079773,0.049478016793727875,1575,6.463212013244629
0.010461659170687199,0.01772553287446499,0.7928726077079773,0.049478016793727875,0.7928726077079773,0.049478016793727875,1576,6.479199171066284
0.010461659170687199,0.01772553287446499,0.7928726077079773,0.049478016793727875,0.7928726077079773,0.049478016793727875,1577,6.484448432922363
0.010461659170687199,0.01772553287446499,0.7928726077079773,0.049478016793727875,0.7928726077079773,0.049478016793727875,1578,6.484448432922363
0.010461659170687199,0.01772553287446499,0.7928726077079773,0.049478016793727875,0.7928726077079773,0.049478016793727875,1579,6.484448432922363
0.010461659170687199,0.01772553287446499,0.7928726077079773,0.049478016793727875,0.7928726077079773,0.049478016793727875,1580,6.495165109634399
0.010461659170687199,0.01772553287446499,0.7928726077079773,0.049478016793727875,0.7928726077079773,0.049478016793727875,1581,6.495165109634399
0.010461659170687199,0.01772553287446499,0.7928726077079773,0.049478016793727875,0.7928726077079773,0.049478016793727875,1582,6.509364128112793
0.010461659170687199,0.01772553287446499,0.7928726077079773,0.049478016793727875,0.7928726077079773,0.049478016793727875,1583,6.510480165481567
0.010461659170687199,0.01772553287446499,0.7928726077079773,0.049478016793727875,0.7928726077079773,0.049478016793727875,1584,6.510480165481567
0.010461659170687199,0.01772553287446499,0.7928726077079773,0.049478016793727875,0.7928726077079773,0.049478016793727875,1585,6.510480165481567
0.010461659170687199,0.01772553287446499,0.7928726077079773,0.049478016793727875,0.7928726077079773,0.049478016793727875,1586,6.528732776641846
0.010461659170687199,0.01772553287446499,0.7928726077079773,0.049478016793727875,0.7928726077079773,0.049478016793727875,1587,6.5324084758758545
0.010461659170687199,0.01772553287446499,0.7928726077079773,0.049478016793727875,0.7928726077079773,0.049478016793727875,1588,6.538333177566528
0.010461659170687199,0.01772553287446499,0.7928726077079773,0.049478016793727875,0.7928726077079773,0.049478016793727875,1589,6.542125701904297
0.010461659170687199,0.01772553287446499,0.7928726077079773,0.049478016793727875,0.7928726077079773,0.049478016793727875,1590,6.542125701904297
0.010461659170687199,0.01772553287446499,0.7928726077079773,0.049478016793727875,0.7928726077079773,0.049478016793727875,1591,6.542125701904297
0.010461659170687199,0.01772553287446499,0.7928726077079773,0.049478016793727875,0.7928726077079773,0.049478016793727875,1592,6.557996034622192
0.010461659170687199,0.01772553287446499,0.7928726077079773,0.049478016793727875,0.7928726077079773,0.049478016793727875,1593,6.557996034622192
0.010461659170687199,0.01772553287446499,0.7928726077079773,0.049478016793727875,0.7928726077079773,0.049478016793727875,1594,6.557996034622192
0.010461659170687199,0.01772553287446499,0.7928726077079773,0.049478016793727875,0.7928726077079773,0.049478016793727875,1595,6.557996034622192
0.010461659170687199,0.01772553287446499,0.7928726077079773,0.049478016793727875,0.7928726077079773,0.049478016793727875,1596,6.557996034622192
0.010461659170687199,0.01772553287446499,0.7928726077079773,0.049478016793727875,0.7928726077079773,0.049478016793727875,1597,6.573872327804565
0.010461659170687199,0.01772553287446499,0.7928726077079773,0.049478016793727875,0.7928726077079773,0.049478016793727875,1598,6.573872327804565
0.010461659170687199,0.01772553287446499,0.7928726077079773,0.049478016793727875,0.7928726077079773,0.049478016793727875,1599,6.573872327804565
0.010461659170687199,0.01772553287446499,0.7928726077079773,0.049478016793727875,0.7928726077079773,0.049478016793727875,1600,6.584644794464111
0.010461659170687199,0.01772553287446499,0.7928726077079773,0.049478016793727875,0.7928726077079773,0.049478016793727875,1601,6.584644794464111
0.010461659170687199,0.01772553287446499,0.7928726077079773,0.049478016793727875,0.7928726077079773,0.049478016793727875,1602,6.589863538742065
0.010461659170687199,0.01772553287446499,0.7928726077079773,0.049478016793727875,0.7928726077079773,0.049478016793727875,1603,6.5950963497161865
0.010461659170687199,0.01772553287446499,0.7928726077079773,0.049478016793727875,0.7928726077079773,0.049478016793727875,1604,6.5950963497161865
0.010461659170687199,0.01772553287446499,0.7928726077079773,0.049478016793727875,0.7928726077079773,0.049478016793727875,1605,6.5950963497161865
0.010461659170687199,0.01772553287446499,0.7928726077079773,0.049478016793727875,0.7928726077079773,0.049478016793727875,1606,6.605757713317871
0.010461659170687199,0.01772553287446499,0.7928726077079773,0.049478016793727875,0.7928726077079773,0.049478016793727875,1607,6.605757713317871
0.010461659170687199,0.01772553287446499,0.7928726077079773,0.049478016793727875,0.7928726077079773,0.049478016793727875,1608,6.605757713317871
0.010461659170687199,0.01772553287446499,0.7928726077079773,0.049478016793727875,0.7928726077079773,0.049478016793727875,1609,6.605757713317871
0.010461659170687199,0.01772553287446499,0.7928726077079773,0.049478016793727875,0.7928726077079773,0.049478016793727875,1610,6.605757713317871
0.010461659170687199,0.01772553287446499,0.7928726077079773,0.049478016793727875,0.7928726077079773,0.049478016793727875,1611,6.622237205505371
0.010461659170687199,0.01772553287446499,0.7928726077079773,0.049478016793727875,0.7928726077079773,0.049478016793727875,1612,6.622237205505371
0.010461659170687199,0.01772553287446499,0.7928726077079773,0.049478016793727875,0.7928726077079773,0.049478016793727875,1613,6.622237205505371
0.010461659170687199,0.01772553287446499,0.7928726077079773,0.049478016793727875,0.7928726077079773,0.049478016793727875,1614,6.622237205505371
0.010461659170687199,0.01772553287446499,0.7928726077079773,0.049478016793727875,0.7928726077079773,0.049478016793727875,1615,6.63979959487915
0.010461659170687199,0.01772553287446499,0.7928726077079773,0.049478016793727875,0.7928726077079773,0.049478016793727875,1616,6.6451640129089355
0.010461659170687199,0.01772553287446499,0.7928726077079773,0.049478016793727875,0.7928726077079773,0.049478016793727875,1617,6.6500890254974365
0.010461659170687199,0.01772553287446499,0.7928726077079773,0.049478016793727875,0.7928726077079773,0.049478016793727875,1618,6.654678106307983
0.010461659170687199,0.01772553287446499,0.7928726077079773,0.049478016793727875,0.7928726077079773,0.049478016793727875,1619,6.659325361251831
0.010461659170687199,0.01772553287446499,0.7928726077079773,0.049478016793727875,0.7928726077079773,0.049478016793727875,1620,6.662022113800049
0.010461659170687199,0.01772553287446499,0.7928726077079773,0.049478016793727875,0.7928726077079773,0.049478016793727875,1621,6.666506052017212
0.010461659170687199,0.01772553287446499,0.7928726077079773,0.049478016793727875,0.7928726077079773,0.049478016793727875,1622,6.669169902801514
0.010461659170687199,0.01772553287446499,0.7928726077079773,0.049478016793727875,0.7928726077079773,0.049478016793727875,1623,6.669169902801514
0.010461659170687199,0.01772553287446499,0.7928726077079773,0.049478016793727875,0.7928726077079773,0.049478016793727875,1624,6.669169902801514
0.010461659170687199,0.01772553287446499,0.7928726077079773,0.049478016793727875,0.7928726077079773,0.049478016793727875,1625,6.669169902801514
0.010461659170687199,0.01772553287446499,0.7928726077079773,0.049478016793727875,0.7928726077079773,0.049478016793727875,1626,6.688467741012573
0.010461659170687199,0.01772553287446499,0.7928726077079773,0.049478016793727875,0.7928726077079773,0.049478016793727875,1627,6.692481756210327
0.010461659170687199,0.01772553287446499,0.7928726077079773,0.049478016793727875,0.7928726077079773,0.049478016793727875,1628,6.696496486663818
0.010461659170687199,0.01772553287446499,0.7928726077079773,0.049478016793727875,0.7928726077079773,0.049478016793727875,1629,6.702200412750244
0.010461659170687199,0.01772553287446499,0.7928726077079773,0.049478016793727875,0.7928726077079773,0.049478016793727875,1630,6.703031778335571
0.010461659170687199,0.01772553287446499,0.7928726077079773,0.049478016793727875,0.7928726077079773,0.049478016793727875,1631,6.703031778335571
0.010461659170687199,0.01772553287446499,0.7928726077079773,0.049478016793727875,0.7928726077079773,0.049478016793727875,1632,6.703031778335571
0.010461659170687199,0.01772553287446499,0.7928726077079773,0.049478016793727875,0.7928726077079773,0.049478016793727875,1633,6.716588735580444
0.010461659170687199,0.01772553287446499,0.7928726077079773,0.049478016793727875,0.7928726077079773,0.049478016793727875,1634,6.719854116439819
0.010461659170687199,0.01772553287446499,0.7928726077079773,0.049478016793727875,0.7928726077079773,0.049478016793727875,1635,6.724726676940918
0.010461659170687199,0.01772553287446499,0.7928726077079773,0.049478016793727875,0.7928726077079773,0.049478016793727875,1636,6.726346969604492
0.010461659170687199,0.01772553287446499,0.7928726077079773,0.049478016793727875,0.7928726077079773,0.049478016793727875,1637,6.732519865036011
0.010461659170687199,0.01772553287446499,0.7928726077079773,0.049478016793727875,0.7928726077079773,0.049478016793727875,1638,6.732519865036011
0.010461659170687199,0.01772553287446499,0.7928726077079773,0.049478016793727875,0.7928726077079773,0.049478016793727875,1639,6.732519865036011
0.010461659170687199,0.01772553287446499,0.7928726077079773,0.049478016793727875,0.7928726077079773,0.049478016793727875,1640,6.742396354675293
0.010461659170687199,0.01772553287446499,0.7928726077079773,0.049478016793727875,0.7928726077079773,0.049478016793727875,1641,6.742396354675293
0.010461659170687199,0.01772553287446499,0.7928726077079773,0.049478016793727875,0.7928726077079773,0.049478016793727875,1642,6.7485809326171875
0.010461659170687199,0.01772553287446499,0.7928726077079773,0.049478016793727875,0.7928726077079773,0.049478016793727875,1643,6.7485809326171875
0.010461659170687199,0.01772553287446499,0.7928726077079773,0.049478016793727875,0.7928726077079773,0.049478016793727875,1644,6.756869316101074
0.010461659170687199,0.01772553287446499,0.7928726077079773,0.049478016793727875,0.7928726077079773,0.049478016793727875,1645,6.7590367794036865
0.010461659170687199,0.01772553287446499,0.7928726077079773,0.049478016793727875,0.7928726077079773,0.049478016793727875,1646,6.764728784561157
0.010461659170687199,0.01772553287446499,0.7928726077079773,0.049478016793727875,0.7928726077079773,0.049478016793727875,1647,6.764728784561157
0.010461659170687199,0.01772553287446499,0.7928726077079773,0.049478016793727875,0.7928726077079773,0.049478016793727875,1648,6.77197527885437
0.010461659170687199,0.01772553287446499,0.7928726077079773,0.049478016793727875,0.7928726077079773,0.049478016793727875,1649,6.77197527885437
0.010461659170687199,0.01772553287446499,0.7928726077079773,0.049478016793727875,0.7928726077079773,0.049478016793727875,1650,6.77197527885437
0.010461659170687199,0.01772553287446499,0.7928726077079773,0.049478016793727875,0.7928726077079773,0.049478016793727875,1651,6.78100061416626
0.010461659170687199,0.01772553287446499,0.7928726077079773,0.049478016793727875,0.7928726077079773,0.049478016793727875,1652,6.785108327865601
0.010461659170687199,0.01772553287446499,0.7928726077079773,0.049478016793727875,0.7928726077079773,0.049478016793727875,1653,6.785108327865601
0.010461659170687199,0.01772553287446499,0.7928726077079773,0.049478016793727875,0.7928726077079773,0.049478016793727875,1654,6.79582405090332
0.010461659170687199,0.01772553287446499,0.7928726077079773,0.049478016793727875,0.7928726077079773,0.049478016793727875,1655,6.79582405090332
0.010461659170687199,0.01772553287446499,0.7928726077079773,0.049478016793727875,0.7928726077079773,0.049478016793727875,1656,6.79582405090332
0.010461659170687199,0.01772553287446499,0.7928726077079773,0.049478016793727875,0.7928726077079773,0.049478016793727875,1657,6.79582405090332
0.010461659170687199,0.01772553287446499,0.7928726077079773,0.049478016793727875,0.7928726077079773,0.049478016793727875,1658,6.811754941940308
0.010461659170687199,0.01772553287446499,0.7928726077079773,0.049478016793727875,0.7928726077079773,0.049478016793727875,1659,6.811754941940308
0.010461659170687199,0.01772553287446499,0.7928726077079773,0.049478016793727875,0.7928726077079773,0.049478016793727875,1660,6.82249903678894
0.010461659170687199,0.01772553287446499,0.7928726077079773,0.049478016793727875,0.7928726077079773,0.049478016793727875,1661,6.82249903678894
0.010461659170687199,0.01772553287446499,0.7928726077079773,0.049478016793727875,0.7928726077079773,0.049478016793727875,1662,6.830908298492432
0.010461659170687199,0.01772553287446499,0.7928726077079773,0.049478016793727875,0.7928726077079773,0.049478016793727875,1663,6.830908298492432
0.010461659170687199,0.01772553287446499,0.7928726077079773,0.049478016793727875,0.7928726077079773,0.049478016793727875,1664,6.830908298492432
0.010461659170687199,0.01772553287446499,0.7928726077079773,0.049478016793727875,0.7928726077079773,0.049478016793727875,1665,6.830908298492432
0.010461659170687199,0.01772553287446499,0.7928726077079773,0.049478016793727875,0.7928726077079773,0.049478016793727875,1666,6.843567848205566
0.010461659170687199,0.01772553287446499,0.7928726077079773,0.049478016793727875,0.7928726077079773,0.049478016793727875,1667,6.843567848205566
0.010461659170687199,0.01772553287446499,0.7928726077079773,0.049478016793727875,0.7928726077079773,0.049478016793727875,1668,6.843567848205566
0.010461659170687199,0.01772553287446499,0.7928726077079773,0.049478016793727875,0.7928726077079773,0.049478016793727875,1669,6.843567848205566
0.010461659170687199,0.01772553287446499,0.7928726077079773,0.049478016793727875,0.7928726077079773,0.049478016793727875,1670,6.860773801803589
0.010461659170687199,0.01772553287446499,0.7928726077079773,0.049478016793727875,0.7928726077079773,0.049478016793727875,1671,6.860773801803589
0.010461659170687199,0.01772553287446499,0.7928726077079773,0.049478016793727875,0.7928726077079773,0.049478016793727875,1672,6.860773801803589
0.010461659170687199,0.01772553287446499,0.7928726077079773,0.049478016793727875,0.7928726077079773,0.049478016793727875,1673,6.860773801803589
0.010461659170687199,0.01772553287446499,0.7928726077079773,0.049478016793727875,0.7928726077079773,0.049478016793727875,1674,6.874805212020874
0.010461659170687199,0.01772553287446499,0.7928726077079773,0.049478016793727875,0.7928726077079773,0.049478016793727875,1675,6.874805212020874
0.010461659170687199,0.01772553287446499,0.7928726077079773,0.049478016793727875,0.7928726077079773,0.049478016793727875,1676,6.874805212020874
0.010461659170687199,0.01772553287446499,0.7928726077079773,0.049478016793727875,0.7928726077079773,0.049478016793727875,1677,6.885532379150391
0.010461659170687199,0.01772553287446499,0.7928726077079773,0.049478016793727875,0.7928726077079773,0.049478016793727875,1678,6.8907551765441895
0.010461659170687199,0.01772553287446499,0.7928726077079773,0.049478016793727875,0.7928726077079773,0.049478016793727875,1679,6.8907551765441895
0.010461659170687199,0.01772553287446499,0.7928726077079773,0.049478016793727875,0.7928726077079773,0.049478016793727875,1680,6.8907551765441895
0.010461659170687199,0.01772553287446499,0.7928726077079773,0.049478016793727875,0.7928726077079773,0.049478016793727875,1681,6.8907551765441895
0.010461659170687199,0.01772553287446499,0.7928726077079773,0.049478016793727875,0.7928726077079773,0.049478016793727875,1682,6.90661096572876
0.010461659170687199,0.01772553287446499,0.7928726077079773,0.049478016793727875,0.7928726077079773,0.049478016793727875,1683,6.90661096572876
0.010461659170687199,0.01772553287446499,0.7928726077079773,0.049478016793727875,0.7928726077079773,0.049478016793727875,1684,6.911889553070068
0.010461659170687199,0.01772553287446499,0.7928726077079773,0.049478016793727875,0.7928726077079773,0.049478016793727875,1685,6.911889553070068
0.010461659170687199,0.01772553287446499,0.7928726077079773,0.049478016793727875,0.7928726077079773,0.049478016793727875,1686,6.923356056213379
0.010461659170687199,0.01772553287446499,0.7928726077079773,0.049478016793727875,0.7928726077079773,0.049478016793727875,1687,6.923356056213379
0.010461659170687199,0.01772553287446499,0.7928726077079773,0.049478016793727875,0.7928726077079773,0.049478016793727875,1688,6.923356056213379
0.010461659170687199,0.01772553287446499,0.7928726077079773,0.049478016793727875,0.7928726077079773,0.049478016793727875,1689,6.938542127609253
0.010461659170687199,0.01772553287446499,0.7928726077079773,0.049478016793727875,0.7928726077079773,0.049478016793727875,1690,6.942256450653076
0.010461659170687199,0.01772553287446499,0.7928726077079773,0.049478016793727875,0.7928726077079773,0.049478016793727875,1691,6.942256450653076
0.010461659170687199,0.01772553287446499,0.7928726077079773,0.049478016793727875,0.7928726077079773,0.049478016793727875,1692,6.942256450653076
0.010461659170687199,0.01772553287446499,0.7928726077079773,0.049478016793727875,0.7928726077079773,0.049478016793727875,1693,6.954485654830933
0.010461659170687199,0.01772553287446499,0.7928726077079773,0.049478016793727875,0.7928726077079773,0.049478016793727875,1694,6.954485654830933
0.010461659170687199,0.01772553287446499,0.7928726077079773,0.049478016793727875,0.7928726077079773,0.049478016793727875,1695,6.954485654830933
0.010461659170687199,0.01772553287446499,0.7928726077079773,0.049478016793727875,0.7928726077079773,0.049478016793727875,1696,6.954485654830933
0.010461659170687199,0.01772553287446499,0.7928726077079773,0.049478016793727875,0.7928726077079773,0.049478016793727875,1697,6.970346927642822
0.010461659170687199,0.01772553287446499,0.7928726077079773,0.049478016793727875,0.7928726077079773,0.049478016793727875,1698,6.970346927642822
0.010461659170687199,0.01772553287446499,0.7928726077079773,0.049478016793727875,0.7928726077079773,0.049478016793727875,1699,6.970346927642822
0.010461659170687199,0.01772553287446499,0.7928726077079773,0.049478016793727875,0.7928726077079773,0.049478016793727875,1700,6.970346927642822
0.010461659170687199,0.01772553287446499,0.7928726077079773,0.049478016793727875,0.7928726077079773,0.049478016793727875,1701,6.985619068145752
0.010461659170687199,0.01772553287446499,0.7928726077079773,0.049478016793727875,0.7928726077079773,0.049478016793727875,1702,6.985619068145752
0.010461659170687199,0.01772553287446499,0.7928726077079773,0.049478016793727875,0.7928726077079773,0.049478016793727875,1703,6.996415853500366
0.010461659170687199,0.01772553287446499,0.7928726077079773,0.049478016793727875,0.7928726077079773,0.049478016793727875,1704,7.001636981964111
0.010461659170687199,0.01772553287446499,0.7928726077079773,0.049478016793727875,0.7928726077079773,0.049478016793727875,1705,7.001636981964111
0.010461659170687199,0.01772553287446499,0.7928726077079773,0.049478016793727875,0.7928726077079773,0.049478016793727875,1706,7.001636981964111
0.010461659170687199,0.01772553287446499,0.7928726077079773,0.049478016793727875,0.7928726077079773,0.049478016793727875,1707,7.001636981964111
0.010461659170687199,0.01772553287446499,0.7928726077079773,0.049478016793727875,0.7928726077079773,0.049478016793727875,1708,7.017550468444824
0.010461659170687199,0.01772553287446499,0.7928726077079773,0.049478016793727875,0.7928726077079773,0.049478016793727875,1709,7.017550468444824
0.010461659170687199,0.01772553287446499,0.7928726077079773,0.049478016793727875,0.7928726077079773,0.049478016793727875,1710,7.017550468444824
0.010461659170687199,0.01772553287446499,0.7928726077079773,0.049478016793727875,0.7928726077079773,0.049478016793727875,1711,7.0334153175354
0.010461659170687199,0.01772553287446499,0.7928726077079773,0.049478016793727875,0.7928726077079773,0.049478016793727875,1712,7.0334153175354
0.010461659170687199,0.01772553287446499,0.7928726077079773,0.049478016793727875,0.7928726077079773,0.049478016793727875,1713,7.0334153175354
0.010461659170687199,0.01772553287446499,0.7928726077079773,0.049478016793727875,0.7928726077079773,0.049478016793727875,1714,7.0334153175354
0.010461659170687199,0.01772553287446499,0.7928726077079773,0.049478016793727875,0.7928726077079773,0.049478016793727875,1715,7.049322843551636
0.010461659170687199,0.01772553287446499,0.7928726077079773,0.049478016793727875,0.7928726077079773,0.049478016793727875,1716,7.049322843551636
0.010461659170687199,0.01772553287446499,0.7928726077079773,0.049478016793727875,0.7928726077079773,0.049478016793727875,1717,7.059834241867065
0.010461659170687199,0.01772553287446499,0.7928726077079773,0.049478016793727875,0.7928726077079773,0.049478016793727875,1718,7.065533638000488
0.010461659170687199,0.01772553287446499,0.7928726077079773,0.049478016793727875,0.7928726077079773,0.049478016793727875,1719,7.065533638000488
0.010461659170687199,0.01772553287446499,0.7928726077079773,0.049478016793727875,0.7928726077079773,0.049478016793727875,1720,7.065533638000488
0.010461659170687199,0.01772553287446499,0.7928726077079773,0.049478016793727875,0.7928726077079773,0.049478016793727875,1721,7.065533638000488
0.010461659170687199,0.01772553287446499,0.7928726077079773,0.049478016793727875,0.7928726077079773,0.049478016793727875,1722,7.085838079452515
0.010461659170687199,0.01772553287446499,0.7928726077079773,0.049478016793727875,0.7928726077079773,0.049478016793727875,1723,7.085838079452515
0.010461659170687199,0.01772553287446499,0.7928726077079773,0.049478016793727875,0.7928726077079773,0.049478016793727875,1724,7.085838079452515
0.010461659170687199,0.01772553287446499,0.7928726077079773,0.049478016793727875,0.7928726077079773,0.049478016793727875,1725,7.097538709640503
0.010461659170687199,0.01772553287446499,0.7928726077079773,0.049478016793727875,0.7928726077079773,0.049478016793727875,1726,7.097538709640503
0.010461659170687199,0.01772553287446499,0.7928726077079773,0.049478016793727875,0.7928726077079773,0.049478016793727875,1727,7.097538709640503
0.010461659170687199,0.01772553287446499,0.7928726077079773,0.049478016793727875,0.7928726077079773,0.049478016793727875,1728,7.113487482070923
0.010461659170687199,0.01772553287446499,0.7928726077079773,0.049478016793727875,0.7928726077079773,0.049478016793727875,1729,7.113487482070923
0.010461659170687199,0.01772553287446499,0.7928726077079773,0.049478016793727875,0.7928726077079773,0.049478016793727875,1730,7.113487482070923
0.010461659170687199,0.01772553287446499,0.7928726077079773,0.049478016793727875,0.7928726077079773,0.049478016793727875,1731,7.113487482070923
0.010461659170687199,0.01772553287446499,0.7928726077079773,0.049478016793727875,0.7928726077079773,0.049478016793727875,1732,7.129361152648926
0.010461659170687199,0.01772553287446499,0.7928726077079773,0.049478016793727875,0.7928726077079773,0.049478016793727875,1733,7.129361152648926
0.010461659170687199,0.01772553287446499,0.7928726077079773,0.049478016793727875,0.7928726077079773,0.049478016793727875,1734,7.129361152648926
0.010461659170687199,0.01772553287446499,0.7928726077079773,0.049478016793727875,0.7928726077079773,0.049478016793727875,1735,7.145326614379883
0.010461659170687199,0.01772553287446499,0.7928726077079773,0.049478016793727875,0.7928726077079773,0.049478016793727875,1736,7.146653890609741
0.010461659170687199,0.01772553287446499,0.7928726077079773,0.049478016793727875,0.7928726077079773,0.049478016793727875,1737,7.15335750579834
0.010461659170687199,0.01772553287446499,0.7928726077079773,0.049478016793727875,0.7928726077079773,0.049478016793727875,1738,7.15335750579834
0.010461659170687199,0.01772553287446499,0.7928726077079773,0.049478016793727875,0.7928726077079773,0.049478016793727875,1739,7.161623954772949
0.010461659170687199,0.01772553287446499,0.7928726077079773,0.049478016793727875,0.7928726077079773,0.049478016793727875,1740,7.161623954772949
0.010461659170687199,0.01772553287446499,0.7928726077079773,0.049478016793727875,0.7928726077079773,0.049478016793727875,1741,7.169924020767212
0.010461659170687199,0.01772553287446499,0.7928726077079773,0.049478016793727875,0.7928726077079773,0.049478016793727875,1742,7.169924020767212
0.010461659170687199,0.01772553287446499,0.7928726077079773,0.049478016793727875,0.7928726077079773,0.049478016793727875,1743,7.169924020767212
0.010461659170687199,0.01772553287446499,0.7928726077079773,0.049478016793727875,0.7928726077079773,0.049478016793727875,1744,7.186051607131958
0.010461659170687199,0.01772553287446499,0.7928726077079773,0.049478016793727875,0.7928726077079773,0.049478016793727875,1745,7.186051607131958
0.010461659170687199,0.01772553287446499,0.7928726077079773,0.049478016793727875,0.7928726077079773,0.049478016793727875,1746,7.186051607131958
0.010461659170687199,0.01772553287446499,0.7928726077079773,0.049478016793727875,0.7928726077079773,0.049478016793727875,1747,7.1982667446136475
0.010461659170687199,0.01772553287446499,0.7928726077079773,0.049478016793727875,0.7928726077079773,0.049478016793727875,1748,7.201971769332886
0.010461659170687199,0.01772553287446499,0.7928726077079773,0.049478016793727875,0.7928726077079773,0.049478016793727875,1749,7.201971769332886
0.010461659170687199,0.01772553287446499,0.7928726077079773,0.049478016793727875,0.7928726077079773,0.049478016793727875,1750,7.201971769332886
0.010461659170687199,0.01772553287446499,0.7928726077079773,0.049478016793727875,0.7928726077079773,0.049478016793727875,1751,7.217885255813599
0.010461659170687199,0.01772553287446499,0.7928726077079773,0.049478016793727875,0.7928726077079773,0.049478016793727875,1752,7.217885255813599
0.010461659170687199,0.01772553287446499,0.7928726077079773,0.049478016793727875,0.7928726077079773,0.049478016793727875,1753,7.217885255813599
0.010461659170687199,0.01772553287446499,0.7928726077079773,0.049478016793727875,0.7928726077079773,0.049478016793727875,1754,7.217885255813599
0.010461659170687199,0.01772553287446499,0.7928726077079773,0.049478016793727875,0.7928726077079773,0.049478016793727875,1755,7.233843803405762
0.010461659170687199,0.01772553287446499,0.7928726077079773,0.049478016793727875,0.7928726077079773,0.049478016793727875,1756,7.233843803405762
0.010461659170687199,0.01772553287446499,0.7928726077079773,0.049478016793727875,0.7928726077079773,0.049478016793727875,1757,7.233843803405762
0.010461659170687199,0.01772553287446499,0.7928726077079773,0.049478016793727875,0.7928726077079773,0.049478016793727875,1758,7.2497313022613525
0.010461659170687199,0.01772553287446499,0.7928726077079773,0.049478016793727875,0.7928726077079773,0.049478016793727875,1759,7.2497313022613525
0.010461659170687199,0.01772553287446499,0.7928726077079773,0.049478016793727875,0.7928726077079773,0.049478016793727875,1760,7.2497313022613525
0.010461659170687199,0.01772553287446499,0.7928726077079773,0.049478016793727875,0.7928726077079773,0.049478016793727875,1761,7.2497313022613525
0.010461659170687199,0.01772553287446499,0.7928726077079773,0.049478016793727875,0.7928726077079773,0.049478016793727875,1762,7.265687704086304
0.010461659170687199,0.01772553287446499,0.7928726077079773,0.049478016793727875,0.7928726077079773,0.049478016793727875,1763,7.265687704086304
0.010461659170687199,0.01772553287446499,0.7928726077079773,0.049478016793727875,0.7928726077079773,0.049478016793727875,1764,7.265687704086304
0.010461659170687199,0.01772553287446499,0.7928726077079773,0.049478016793727875,0.7928726077079773,0.049478016793727875,1765,7.281580924987793
0.010461659170687199,0.01772553287446499,0.7928726077079773,0.049478016793727875,0.7928726077079773,0.049478016793727875,1766,7.286390781402588
0.010461659170687199,0.01772553287446499,0.7928726077079773,0.049478016793727875,0.7928726077079773,0.049478016793727875,1767,7.286390781402588
0.010461659170687199,0.01772553287446499,0.7928726077079773,0.049478016793727875,0.7928726077079773,0.049478016793727875,1768,7.286390781402588
0.010461659170687199,0.01772553287446499,0.7928726077079773,0.049478016793727875,0.7928726077079773,0.049478016793727875,1769,7.297570705413818
0.010461659170687199,0.01772553287446499,0.7928726077079773,0.049478016793727875,0.7928726077079773,0.049478016793727875,1770,7.297570705413818
0.010461659170687199,0.01772553287446499,0.7928726077079773,0.049478016793727875,0.7928726077079773,0.049478016793727875,1771,7.297570705413818
0.010461659170687199,0.01772553287446499,0.7928726077079773,0.049478016793727875,0.7928726077079773,0.049478016793727875,1772,7.297570705413818
0.010461659170687199,0.01772553287446499,0.7928726077079773,0.049478016793727875,0.7928726077079773,0.049478016793727875,1773,7.313421726226807
0.010461659170687199,0.01772553287446499,0.7928726077079773,0.049478016793727875,0.7928726077079773,0.049478016793727875,1774,7.313421726226807
0.010461659170687199,0.01772553287446499,0.7928726077079773,0.049478016793727875,0.7928726077079773,0.049478016793727875,1775,7.313421726226807
0.010461659170687199,0.01772553287446499,0.7928726077079773,0.049478016793727875,0.7928726077079773,0.049478016793727875,1776,7.313421726226807
0.010461659170687199,0.01772553287446499,0.7928726077079773,0.049478016793727875,0.7928726077079773,0.049478016793727875,1777,7.329309701919556
0.010461659170687199,0.01772553287446499,0.7928726077079773,0.049478016793727875,0.7928726077079773,0.049478016793727875,1778,7.329309701919556
0.010461659170687199,0.01772553287446499,0.7928726077079773,0.049478016793727875,0.7928726077079773,0.049478016793727875,1779,7.329309701919556
0.010461659170687199,0.01772553287446499,0.7928726077079773,0.049478016793727875,0.7928726077079773,0.049478016793727875,1780,7.345447540283203
0.010461659170687199,0.01772553287446499,0.7928726077079773,0.049478016793727875,0.7928726077079773,0.049478016793727875,1781,7.345447540283203
0.010461659170687199,0.01772553287446499,0.7928726077079773,0.049478016793727875,0.7928726077079773,0.049478016793727875,1782,7.345447540283203
0.010461659170687199,0.01772553287446499,0.7928726077079773,0.049478016793727875,0.7928726077079773,0.049478016793727875,1783,7.357680082321167
0.010461659170687199,0.01772553287446499,0.7928726077079773,0.049478016793727875,0.7928726077079773,0.049478016793727875,1784,7.361366033554077
0.010461659170687199,0.01772553287446499,0.7928726077079773,0.049478016793727875,0.7928726077079773,0.049478016793727875,1785,7.361366033554077
0.010461659170687199,0.01772553287446499,0.7928726077079773,0.049478016793727875,0.7928726077079773,0.049478016793727875,1786,7.361366033554077
0.010461659170687199,0.01772553287446499,0.7928726077079773,0.049478016793727875,0.7928726077079773,0.049478016793727875,1787,7.377298355102539
0.010461659170687199,0.01772553287446499,0.7928726077079773,0.049478016793727875,0.7928726077079773,0.049478016793727875,1788,7.377298355102539
0.010461659170687199,0.01772553287446499,0.7928726077079773,0.049478016793727875,0.7928726077079773,0.049478016793727875,1789,7.386830568313599
0.010461659170687199,0.01772553287446499,0.7928726077079773,0.049478016793727875,0.7928726077079773,0.049478016793727875,1790,7.386830568313599
0.010461659170687199,0.01772553287446499,0.7928726077079773,0.049478016793727875,0.7928726077079773,0.049478016793727875,1791,7.393543481826782
0.010461659170687199,0.01772553287446499,0.7928726077079773,0.049478016793727875,0.7928726077079773,0.049478016793727875,1792,7.398830890655518
0.010461659170687199,0.01772553287446499,0.7928726077079773,0.049478016793727875,0.7928726077079773,0.049478016793727875,1793,7.398830890655518
0.010461659170687199,0.01772553287446499,0.7928726077079773,0.049478016793727875,0.7928726077079773,0.049478016793727875,1794,7.398830890655518
0.010461659170687199,0.01772553287446499,0.7928726077079773,0.049478016793727875,0.7928726077079773,0.049478016793727875,1795,7.409531831741333
0.010461659170687199,0.01772553287446499,0.7928726077079773,0.049478016793727875,0.7928726077079773,0.049478016793727875,1796,7.409531831741333
0.010461659170687199,0.01772553287446499,0.7928726077079773,0.049478016793727875,0.7928726077079773,0.049478016793727875,1797,7.409531831741333
0.010461659170687199,0.01772553287446499,0.7928726077079773,0.049478016793727875,0.7928726077079773,0.049478016793727875,1798,7.409531831741333
0.010461659170687199,0.01772553287446499,0.7928726077079773,0.049478016793727875,0.7928726077079773,0.049478016793727875,1799,7.425385236740112
0.010461659170687199,0.01772553287446499,0.7928726077079773,0.049478016793727875,0.7928726077079773,0.049478016793727875,1800,7.425385236740112
0.010461659170687199,0.01772553287446499,0.7928726077079773,0.049478016793727875,0.7928726077079773,0.049478016793727875,1801,7.425385236740112
0.010461659170687199,0.01772553287446499,0.7928726077079773,0.049478016793727875,0.7928726077079773,0.049478016793727875,1802,7.441305637359619
0.010461659170687199,0.01772553287446499,0.7928726077079773,0.049478016793727875,0.7928726077079773,0.049478016793727875,1803,7.441305637359619
0.010461659170687199,0.01772553287446499,0.7928726077079773,0.049478016793727875,0.7928726077079773,0.049478016793727875,1804,7.457174777984619
0.010461659170687199,0.01772553287446499,0.7928726077079773,0.049478016793727875,0.7928726077079773,0.049478016793727875,1805,7.457174777984619
0.010461659170687199,0.01772553287446499,0.7928726077079773,0.049478016793727875,0.7928726077079773,0.049478016793727875,1806,7.457174777984619
0.010461659170687199,0.01772553287446499,0.7928726077079773,0.049478016793727875,0.7928726077079773,0.049478016793727875,1807,7.457174777984619
0.010461659170687199,0.01772553287446499,0.7928726077079773,0.049478016793727875,0.7928726077079773,0.049478016793727875,1808,7.4730799198150635
0.010461659170687199,0.01772553287446499,0.7928726077079773,0.049478016793727875,0.7928726077079773,0.049478016793727875,1809,7.4730799198150635
0.010461659170687199,0.01772553287446499,0.7928726077079773,0.049478016793727875,0.7928726077079773,0.049478016793727875,1810,7.4730799198150635
0.010461659170687199,0.01772553287446499,0.7928726077079773,0.049478016793727875,0.7928726077079773,0.049478016793727875,1811,7.48898983001709
0.010461659170687199,0.01772553287446499,0.7928726077079773,0.049478016793727875,0.7928726077079773,0.049478016793727875,1812,7.48898983001709
0.010461659170687199,0.01772553287446499,0.7928726077079773,0.049478016793727875,0.7928726077079773,0.049478016793727875,1813,7.503825426101685
0.010461659170687199,0.01772553287446499,0.7928726077079773,0.049478016793727875,0.7928726077079773,0.049478016793727875,1814,7.503825426101685
0.010461659170687199,0.01772553287446499,0.7928726077079773,0.049478016793727875,0.7928726077079773,0.049478016793727875,1815,7.5117974281311035
0.010461659170687199,0.01772553287446499,0.7928726077079773,0.049478016793727875,0.7928726077079773,0.049478016793727875,1816,7.5117974281311035
0.010461659170687199,0.01772553287446499,0.7928726077079773,0.049478016793727875,0.7928726077079773,0.049478016793727875,1817,7.519770622253418
0.010461659170687199,0.01772553287446499,0.7928726077079773,0.049478016793727875,0.7928726077079773,0.049478016793727875,1818,7.520856857299805
0.010461659170687199,0.01772553287446499,0.7928726077079773,0.049478016793727875,0.7928726077079773,0.049478016793727875,1819,7.527183532714844
0.010461659170687199,0.01772553287446499,0.7928726077079773,0.049478016793727875,0.7928726077079773,0.049478016793727875,1820,7.527183532714844
0.010461659170687199,0.01772553287446499,0.7928726077079773,0.049478016793727875,0.7928726077079773,0.049478016793727875,1821,7.536349534988403
0.010461659170687199,0.01772553287446499,0.7928726077079773,0.049478016793727875,0.7928726077079773,0.049478016793727875,1822,7.543163299560547
0.010461659170687199,0.01772553287446499,0.7928726077079773,0.049478016793727875,0.7928726077079773,0.049478016793727875,1823,7.5447070598602295
0.010461659170687199,0.01772553287446499,0.7928726077079773,0.049478016793727875,0.7928726077079773,0.049478016793727875,1824,7.551422119140625
0.010461659170687199,0.01772553287446499,0.7928726077079773,0.049478016793727875,0.7928726077079773,0.049478016793727875,1825,7.551422119140625
0.010461659170687199,0.01772553287446499,0.7928726077079773,0.049478016793727875,0.7928726077079773,0.049478016793727875,1826,7.551422119140625
0.010461659170687199,0.01772553287446499,0.7928726077079773,0.049478016793727875,0.7928726077079773,0.049478016793727875,1827,7.551422119140625
0.010461659170687199,0.01772553287446499,0.7928726077079773,0.049478016793727875,0.7928726077079773,0.049478016793727875,1828,7.567359209060669
0.010461659170687199,0.01772553287446499,0.7928726077079773,0.049478016793727875,0.7928726077079773,0.049478016793727875,1829,7.567359209060669
0.010461659170687199,0.01772553287446499,0.7928726077079773,0.049478016793727875,0.7928726077079773,0.049478016793727875,1830,7.567359209060669
0.010461659170687199,0.01772553287446499,0.7928726077079773,0.049478016793727875,0.7928726077079773,0.049478016793727875,1831,7.583269119262695
0.010461659170687199,0.01772553287446499,0.7928726077079773,0.049478016793727875,0.7928726077079773,0.049478016793727875,1832,7.587089776992798
0.010461659170687199,0.01772553287446499,0.7928726077079773,0.049478016793727875,0.7928726077079773,0.049478016793727875,1833,7.587089776992798
0.010461659170687199,0.01772553287446499,0.7928726077079773,0.049478016793727875,0.7928726077079773,0.049478016793727875,1834,7.59928297996521
0.010461659170687199,0.01772553287446499,0.7928726077079773,0.049478016793727875,0.7928726077079773,0.049478016793727875,1835,7.59928297996521
0.010461659170687199,0.01772553287446499,0.7928726077079773,0.049478016793727875,0.7928726077079773,0.049478016793727875,1836,7.59928297996521
0.010461659170687199,0.01772553287446499,0.7928726077079773,0.049478016793727875,0.7928726077079773,0.049478016793727875,1837,7.59928297996521
0.010461659170687199,0.01772553287446499,0.7928726077079773,0.049478016793727875,0.7928726077079773,0.049478016793727875,1838,7.615196704864502
0.010461659170687199,0.01772553287446499,0.7928726077079773,0.049478016793727875,0.7928726077079773,0.049478016793727875,1839,7.615196704864502
0.010461659170687199,0.01772553287446499,0.7928726077079773,0.049478016793727875,0.7928726077079773,0.049478016793727875,1840,7.615196704864502
0.010461659170687199,0.01772553287446499,0.7928726077079773,0.049478016793727875,0.7928726077079773,0.049478016793727875,1841,7.615196704864502
0.010461659170687199,0.01772553287446499,0.7928726077079773,0.049478016793727875,0.7928726077079773,0.049478016793727875,1842,7.6310999393463135
0.010461659170687199,0.01772553287446499,0.7928726077079773,0.049478016793727875,0.7928726077079773,0.049478016793727875,1843,7.6310999393463135
0.010461659170687199,0.01772553287446499,0.7928726077079773,0.049478016793727875,0.7928726077079773,0.049478016793727875,1844,7.6310999393463135
0.010461659170687199,0.01772553287446499,0.7928726077079773,0.049478016793727875,0.7928726077079773,0.049478016793727875,1845,7.647017955780029
0.010461659170687199,0.01772553287446499,0.7928726077079773,0.049478016793727875,0.7928726077079773,0.049478016793727875,1846,7.647017955780029
0.010461659170687199,0.01772553287446499,0.7928726077079773,0.049478016793727875,0.7928726077079773,0.049478016793727875,1847,7.647017955780029
0.010461659170687199,0.01772553287446499,0.7928726077079773,0.049478016793727875,0.7928726077079773,0.049478016793727875,1848,7.647017955780029
0.010461659170687199,0.01772553287446499,0.7928726077079773,0.049478016793727875,0.7928726077079773,0.049478016793727875,1849,7.662934064865112
0.010461659170687199,0.01772553287446499,0.7928726077079773,0.049478016793727875,0.7928726077079773,0.049478016793727875,1850,7.662934064865112
0.010461659170687199,0.01772553287446499,0.7928726077079773,0.049478016793727875,0.7928726077079773,0.049478016793727875,1851,7.662934064865112
0.010461659170687199,0.01772553287446499,0.7928726077079773,0.049478016793727875,0.7928726077079773,0.049478016793727875,1852,7.662934064865112
0.010461659170687199,0.01772553287446499,0.7928726077079773,0.049478016793727875,0.7928726077079773,0.049478016793727875,1853,7.680458307266235
0.010461659170687199,0.01772553287446499,0.7928726077079773,0.049478016793727875,0.7928726077079773,0.049478016793727875,1854,7.686978340148926
0.010461659170687199,0.01772553287446499,0.7928726077079773,0.049478016793727875,0.7928726077079773,0.049478016793727875,1855,7.686978340148926
0.010461659170687199,0.01772553287446499,0.7928726077079773,0.049478016793727875,0.7928726077079773,0.049478016793727875,1856,7.695194721221924
0.010461659170687199,0.01772553287446499,0.7928726077079773,0.049478016793727875,0.7928726077079773,0.049478016793727875,1857,7.695194721221924
0.010461659170687199,0.01772553287446499,0.7928726077079773,0.049478016793727875,0.7928726077079773,0.049478016793727875,1858,7.703461408615112
0.010461659170687199,0.01772553287446499,0.7928726077079773,0.049478016793727875,0.7928726077079773,0.049478016793727875,1859,7.703461408615112
0.010461659170687199,0.01772553287446499,0.7928726077079773,0.049478016793727875,0.7928726077079773,0.049478016793727875,1860,7.703461408615112
0.010461659170687199,0.01772553287446499,0.7928726077079773,0.049478016793727875,0.7928726077079773,0.049478016793727875,1861,7.719530820846558
0.010461659170687199,0.01772553287446499,0.7928726077079773,0.049478016793727875,0.7928726077079773,0.049478016793727875,1862,7.719530820846558
0.010461659170687199,0.01772553287446499,0.7928726077079773,0.049478016793727875,0.7928726077079773,0.049478016793727875,1863,7.728020668029785
0.010461659170687199,0.01772553287446499,0.7928726077079773,0.049478016793727875,0.7928726077079773,0.049478016793727875,1864,7.728020668029785
0.010461659170687199,0.01772553287446499,0.7928726077079773,0.049478016793727875,0.7928726077079773,0.049478016793727875,1865,7.735687017440796
0.010461659170687199,0.01772553287446499,0.7928726077079773,0.049478016793727875,0.7928726077079773,0.049478016793727875,1866,7.735687017440796
0.010461659170687199,0.01772553287446499,0.7928726077079773,0.049478016793727875,0.7928726077079773,0.049478016793727875,1867,7.746803522109985
0.010461659170687199,0.01772553287446499,0.7928726077079773,0.049478016793727875,0.7928726077079773,0.049478016793727875,1868,7.751492500305176
0.010461659170687199,0.01772553287446499,0.7928726077079773,0.049478016793727875,0.7928726077079773,0.049478016793727875,1869,7.760379791259766
0.010461659170687199,0.01772553287446499,0.7928726077079773,0.049478016793727875,0.7928726077079773,0.049478016793727875,1870,7.760379791259766
0.010461659170687199,0.01772553287446499,0.7928726077079773,0.049478016793727875,0.7928726077079773,0.049478016793727875,1871,7.767591953277588
0.010461659170687199,0.01772553287446499,0.7928726077079773,0.049478016793727875,0.7928726077079773,0.049478016793727875,1872,7.767591953277588
0.010461659170687199,0.01772553287446499,0.7928726077079773,0.049478016793727875,0.7928726077079773,0.049478016793727875,1873,7.767591953277588
0.010461659170687199,0.01772553287446499,0.7928726077079773,0.049478016793727875,0.7928726077079773,0.049478016793727875,1874,7.767591953277588
0.010461659170687199,0.01772553287446499,0.7928726077079773,0.049478016793727875,0.7928726077079773,0.049478016793727875,1875,7.78729248046875
0.010461659170687199,0.01772553287446499,0.7928726077079773,0.049478016793727875,0.7928726077079773,0.049478016793727875,1876,7.78729248046875
0.010461659170687199,0.01772553287446499,0.7928726077079773,0.049478016793727875,0.7928726077079773,0.049478016793727875,1877,7.78729248046875
0.010461659170687199,0.01772553287446499,0.7928726077079773,0.049478016793727875,0.7928726077079773,0.049478016793727875,1878,7.799991607666016
0.010461659170687199,0.01772553287446499,0.7928726077079773,0.049478016793727875,0.7928726077079773,0.049478016793727875,1879,7.799991607666016
0.010461659170687199,0.01772553287446499,0.7928726077079773,0.049478016793727875,0.7928726077079773,0.049478016793727875,1880,7.799991607666016
0.010461659170687199,0.01772553287446499,0.7928726077079773,0.049478016793727875,0.7928726077079773,0.049478016793727875,1881,7.8158605098724365
0.010461659170687199,0.01772553287446499,0.7928726077079773,0.049478016793727875,0.7928726077079773,0.049478016793727875,1882,7.8158605098724365
0.010461659170687199,0.01772553287446499,0.7928726077079773,0.049478016793727875,0.7928726077079773,0.049478016793727875,1883,7.8158605098724365
0.010461659170687199,0.01772553287446499,0.7928726077079773,0.049478016793727875,0.7928726077079773,0.049478016793727875,1884,7.8158605098724365
0.010461659170687199,0.01772553287446499,0.7928726077079773,0.049478016793727875,0.7928726077079773,0.049478016793727875,1885,7.832399129867554
0.010461659170687199,0.01772553287446499,0.7928726077079773,0.049478016793727875,0.7928726077079773,0.049478016793727875,1886,7.832399129867554
0.010461659170687199,0.01772553287446499,0.7928726077079773,0.049478016793727875,0.7928726077079773,0.049478016793727875,1887,7.832399129867554
0.010461659170687199,0.01772553287446499,0.7928726077079773,0.049478016793727875,0.7928726077079773,0.049478016793727875,1888,7.847093343734741
0.010461659170687199,0.01772553287446499,0.7928726077079773,0.049478016793727875,0.7928726077079773,0.049478016793727875,1889,7.847093343734741
0.010461659170687199,0.01772553287446499,0.7928726077079773,0.049478016793727875,0.7928726077079773,0.049478016793727875,1890,7.847093343734741
0.010461659170687199,0.01772553287446499,0.7928726077079773,0.049478016793727875,0.7928726077079773,0.049478016793727875,1891,7.863190650939941
0.010461659170687199,0.01772553287446499,0.7928726077079773,0.049478016793727875,0.7928726077079773,0.049478016793727875,1892,7.863190650939941
0.010461659170687199,0.01772553287446499,0.7928726077079773,0.049478016793727875,0.7928726077079773,0.049478016793727875,1893,7.863190650939941
0.010461659170687199,0.01772553287446499,0.7928726077079773,0.049478016793727875,0.7928726077079773,0.049478016793727875,1894,7.863190650939941
0.010461659170687199,0.01772553287446499,0.7928726077079773,0.049478016793727875,0.7928726077079773,0.049478016793727875,1895,7.879069805145264
0.010461659170687199,0.01772553287446499,0.7928726077079773,0.049478016793727875,0.7928726077079773,0.049478016793727875,1896,7.879069805145264
0.010461659170687199,0.01772553287446499,0.7928726077079773,0.049478016793727875,0.7928726077079773,0.049478016793727875,1897,7.88737940788269
0.010461659170687199,0.01772553287446499,0.7928726077079773,0.049478016793727875,0.7928726077079773,0.049478016793727875,1898,7.88737940788269
0.010461659170687199,0.01772553287446499,0.7928726077079773,0.049478016793727875,0.7928726077079773,0.049478016793727875,1899,7.896344184875488
0.010461659170687199,0.01772553287446499,0.7928726077079773,0.049478016793727875,0.7928726077079773,0.049478016793727875,1900,7.901105642318726
0.010461659170687199,0.01772553287446499,0.7928726077079773,0.049478016793727875,0.7928726077079773,0.049478016793727875,1901,7.902957916259766
0.010461659170687199,0.01772553287446499,0.7928726077079773,0.049478016793727875,0.7928726077079773,0.049478016793727875,1902,7.902957916259766
0.010461659170687199,0.01772553287446499,0.7928726077079773,0.049478016793727875,0.7928726077079773,0.049478016793727875,1903,7.91115927696228
0.010461659170687199,0.01772553287446499,0.7928726077079773,0.049478016793727875,0.7928726077079773,0.049478016793727875,1904,7.91115927696228
0.010461659170687199,0.01772553287446499,0.7928726077079773,0.049478016793727875,0.7928726077079773,0.049478016793727875,1905,7.944916486740112
0.010461659170687199,0.01772553287446499,0.7928726077079773,0.049478016793727875,0.7928726077079773,0.049478016793727875,1906,7.946767091751099
0.010461659170687199,0.01772553287446499,0.7928726077079773,0.049478016793727875,0.7928726077079773,0.049478016793727875,1907,7.946767091751099
0.010461659170687199,0.01772553287446499,0.7928726077079773,0.049478016793727875,0.7928726077079773,0.049478016793727875,1908,7.959463596343994
0.010461659170687199,0.01772553287446499,0.7928726077079773,0.049478016793727875,0.7928726077079773,0.049478016793727875,1909,7.959463596343994
0.010461659170687199,0.01772553287446499,0.7928726077079773,0.049478016793727875,0.7928726077079773,0.049478016793727875,1910,7.959463596343994
0.010461659170687199,0.01772553287446499,0.7928726077079773,0.049478016793727875,0.7928726077079773,0.049478016793727875,1911,7.959463596343994
0.010461659170687199,0.01772553287446499,0.7928726077079773,0.049478016793727875,0.7928726077079773,0.049478016793727875,1912,7.975337266921997
0.010461659170687199,0.01772553287446499,0.7928726077079773,0.049478016793727875,0.7928726077079773,0.049478016793727875,1913,7.975337266921997
0.010461659170687199,0.01772553287446499,0.7928726077079773,0.049478016793727875,0.7928726077079773,0.049478016793727875,1914,7.987616062164307
0.010461659170687199,0.01772553287446499,0.7928726077079773,0.049478016793727875,0.7928726077079773,0.049478016793727875,1915,7.991308927536011
0.010461659170687199,0.01772553287446499,0.7928726077079773,0.049478016793727875,0.7928726077079773,0.049478016793727875,1916,7.991308927536011
0.010461659170687199,0.01772553287446499,0.7928726077079773,0.049478016793727875,0.7928726077079773,0.049478016793727875,1917,8.00177788734436
0.010461659170687199,0.01772553287446499,0.7928726077079773,0.049478016793727875,0.7928726077079773,0.049478016793727875,1918,8.007444858551025
0.010461659170687199,0.01772553287446499,0.7928726077079773,0.049478016793727875,0.7928726077079773,0.049478016793727875,1919,8.007444858551025
0.010461659170687199,0.01772553287446499,0.7928726077079773,0.049478016793727875,0.7928726077079773,0.049478016793727875,1920,8.007444858551025
0.010461659170687199,0.01772553287446499,0.7928726077079773,0.049478016793727875,0.7928726077079773,0.049478016793727875,1921,8.007444858551025
0.010461659170687199,0.01772553287446499,0.7928726077079773,0.049478016793727875,0.7928726077079773,0.049478016793727875,1922,8.023303985595703
0.010461659170687199,0.01772553287446499,0.7928726077079773,0.049478016793727875,0.7928726077079773,0.049478016793727875,1923,8.023303985595703
0.010461659170687199,0.01772553287446499,0.7928726077079773,0.049478016793727875,0.7928726077079773,0.049478016793727875,1924,8.023303985595703
0.010461659170687199,0.01772553287446499,0.7928726077079773,0.049478016793727875,0.7928726077079773,0.049478016793727875,1925,8.039189100265503
0.010461659170687199,0.01772553287446499,0.7928726077079773,0.049478016793727875,0.7928726077079773,0.049478016793727875,1926,8.039189100265503
0.010461659170687199,0.01772553287446499,0.7928726077079773,0.049478016793727875,0.7928726077079773,0.049478016793727875,1927,8.039189100265503
0.010461659170687199,0.01772553287446499,0.7928726077079773,0.049478016793727875,0.7928726077079773,0.049478016793727875,1928,8.055070400238037
0.010461659170687199,0.01772553287446499,0.7928726077079773,0.049478016793727875,0.7928726077079773,0.049478016793727875,1929,8.060360670089722
0.010461659170687199,0.01772553287446499,0.7928726077079773,0.049478016793727875,0.7928726077079773,0.049478016793727875,1930,8.060360670089722
0.010461659170687199,0.01772553287446499,0.7928726077079773,0.049478016793727875,0.7928726077079773,0.049478016793727875,1931,8.071038961410522
0.010461659170687199,0.01772553287446499,0.7928726077079773,0.049478016793727875,0.7928726077079773,0.049478016793727875,1932,8.071038961410522
0.010461659170687199,0.01772553287446499,0.7928726077079773,0.049478016793727875,0.7928726077079773,0.049478016793727875,1933,8.071038961410522
0.010461659170687199,0.01772553287446499,0.7928726077079773,0.049478016793727875,0.7928726077079773,0.049478016793727875,1934,8.088038682937622
0.010461659170687199,0.01772553287446499,0.7928726077079773,0.049478016793727875,0.7928726077079773,0.049478016793727875,1935,8.088038682937622
0.010461659170687199,0.01772553287446499,0.7928726077079773,0.049478016793727875,0.7928726077079773,0.049478016793727875,1936,8.088038682937622
0.010461659170687199,0.01772553287446499,0.7928726077079773,0.049478016793727875,0.7928726077079773,0.049478016793727875,1937,8.088038682937622
0.010461659170687199,0.01772553287446499,0.7928726077079773,0.049478016793727875,0.7928726077079773,0.049478016793727875,1938,8.105310201644897
0.010461659170687199,0.01772553287446499,0.7928726077079773,0.049478016793727875,0.7928726077079773,0.049478016793727875,1939,8.105310201644897
0.010461659170687199,0.01772553287446499,0.7928726077079773,0.049478016793727875,0.7928726077079773,0.049478016793727875,1940,8.118678569793701
0.010461659170687199,0.01772553287446499,0.7928726077079773,0.049478016793727875,0.7928726077079773,0.049478016793727875,1941,8.118678569793701
0.010461659170687199,0.01772553287446499,0.7928726077079773,0.049478016793727875,0.7928726077079773,0.049478016793727875,1942,8.118678569793701
0.010461659170687199,0.01772553287446499,0.7928726077079773,0.049478016793727875,0.7928726077079773,0.049478016793727875,1943,8.1346116065979
0.010461659170687199,0.01772553287446499,0.7928726077079773,0.049478016793727875,0.7928726077079773,0.049478016793727875,1944,8.1346116065979
0.010461659170687199,0.01772553287446499,0.7928726077079773,0.049478016793727875,0.7928726077079773,0.049478016793727875,1945,8.146152257919312
0.010461659170687199,0.01772553287446499,0.7928726077079773,0.049478016793727875,0.7928726077079773,0.049478016793727875,1946,8.148045063018799
0.010461659170687199,0.01772553287446499,0.7928726077079773,0.049478016793727875,0.7928726077079773,0.049478016793727875,1947,8.152378797531128
0.010461659170687199,0.01772553287446499,0.7928726077079773,0.049478016793727875,0.7928726077079773,0.049478016793727875,1948,8.152378797531128
0.010461659170687199,0.01772553287446499,0.7928726077079773,0.049478016793727875,0.7928726077079773,0.049478016793727875,1949,8.157540082931519
0.010461659170687199,0.01772553287446499,0.7928726077079773,0.049478016793727875,0.7928726077079773,0.049478016793727875,1950,8.163004875183105
0.010461659170687199,0.01772553287446499,0.7928726077079773,0.049478016793727875,0.7928726077079773,0.049478016793727875,1951,8.168688535690308
0.010461659170687199,0.01772553287446499,0.7928726077079773,0.049478016793727875,0.7928726077079773,0.049478016793727875,1952,8.168688535690308
0.010461659170687199,0.01772553287446499,0.7928726077079773,0.049478016793727875,0.7928726077079773,0.049478016793727875,1953,8.173843145370483
0.010461659170687199,0.01772553287446499,0.7928726077079773,0.049478016793727875,0.7928726077079773,0.049478016793727875,1954,8.179252624511719
0.010461659170687199,0.01772553287446499,0.7928726077079773,0.049478016793727875,0.7928726077079773,0.049478016793727875,1955,8.182629108428955
0.010461659170687199,0.01772553287446499,0.7928726077079773,0.049478016793727875,0.7928726077079773,0.049478016793727875,1956,8.184770584106445
0.010461659170687199,0.01772553287446499,0.7928726077079773,0.049478016793727875,0.7928726077079773,0.049478016793727875,1957,8.188482999801636
0.010461659170687199,0.01772553287446499,0.7928726077079773,0.049478016793727875,0.7928726077079773,0.049478016793727875,1958,8.188482999801636
0.010461659170687199,0.01772553287446499,0.7928726077079773,0.049478016793727875,0.7928726077079773,0.049478016793727875,1959,8.188482999801636
0.010461659170687199,0.01772553287446499,0.7928726077079773,0.049478016793727875,0.7928726077079773,0.049478016793727875,1960,8.201307773590088
0.010461659170687199,0.01772553287446499,0.7928726077079773,0.049478016793727875,0.7928726077079773,0.049478016793727875,1961,8.203065156936646
0.010461659170687199,0.01772553287446499,0.7928726077079773,0.049478016793727875,0.7928726077079773,0.049478016793727875,1962,8.203065156936646
0.010461659170687199,0.01772553287446499,0.7928726077079773,0.049478016793727875,0.7928726077079773,0.049478016793727875,1963,8.21476125717163
0.010461659170687199,0.01772553287446499,0.7928726077079773,0.049478016793727875,0.7928726077079773,0.049478016793727875,1964,8.220420122146606
0.010461659170687199,0.01772553287446499,0.7928726077079773,0.049478016793727875,0.7928726077079773,0.049478016793727875,1965,8.223134756088257
0.010461659170687199,0.01772553287446499,0.7928726077079773,0.049478016793727875,0.7928726077079773,0.049478016793727875,1966,8.223134756088257
0.010461659170687199,0.01772553287446499,0.7928726077079773,0.049478016793727875,0.7928726077079773,0.049478016793727875,1967,8.231315612792969
0.010461659170687199,0.01772553287446499,0.7928726077079773,0.049478016793727875,0.7928726077079773,0.049478016793727875,1968,8.236634731292725
0.010461659170687199,0.01772553287446499,0.7928726077079773,0.049478016793727875,0.7928726077079773,0.049478016793727875,1969,8.236634731292725
0.010461659170687199,0.01772553287446499,0.7928726077079773,0.049478016793727875,0.7928726077079773,0.049478016793727875,1970,8.236634731292725
0.010461659170687199,0.01772553287446499,0.7928726077079773,0.049478016793727875,0.7928726077079773,0.049478016793727875,1971,8.24748158454895
0.010461659170687199,0.01772553287446499,0.7928726077079773,0.049478016793727875,0.7928726077079773,0.049478016793727875,1972,8.24748158454895
0.010461659170687199,0.01772553287446499,0.7928726077079773,0.049478016793727875,0.7928726077079773,0.049478016793727875,1973,8.24748158454895
0.010461659170687199,0.01772553287446499,0.7928726077079773,0.049478016793727875,0.7928726077079773,0.049478016793727875,1974,8.24748158454895
0.010461659170687199,0.01772553287446499,0.7928726077079773,0.049478016793727875,0.7928726077079773,0.049478016793727875,1975,8.26337456703186
0.010461659170687199,0.01772553287446499,0.7928726077079773,0.049478016793727875,0.7928726077079773,0.049478016793727875,1976,8.26337456703186
0.010461659170687199,0.01772553287446499,0.7928726077079773,0.049478016793727875,0.7928726077079773,0.049478016793727875,1977,8.26337456703186
0.010461659170687199,0.01772553287446499,0.7928726077079773,0.049478016793727875,0.7928726077079773,0.049478016793727875,1978,8.26337456703186
0.010461659170687199,0.01772553287446499,0.7928726077079773,0.049478016793727875,0.7928726077079773,0.049478016793727875,1979,8.279370546340942
0.010461659170687199,0.01772553287446499,0.7928726077079773,0.049478016793727875,0.7928726077079773,0.049478016793727875,1980,8.279370546340942
0.010461659170687199,0.01772553287446499,0.7928726077079773,0.049478016793727875,0.7928726077079773,0.049478016793727875,1981,8.288652896881104
0.010461659170687199,0.01772553287446499,0.7928726077079773,0.049478016793727875,0.7928726077079773,0.049478016793727875,1982,8.295350074768066
0.010461659170687199,0.01772553287446499,0.7928726077079773,0.049478016793727875,0.7928726077079773,0.049478016793727875,1983,8.295350074768066
0.010461659170687199,0.01772553287446499,0.7928726077079773,0.049478016793727875,0.7928726077079773,0.049478016793727875,1984,8.295350074768066
0.010461659170687199,0.01772553287446499,0.7928726077079773,0.049478016793727875,0.7928726077079773,0.049478016793727875,1985,8.295350074768066
0.010461659170687199,0.01772553287446499,0.7928726077079773,0.049478016793727875,0.7928726077079773,0.049478016793727875,1986,8.311296463012695
0.010461659170687199,0.01772553287446499,0.7928726077079773,0.049478016793727875,0.7928726077079773,0.049478016793727875,1987,8.311296463012695
0.010461659170687199,0.01772553287446499,0.7928726077079773,0.049478016793727875,0.7928726077079773,0.049478016793727875,1988,8.327394247055054
0.010461659170687199,0.01772553287446499,0.7928726077079773,0.049478016793727875,0.7928726077079773,0.049478016793727875,1989,8.327394247055054
0.010461659170687199,0.01772553287446499,0.7928726077079773,0.049478016793727875,0.7928726077079773,0.049478016793727875,1990,8.327394247055054
0.010461659170687199,0.01772553287446499,0.7928726077079773,0.049478016793727875,0.7928726077079773,0.049478016793727875,1991,8.327394247055054
0.010461659170687199,0.01772553287446499,0.7928726077079773,0.049478016793727875,0.7928726077079773,0.049478016793727875,1992,8.34339690208435
0.010461659170687199,0.01772553287446499,0.7928726077079773,0.049478016793727875,0.7928726077079773,0.049478016793727875,1993,8.34944748878479
0.010461659170687199,0.01772553287446499,0.7928726077079773,0.049478016793727875,0.7928726077079773,0.049478016793727875,1994,8.34944748878479
0.010461659170687199,0.01772553287446499,0.7928726077079773,0.049478016793727875,0.7928726077079773,0.049478016793727875,1995,8.359432220458984
0.010461659170687199,0.01772553287446499,0.7928726077079773,0.049478016793727875,0.7928726077079773,0.049478016793727875,1996,8.360544681549072
0.010461659170687199,0.01772553287446499,0.7928726077079773,0.049478016793727875,0.7928726077079773,0.049478016793727875,1997,8.360544681549072
0.010461659170687199,0.01772553287446499,0.7928726077079773,0.049478016793727875,0.7928726077079773,0.049478016793727875,1998,8.374731302261353
0.010461659170687199,0.01772553287446499,0.7928726077079773,0.049478016793727875,0.7928726077079773,0.049478016793727875,1999,8.374731302261353
0.010461659170687199,0.01772553287446499,0.7928726077079773,0.049478016793727875,0.7928726077079773,0.049478016793727875,2000,8.374731302261353
0.010461659170687199,0.01772553287446499,0.7928726077079773,0.049478016793727875,0.7928726077079773,0.049478016793727875,2001,8.390889644622803
0.010461659170687199,0.01772553287446499,0.7928726077079773,0.049478016793727875,0.7928726077079773,0.049478016793727875,2002,8.390889644622803
0.010461659170687199,0.01772553287446499,0.7928726077079773,0.049478016793727875,0.7928726077079773,0.049478016793727875,2003,8.390889644622803
0.010461659170687199,0.01772553287446499,0.7928726077079773,0.049478016793727875,0.7928726077079773,0.049478016793727875,2004,8.403106927871704
0.010461659170687199,0.01772553287446499,0.7928726077079773,0.049478016793727875,0.7928726077079773,0.049478016793727875,2005,8.406789541244507
0.010461659170687199,0.01772553287446499,0.7928726077079773,0.049478016793727875,0.7928726077079773,0.049478016793727875,2006,8.406789541244507
0.010461659170687199,0.01772553287446499,0.7928726077079773,0.049478016793727875,0.7928726077079773,0.049478016793727875,2007,8.406789541244507
0.010461659170687199,0.01772553287446499,0.7928726077079773,0.049478016793727875,0.7928726077079773,0.049478016793727875,2008,8.422635793685913
0.010461659170687199,0.01772553287446499,0.7928726077079773,0.049478016793727875,0.7928726077079773,0.049478016793727875,2009,8.422635793685913
0.010461659170687199,0.01772553287446499,0.7928726077079773,0.049478016793727875,0.7928726077079773,0.049478016793727875,2010,8.422635793685913
0.010461659170687199,0.01772553287446499,0.7928726077079773,0.049478016793727875,0.7928726077079773,0.049478016793727875,2011,8.422635793685913
0.010461659170687199,0.01772553287446499,0.7928726077079773,0.049478016793727875,0.7928726077079773,0.049478016793727875,2012,8.438501596450806
0.010461659170687199,0.01772553287446499,0.7928726077079773,0.049478016793727875,0.7928726077079773,0.049478016793727875,2013,8.438501596450806
0.010461659170687199,0.01772553287446499,0.7928726077079773,0.049478016793727875,0.7928726077079773,0.049478016793727875,2014,8.438501596450806
0.010461659170687199,0.01772553287446499,0.7928726077079773,0.049478016793727875,0.7928726077079773,0.049478016793727875,2015,8.454365491867065
0.010461659170687199,0.01772553287446499,0.7928726077079773,0.049478016793727875,0.7928726077079773,0.049478016793727875,2016,8.454365491867065
0.010461659170687199,0.01772553287446499,0.7928726077079773,0.049478016793727875,0.7928726077079773,0.049478016793727875,2017,8.454365491867065
0.010461659170687199,0.01772553287446499,0.7928726077079773,0.049478016793727875,0.7928726077079773,0.049478016793727875,2018,8.454365491867065
0.010461659170687199,0.01772553287446499,0.7928726077079773,0.049478016793727875,0.7928726077079773,0.049478016793727875,2019,8.47030520439148
0.010461659170687199,0.01772553287446499,0.7928726077079773,0.049478016793727875,0.7928726077079773,0.049478016793727875,2020,8.4864661693573
0.010461659170687199,0.01772553287446499,0.7928726077079773,0.049478016793727875,0.7928726077079773,0.049478016793727875,2021,8.489257097244263
0.010461659170687199,0.01772553287446499,0.7928726077079773,0.049478016793727875,0.7928726077079773,0.049478016793727875,2022,8.489257097244263
0.010461659170687199,0.01772553287446499,0.7928726077079773,0.049478016793727875,0.7928726077079773,0.049478016793727875,2023,8.489257097244263
0.010461659170687199,0.01772553287446499,0.7928726077079773,0.049478016793727875,0.7928726077079773,0.049478016793727875,2024,8.502433061599731
0.010461659170687199,0.01772553287446499,0.7928726077079773,0.049478016793727875,0.7928726077079773,0.049478016793727875,2025,8.509910821914673
0.010461659170687199,0.01772553287446499,0.7928726077079773,0.049478016793727875,0.7928726077079773,0.049478016793727875,2026,8.512100219726562
0.010461659170687199,0.01772553287446499,0.7928726077079773,0.049478016793727875,0.7928726077079773,0.049478016793727875,2027,8.518293619155884
0.010461659170687199,0.01772553287446499,0.7928726077079773,0.049478016793727875,0.7928726077079773,0.049478016793727875,2028,8.518293619155884
0.010461659170687199,0.01772553287446499,0.7928726077079773,0.049478016793727875,0.7928726077079773,0.049478016793727875,2029,8.518293619155884
0.010461659170687199,0.01772553287446499,0.7928726077079773,0.049478016793727875,0.7928726077079773,0.049478016793727875,2030,8.534198760986328
0.010461659170687199,0.01772553287446499,0.7928726077079773,0.049478016793727875,0.7928726077079773,0.049478016793727875,2031,8.534198760986328
0.010461659170687199,0.01772553287446499,0.7928726077079773,0.049478016793727875,0.7928726077079773,0.049478016793727875,2032,8.534198760986328
0.010461659170687199,0.01772553287446499,0.7928726077079773,0.049478016793727875,0.7928726077079773,0.049478016793727875,2033,8.550174474716187
0.010461659170687199,0.01772553287446499,0.7928726077079773,0.049478016793727875,0.7928726077079773,0.049478016793727875,2034,8.550174474716187
0.010461659170687199,0.01772553287446499,0.7928726077079773,0.049478016793727875,0.7928726077079773,0.049478016793727875,2035,8.550174474716187
0.010461659170687199,0.01772553287446499,0.7928726077079773,0.049478016793727875,0.7928726077079773,0.049478016793727875,2036,8.566275358200073
0.010461659170687199,0.01772553287446499,0.7928726077079773,0.049478016793727875,0.7928726077079773,0.049478016793727875,2037,8.566275358200073
0.010461659170687199,0.01772553287446499,0.7928726077079773,0.049478016793727875,0.7928726077079773,0.049478016793727875,2038,8.566275358200073
0.010461659170687199,0.01772553287446499,0.7928726077079773,0.049478016793727875,0.7928726077079773,0.049478016793727875,2039,8.582210540771484
0.010461659170687199,0.01772553287446499,0.7928726077079773,0.049478016793727875,0.7928726077079773,0.049478016793727875,2040,8.58952283859253
0.010461659170687199,0.01772553287446499,0.7928726077079773,0.049478016793727875,0.7928726077079773,0.049478016793727875,2041,8.58952283859253
0.010461659170687199,0.01772553287446499,0.7928726077079773,0.049478016793727875,0.7928726077079773,0.049478016793727875,2042,8.598254919052124
0.010461659170687199,0.01772553287446499,0.7928726077079773,0.049478016793727875,0.7928726077079773,0.049478016793727875,2043,8.603612899780273
0.010461659170687199,0.01772553287446499,0.7928726077079773,0.049478016793727875,0.7928726077079773,0.049478016793727875,2044,8.603612899780273
0.010461659170687199,0.01772553287446499,0.7928726077079773,0.049478016793727875,0.7928726077079773,0.049478016793727875,2045,8.614333152770996
0.010461659170687199,0.01772553287446499,0.7928726077079773,0.049478016793727875,0.7928726077079773,0.049478016793727875,2046,8.614333152770996
0.010461659170687199,0.01772553287446499,0.7928726077079773,0.049478016793727875,0.7928726077079773,0.049478016793727875,2047,8.614333152770996
0.010461659170687199,0.01772553287446499,0.7928726077079773,0.049478016793727875,0.7928726077079773,0.049478016793727875,2048,8.630236864089966
0.010461659170687199,0.01772553287446499,0.7928726077079773,0.049478016793727875,0.7928726077079773,0.049478016793727875,2049,8.630236864089966
0.010461659170687199,0.01772553287446499,0.7928726077079773,0.049478016793727875,0.7928726077079773,0.049478016793727875,2050,8.630236864089966
0.010461659170687199,0.01772553287446499,0.7928726077079773,0.049478016793727875,0.7928726077079773,0.049478016793727875,2051,8.630236864089966
0.010461659170687199,0.01772553287446499,0.7928726077079773,0.049478016793727875,0.7928726077079773,0.049478016793727875,2052,8.646208763122559
0.010461659170687199,0.01772553287446499,0.7928726077079773,0.049478016793727875,0.7928726077079773,0.049478016793727875,2053,8.646208763122559
0.010461659170687199,0.01772553287446499,0.7928726077079773,0.049478016793727875,0.7928726077079773,0.049478016793727875,2054,8.646208763122559
0.010461659170687199,0.01772553287446499,0.7928726077079773,0.049478016793727875,0.7928726077079773,0.049478016793727875,2055,8.662133932113647
0.010461659170687199,0.01772553287446499,0.7928726077079773,0.049478016793727875,0.7928726077079773,0.049478016793727875,2056,8.662133932113647
0.010461659170687199,0.01772553287446499,0.7928726077079773,0.049478016793727875,0.7928726077079773,0.049478016793727875,2057,8.662133932113647
0.010461659170687199,0.01772553287446499,0.7928726077079773,0.049478016793727875,0.7928726077079773,0.049478016793727875,2058,8.662133932113647
0.010461659170687199,0.01772553287446499,0.7928726077079773,0.049478016793727875,0.7928726077079773,0.049478016793727875,2059,8.678123712539673
0.010461659170687199,0.01772553287446499,0.7928726077079773,0.049478016793727875,0.7928726077079773,0.049478016793727875,2060,8.678123712539673
0.010461659170687199,0.01772553287446499,0.7928726077079773,0.049478016793727875,0.7928726077079773,0.049478016793727875,2061,8.68991231918335
0.010461659170687199,0.01772553287446499,0.7928726077079773,0.049478016793727875,0.7928726077079773,0.049478016793727875,2062,8.69413709640503
0.010461659170687199,0.01772553287446499,0.7928726077079773,0.049478016793727875,0.7928726077079773,0.049478016793727875,2063,8.69413709640503
0.010461659170687199,0.01772553287446499,0.7928726077079773,0.049478016793727875,0.7928726077079773,0.049478016793727875,2064,8.69413709640503
0.010461659170687199,0.01772553287446499,0.7928726077079773,0.049478016793727875,0.7928726077079773,0.049478016793727875,2065,8.71003794670105
0.010461659170687199,0.01772553287446499,0.7928726077079773,0.049478016793727875,0.7928726077079773,0.049478016793727875,2066,8.71003794670105
0.010461659170687199,0.01772553287446499,0.7928726077079773,0.049478016793727875,0.7928726077079773,0.049478016793727875,2067,8.71003794670105
0.010461659170687199,0.01772553287446499,0.7928726077079773,0.049478016793727875,0.7928726077079773,0.049478016793727875,2068,8.71003794670105
0.010461659170687199,0.01772553287446499,0.7928726077079773,0.049478016793727875,0.7928726077079773,0.049478016793727875,2069,8.728128433227539
0.010461659170687199,0.01772553287446499,0.7928726077079773,0.049478016793727875,0.7928726077079773,0.049478016793727875,2070,8.728128433227539
0.010461659170687199,0.01772553287446499,0.7928726077079773,0.049478016793727875,0.7928726077079773,0.049478016793727875,2071,8.728128433227539
0.010461659170687199,0.01772553287446499,0.7928726077079773,0.049478016793727875,0.7928726077079773,0.049478016793727875,2072,8.742563962936401
0.010461659170687199,0.01772553287446499,0.7928726077079773,0.049478016793727875,0.7928726077079773,0.049478016793727875,2073,8.742946863174438
0.010461659170687199,0.01772553287446499,0.7928726077079773,0.049478016793727875,0.7928726077079773,0.049478016793727875,2074,8.742946863174438
0.010461659170687199,0.01772553287446499,0.7928726077079773,0.049478016793727875,0.7928726077079773,0.049478016793727875,2075,8.753608226776123
0.010461659170687199,0.01772553287446499,0.7928726077079773,0.049478016793727875,0.7928726077079773,0.049478016793727875,2076,8.761733770370483
0.010461659170687199,0.01772553287446499,0.7928726077079773,0.049478016793727875,0.7928726077079773,0.049478016793727875,2077,8.761733770370483
0.010461659170687199,0.01772553287446499,0.7928726077079773,0.049478016793727875,0.7928726077079773,0.049478016793727875,2078,8.769787073135376
0.010461659170687199,0.01772553287446499,0.7928726077079773,0.049478016793727875,0.7928726077079773,0.049478016793727875,2079,8.769787073135376
0.010461659170687199,0.01772553287446499,0.7928726077079773,0.049478016793727875,0.7928726077079773,0.049478016793727875,2080,8.769787073135376
0.010461659170687199,0.01772553287446499,0.7928726077079773,0.049478016793727875,0.7928726077079773,0.049478016793727875,2081,8.769787073135376
0.010461659170687199,0.01772553287446499,0.7928726077079773,0.049478016793727875,0.7928726077079773,0.049478016793727875,2082,8.79001498222351
0.010461659170687199,0.01772553287446499,0.7928726077079773,0.049478016793727875,0.7928726077079773,0.049478016793727875,2083,8.79001498222351
0.010461659170687199,0.01772553287446499,0.7928726077079773,0.049478016793727875,0.7928726077079773,0.049478016793727875,2084,8.799703598022461
0.010461659170687199,0.01772553287446499,0.7928726077079773,0.049478016793727875,0.7928726077079773,0.049478016793727875,2085,8.804025888442993
0.010461659170687199,0.01772553287446499,0.7928726077079773,0.049478016793727875,0.7928726077079773,0.049478016793727875,2086,8.804025888442993
0.010461659170687199,0.01772553287446499,0.7928726077079773,0.049478016793727875,0.7928726077079773,0.049478016793727875,2087,8.804025888442993
0.010461659170687199,0.01772553287446499,0.7928726077079773,0.049478016793727875,0.7928726077079773,0.049478016793727875,2088,8.8177330493927
0.010461659170687199,0.01772553287446499,0.7928726077079773,0.049478016793727875,0.7928726077079773,0.049478016793727875,2089,8.8177330493927
0.010461659170687199,0.01772553287446499,0.7928726077079773,0.049478016793727875,0.7928726077079773,0.049478016793727875,2090,8.8177330493927
0.010461659170687199,0.01772553287446499,0.7928726077079773,0.049478016793727875,0.7928726077079773,0.049478016793727875,2091,8.832093715667725
0.010461659170687199,0.01772553287446499,0.7928726077079773,0.049478016793727875,0.7928726077079773,0.049478016793727875,2092,8.83397626876831
0.010461659170687199,0.01772553287446499,0.7928726077079773,0.049478016793727875,0.7928726077079773,0.049478016793727875,2093,8.83397626876831
0.010461659170687199,0.01772553287446499,0.7928726077079773,0.049478016793727875,0.7928726077079773,0.049478016793727875,2094,8.83397626876831
0.010461659170687199,0.01772553287446499,0.7928726077079773,0.049478016793727875,0.7928726077079773,0.049478016793727875,2095,8.849847793579102
0.010461659170687199,0.01772553287446499,0.7928726077079773,0.049478016793727875,0.7928726077079773,0.049478016793727875,2096,8.854965925216675
0.010461659170687199,0.01772553287446499,0.7928726077079773,0.049478016793727875,0.7928726077079773,0.049478016793727875,2097,8.858321189880371
0.010461659170687199,0.01772553287446499,0.7928726077079773,0.049478016793727875,0.7928726077079773,0.049478016793727875,2098,8.858321189880371
0.010461659170687199,0.01772553287446499,0.7928726077079773,0.049478016793727875,0.7928726077079773,0.049478016793727875,2099,8.864083528518677
0.010461659170687199,0.01772553287446499,0.7928726077079773,0.049478016793727875,0.7928726077079773,0.049478016793727875,2100,8.865961074829102
0.010461659170687199,0.01772553287446499,0.7928726077079773,0.049478016793727875,0.7928726077079773,0.049478016793727875,2101,8.865961074829102
0.010461659170687199,0.01772553287446499,0.7928726077079773,0.049478016793727875,0.7928726077079773,0.049478016793727875,2102,8.865961074829102
0.010461659170687199,0.01772553287446499,0.7928726077079773,0.049478016793727875,0.7928726077079773,0.049478016793727875,2103,8.865961074829102
0.010461659170687199,0.01772553287446499,0.7928726077079773,0.049478016793727875,0.7928726077079773,0.049478016793727875,2104,8.881785869598389
0.010461659170687199,0.01772553287446499,0.7928726077079773,0.049478016793727875,0.7928726077079773,0.049478016793727875,2105,8.881785869598389
0.010461659170687199,0.01772553287446499,0.7928726077079773,0.049478016793727875,0.7928726077079773,0.049478016793727875,2106,8.881785869598389
0.010461659170687199,0.01772553287446499,0.7928726077079773,0.049478016793727875,0.7928726077079773,0.049478016793727875,2107,8.890023946762085
0.010461659170687199,0.01772553287446499,0.7928726077079773,0.049478016793727875,0.7928726077079773,0.049478016793727875,2108,8.890023946762085
0.010461659170687199,0.01772553287446499,0.7928726077079773,0.049478016793727875,0.7928726077079773,0.049478016793727875,2109,8.897695541381836
0.010461659170687199,0.01772553287446499,0.7928726077079773,0.049478016793727875,0.7928726077079773,0.049478016793727875,2110,8.897695541381836
0.010461659170687199,0.01772553287446499,0.7928726077079773,0.049478016793727875,0.7928726077079773,0.049478016793727875,2111,8.897695541381836
0.010461659170687199,0.01772553287446499,0.7928726077079773,0.049478016793727875,0.7928726077079773,0.049478016793727875,2112,8.897695541381836
0.010461659170687199,0.01772553287446499,0.7928726077079773,0.049478016793727875,0.7928726077079773,0.049478016793727875,2113,8.913807392120361
0.010461659170687199,0.01772553287446499,0.7928726077079773,0.049478016793727875,0.7928726077079773,0.049478016793727875,2114,8.914678812026978
0.010461659170687199,0.01772553287446499,0.7928726077079773,0.049478016793727875,0.7928726077079773,0.049478016793727875,2115,8.914678812026978
0.010461659170687199,0.01772553287446499,0.7928726077079773,0.049478016793727875,0.7928726077079773,0.049478016793727875,2116,8.914678812026978
0.010461659170687199,0.01772553287446499,0.7928726077079773,0.049478016793727875,0.7928726077079773,0.049478016793727875,2117,8.928560256958008
0.010461659170687199,0.01772553287446499,0.7928726077079773,0.049478016793727875,0.7928726077079773,0.049478016793727875,2118,8.933191776275635
0.010461659170687199,0.01772553287446499,0.7928726077079773,0.049478016793727875,0.7928726077079773,0.049478016793727875,2119,8.937308073043823
0.010461659170687199,0.01772553287446499,0.7928726077079773,0.049478016793727875,0.7928726077079773,0.049478016793727875,2120,8.941185235977173
0.010461659170687199,0.01772553287446499,0.7928726077079773,0.049478016793727875,0.7928726077079773,0.049478016793727875,2121,8.946111679077148
0.010461659170687199,0.01772553287446499,0.7928726077079773,0.049478016793727875,0.7928726077079773,0.049478016793727875,2122,8.95047926902771
0.010461659170687199,0.01772553287446499,0.7928726077079773,0.049478016793727875,0.7928726077079773,0.049478016793727875,2123,8.955418109893799
0.010461659170687199,0.01772553287446499,0.7928726077079773,0.049478016793727875,0.7928726077079773,0.049478016793727875,2124,8.959959506988525
0.010461659170687199,0.01772553287446499,0.7928726077079773,0.049478016793727875,0.7928726077079773,0.049478016793727875,2125,8.963290214538574
0.010461659170687199,0.01772553287446499,0.7928726077079773,0.049478016793727875,0.7928726077079773,0.049478016793727875,2126,8.964752435684204
0.010461659170687199,0.01772553287446499,0.7928726077079773,0.049478016793727875,0.7928726077079773,0.049478016793727875,2127,8.964752435684204
0.010461659170687199,0.01772553287446499,0.7928726077079773,0.049478016793727875,0.7928726077079773,0.049478016793727875,2128,8.964752435684204
0.010461659170687199,0.01772553287446499,0.7928726077079773,0.049478016793727875,0.7928726077079773,0.049478016793727875,2129,8.979010343551636
0.010461659170687199,0.01772553287446499,0.7928726077079773,0.049478016793727875,0.7928726077079773,0.049478016793727875,2130,8.983659029006958
0.010461659170687199,0.01772553287446499,0.7928726077079773,0.049478016793727875,0.7928726077079773,0.049478016793727875,2131,8.985860109329224
0.010461659170687199,0.01772553287446499,0.7928726077079773,0.049478016793727875,0.7928726077079773,0.049478016793727875,2132,8.991868734359741
0.010461659170687199,0.01772553287446499,0.7928726077079773,0.049478016793727875,0.7928726077079773,0.049478016793727875,2133,8.994508028030396
0.010461659170687199,0.01772553287446499,0.7928726077079773,0.049478016793727875,0.7928726077079773,0.049478016793727875,2134,8.998119354248047
0.010461659170687199,0.01772553287446499,0.7928726077079773,0.049478016793727875,0.7928726077079773,0.049478016793727875,2135,8.99984073638916
0.010461659170687199,0.01772553287446499,0.7928726077079773,0.049478016793727875,0.7928726077079773,0.049478016793727875,2136,8.99984073638916
0.010461659170687199,0.01772553287446499,0.7928726077079773,0.049478016793727875,0.7928726077079773,0.049478016793727875,2137,9.009466886520386
0.010461659170687199,0.01772553287446499,0.7928726077079773,0.049478016793727875,0.7928726077079773,0.049478016793727875,2138,9.013822317123413
0.010461659170687199,0.01772553287446499,0.7928726077079773,0.049478016793727875,0.7928726077079773,0.049478016793727875,2139,9.018564701080322
0.010461659170687199,0.01772553287446499,0.7928726077079773,0.049478016793727875,0.7928726077079773,0.049478016793727875,2140,9.022908926010132
0.010461659170687199,0.01772553287446499,0.7928726077079773,0.049478016793727875,0.7928726077079773,0.049478016793727875,2141,9.026363849639893
0.010461659170687199,0.01772553287446499,0.7928726077079773,0.049478016793727875,0.7928726077079773,0.049478016793727875,2142,9.027885675430298
0.010461659170687199,0.01772553287446499,0.7928726077079773,0.049478016793727875,0.7928726077079773,0.049478016793727875,2143,9.027885675430298
0.010461659170687199,0.01772553287446499,0.7928726077079773,0.049478016793727875,0.7928726077079773,0.049478016793727875,2144,9.039048671722412
0.010461659170687199,0.01772553287446499,0.7928726077079773,0.049478016793727875,0.7928726077079773,0.049478016793727875,2145,9.039048671722412
0.010461659170687199,0.01772553287446499,0.7928726077079773,0.049478016793727875,0.7928726077079773,0.049478016793727875,2146,9.039048671722412
0.010461659170687199,0.01772553287446499,0.7928726077079773,0.049478016793727875,0.7928726077079773,0.049478016793727875,2147,9.039048671722412
0.010461659170687199,0.01772553287446499,0.7928726077079773,0.049478016793727875,0.7928726077079773,0.049478016793727875,2148,9.039048671722412
0.010461659170687199,0.01772553287446499,0.7928726077079773,0.049478016793727875,0.7928726077079773,0.049478016793727875,2149,9.054868936538696
0.010461659170687199,0.01772553287446499,0.7928726077079773,0.049478016793727875,0.7928726077079773,0.049478016793727875,2150,9.06008768081665
0.010461659170687199,0.01772553287446499,0.7928726077079773,0.049478016793727875,0.7928726077079773,0.049478016793727875,2151,9.061914682388306
0.010461659170687199,0.01772553287446499,0.7928726077079773,0.049478016793727875,0.7928726077079773,0.049478016793727875,2152,9.067595958709717
0.010461659170687199,0.01772553287446499,0.7928726077079773,0.049478016793727875,0.7928726077079773,0.049478016793727875,2153,9.072269916534424
0.010461659170687199,0.01772553287446499,0.7928726077079773,0.049478016793727875,0.7928726077079773,0.049478016793727875,2154,9.072269916534424
0.010461659170687199,0.01772553287446499,0.7928726077079773,0.049478016793727875,0.7928726077079773,0.049478016793727875,2155,9.072269916534424
0.010461659170687199,0.01772553287446499,0.7928726077079773,0.049478016793727875,0.7928726077079773,0.049478016793727875,2156,9.072269916534424
0.010461659170687199,0.01772553287446499,0.7928726077079773,0.049478016793727875,0.7928726077079773,0.049478016793727875,2157,9.090300798416138
0.010461659170687199,0.01772553287446499,0.7928726077079773,0.049478016793727875,0.7928726077079773,0.049478016793727875,2158,9.090300798416138
0.010461659170687199,0.01772553287446499,0.7928726077079773,0.049478016793727875,0.7928726077079773,0.049478016793727875,2159,9.090300798416138
0.010461659170687199,0.01772553287446499,0.7928726077079773,0.049478016793727875,0.7928726077079773,0.049478016793727875,2160,9.102968215942383
0.010461659170687199,0.01772553287446499,0.7928726077079773,0.049478016793727875,0.7928726077079773,0.049478016793727875,2161,9.102968215942383
0.010461659170687199,0.01772553287446499,0.7928726077079773,0.049478016793727875,0.7928726077079773,0.049478016793727875,2162,9.102968215942383
0.010461659170687199,0.01772553287446499,0.7928726077079773,0.049478016793727875,0.7928726077079773,0.049478016793727875,2163,9.102968215942383
0.010461659170687199,0.01772553287446499,0.7928726077079773,0.049478016793727875,0.7928726077079773,0.049478016793727875,2164,9.102968215942383
0.010461659170687199,0.01772553287446499,0.7928726077079773,0.049478016793727875,0.7928726077079773,0.049478016793727875,2165,9.118987321853638
0.010461659170687199,0.01772553287446499,0.7928726077079773,0.049478016793727875,0.7928726077079773,0.049478016793727875,2166,9.118987321853638
0.010461659170687199,0.01772553287446499,0.7928726077079773,0.049478016793727875,0.7928726077079773,0.049478016793727875,2167,9.118987321853638
0.010461659170687199,0.01772553287446499,0.7928726077079773,0.049478016793727875,0.7928726077079773,0.049478016793727875,2168,9.118987321853638
0.010461659170687199,0.01772553287446499,0.7928726077079773,0.049478016793727875,0.7928726077079773,0.049478016793727875,2169,9.118987321853638
0.010461659170687199,0.01772553287446499,0.7928726077079773,0.049478016793727875,0.7928726077079773,0.049478016793727875,2170,9.134159803390503
0.010461659170687199,0.01772553287446499,0.7928726077079773,0.049478016793727875,0.7928726077079773,0.049478016793727875,2171,9.134159803390503
0.010461659170687199,0.01772553287446499,0.7928726077079773,0.049478016793727875,0.7928726077079773,0.049478016793727875,2172,9.134159803390503
0.010461659170687199,0.01772553287446499,0.7928726077079773,0.049478016793727875,0.7928726077079773,0.049478016793727875,2173,9.134159803390503
0.010461659170687199,0.01772553287446499,0.7928726077079773,0.049478016793727875,0.7928726077079773,0.049478016793727875,2174,9.150069952011108
0.010461659170687199,0.01772553287446499,0.7928726077079773,0.049478016793727875,0.7928726077079773,0.049478016793727875,2175,9.150069952011108
0.010461659170687199,0.01772553287446499,0.7928726077079773,0.049478016793727875,0.7928726077079773,0.049478016793727875,2176,9.150069952011108
0.010461659170687199,0.01772553287446499,0.7928726077079773,0.049478016793727875,0.7928726077079773,0.049478016793727875,2177,9.166324615478516
0.010461659170687199,0.01772553287446499,0.7928726077079773,0.049478016793727875,0.7928726077079773,0.049478016793727875,2178,9.166324615478516
0.010461659170687199,0.01772553287446499,0.7928726077079773,0.049478016793727875,0.7928726077079773,0.049478016793727875,2179,9.166324615478516
0.010461659170687199,0.01772553287446499,0.7928726077079773,0.049478016793727875,0.7928726077079773,0.049478016793727875,2180,9.166324615478516
0.010461659170687199,0.01772553287446499,0.7928726077079773,0.049478016793727875,0.7928726077079773,0.049478016793727875,2181,9.182154893875122
0.010461659170687199,0.01772553287446499,0.7928726077079773,0.049478016793727875,0.7928726077079773,0.049478016793727875,2182,9.182154893875122
0.010461659170687199,0.01772553287446499,0.7928726077079773,0.049478016793727875,0.7928726077079773,0.049478016793727875,2183,9.182154893875122
0.010461659170687199,0.01772553287446499,0.7928726077079773,0.049478016793727875,0.7928726077079773,0.049478016793727875,2184,9.190414428710938
0.010461659170687199,0.01772553287446499,0.7928726077079773,0.049478016793727875,0.7928726077079773,0.049478016793727875,2185,9.190414428710938
0.010461659170687199,0.01772553287446499,0.7928726077079773,0.049478016793727875,0.7928726077079773,0.049478016793727875,2186,9.198110818862915
0.010461659170687199,0.01772553287446499,0.7928726077079773,0.049478016793727875,0.7928726077079773,0.049478016793727875,2187,9.198110818862915
0.010461659170687199,0.01772553287446499,0.7928726077079773,0.049478016793727875,0.7928726077079773,0.049478016793727875,2188,9.207491636276245
0.010461659170687199,0.01772553287446499,0.7928726077079773,0.049478016793727875,0.7928726077079773,0.049478016793727875,2189,9.207491636276245
0.010461659170687199,0.01772553287446499,0.7928726077079773,0.049478016793727875,0.7928726077079773,0.049478016793727875,2190,9.214155673980713
0.010461659170687199,0.01772553287446499,0.7928726077079773,0.049478016793727875,0.7928726077079773,0.049478016793727875,2191,9.214155673980713
0.010461659170687199,0.01772553287446499,0.7928726077079773,0.049478016793727875,0.7928726077079773,0.049478016793727875,2192,9.214155673980713
0.010461659170687199,0.01772553287446499,0.7928726077079773,0.049478016793727875,0.7928726077079773,0.049478016793727875,2193,9.214155673980713
0.010461659170687199,0.01772553287446499,0.7928726077079773,0.049478016793727875,0.7928726077079773,0.049478016793727875,2194,9.230248212814331
0.010461659170687199,0.01772553287446499,0.7928726077079773,0.049478016793727875,0.7928726077079773,0.049478016793727875,2195,9.230248212814331
0.010461659170687199,0.01772553287446499,0.7928726077079773,0.049478016793727875,0.7928726077079773,0.049478016793727875,2196,9.230248212814331
0.010461659170687199,0.01772553287446499,0.7928726077079773,0.049478016793727875,0.7928726077079773,0.049478016793727875,2197,9.247801065444946
0.010461659170687199,0.01772553287446499,0.7928726077079773,0.049478016793727875,0.7928726077079773,0.049478016793727875,2198,9.250689268112183
0.010461659170687199,0.01772553287446499,0.7928726077079773,0.049478016793727875,0.7928726077079773,0.049478016793727875,2199,9.25441598892212
0.010461659170687199,0.01772553287446499,0.7928726077079773,0.049478016793727875,0.7928726077079773,0.049478016793727875,2200,9.25441598892212
0.010461659170687199,0.01772553287446499,0.7928726077079773,0.049478016793727875,0.7928726077079773,0.049478016793727875,2201,9.262140989303589
0.010461659170687199,0.01772553287446499,0.7928726077079773,0.049478016793727875,0.7928726077079773,0.049478016793727875,2202,9.262140989303589
0.010461659170687199,0.01772553287446499,0.7928726077079773,0.049478016793727875,0.7928726077079773,0.049478016793727875,2203,9.262140989303589
0.010461659170687199,0.01772553287446499,0.7928726077079773,0.049478016793727875,0.7928726077079773,0.049478016793727875,2204,9.262140989303589
0.010461659170687199,0.01772553287446499,0.7928726077079773,0.049478016793727875,0.7928726077079773,0.049478016793727875,2205,9.279664039611816
0.010461659170687199,0.01772553287446499,0.7928726077079773,0.049478016793727875,0.7928726077079773,0.049478016793727875,2206,9.279664039611816
0.010461659170687199,0.01772553287446499,0.7928726077079773,0.049478016793727875,0.7928726077079773,0.049478016793727875,2207,9.303088903427124
0.010461659170687199,0.01772553287446499,0.7928726077079773,0.049478016793727875,0.7928726077079773,0.049478016793727875,2208,9.303088903427124
0.010461659170687199,0.01772553287446499,0.7928726077079773,0.049478016793727875,0.7928726077079773,0.049478016793727875,2209,9.303088903427124
0.010461659170687199,0.01772553287446499,0.7928726077079773,0.049478016793727875,0.7928726077079773,0.049478016793727875,2210,9.303088903427124
0.010461659170687199,0.01772553287446499,0.7928726077079773,0.049478016793727875,0.7928726077079773,0.049478016793727875,2211,9.319155216217041
0.010461659170687199,0.01772553287446499,0.7928726077079773,0.049478016793727875,0.7928726077079773,0.049478016793727875,2212,9.319155216217041
0.010461659170687199,0.01772553287446499,0.7928726077079773,0.049478016793727875,0.7928726077079773,0.049478016793727875,2213,9.319155216217041
0.010461659170687199,0.01772553287446499,0.7928726077079773,0.049478016793727875,0.7928726077079773,0.049478016793727875,2214,9.335053205490112
0.010461659170687199,0.01772553287446499,0.7928726077079773,0.049478016793727875,0.7928726077079773,0.049478016793727875,2215,9.335053205490112
0.010461659170687199,0.01772553287446499,0.7928726077079773,0.049478016793727875,0.7928726077079773,0.049478016793727875,2216,9.335053205490112
0.010461659170687199,0.01772553287446499,0.7928726077079773,0.049478016793727875,0.7928726077079773,0.049478016793727875,2217,9.335053205490112
0.010461659170687199,0.01772553287446499,0.7928726077079773,0.049478016793727875,0.7928726077079773,0.049478016793727875,2218,9.335053205490112
0.010461659170687199,0.01772553287446499,0.7928726077079773,0.049478016793727875,0.7928726077079773,0.049478016793727875,2219,9.350925207138062
0.010461659170687199,0.01772553287446499,0.7928726077079773,0.049478016793727875,0.7928726077079773,0.049478016793727875,2220,9.350925207138062
0.010461659170687199,0.01772553287446499,0.7928726077079773,0.049478016793727875,0.7928726077079773,0.049478016793727875,2221,9.350925207138062
0.010461659170687199,0.01772553287446499,0.7928726077079773,0.049478016793727875,0.7928726077079773,0.049478016793727875,2222,9.362138509750366
0.010461659170687199,0.01772553287446499,0.7928726077079773,0.049478016793727875,0.7928726077079773,0.049478016793727875,2223,9.364832878112793
0.010461659170687199,0.01772553287446499,0.7928726077079773,0.049478016793727875,0.7928726077079773,0.049478016793727875,2224,9.36671257019043
0.010461659170687199,0.01772553287446499,0.7928726077079773,0.049478016793727875,0.7928726077079773,0.049478016793727875,2225,9.36671257019043
0.010461659170687199,0.01772553287446499,0.7928726077079773,0.049478016793727875,0.7928726077079773,0.049478016793727875,2226,9.36671257019043
0.010461659170687199,0.01772553287446499,0.7928726077079773,0.049478016793727875,0.7928726077079773,0.049478016793727875,2227,9.36671257019043
0.010461659170687199,0.01772553287446499,0.7928726077079773,0.049478016793727875,0.7928726077079773,0.049478016793727875,2228,9.36671257019043
0.010461659170687199,0.01772553287446499,0.7928726077079773,0.049478016793727875,0.7928726077079773,0.049478016793727875,2229,9.382531642913818
0.010461659170687199,0.01772553287446499,0.7928726077079773,0.049478016793727875,0.7928726077079773,0.049478016793727875,2230,9.382531642913818
0.010461659170687199,0.01772553287446499,0.7928726077079773,0.049478016793727875,0.7928726077079773,0.049478016793727875,2231,9.382531642913818
0.010461659170687199,0.01772553287446499,0.7928726077079773,0.049478016793727875,0.7928726077079773,0.049478016793727875,2232,9.391239166259766
0.010461659170687199,0.01772553287446499,0.7928726077079773,0.049478016793727875,0.7928726077079773,0.049478016793727875,2233,9.391239166259766
0.010461659170687199,0.01772553287446499,0.7928726077079773,0.049478016793727875,0.7928726077079773,0.049478016793727875,2234,9.398426532745361
0.010461659170687199,0.01772553287446499,0.7928726077079773,0.049478016793727875,0.7928726077079773,0.049478016793727875,2235,9.398426532745361
0.010461659170687199,0.01772553287446499,0.7928726077079773,0.049478016793727875,0.7928726077079773,0.049478016793727875,2236,9.398426532745361
0.010461659170687199,0.01772553287446499,0.7928726077079773,0.049478016793727875,0.7928726077079773,0.049478016793727875,2237,9.40894103050232
0.010461659170687199,0.01772553287446499,0.7928726077079773,0.049478016793727875,0.7928726077079773,0.049478016793727875,2238,9.40894103050232
0.010461659170687199,0.01772553287446499,0.7928726077079773,0.049478016793727875,0.7928726077079773,0.049478016793727875,2239,9.41460657119751
0.010461659170687199,0.01772553287446499,0.7928726077079773,0.049478016793727875,0.7928726077079773,0.049478016793727875,2240,9.41460657119751
0.010461659170687199,0.01772553287446499,0.7928726077079773,0.049478016793727875,0.7928726077079773,0.049478016793727875,2241,9.41460657119751
0.010461659170687199,0.01772553287446499,0.7928726077079773,0.049478016793727875,0.7928726077079773,0.049478016793727875,2242,9.41460657119751
0.010461659170687199,0.01772553287446499,0.7928726077079773,0.049478016793727875,0.7928726077079773,0.049478016793727875,2243,9.41460657119751
0.010461659170687199,0.01772553287446499,0.7928726077079773,0.049478016793727875,0.7928726077079773,0.049478016793727875,2244,9.430453062057495
0.010461659170687199,0.01772553287446499,0.7928726077079773,0.049478016793727875,0.7928726077079773,0.049478016793727875,2245,9.430453062057495
0.010461659170687199,0.01772553287446499,0.7928726077079773,0.049478016793727875,0.7928726077079773,0.049478016793727875,2246,9.430453062057495
0.010461659170687199,0.01772553287446499,0.7928726077079773,0.049478016793727875,0.7928726077079773,0.049478016793727875,2247,9.430453062057495
0.010461659170687199,0.01772553287446499,0.7928726077079773,0.049478016793727875,0.7928726077079773,0.049478016793727875,2248,9.430453062057495
0.010461659170687199,0.01772553287446499,0.7928726077079773,0.049478016793727875,0.7928726077079773,0.049478016793727875,2249,9.430453062057495
0.010461659170687199,0.01772553287446499,0.7928726077079773,0.049478016793727875,0.7928726077079773,0.049478016793727875,2250,9.446312665939331
0.010461659170687199,0.01772553287446499,0.7928726077079773,0.049478016793727875,0.7928726077079773,0.049478016793727875,2251,9.446312665939331
0.010461659170687199,0.01772553287446499,0.7928726077079773,0.049478016793727875,0.7928726077079773,0.049478016793727875,2252,9.446312665939331
0.010461659170687199,0.01772553287446499,0.7928726077079773,0.049478016793727875,0.7928726077079773,0.049478016793727875,2253,9.446312665939331
0.010461659170687199,0.01772553287446499,0.7928726077079773,0.049478016793727875,0.7928726077079773,0.049478016793727875,2254,9.446312665939331
0.010461659170687199,0.01772553287446499,0.7928726077079773,0.049478016793727875,0.7928726077079773,0.049478016793727875,2255,9.462171077728271
0.010461659170687199,0.01772553287446499,0.7928726077079773,0.049478016793727875,0.7928726077079773,0.049478016793727875,2256,9.462171077728271
0.010461659170687199,0.01772553287446499,0.7928726077079773,0.049478016793727875,0.7928726077079773,0.049478016793727875,2257,9.462171077728271
0.010461659170687199,0.01772553287446499,0.7928726077079773,0.049478016793727875,0.7928726077079773,0.049478016793727875,2258,9.462171077728271
0.010461659170687199,0.01772553287446499,0.7928726077079773,0.049478016793727875,0.7928726077079773,0.049478016793727875,2259,9.462171077728271
0.010461659170687199,0.01772553287446499,0.7928726077079773,0.049478016793727875,0.7928726077079773,0.049478016793727875,2260,9.477997779846191
0.010461659170687199,0.01772553287446499,0.7928726077079773,0.049478016793727875,0.7928726077079773,0.049478016793727875,2261,9.477997779846191
0.010461659170687199,0.01772553287446499,0.7928726077079773,0.049478016793727875,0.7928726077079773,0.049478016793727875,2262,9.477997779846191
0.010461659170687199,0.01772553287446499,0.7928726077079773,0.049478016793727875,0.7928726077079773,0.049478016793727875,2263,9.477997779846191
0.010461659170687199,0.01772553287446499,0.7928726077079773,0.049478016793727875,0.7928726077079773,0.049478016793727875,2264,9.491207361221313
0.010461659170687199,0.01772553287446499,0.7928726077079773,0.049478016793727875,0.7928726077079773,0.049478016793727875,2265,9.493865489959717
0.010461659170687199,0.01772553287446499,0.7928726077079773,0.049478016793727875,0.7928726077079773,0.049478016793727875,2266,9.493865489959717
0.010461659170687199,0.01772553287446499,0.7928726077079773,0.049478016793727875,0.7928726077079773,0.049478016793727875,2267,9.493865489959717
0.010461659170687199,0.01772553287446499,0.7928726077079773,0.049478016793727875,0.7928726077079773,0.049478016793727875,2268,9.493865489959717
0.010461659170687199,0.01772553287446499,0.7928726077079773,0.049478016793727875,0.7928726077079773,0.049478016793727875,2269,9.512792587280273
0.010461659170687199,0.01772553287446499,0.7928726077079773,0.049478016793727875,0.7928726077079773,0.049478016793727875,2270,9.513907670974731
0.010461659170687199,0.01772553287446499,0.7928726077079773,0.049478016793727875,0.7928726077079773,0.049478016793727875,2271,9.513907670974731
0.010461659170687199,0.01772553287446499,0.7928726077079773,0.049478016793727875,0.7928726077079773,0.049478016793727875,2272,9.520364999771118
0.010461659170687199,0.01772553287446499,0.7928726077079773,0.049478016793727875,0.7928726077079773,0.049478016793727875,2273,9.520364999771118
0.010461659170687199,0.01772553287446499,0.7928726077079773,0.049478016793727875,0.7928726077079773,0.049478016793727875,2274,9.528109073638916
0.010461659170687199,0.01772553287446499,0.7928726077079773,0.049478016793727875,0.7928726077079773,0.049478016793727875,2275,9.528109073638916
0.010461659170687199,0.01772553287446499,0.7928726077079773,0.049478016793727875,0.7928726077079773,0.049478016793727875,2276,9.536940336227417
0.010461659170687199,0.01772553287446499,0.7928726077079773,0.049478016793727875,0.7928726077079773,0.049478016793727875,2277,9.536940336227417
0.010461659170687199,0.01772553287446499,0.7928726077079773,0.049478016793727875,0.7928726077079773,0.049478016793727875,2278,9.536940336227417
0.010461659170687199,0.01772553287446499,0.7928726077079773,0.049478016793727875,0.7928726077079773,0.049478016793727875,2279,9.544692277908325
0.010461659170687199,0.01772553287446499,0.7928726077079773,0.049478016793727875,0.7928726077079773,0.049478016793727875,2280,9.544692277908325
0.010461659170687199,0.01772553287446499,0.7928726077079773,0.049478016793727875,0.7928726077079773,0.049478016793727875,2281,9.552837371826172
0.010461659170687199,0.01772553287446499,0.7928726077079773,0.049478016793727875,0.7928726077079773,0.049478016793727875,2282,9.552837371826172
0.010461659170687199,0.01772553287446499,0.7928726077079773,0.049478016793727875,0.7928726077079773,0.049478016793727875,2283,9.56102705001831
0.010461659170687199,0.01772553287446499,0.7928726077079773,0.049478016793727875,0.7928726077079773,0.049478016793727875,2284,9.56102705001831
0.010461659170687199,0.01772553287446499,0.7928726077079773,0.049478016793727875,0.7928726077079773,0.049478016793727875,2285,9.564890146255493
0.010461659170687199,0.01772553287446499,0.7928726077079773,0.049478016793727875,0.7928726077079773,0.049478016793727875,2286,9.564890146255493
0.010461659170687199,0.01772553287446499,0.7928726077079773,0.049478016793727875,0.7928726077079773,0.049478016793727875,2287,9.564890146255493
0.010461659170687199,0.01772553287446499,0.7928726077079773,0.049478016793727875,0.7928726077079773,0.049478016793727875,2288,9.577056407928467
0.010461659170687199,0.01772553287446499,0.7928726077079773,0.049478016793727875,0.7928726077079773,0.049478016793727875,2289,9.577056407928467
0.010461659170687199,0.01772553287446499,0.7928726077079773,0.049478016793727875,0.7928726077079773,0.049478016793727875,2290,9.577056407928467
0.010461659170687199,0.01772553287446499,0.7928726077079773,0.049478016793727875,0.7928726077079773,0.049478016793727875,2291,9.577056407928467
0.010461659170687199,0.01772553287446499,0.7928726077079773,0.049478016793727875,0.7928726077079773,0.049478016793727875,2292,9.577056407928467
0.010461659170687199,0.01772553287446499,0.7928726077079773,0.049478016793727875,0.7928726077079773,0.049478016793727875,2293,9.593223571777344
0.010461659170687199,0.01772553287446499,0.7928726077079773,0.049478016793727875,0.7928726077079773,0.049478016793727875,2294,9.593223571777344
0.010461659170687199,0.01772553287446499,0.7928726077079773,0.049478016793727875,0.7928726077079773,0.049478016793727875,2295,9.593223571777344
0.010461659170687199,0.01772553287446499,0.7928726077079773,0.049478016793727875,0.7928726077079773,0.049478016793727875,2296,9.593223571777344
0.010461659170687199,0.01772553287446499,0.7928726077079773,0.049478016793727875,0.7928726077079773,0.049478016793727875,2297,9.609683513641357
0.010461659170687199,0.01772553287446499,0.7928726077079773,0.049478016793727875,0.7928726077079773,0.049478016793727875,2298,9.609683513641357
0.010461659170687199,0.01772553287446499,0.7928726077079773,0.049478016793727875,0.7928726077079773,0.049478016793727875,2299,9.609683513641357
0.010461659170687199,0.01772553287446499,0.7928726077079773,0.049478016793727875,0.7928726077079773,0.049478016793727875,2300,9.609683513641357
0.010461659170687199,0.01772553287446499,0.7928726077079773,0.049478016793727875,0.7928726077079773,0.049478016793727875,2301,9.609683513641357
0.010461659170687199,0.01772553287446499,0.7928726077079773,0.049478016793727875,0.7928726077079773,0.049478016793727875,2302,9.625186443328857
0.010461659170687199,0.01772553287446499,0.7928726077079773,0.049478016793727875,0.7928726077079773,0.049478016793727875,2303,9.625186443328857
0.010461659170687199,0.01772553287446499,0.7928726077079773,0.049478016793727875,0.7928726077079773,0.049478016793727875,2304,9.625186443328857
0.010461659170687199,0.01772553287446499,0.7928726077079773,0.049478016793727875,0.7928726077079773,0.049478016793727875,2305,9.625186443328857
0.010461659170687199,0.01772553287446499,0.7928726077079773,0.049478016793727875,0.7928726077079773,0.049478016793727875,2306,9.640944957733154
0.010461659170687199,0.01772553287446499,0.7928726077079773,0.049478016793727875,0.7928726077079773,0.049478016793727875,2307,9.640944957733154
0.010461659170687199,0.01772553287446499,0.7928726077079773,0.049478016793727875,0.7928726077079773,0.049478016793727875,2308,9.640944957733154
0.010461659170687199,0.01772553287446499,0.7928726077079773,0.049478016793727875,0.7928726077079773,0.049478016793727875,2309,9.640944957733154
0.010461659170687199,0.01772553287446499,0.7928726077079773,0.049478016793727875,0.7928726077079773,0.049478016793727875,2310,9.656818151473999
0.010461659170687199,0.01772553287446499,0.7928726077079773,0.049478016793727875,0.7928726077079773,0.049478016793727875,2311,9.656818151473999
0.010461659170687199,0.01772553287446499,0.7928726077079773,0.049478016793727875,0.7928726077079773,0.049478016793727875,2312,9.656818151473999
0.010461659170687199,0.01772553287446499,0.7928726077079773,0.049478016793727875,0.7928726077079773,0.049478016793727875,2313,9.656818151473999
0.010461659170687199,0.01772553287446499,0.7928726077079773,0.049478016793727875,0.7928726077079773,0.049478016793727875,2314,9.672688484191895
0.010461659170687199,0.01772553287446499,0.7928726077079773,0.049478016793727875,0.7928726077079773,0.049478016793727875,2315,9.672688484191895
0.010461659170687199,0.01772553287446499,0.7928726077079773,0.049478016793727875,0.7928726077079773,0.049478016793727875,2316,9.672688484191895
0.010461659170687199,0.01772553287446499,0.7928726077079773,0.049478016793727875,0.7928726077079773,0.049478016793727875,2317,9.672688484191895
0.010461659170687199,0.01772553287446499,0.7928726077079773,0.049478016793727875,0.7928726077079773,0.049478016793727875,2318,9.68856167793274
0.010461659170687199,0.01772553287446499,0.7928726077079773,0.049478016793727875,0.7928726077079773,0.049478016793727875,2319,9.691330194473267
0.010461659170687199,0.01772553287446499,0.7928726077079773,0.049478016793727875,0.7928726077079773,0.049478016793727875,2320,9.691330194473267
0.010461659170687199,0.01772553287446499,0.7928726077079773,0.049478016793727875,0.7928726077079773,0.049478016793727875,2321,9.704502820968628
0.010461659170687199,0.01772553287446499,0.7928726077079773,0.049478016793727875,0.7928726077079773,0.049478016793727875,2322,9.704502820968628
0.010461659170687199,0.01772553287446499,0.7928726077079773,0.049478016793727875,0.7928726077079773,0.049478016793727875,2323,9.704502820968628
0.010461659170687199,0.01772553287446499,0.7928726077079773,0.049478016793727875,0.7928726077079773,0.049478016793727875,2324,9.704502820968628
0.010461659170687199,0.01772553287446499,0.7928726077079773,0.049478016793727875,0.7928726077079773,0.049478016793727875,2325,9.7203688621521
0.010461659170687199,0.01772553287446499,0.7928726077079773,0.049478016793727875,0.7928726077079773,0.049478016793727875,2326,9.7203688621521
0.010461659170687199,0.01772553287446499,0.7928726077079773,0.049478016793727875,0.7928726077079773,0.049478016793727875,2327,9.728138446807861
0.010461659170687199,0.01772553287446499,0.7928726077079773,0.049478016793727875,0.7928726077079773,0.049478016793727875,2328,9.729795455932617
0.010461659170687199,0.01772553287446499,0.7928726077079773,0.049478016793727875,0.7928726077079773,0.049478016793727875,2329,9.729795455932617
0.010461659170687199,0.01772553287446499,0.7928726077079773,0.049478016793727875,0.7928726077079773,0.049478016793727875,2330,9.736454725265503
0.010461659170687199,0.01772553287446499,0.7928726077079773,0.049478016793727875,0.7928726077079773,0.049478016793727875,2331,9.736454725265503
0.010461659170687199,0.01772553287446499,0.7928726077079773,0.049478016793727875,0.7928726077079773,0.049478016793727875,2332,9.736454725265503
0.010461659170687199,0.01772553287446499,0.7928726077079773,0.049478016793727875,0.7928726077079773,0.049478016793727875,2333,9.736454725265503
0.010461659170687199,0.01772553287446499,0.7928726077079773,0.049478016793727875,0.7928726077079773,0.049478016793727875,2334,9.752663135528564
0.010461659170687199,0.01772553287446499,0.7928726077079773,0.049478016793727875,0.7928726077079773,0.049478016793727875,2335,9.752663135528564
0.010461659170687199,0.01772553287446499,0.7928726077079773,0.049478016793727875,0.7928726077079773,0.049478016793727875,2336,9.761106729507446
0.010461659170687199,0.01772553287446499,0.7928726077079773,0.049478016793727875,0.7928726077079773,0.049478016793727875,2337,9.764370203018188
0.010461659170687199,0.01772553287446499,0.7928726077079773,0.049478016793727875,0.7928726077079773,0.049478016793727875,2338,9.76889419555664
0.010461659170687199,0.01772553287446499,0.7928726077079773,0.049478016793727875,0.7928726077079773,0.049478016793727875,2339,9.76889419555664
0.010461659170687199,0.01772553287446499,0.7928726077079773,0.049478016793727875,0.7928726077079773,0.049478016793727875,2340,9.76889419555664
0.010461659170687199,0.01772553287446499,0.7928726077079773,0.049478016793727875,0.7928726077079773,0.049478016793727875,2341,9.76889419555664
0.010461659170687199,0.01772553287446499,0.7928726077079773,0.049478016793727875,0.7928726077079773,0.049478016793727875,2342,9.784822225570679
0.010461659170687199,0.01772553287446499,0.7928726077079773,0.049478016793727875,0.7928726077079773,0.049478016793727875,2343,9.784822225570679
0.010461659170687199,0.01772553287446499,0.7928726077079773,0.049478016793727875,0.7928726077079773,0.049478016793727875,2344,9.791704893112183
0.010461659170687199,0.01772553287446499,0.7928726077079773,0.049478016793727875,0.7928726077079773,0.049478016793727875,2345,9.791704893112183
0.010461659170687199,0.01772553287446499,0.7928726077079773,0.049478016793727875,0.7928726077079773,0.049478016793727875,2346,9.801993131637573
0.010461659170687199,0.01772553287446499,0.7928726077079773,0.049478016793727875,0.7928726077079773,0.049478016793727875,2347,9.803208351135254
0.010461659170687199,0.01772553287446499,0.7928726077079773,0.049478016793727875,0.7928726077079773,0.049478016793727875,2348,9.809391498565674
0.010461659170687199,0.01772553287446499,0.7928726077079773,0.049478016793727875,0.7928726077079773,0.049478016793727875,2349,9.810016393661499
0.010461659170687199,0.01772553287446499,0.7928726077079773,0.049478016793727875,0.7928726077079773,0.049478016793727875,2350,9.810016393661499
0.010461659170687199,0.01772553287446499,0.7928726077079773,0.049478016793727875,0.7928726077079773,0.049478016793727875,2351,9.819881916046143
0.010461659170687199,0.01772553287446499,0.7928726077079773,0.049478016793727875,0.7928726077079773,0.049478016793727875,2352,9.819881916046143
0.010461659170687199,0.01772553287446499,0.7928726077079773,0.049478016793727875,0.7928726077079773,0.049478016793727875,2353,9.819881916046143
0.010461659170687199,0.01772553287446499,0.7928726077079773,0.049478016793727875,0.7928726077079773,0.049478016793727875,2354,9.83297061920166
0.010461659170687199,0.01772553287446499,0.7928726077079773,0.049478016793727875,0.7928726077079773,0.049478016793727875,2355,9.83297061920166
0.010461659170687199,0.01772553287446499,0.7928726077079773,0.049478016793727875,0.7928726077079773,0.049478016793727875,2356,9.839202404022217
0.010461659170687199,0.01772553287446499,0.7928726077079773,0.049478016793727875,0.7928726077079773,0.049478016793727875,2357,9.839202404022217
0.010461659170687199,0.01772553287446499,0.7928726077079773,0.049478016793727875,0.7928726077079773,0.049478016793727875,2358,9.839202404022217
0.010461659170687199,0.01772553287446499,0.7928726077079773,0.049478016793727875,0.7928726077079773,0.049478016793727875,2359,9.848930835723877
0.010461659170687199,0.01772553287446499,0.7928726077079773,0.049478016793727875,0.7928726077079773,0.049478016793727875,2360,9.848930835723877
0.010461659170687199,0.01772553287446499,0.7928726077079773,0.049478016793727875,0.7928726077079773,0.049478016793727875,2361,9.848930835723877
0.010461659170687199,0.01772553287446499,0.7928726077079773,0.049478016793727875,0.7928726077079773,0.049478016793727875,2362,9.862701892852783
0.010461659170687199,0.01772553287446499,0.7928726077079773,0.049478016793727875,0.7928726077079773,0.049478016793727875,2363,9.86432933807373
0.010461659170687199,0.01772553287446499,0.7928726077079773,0.049478016793727875,0.7928726077079773,0.049478016793727875,2364,9.86432933807373
0.010461659170687199,0.01772553287446499,0.7928726077079773,0.049478016793727875,0.7928726077079773,0.049478016793727875,2365,9.86432933807373
0.010461659170687199,0.01772553287446499,0.7928726077079773,0.049478016793727875,0.7928726077079773,0.049478016793727875,2366,9.86432933807373
0.010461659170687199,0.01772553287446499,0.7928726077079773,0.049478016793727875,0.7928726077079773,0.049478016793727875,2367,9.86432933807373
0.010461659170687199,0.01772553287446499,0.7928726077079773,0.049478016793727875,0.7928726077079773,0.049478016793727875,2368,9.880211353302002
0.010461659170687199,0.01772553287446499,0.7928726077079773,0.049478016793727875,0.7928726077079773,0.049478016793727875,2369,9.880211353302002
0.010461659170687199,0.01772553287446499,0.7928726077079773,0.049478016793727875,0.7928726077079773,0.049478016793727875,2370,9.880211353302002
0.010461659170687199,0.01772553287446499,0.7928726077079773,0.049478016793727875,0.7928726077079773,0.049478016793727875,2371,9.891982078552246
0.010461659170687199,0.01772553287446499,0.7928726077079773,0.049478016793727875,0.7928726077079773,0.049478016793727875,2372,9.896151304244995
0.010461659170687199,0.01772553287446499,0.7928726077079773,0.049478016793727875,0.7928726077079773,0.049478016793727875,2373,9.896151304244995
0.010461659170687199,0.01772553287446499,0.7928726077079773,0.049478016793727875,0.7928726077079773,0.049478016793727875,2374,9.896151304244995
0.010461659170687199,0.01772553287446499,0.7928726077079773,0.049478016793727875,0.7928726077079773,0.049478016793727875,2375,9.896151304244995
0.010461659170687199,0.01772553287446499,0.7928726077079773,0.049478016793727875,0.7928726077079773,0.049478016793727875,2376,9.91209363937378
0.010461659170687199,0.01772553287446499,0.7928726077079773,0.049478016793727875,0.7928726077079773,0.049478016793727875,2377,9.91209363937378
0.010461659170687199,0.01772553287446499,0.7928726077079773,0.049478016793727875,0.7928726077079773,0.049478016793727875,2378,9.91209363937378
0.010461659170687199,0.01772553287446499,0.7928726077079773,0.049478016793727875,0.7928726077079773,0.049478016793727875,2379,9.91209363937378
0.010461659170687199,0.01772553287446499,0.7928726077079773,0.049478016793727875,0.7928726077079773,0.049478016793727875,2380,9.927958250045776
0.010461659170687199,0.01772553287446499,0.7928726077079773,0.049478016793727875,0.7928726077079773,0.049478016793727875,2381,9.927958250045776
0.010461659170687199,0.01772553287446499,0.7928726077079773,0.049478016793727875,0.7928726077079773,0.049478016793727875,2382,9.927958250045776
0.010461659170687199,0.01772553287446499,0.7928726077079773,0.049478016793727875,0.7928726077079773,0.049478016793727875,2383,9.927958250045776
0.010461659170687199,0.01772553287446499,0.7928726077079773,0.049478016793727875,0.7928726077079773,0.049478016793727875,2384,9.927958250045776
0.010461659170687199,0.01772553287446499,0.7928726077079773,0.049478016793727875,0.7928726077079773,0.049478016793727875,2385,9.943859338760376
0.010461659170687199,0.01772553287446499,0.7928726077079773,0.049478016793727875,0.7928726077079773,0.049478016793727875,2386,9.943859338760376
0.010461659170687199,0.01772553287446499,0.7928726077079773,0.049478016793727875,0.7928726077079773,0.049478016793727875,2387,9.943859338760376
0.010461659170687199,0.01772553287446499,0.7928726077079773,0.049478016793727875,0.7928726077079773,0.049478016793727875,2388,9.943859338760376
0.010461659170687199,0.01772553287446499,0.7928726077079773,0.049478016793727875,0.7928726077079773,0.049478016793727875,2389,9.959688425064087
0.010461659170687199,0.01772553287446499,0.7928726077079773,0.049478016793727875,0.7928726077079773,0.049478016793727875,2390,9.959688425064087
0.010461659170687199,0.01772553287446499,0.7928726077079773,0.049478016793727875,0.7928726077079773,0.049478016793727875,2391,9.967580318450928
0.010461659170687199,0.01772553287446499,0.7928726077079773,0.049478016793727875,0.7928726077079773,0.049478016793727875,2392,9.967580318450928
0.010461659170687199,0.01772553287446499,0.7928726077079773,0.049478016793727875,0.7928726077079773,0.049478016793727875,2393,9.975741863250732
0.010461659170687199,0.01772553287446499,0.7928726077079773,0.049478016793727875,0.7928726077079773,0.049478016793727875,2394,9.975741863250732
0.010461659170687199,0.01772553287446499,0.7928726077079773,0.049478016793727875,0.7928726077079773,0.049478016793727875,2395,9.975741863250732
0.010461659170687199,0.01772553287446499,0.7928726077079773,0.049478016793727875,0.7928726077079773,0.049478016793727875,2396,9.975741863250732
0.010461659170687199,0.01772553287446499,0.7928726077079773,0.049478016793727875,0.7928726077079773,0.049478016793727875,2397,9.992202997207642
0.010461659170687199,0.01772553287446499,0.7928726077079773,0.049478016793727875,0.7928726077079773,0.049478016793727875,2398,9.992202997207642
0.010461659170687199,0.01772553287446499,0.7928726077079773,0.049478016793727875,0.7928726077079773,0.049478016793727875,2399,9.992202997207642
0.010461659170687199,0.01772553287446499,0.7928726077079773,0.049478016793727875,0.7928726077079773,0.049478016793727875,2400,9.992202997207642
0.010461659170687199,0.01772553287446499,0.7928726077079773,0.049478016793727875,0.7928726077079773,0.049478016793727875,2401,10.007356882095337
0.010461659170687199,0.01772553287446499,0.7928726077079773,0.049478016793727875,0.7928726077079773,0.049478016793727875,2402,10.011059999465942
0.010461659170687199,0.01772553287446499,0.7928726077079773,0.049478016793727875,0.7928726077079773,0.049478016793727875,2403,10.011059999465942
0.010461659170687199,0.01772553287446499,0.7928726077079773,0.049478016793727875,0.7928726077079773,0.049478016793727875,2404,10.011059999465942
0.010461659170687199,0.01772553287446499,0.7928726077079773,0.049478016793727875,0.7928726077079773,0.049478016793727875,2405,10.023181200027466
0.010461659170687199,0.01772553287446499,0.7928726077079773,0.049478016793727875,0.7928726077079773,0.049478016793727875,2406,10.023181200027466
0.010461659170687199,0.01772553287446499,0.7928726077079773,0.049478016793727875,0.7928726077079773,0.049478016793727875,2407,10.023181200027466
0.010461659170687199,0.01772553287446499,0.7928726077079773,0.049478016793727875,0.7928726077079773,0.049478016793727875,2408,10.023181200027466
0.010461659170687199,0.01772553287446499,0.7928726077079773,0.049478016793727875,0.7928726077079773,0.049478016793727875,2409,10.039055824279785
0.010461659170687199,0.01772553287446499,0.7928726077079773,0.049478016793727875,0.7928726077079773,0.049478016793727875,2410,10.039055824279785
0.010461659170687199,0.01772553287446499,0.7928726077079773,0.049478016793727875,0.7928726077079773,0.049478016793727875,2411,10.039055824279785
0.010461659170687199,0.01772553287446499,0.7928726077079773,0.049478016793727875,0.7928726077079773,0.049478016793727875,2412,10.039055824279785
0.010461659170687199,0.01772553287446499,0.7928726077079773,0.049478016793727875,0.7928726077079773,0.049478016793727875,2413,10.039055824279785
0.010461659170687199,0.01772553287446499,0.7928726077079773,0.049478016793727875,0.7928726077079773,0.049478016793727875,2414,10.05500841140747
0.010461659170687199,0.01772553287446499,0.7928726077079773,0.049478016793727875,0.7928726077079773,0.049478016793727875,2415,10.05500841140747
0.010461659170687199,0.01772553287446499,0.7928726077079773,0.049478016793727875,0.7928726077079773,0.049478016793727875,2416,10.062311887741089
0.010461659170687199,0.01772553287446499,0.7928726077079773,0.049478016793727875,0.7928726077079773,0.049478016793727875,2417,10.062311887741089
0.010461659170687199,0.01772553287446499,0.7928726077079773,0.049478016793727875,0.7928726077079773,0.049478016793727875,2418,10.062311887741089
0.010461659170687199,0.01772553287446499,0.7928726077079773,0.049478016793727875,0.7928726077079773,0.049478016793727875,2419,10.070987939834595
0.010461659170687199,0.01772553287446499,0.7928726077079773,0.049478016793727875,0.7928726077079773,0.049478016793727875,2420,10.070987939834595
0.010461659170687199,0.01772553287446499,0.7928726077079773,0.049478016793727875,0.7928726077079773,0.049478016793727875,2421,10.070987939834595
0.010461659170687199,0.01772553287446499,0.7928726077079773,0.049478016793727875,0.7928726077079773,0.049478016793727875,2422,10.102827072143555
0.010461659170687199,0.01772553287446499,0.7928726077079773,0.049478016793727875,0.7928726077079773,0.049478016793727875,2423,10.102827072143555
0.010461659170687199,0.01772553287446499,0.7928726077079773,0.049478016793727875,0.7928726077079773,0.049478016793727875,2424,10.118799686431885
0.010461659170687199,0.01772553287446499,0.7928726077079773,0.049478016793727875,0.7928726077079773,0.049478016793727875,2425,10.118799686431885
0.010461659170687199,0.01772553287446499,0.7928726077079773,0.049478016793727875,0.7928726077079773,0.049478016793727875,2426,10.118799686431885
0.010461659170687199,0.01772553287446499,0.7928726077079773,0.049478016793727875,0.7928726077079773,0.049478016793727875,2427,10.118799686431885
0.010461659170687199,0.01772553287446499,0.7928726077079773,0.049478016793727875,0.7928726077079773,0.049478016793727875,2428,10.134789943695068
0.010461659170687199,0.01772553287446499,0.7928726077079773,0.049478016793727875,0.7928726077079773,0.049478016793727875,2429,10.134789943695068
0.010461659170687199,0.01772553287446499,0.7928726077079773,0.049478016793727875,0.7928726077079773,0.049478016793727875,2430,10.134789943695068
0.010461659170687199,0.01772553287446499,0.7928726077079773,0.049478016793727875,0.7928726077079773,0.049478016793727875,2431,10.150685787200928
0.010461659170687199,0.01772553287446499,0.7928726077079773,0.049478016793727875,0.7928726077079773,0.049478016793727875,2432,10.150685787200928
0.010461659170687199,0.01772553287446499,0.7928726077079773,0.049478016793727875,0.7928726077079773,0.049478016793727875,2433,10.150685787200928
0.010461659170687199,0.01772553287446499,0.7928726077079773,0.049478016793727875,0.7928726077079773,0.049478016793727875,2434,10.16899824142456
0.010461659170687199,0.01772553287446499,0.7928726077079773,0.049478016793727875,0.7928726077079773,0.049478016793727875,2435,10.16899824142456
0.010461659170687199,0.01772553287446499,0.7928726077079773,0.049478016793727875,0.7928726077079773,0.049478016793727875,2436,10.16899824142456
0.010461659170687199,0.01772553287446499,0.7928726077079773,0.049478016793727875,0.7928726077079773,0.049478016793727875,2437,10.16899824142456
0.010461659170687199,0.01772553287446499,0.7928726077079773,0.049478016793727875,0.7928726077079773,0.049478016793727875,2438,10.182484865188599
0.010461659170687199,0.01772553287446499,0.7928726077079773,0.049478016793727875,0.7928726077079773,0.049478016793727875,2439,10.182484865188599
0.010461659170687199,0.01772553287446499,0.7928726077079773,0.049478016793727875,0.7928726077079773,0.049478016793727875,2440,10.182484865188599
0.010461659170687199,0.01772553287446499,0.7928726077079773,0.049478016793727875,0.7928726077079773,0.049478016793727875,2441,10.19273853302002
0.010461659170687199,0.01772553287446499,0.7928726077079773,0.049478016793727875,0.7928726077079773,0.049478016793727875,2442,10.198418140411377
0.010461659170687199,0.01772553287446499,0.7928726077079773,0.049478016793727875,0.7928726077079773,0.049478016793727875,2443,10.198418140411377
0.010461659170687199,0.01772553287446499,0.7928726077079773,0.049478016793727875,0.7928726077079773,0.049478016793727875,2444,10.198418140411377
0.010461659170687199,0.01772553287446499,0.7928726077079773,0.049478016793727875,0.7928726077079773,0.049478016793727875,2445,10.198418140411377
0.010461659170687199,0.01772553287446499,0.7928726077079773,0.049478016793727875,0.7928726077079773,0.049478016793727875,2446,10.211205244064331
0.010461659170687199,0.01772553287446499,0.7928726077079773,0.049478016793727875,0.7928726077079773,0.049478016793727875,2447,10.214441061019897
0.010461659170687199,0.01772553287446499,0.7928726077079773,0.049478016793727875,0.7928726077079773,0.049478016793727875,2448,10.214441061019897
0.010461659170687199,0.01772553287446499,0.7928726077079773,0.049478016793727875,0.7928726077079773,0.049478016793727875,2449,10.214441061019897
0.010461659170687199,0.01772553287446499,0.7928726077079773,0.049478016793727875,0.7928726077079773,0.049478016793727875,2450,10.214441061019897
0.010461659170687199,0.01772553287446499,0.7928726077079773,0.049478016793727875,0.7928726077079773,0.049478016793727875,2451,10.246380805969238
0.010461659170687199,0.01772553287446499,0.7928726077079773,0.049478016793727875,0.7928726077079773,0.049478016793727875,2452,10.246380805969238
0.010461659170687199,0.01772553287446499,0.7928726077079773,0.049478016793727875,0.7928726077079773,0.049478016793727875,2453,10.246380805969238
0.010461659170687199,0.01772553287446499,0.7928726077079773,0.049478016793727875,0.7928726077079773,0.049478016793727875,2454,10.26226258277893
0.010461659170687199,0.01772553287446499,0.7928726077079773,0.049478016793727875,0.7928726077079773,0.049478016793727875,2455,10.26226258277893
0.010461659170687199,0.01772553287446499,0.7928726077079773,0.049478016793727875,0.7928726077079773,0.049478016793727875,2456,10.26226258277893
0.010461659170687199,0.01772553287446499,0.7928726077079773,0.049478016793727875,0.7928726077079773,0.049478016793727875,2457,10.26226258277893
0.010461659170687199,0.01772553287446499,0.7928726077079773,0.049478016793727875,0.7928726077079773,0.049478016793727875,2458,10.278213739395142
0.010461659170687199,0.01772553287446499,0.7928726077079773,0.049478016793727875,0.7928726077079773,0.049478016793727875,2459,10.278213739395142
0.010461659170687199,0.01772553287446499,0.7928726077079773,0.049478016793727875,0.7928726077079773,0.049478016793727875,2460,10.278213739395142
0.010461659170687199,0.01772553287446499,0.7928726077079773,0.049478016793727875,0.7928726077079773,0.049478016793727875,2461,10.294183492660522
0.010461659170687199,0.01772553287446499,0.7928726077079773,0.049478016793727875,0.7928726077079773,0.049478016793727875,2462,10.294183492660522
0.010461659170687199,0.01772553287446499,0.7928726077079773,0.049478016793727875,0.7928726077079773,0.049478016793727875,2463,10.294183492660522
0.010461659170687199,0.01772553287446499,0.7928726077079773,0.049478016793727875,0.7928726077079773,0.049478016793727875,2464,10.310040473937988
0.010461659170687199,0.01772553287446499,0.7928726077079773,0.049478016793727875,0.7928726077079773,0.049478016793727875,2465,10.310040473937988
0.010461659170687199,0.01772553287446499,0.7928726077079773,0.049478016793727875,0.7928726077079773,0.049478016793727875,2466,10.310040473937988
0.010461659170687199,0.01772553287446499,0.7928726077079773,0.049478016793727875,0.7928726077079773,0.049478016793727875,2467,10.310040473937988
0.010461659170687199,0.01772553287446499,0.7928726077079773,0.049478016793727875,0.7928726077079773,0.049478016793727875,2468,10.327019929885864
0.010461659170687199,0.01772553287446499,0.7928726077079773,0.049478016793727875,0.7928726077079773,0.049478016793727875,2469,10.329273462295532
0.010461659170687199,0.01772553287446499,0.7928726077079773,0.049478016793727875,0.7928726077079773,0.049478016793727875,2470,10.336543560028076
0.010461659170687199,0.01772553287446499,0.7928726077079773,0.049478016793727875,0.7928726077079773,0.049478016793727875,2471,10.336543560028076
0.010461659170687199,0.01772553287446499,0.7928726077079773,0.049478016793727875,0.7928726077079773,0.049478016793727875,2472,10.345091104507446
0.010461659170687199,0.01772553287446499,0.7928726077079773,0.049478016793727875,0.7928726077079773,0.049478016793727875,2473,10.345091104507446
0.010461659170687199,0.01772553287446499,0.7928726077079773,0.049478016793727875,0.7928726077079773,0.049478016793727875,2474,10.353201150894165
0.010461659170687199,0.01772553287446499,0.7928726077079773,0.049478016793727875,0.7928726077079773,0.049478016793727875,2475,10.353201150894165
0.010461659170687199,0.01772553287446499,0.7928726077079773,0.049478016793727875,0.7928726077079773,0.049478016793727875,2476,10.363169431686401
0.010461659170687199,0.01772553287446499,0.7928726077079773,0.049478016793727875,0.7928726077079773,0.049478016793727875,2477,10.368389368057251
0.010461659170687199,0.01772553287446499,0.7928726077079773,0.049478016793727875,0.7928726077079773,0.049478016793727875,2478,10.370232582092285
0.010461659170687199,0.01772553287446499,0.7928726077079773,0.049478016793727875,0.7928726077079773,0.049478016793727875,2479,10.370232582092285
0.010461659170687199,0.01772553287446499,0.7928726077079773,0.049478016793727875,0.7928726077079773,0.049478016793727875,2480,10.370232582092285
0.010461659170687199,0.01772553287446499,0.7928726077079773,0.049478016793727875,0.7928726077079773,0.049478016793727875,2481,10.38442349433899
0.010461659170687199,0.01772553287446499,0.7928726077079773,0.049478016793727875,0.7928726077079773,0.049478016793727875,2482,10.38442349433899
0.010461659170687199,0.01772553287446499,0.7928726077079773,0.049478016793727875,0.7928726077079773,0.049478016793727875,2483,10.393260955810547
0.010461659170687199,0.01772553287446499,0.7928726077079773,0.049478016793727875,0.7928726077079773,0.049478016793727875,2484,10.393260955810547
0.010461659170687199,0.01772553287446499,0.7928726077079773,0.049478016793727875,0.7928726077079773,0.049478016793727875,2485,10.40043044090271
0.010461659170687199,0.01772553287446499,0.7928726077079773,0.049478016793727875,0.7928726077079773,0.049478016793727875,2486,10.40043044090271
0.010461659170687199,0.01772553287446499,0.7928726077079773,0.049478016793727875,0.7928726077079773,0.049478016793727875,2487,10.410175323486328
0.010461659170687199,0.01772553287446499,0.7928726077079773,0.049478016793727875,0.7928726077079773,0.049478016793727875,2488,10.41209101676941
0.010461659170687199,0.01772553287446499,0.7928726077079773,0.049478016793727875,0.7928726077079773,0.049478016793727875,2489,10.416279077529907
0.010461659170687199,0.01772553287446499,0.7928726077079773,0.049478016793727875,0.7928726077079773,0.049478016793727875,2490,10.416279077529907
0.010461659170687199,0.01772553287446499,0.7928726077079773,0.049478016793727875,0.7928726077079773,0.049478016793727875,2491,10.416279077529907
0.010461659170687199,0.01772553287446499,0.7928726077079773,0.049478016793727875,0.7928726077079773,0.049478016793727875,2492,10.416279077529907
0.010461659170687199,0.01772553287446499,0.7928726077079773,0.049478016793727875,0.7928726077079773,0.049478016793727875,2493,10.432128190994263
0.010461659170687199,0.01772553287446499,0.7928726077079773,0.049478016793727875,0.7928726077079773,0.049478016793727875,2494,10.432128190994263
0.010461659170687199,0.01772553287446499,0.7928726077079773,0.049478016793727875,0.7928726077079773,0.049478016793727875,2495,10.432128190994263
0.010461659170687199,0.01772553287446499,0.7928726077079773,0.049478016793727875,0.7928726077079773,0.049478016793727875,2496,10.448045015335083
0.010461659170687199,0.01772553287446499,0.7928726077079773,0.049478016793727875,0.7928726077079773,0.049478016793727875,2497,10.448045015335083
0.010461659170687199,0.01772553287446499,0.7928726077079773,0.049478016793727875,0.7928726077079773,0.049478016793727875,2498,10.448045015335083
0.010461659170687199,0.01772553287446499,0.7928726077079773,0.049478016793727875,0.7928726077079773,0.049478016793727875,2499,10.448045015335083
0.010461659170687199,0.01772553287446499,0.7928726077079773,0.049478016793727875,0.7928726077079773,0.049478016793727875,2500,10.464017152786255
0.010461659170687199,0.01772553287446499,0.7928726077079773,0.049478016793727875,0.7928726077079773,0.049478016793727875,2501,10.464017152786255
0.010461659170687199,0.01772553287446499,0.7928726077079773,0.049478016793727875,0.7928726077079773,0.049478016793727875,2502,10.464017152786255
0.010461659170687199,0.01772553287446499,0.7928726077079773,0.049478016793727875,0.7928726077079773,0.049478016793727875,2503,10.47990870475769
0.010461659170687199,0.01772553287446499,0.7928726077079773,0.049478016793727875,0.7928726077079773,0.049478016793727875,2504,10.47990870475769
0.010461659170687199,0.01772553287446499,0.7928726077079773,0.049478016793727875,0.7928726077079773,0.049478016793727875,2505,10.47990870475769
0.010461659170687199,0.01772553287446499,0.7928726077079773,0.049478016793727875,0.7928726077079773,0.049478016793727875,2506,10.495924949645996
0.010461659170687199,0.01772553287446499,0.7928726077079773,0.049478016793727875,0.7928726077079773,0.049478016793727875,2507,10.495924949645996
0.010461659170687199,0.01772553287446499,0.7928726077079773,0.049478016793727875,0.7928726077079773,0.049478016793727875,2508,10.495924949645996
0.010461659170687199,0.01772553287446499,0.7928726077079773,0.049478016793727875,0.7928726077079773,0.049478016793727875,2509,10.495924949645996
0.010461659170687199,0.01772553287446499,0.7928726077079773,0.049478016793727875,0.7928726077079773,0.049478016793727875,2510,10.512494564056396
0.010461659170687199,0.01772553287446499,0.7928726077079773,0.049478016793727875,0.7928726077079773,0.049478016793727875,2511,10.512494564056396
0.010461659170687199,0.01772553287446499,0.7928726077079773,0.049478016793727875,0.7928726077079773,0.049478016793727875,2512,10.512494564056396
0.010461659170687199,0.01772553287446499,0.7928726077079773,0.049478016793727875,0.7928726077079773,0.049478016793727875,2513,10.52769136428833
0.010461659170687199,0.01772553287446499,0.7928726077079773,0.049478016793727875,0.7928726077079773,0.049478016793727875,2514,10.52769136428833
0.010461659170687199,0.01772553287446499,0.7928726077079773,0.049478016793727875,0.7928726077079773,0.049478016793727875,2515,10.52769136428833
0.010461659170687199,0.01772553287446499,0.7928726077079773,0.049478016793727875,0.7928726077079773,0.049478016793727875,2516,10.52769136428833
0.010461659170687199,0.01772553287446499,0.7928726077079773,0.049478016793727875,0.7928726077079773,0.049478016793727875,2517,10.543642044067383
0.010461659170687199,0.01772553287446499,0.7928726077079773,0.049478016793727875,0.7928726077079773,0.049478016793727875,2518,10.543642044067383
0.010461659170687199,0.01772553287446499,0.7928726077079773,0.049478016793727875,0.7928726077079773,0.049478016793727875,2519,10.543642044067383
0.010461659170687199,0.01772553287446499,0.7928726077079773,0.049478016793727875,0.7928726077079773,0.049478016793727875,2520,10.543642044067383
0.010461659170687199,0.01772553287446499,0.7928726077079773,0.049478016793727875,0.7928726077079773,0.049478016793727875,2521,10.559505462646484
0.010461659170687199,0.01772553287446499,0.7928726077079773,0.049478016793727875,0.7928726077079773,0.049478016793727875,2522,10.559505462646484
0.010461659170687199,0.01772553287446499,0.7928726077079773,0.049478016793727875,0.7928726077079773,0.049478016793727875,2523,10.570802211761475
0.010461659170687199,0.01772553287446499,0.7928726077079773,0.049478016793727875,0.7928726077079773,0.049478016793727875,2524,10.575489282608032
0.010461659170687199,0.01772553287446499,0.7928726077079773,0.049478016793727875,0.7928726077079773,0.049478016793727875,2525,10.575489282608032
0.010461659170687199,0.01772553287446499,0.7928726077079773,0.049478016793727875,0.7928726077079773,0.049478016793727875,2526,10.575489282608032
0.010461659170687199,0.01772553287446499,0.7928726077079773,0.049478016793727875,0.7928726077079773,0.049478016793727875,2527,10.575489282608032
0.010461659170687199,0.01772553287446499,0.7928726077079773,0.049478016793727875,0.7928726077079773,0.049478016793727875,2528,10.591337203979492
0.010461659170687199,0.01772553287446499,0.7928726077079773,0.049478016793727875,0.7928726077079773,0.049478016793727875,2529,10.593473672866821
0.010461659170687199,0.01772553287446499,0.7928726077079773,0.049478016793727875,0.7928726077079773,0.049478016793727875,2530,10.593473672866821
0.010461659170687199,0.01772553287446499,0.7928726077079773,0.049478016793727875,0.7928726077079773,0.049478016793727875,2531,10.593473672866821
0.010461659170687199,0.01772553287446499,0.7928726077079773,0.049478016793727875,0.7928726077079773,0.049478016793727875,2532,10.607147455215454
0.010461659170687199,0.01772553287446499,0.7928726077079773,0.049478016793727875,0.7928726077079773,0.049478016793727875,2533,10.612400770187378
0.010461659170687199,0.01772553287446499,0.7928726077079773,0.049478016793727875,0.7928726077079773,0.049478016793727875,2534,10.612400770187378
0.010461659170687199,0.01772553287446499,0.7928726077079773,0.049478016793727875,0.7928726077079773,0.049478016793727875,2535,10.639089345932007
0.010461659170687199,0.01772553287446499,0.7928726077079773,0.049478016793727875,0.7928726077079773,0.049478016793727875,2536,10.639089345932007
0.010461659170687199,0.01772553287446499,0.7928726077079773,0.049478016793727875,0.7928726077079773,0.049478016793727875,2537,10.639089345932007
0.010461659170687199,0.01772553287446499,0.7928726077079773,0.049478016793727875,0.7928726077079773,0.049478016793727875,2538,10.654942989349365
0.010461659170687199,0.01772553287446499,0.7928726077079773,0.049478016793727875,0.7928726077079773,0.049478016793727875,2539,10.654942989349365
0.010461659170687199,0.01772553287446499,0.7928726077079773,0.049478016793727875,0.7928726077079773,0.049478016793727875,2540,10.654942989349365
0.010461659170687199,0.01772553287446499,0.7928726077079773,0.049478016793727875,0.7928726077079773,0.049478016793727875,2541,10.654942989349365
0.010461659170687199,0.01772553287446499,0.7928726077079773,0.049478016793727875,0.7928726077079773,0.049478016793727875,2542,10.670894145965576
0.010461659170687199,0.01772553287446499,0.7928726077079773,0.049478016793727875,0.7928726077079773,0.049478016793727875,2543,10.670894145965576
0.010461659170687199,0.01772553287446499,0.7928726077079773,0.049478016793727875,0.7928726077079773,0.049478016793727875,2544,10.670894145965576
0.010461659170687199,0.01772553287446499,0.7928726077079773,0.049478016793727875,0.7928726077079773,0.049478016793727875,2545,10.686779975891113
0.010461659170687199,0.01772553287446499,0.7928726077079773,0.049478016793727875,0.7928726077079773,0.049478016793727875,2546,10.686779975891113
0.010461659170687199,0.01772553287446499,0.7928726077079773,0.049478016793727875,0.7928726077079773,0.049478016793727875,2547,10.693571090698242
0.010461659170687199,0.01772553287446499,0.7928726077079773,0.049478016793727875,0.7928726077079773,0.049478016793727875,2548,10.693571090698242
0.010461659170687199,0.01772553287446499,0.7928726077079773,0.049478016793727875,0.7928726077079773,0.049478016793727875,2549,10.702749729156494
0.010461659170687199,0.01772553287446499,0.7928726077079773,0.049478016793727875,0.7928726077079773,0.049478016793727875,2550,10.702749729156494
0.010461659170687199,0.01772553287446499,0.7928726077079773,0.049478016793727875,0.7928726077079773,0.049478016793727875,2551,10.702749729156494
0.010461659170687199,0.01772553287446499,0.7928726077079773,0.049478016793727875,0.7928726077079773,0.049478016793727875,2552,10.702749729156494
0.010461659170687199,0.01772553287446499,0.7928726077079773,0.049478016793727875,0.7928726077079773,0.049478016793727875,2553,10.702749729156494
0.010461659170687199,0.01772553287446499,0.7928726077079773,0.049478016793727875,0.7928726077079773,0.049478016793727875,2554,10.734368562698364
0.010461659170687199,0.01772553287446499,0.7928726077079773,0.049478016793727875,0.7928726077079773,0.049478016793727875,2555,10.734368562698364
0.010461659170687199,0.01772553287446499,0.7928726077079773,0.049478016793727875,0.7928726077079773,0.049478016793727875,2556,10.734368562698364
0.010461659170687199,0.01772553287446499,0.7928726077079773,0.049478016793727875,0.7928726077079773,0.049478016793727875,2557,10.75023365020752
0.010461659170687199,0.01772553287446499,0.7928726077079773,0.049478016793727875,0.7928726077079773,0.049478016793727875,2558,10.75023365020752
0.010461659170687199,0.01772553287446499,0.7928726077079773,0.049478016793727875,0.7928726077079773,0.049478016793727875,2559,10.762732744216919
0.010461659170687199,0.01772553287446499,0.7928726077079773,0.049478016793727875,0.7928726077079773,0.049478016793727875,2560,10.766438007354736
0.010461659170687199,0.01772553287446499,0.7928726077079773,0.049478016793727875,0.7928726077079773,0.049478016793727875,2561,10.771329641342163
0.010461659170687199,0.01772553287446499,0.7928726077079773,0.049478016793727875,0.7928726077079773,0.049478016793727875,2562,10.771329641342163
0.010461659170687199,0.01772553287446499,0.7928726077079773,0.049478016793727875,0.7928726077079773,0.049478016793727875,2563,10.782527208328247
0.010461659170687199,0.01772553287446499,0.7928726077079773,0.049478016793727875,0.7928726077079773,0.049478016793727875,2564,10.78352403640747
0.010461659170687199,0.01772553287446499,0.7928726077079773,0.049478016793727875,0.7928726077079773,0.049478016793727875,2565,10.78352403640747
0.010461659170687199,0.01772553287446499,0.7928726077079773,0.049478016793727875,0.7928726077079773,0.049478016793727875,2566,10.793657541275024
0.010461659170687199,0.01772553287446499,0.7928726077079773,0.049478016793727875,0.7928726077079773,0.049478016793727875,2567,10.798330068588257
0.010461659170687199,0.01772553287446499,0.7928726077079773,0.049478016793727875,0.7928726077079773,0.049478016793727875,2568,10.798330068588257
0.010461659170687199,0.01772553287446499,0.7928726077079773,0.049478016793727875,0.7928726077079773,0.049478016793727875,2569,10.798330068588257
0.010461659170687199,0.01772553287446499,0.7928726077079773,0.049478016793727875,0.7928726077079773,0.049478016793727875,2570,10.798330068588257
0.010461659170687199,0.01772553287446499,0.7928726077079773,0.049478016793727875,0.7928726077079773,0.049478016793727875,2571,10.814448118209839
0.010461659170687199,0.01772553287446499,0.7928726077079773,0.049478016793727875,0.7928726077079773,0.049478016793727875,2572,10.814448118209839
0.010461659170687199,0.01772553287446499,0.7928726077079773,0.049478016793727875,0.7928726077079773,0.049478016793727875,2573,10.814448118209839
0.010461659170687199,0.01772553287446499,0.7928726077079773,0.049478016793727875,0.7928726077079773,0.049478016793727875,2574,10.814448118209839
0.010461659170687199,0.01772553287446499,0.7928726077079773,0.049478016793727875,0.7928726077079773,0.049478016793727875,2575,10.830419778823853
0.010461659170687199,0.01772553287446499,0.7928726077079773,0.049478016793727875,0.7928726077079773,0.049478016793727875,2576,10.834170818328857
0.010461659170687199,0.01772553287446499,0.7928726077079773,0.049478016793727875,0.7928726077079773,0.049478016793727875,2577,10.834170818328857
0.010461659170687199,0.01772553287446499,0.7928726077079773,0.049478016793727875,0.7928726077079773,0.049478016793727875,2578,10.834170818328857
0.010461659170687199,0.01772553287446499,0.7928726077079773,0.049478016793727875,0.7928726077079773,0.049478016793727875,2579,10.834170818328857
0.010461659170687199,0.01772553287446499,0.7928726077079773,0.049478016793727875,0.7928726077079773,0.049478016793727875,2580,10.846348762512207
0.010461659170687199,0.01772553287446499,0.7928726077079773,0.049478016793727875,0.7928726077079773,0.049478016793727875,2581,10.846348762512207
0.010461659170687199,0.01772553287446499,0.7928726077079773,0.049478016793727875,0.7928726077079773,0.049478016793727875,2582,10.846348762512207
0.010461659170687199,0.01772553287446499,0.7928726077079773,0.049478016793727875,0.7928726077079773,0.049478016793727875,2583,10.846348762512207
0.010461659170687199,0.01772553287446499,0.7928726077079773,0.049478016793727875,0.7928726077079773,0.049478016793727875,2584,10.863341569900513
0.010461659170687199,0.01772553287446499,0.7928726077079773,0.049478016793727875,0.7928726077079773,0.049478016793727875,2585,10.8665611743927
0.010461659170687199,0.01772553287446499,0.7928726077079773,0.049478016793727875,0.7928726077079773,0.049478016793727875,2586,10.870057582855225
0.010461659170687199,0.01772553287446499,0.7928726077079773,0.049478016793727875,0.7928726077079773,0.049478016793727875,2587,10.870057582855225
0.010461659170687199,0.01772553287446499,0.7928726077079773,0.049478016793727875,0.7928726077079773,0.049478016793727875,2588,10.878273725509644
0.010461659170687199,0.01772553287446499,0.7928726077079773,0.049478016793727875,0.7928726077079773,0.049478016793727875,2589,10.878273725509644
0.010461659170687199,0.01772553287446499,0.7928726077079773,0.049478016793727875,0.7928726077079773,0.049478016793727875,2590,10.8865385055542
0.010461659170687199,0.01772553287446499,0.7928726077079773,0.049478016793727875,0.7928726077079773,0.049478016793727875,2591,10.893981218338013
0.010461659170687199,0.01772553287446499,0.7928726077079773,0.049478016793727875,0.7928726077079773,0.049478016793727875,2592,10.893981218338013
0.010461659170687199,0.01772553287446499,0.7928726077079773,0.049478016793727875,0.7928726077079773,0.049478016793727875,2593,10.90267038345337
0.010461659170687199,0.01772553287446499,0.7928726077079773,0.049478016793727875,0.7928726077079773,0.049478016793727875,2594,10.90267038345337
0.010461659170687199,0.01772553287446499,0.7928726077079773,0.049478016793727875,0.7928726077079773,0.049478016793727875,2595,10.911444902420044
0.010461659170687199,0.01772553287446499,0.7928726077079773,0.049478016793727875,0.7928726077079773,0.049478016793727875,2596,10.911444902420044
0.010461659170687199,0.01772553287446499,0.7928726077079773,0.049478016793727875,0.7928726077079773,0.049478016793727875,2597,10.920417308807373
0.010461659170687199,0.01772553287446499,0.7928726077079773,0.049478016793727875,0.7928726077079773,0.049478016793727875,2598,10.920417308807373
0.010461659170687199,0.01772553287446499,0.7928726077079773,0.049478016793727875,0.7928726077079773,0.049478016793727875,2599,10.920417308807373
0.010461659170687199,0.01772553287446499,0.7928726077079773,0.049478016793727875,0.7928726077079773,0.049478016793727875,2600,10.934614419937134
0.010461659170687199,0.01772553287446499,0.7928726077079773,0.049478016793727875,0.7928726077079773,0.049478016793727875,2601,10.934614419937134
0.010461659170687199,0.01772553287446499,0.7928726077079773,0.049478016793727875,0.7928726077079773,0.049478016793727875,2602,10.934614419937134
0.010461659170687199,0.01772553287446499,0.7928726077079773,0.049478016793727875,0.7928726077079773,0.049478016793727875,2603,10.934614419937134
0.010461659170687199,0.01772553287446499,0.7928726077079773,0.049478016793727875,0.7928726077079773,0.049478016793727875,2604,10.950566053390503
0.010461659170687199,0.01772553287446499,0.7928726077079773,0.049478016793727875,0.7928726077079773,0.049478016793727875,2605,10.950566053390503
0.010461659170687199,0.01772553287446499,0.7928726077079773,0.049478016793727875,0.7928726077079773,0.049478016793727875,2606,10.950566053390503
0.010461659170687199,0.01772553287446499,0.7928726077079773,0.049478016793727875,0.7928726077079773,0.049478016793727875,2607,10.950566053390503
0.010461659170687199,0.01772553287446499,0.7928726077079773,0.049478016793727875,0.7928726077079773,0.049478016793727875,2608,10.966590881347656
0.010461659170687199,0.01772553287446499,0.7928726077079773,0.049478016793727875,0.7928726077079773,0.049478016793727875,2609,10.971328258514404
0.010461659170687199,0.01772553287446499,0.7928726077079773,0.049478016793727875,0.7928726077079773,0.049478016793727875,2610,10.971328258514404
0.010461659170687199,0.01772553287446499,0.7928726077079773,0.049478016793727875,0.7928726077079773,0.049478016793727875,2611,10.98254919052124
0.010461659170687199,0.01772553287446499,0.7928726077079773,0.049478016793727875,0.7928726077079773,0.049478016793727875,2612,10.98254919052124
0.010461659170687199,0.01772553287446499,0.7928726077079773,0.049478016793727875,0.7928726077079773,0.049478016793727875,2613,10.98254919052124
0.010461659170687199,0.01772553287446499,0.7928726077079773,0.049478016793727875,0.7928726077079773,0.049478016793727875,2614,10.998623847961426
0.010461659170687199,0.01772553287446499,0.7928726077079773,0.049478016793727875,0.7928726077079773,0.049478016793727875,2615,10.998623847961426
0.010461659170687199,0.01772553287446499,0.7928726077079773,0.049478016793727875,0.7928726077079773,0.049478016793727875,2616,10.998623847961426
0.010461659170687199,0.01772553287446499,0.7928726077079773,0.049478016793727875,0.7928726077079773,0.049478016793727875,2617,10.998623847961426
0.010461659170687199,0.01772553287446499,0.7928726077079773,0.049478016793727875,0.7928726077079773,0.049478016793727875,2618,11.014795064926147
0.010461659170687199,0.01772553287446499,0.7928726077079773,0.049478016793727875,0.7928726077079773,0.049478016793727875,2619,11.014795064926147
0.010461659170687199,0.01772553287446499,0.7928726077079773,0.049478016793727875,0.7928726077079773,0.049478016793727875,2620,11.014795064926147
0.010461659170687199,0.01772553287446499,0.7928726077079773,0.049478016793727875,0.7928726077079773,0.049478016793727875,2621,11.030674695968628
0.010461659170687199,0.01772553287446499,0.7928726077079773,0.049478016793727875,0.7928726077079773,0.049478016793727875,2622,11.030674695968628
0.010461659170687199,0.01772553287446499,0.7928726077079773,0.049478016793727875,0.7928726077079773,0.049478016793727875,2623,11.030674695968628
0.010461659170687199,0.01772553287446499,0.7928726077079773,0.049478016793727875,0.7928726077079773,0.049478016793727875,2624,11.030674695968628
0.010461659170687199,0.01772553287446499,0.7928726077079773,0.049478016793727875,0.7928726077079773,0.049478016793727875,2625,11.046571969985962
0.010461659170687199,0.01772553287446499,0.7928726077079773,0.049478016793727875,0.7928726077079773,0.049478016793727875,2626,11.046571969985962
0.010461659170687199,0.01772553287446499,0.7928726077079773,0.049478016793727875,0.7928726077079773,0.049478016793727875,2627,11.046571969985962
0.010461659170687199,0.01772553287446499,0.7928726077079773,0.049478016793727875,0.7928726077079773,0.049478016793727875,2628,11.062524557113647
0.010461659170687199,0.01772553287446499,0.7928726077079773,0.049478016793727875,0.7928726077079773,0.049478016793727875,2629,11.063663005828857
0.010461659170687199,0.01772553287446499,0.7928726077079773,0.049478016793727875,0.7928726077079773,0.049478016793727875,2630,11.063663005828857
0.010461659170687199,0.01772553287446499,0.7928726077079773,0.049478016793727875,0.7928726077079773,0.049478016793727875,2631,11.063663005828857
0.010461659170687199,0.01772553287446499,0.7928726077079773,0.049478016793727875,0.7928726077079773,0.049478016793727875,2632,11.078338146209717
0.010461659170687199,0.01772553287446499,0.7928726077079773,0.049478016793727875,0.7928726077079773,0.049478016793727875,2633,11.078338146209717
0.010461659170687199,0.01772553287446499,0.7928726077079773,0.049478016793727875,0.7928726077079773,0.049478016793727875,2634,11.078338146209717
0.010461659170687199,0.01772553287446499,0.7928726077079773,0.049478016793727875,0.7928726077079773,0.049478016793727875,2635,11.078338146209717
0.010461659170687199,0.01772553287446499,0.7928726077079773,0.049478016793727875,0.7928726077079773,0.049478016793727875,2636,11.094862699508667
0.010461659170687199,0.01772553287446499,0.7928726077079773,0.049478016793727875,0.7928726077079773,0.049478016793727875,2637,11.094862699508667
0.010461659170687199,0.01772553287446499,0.7928726077079773,0.049478016793727875,0.7928726077079773,0.049478016793727875,2638,11.094862699508667
0.010461659170687199,0.01772553287446499,0.7928726077079773,0.049478016793727875,0.7928726077079773,0.049478016793727875,2639,11.110038757324219
0.010461659170687199,0.01772553287446499,0.7928726077079773,0.049478016793727875,0.7928726077079773,0.049478016793727875,2640,11.110038757324219
0.010461659170687199,0.01772553287446499,0.7928726077079773,0.049478016793727875,0.7928726077079773,0.049478016793727875,2641,11.110038757324219
0.010461659170687199,0.01772553287446499,0.7928726077079773,0.049478016793727875,0.7928726077079773,0.049478016793727875,2642,11.110038757324219
0.010461659170687199,0.01772553287446499,0.7928726077079773,0.049478016793727875,0.7928726077079773,0.049478016793727875,2643,11.125957489013672
0.010461659170687199,0.01772553287446499,0.7928726077079773,0.049478016793727875,0.7928726077079773,0.049478016793727875,2644,11.125957489013672
0.010461659170687199,0.01772553287446499,0.7928726077079773,0.049478016793727875,0.7928726077079773,0.049478016793727875,2645,11.125957489013672
0.010461659170687199,0.01772553287446499,0.7928726077079773,0.049478016793727875,0.7928726077079773,0.049478016793727875,2646,11.125957489013672
0.010461659170687199,0.01772553287446499,0.7928726077079773,0.049478016793727875,0.7928726077079773,0.049478016793727875,2647,11.14185905456543
0.010461659170687199,0.01772553287446499,0.7928726077079773,0.049478016793727875,0.7928726077079773,0.049478016793727875,2648,11.14185905456543
0.010461659170687199,0.01772553287446499,0.7928726077079773,0.049478016793727875,0.7928726077079773,0.049478016793727875,2649,11.14185905456543
0.010461659170687199,0.01772553287446499,0.7928726077079773,0.049478016793727875,0.7928726077079773,0.049478016793727875,2650,11.14185905456543
0.010461659170687199,0.01772553287446499,0.7928726077079773,0.049478016793727875,0.7928726077079773,0.049478016793727875,2651,11.157730340957642
0.010461659170687199,0.01772553287446499,0.7928726077079773,0.049478016793727875,0.7928726077079773,0.049478016793727875,2652,11.157730340957642
0.010461659170687199,0.01772553287446499,0.7928726077079773,0.049478016793727875,0.7928726077079773,0.049478016793727875,2653,11.157730340957642
0.010461659170687199,0.01772553287446499,0.7928726077079773,0.049478016793727875,0.7928726077079773,0.049478016793727875,2654,11.17147970199585
0.010461659170687199,0.01772553287446499,0.7928726077079773,0.049478016793727875,0.7928726077079773,0.049478016793727875,2655,11.173619508743286
0.010461659170687199,0.01772553287446499,0.7928726077079773,0.049478016793727875,0.7928726077079773,0.049478016793727875,2656,11.173619508743286
0.010461659170687199,0.01772553287446499,0.7928726077079773,0.049478016793727875,0.7928726077079773,0.049478016793727875,2657,11.173619508743286
0.010461659170687199,0.01772553287446499,0.7928726077079773,0.049478016793727875,0.7928726077079773,0.049478016793727875,2658,11.173619508743286
0.010461659170687199,0.01772553287446499,0.7928726077079773,0.049478016793727875,0.7928726077079773,0.049478016793727875,2659,11.173619508743286
0.010461659170687199,0.01772553287446499,0.7928726077079773,0.049478016793727875,0.7928726077079773,0.049478016793727875,2660,11.189431428909302
0.010461659170687199,0.01772553287446499,0.7928726077079773,0.049478016793727875,0.7928726077079773,0.049478016793727875,2661,11.189431428909302
0.010461659170687199,0.01772553287446499,0.7928726077079773,0.049478016793727875,0.7928726077079773,0.049478016793727875,2662,11.19514513015747
0.010461659170687199,0.01772553287446499,0.7928726077079773,0.049478016793727875,0.7928726077079773,0.049478016793727875,2663,11.19514513015747
0.010461659170687199,0.01772553287446499,0.7928726077079773,0.049478016793727875,0.7928726077079773,0.049478016793727875,2664,11.19514513015747
0.010461659170687199,0.01772553287446499,0.7928726077079773,0.049478016793727875,0.7928726077079773,0.049478016793727875,2665,11.2053062915802
0.010461659170687199,0.01772553287446499,0.7928726077079773,0.049478016793727875,0.7928726077079773,0.049478016793727875,2666,11.2053062915802
0.010461659170687199,0.01772553287446499,0.7928726077079773,0.049478016793727875,0.7928726077079773,0.049478016793727875,2667,11.212515115737915
0.010461659170687199,0.01772553287446499,0.7928726077079773,0.049478016793727875,0.7928726077079773,0.049478016793727875,2668,11.212515115737915
0.010461659170687199,0.01772553287446499,0.7928726077079773,0.049478016793727875,0.7928726077079773,0.049478016793727875,2669,11.221177816390991
0.010461659170687199,0.01772553287446499,0.7928726077079773,0.049478016793727875,0.7928726077079773,0.049478016793727875,2670,11.221177816390991
0.010461659170687199,0.01772553287446499,0.7928726077079773,0.049478016793727875,0.7928726077079773,0.049478016793727875,2671,11.221177816390991
0.010461659170687199,0.01772553287446499,0.7928726077079773,0.049478016793727875,0.7928726077079773,0.049478016793727875,2672,11.221177816390991
0.010461659170687199,0.01772553287446499,0.7928726077079773,0.049478016793727875,0.7928726077079773,0.049478016793727875,2673,11.23597764968872
0.010461659170687199,0.01772553287446499,0.7928726077079773,0.049478016793727875,0.7928726077079773,0.049478016793727875,2674,11.238544702529907
0.010461659170687199,0.01772553287446499,0.7928726077079773,0.049478016793727875,0.7928726077079773,0.049478016793727875,2675,11.24427080154419
0.010461659170687199,0.01772553287446499,0.7928726077079773,0.049478016793727875,0.7928726077079773,0.049478016793727875,2676,11.248543500900269
0.010461659170687199,0.01772553287446499,0.7928726077079773,0.049478016793727875,0.7928726077079773,0.049478016793727875,2677,11.25308895111084
0.010461659170687199,0.01772553287446499,0.7928726077079773,0.049478016793727875,0.7928726077079773,0.049478016793727875,2678,11.260971546173096
0.010461659170687199,0.01772553287446499,0.7928726077079773,0.049478016793727875,0.7928726077079773,0.049478016793727875,2679,11.265901803970337
0.010461659170687199,0.01772553287446499,0.7928726077079773,0.049478016793727875,0.7928726077079773,0.049478016793727875,2680,11.269207000732422
0.010461659170687199,0.01772553287446499,0.7928726077079773,0.049478016793727875,0.7928726077079773,0.049478016793727875,2681,11.273435115814209
0.010461659170687199,0.01772553287446499,0.7928726077079773,0.049478016793727875,0.7928726077079773,0.049478016793727875,2682,11.276597261428833
0.010461659170687199,0.01772553287446499,0.7928726077079773,0.049478016793727875,0.7928726077079773,0.049478016793727875,2683,11.276597261428833
0.010461659170687199,0.01772553287446499,0.7928726077079773,0.049478016793727875,0.7928726077079773,0.049478016793727875,2684,11.284626722335815
0.010461659170687199,0.01772553287446499,0.7928726077079773,0.049478016793727875,0.7928726077079773,0.049478016793727875,2685,11.287372350692749
0.010461659170687199,0.01772553287446499,0.7928726077079773,0.049478016793727875,0.7928726077079773,0.049478016793727875,2686,11.290400266647339
0.010461659170687199,0.01772553287446499,0.7928726077079773,0.049478016793727875,0.7928726077079773,0.049478016793727875,2687,11.29546856880188
0.010461659170687199,0.01772553287446499,0.7928726077079773,0.049478016793727875,0.7928726077079773,0.049478016793727875,2688,11.299412250518799
0.010461659170687199,0.01772553287446499,0.7928726077079773,0.049478016793727875,0.7928726077079773,0.049478016793727875,2689,11.303028345108032
0.010461659170687199,0.01772553287446499,0.7928726077079773,0.049478016793727875,0.7928726077079773,0.049478016793727875,2690,11.30829405784607
0.010461659170687199,0.01772553287446499,0.7928726077079773,0.049478016793727875,0.7928726077079773,0.049478016793727875,2691,11.30829405784607
0.010461659170687199,0.01772553287446499,0.7928726077079773,0.049478016793727875,0.7928726077079773,0.049478016793727875,2692,11.30829405784607
0.010461659170687199,0.01772553287446499,0.7928726077079773,0.049478016793727875,0.7928726077079773,0.049478016793727875,2693,11.315056562423706
0.010461659170687199,0.01772553287446499,0.7928726077079773,0.049478016793727875,0.7928726077079773,0.049478016793727875,2694,11.315056562423706
0.010461659170687199,0.01772553287446499,0.7928726077079773,0.049478016793727875,0.7928726077079773,0.049478016793727875,2695,11.315056562423706
0.010461659170687199,0.01772553287446499,0.7928726077079773,0.049478016793727875,0.7928726077079773,0.049478016793727875,2696,11.331243991851807
0.010461659170687199,0.01772553287446499,0.7928726077079773,0.049478016793727875,0.7928726077079773,0.049478016793727875,2697,11.331243991851807
0.010461659170687199,0.01772553287446499,0.7928726077079773,0.049478016793727875,0.7928726077079773,0.049478016793727875,2698,11.331243991851807
0.010461659170687199,0.01772553287446499,0.7928726077079773,0.049478016793727875,0.7928726077079773,0.049478016793727875,2699,11.331243991851807
0.010461659170687199,0.01772553287446499,0.7928726077079773,0.049478016793727875,0.7928726077079773,0.049478016793727875,2700,11.3470299243927
0.010461659170687199,0.01772553287446499,0.7928726077079773,0.049478016793727875,0.7928726077079773,0.049478016793727875,2701,11.3470299243927
0.010461659170687199,0.01772553287446499,0.7928726077079773,0.049478016793727875,0.7928726077079773,0.049478016793727875,2702,11.355781078338623
0.010461659170687199,0.01772553287446499,0.7928726077079773,0.049478016793727875,0.7928726077079773,0.049478016793727875,2703,11.355781078338623
0.010461659170687199,0.01772553287446499,0.7928726077079773,0.049478016793727875,0.7928726077079773,0.049478016793727875,2704,11.365177154541016
0.010461659170687199,0.01772553287446499,0.7928726077079773,0.049478016793727875,0.7928726077079773,0.049478016793727875,2705,11.365177154541016
0.010461659170687199,0.01772553287446499,0.7928726077079773,0.049478016793727875,0.7928726077079773,0.049478016793727875,2706,11.373170137405396
0.010461659170687199,0.01772553287446499,0.7928726077079773,0.049478016793727875,0.7928726077079773,0.049478016793727875,2707,11.373170137405396
0.010461659170687199,0.01772553287446499,0.7928726077079773,0.049478016793727875,0.7928726077079773,0.049478016793727875,2708,11.378848552703857
0.010461659170687199,0.01772553287446499,0.7928726077079773,0.049478016793727875,0.7928726077079773,0.049478016793727875,2709,11.378848552703857
0.010461659170687199,0.01772553287446499,0.7928726077079773,0.049478016793727875,0.7928726077079773,0.049478016793727875,2710,11.396827459335327
0.010461659170687199,0.01772553287446499,0.7928726077079773,0.049478016793727875,0.7928726077079773,0.049478016793727875,2711,11.396827459335327
0.010461659170687199,0.01772553287446499,0.7928726077079773,0.049478016793727875,0.7928726077079773,0.049478016793727875,2712,11.403363943099976
0.010461659170687199,0.01772553287446499,0.7928726077079773,0.049478016793727875,0.7928726077079773,0.049478016793727875,2713,11.407060861587524
0.010461659170687199,0.01772553287446499,0.7928726077079773,0.049478016793727875,0.7928726077079773,0.049478016793727875,2714,11.4133882522583
0.010461659170687199,0.01772553287446499,0.7928726077079773,0.049478016793727875,0.7928726077079773,0.049478016793727875,2715,11.4133882522583
0.010461659170687199,0.01772553287446499,0.7928726077079773,0.049478016793727875,0.7928726077079773,0.049478016793727875,2716,11.419872522354126
0.010461659170687199,0.01772553287446499,0.7928726077079773,0.049478016793727875,0.7928726077079773,0.049478016793727875,2717,11.419872522354126
0.010461659170687199,0.01772553287446499,0.7928726077079773,0.049478016793727875,0.7928726077079773,0.049478016793727875,2718,11.427680015563965
0.010461659170687199,0.01772553287446499,0.7928726077079773,0.049478016793727875,0.7928726077079773,0.049478016793727875,2719,11.427680015563965
0.010461659170687199,0.01772553287446499,0.7928726077079773,0.049478016793727875,0.7928726077079773,0.049478016793727875,2720,11.427680015563965
0.010461659170687199,0.01772553287446499,0.7928726077079773,0.049478016793727875,0.7928726077079773,0.049478016793727875,2721,11.427680015563965
0.010461659170687199,0.01772553287446499,0.7928726077079773,0.049478016793727875,0.7928726077079773,0.049478016793727875,2722,11.4435396194458
0.010461659170687199,0.01772553287446499,0.7928726077079773,0.049478016793727875,0.7928726077079773,0.049478016793727875,2723,11.4435396194458
0.010461659170687199,0.01772553287446499,0.7928726077079773,0.049478016793727875,0.7928726077079773,0.049478016793727875,2724,11.4435396194458
0.010461659170687199,0.01772553287446499,0.7928726077079773,0.049478016793727875,0.7928726077079773,0.049478016793727875,2725,11.4435396194458
0.010461659170687199,0.01772553287446499,0.7928726077079773,0.049478016793727875,0.7928726077079773,0.049478016793727875,2726,11.4435396194458
0.010461659170687199,0.01772553287446499,0.7928726077079773,0.049478016793727875,0.7928726077079773,0.049478016793727875,2727,11.45938229560852
0.010461659170687199,0.01772553287446499,0.7928726077079773,0.049478016793727875,0.7928726077079773,0.049478016793727875,2728,11.45938229560852
0.010461659170687199,0.01772553287446499,0.7928726077079773,0.049478016793727875,0.7928726077079773,0.049478016793727875,2729,11.45938229560852
0.010461659170687199,0.01772553287446499,0.7928726077079773,0.049478016793727875,0.7928726077079773,0.049478016793727875,2730,11.495743751525879
0.010461659170687199,0.01772553287446499,0.7928726077079773,0.049478016793727875,0.7928726077079773,0.049478016793727875,2731,11.495743751525879
0.010461659170687199,0.01772553287446499,0.7928726077079773,0.049478016793727875,0.7928726077079773,0.049478016793727875,2732,11.495743751525879
0.010461659170687199,0.01772553287446499,0.7928726077079773,0.049478016793727875,0.7928726077079773,0.049478016793727875,2733,11.507423877716064
0.010461659170687199,0.01772553287446499,0.7928726077079773,0.049478016793727875,0.7928726077079773,0.049478016793727875,2734,11.507423877716064
0.010461659170687199,0.01772553287446499,0.7928726077079773,0.049478016793727875,0.7928726077079773,0.049478016793727875,2735,11.516550302505493
0.010461659170687199,0.01772553287446499,0.7928726077079773,0.049478016793727875,0.7928726077079773,0.049478016793727875,2736,11.523308277130127
0.010461659170687199,0.01772553287446499,0.7928726077079773,0.049478016793727875,0.7928726077079773,0.049478016793727875,2737,11.523308277130127
0.010461659170687199,0.01772553287446499,0.7928726077079773,0.049478016793727875,0.7928726077079773,0.049478016793727875,2738,11.523308277130127
0.010461659170687199,0.01772553287446499,0.7928726077079773,0.049478016793727875,0.7928726077079773,0.049478016793727875,2739,11.523308277130127
0.010461659170687199,0.01772553287446499,0.7928726077079773,0.049478016793727875,0.7928726077079773,0.049478016793727875,2740,11.53915286064148
0.010461659170687199,0.01772553287446499,0.7928726077079773,0.049478016793727875,0.7928726077079773,0.049478016793727875,2741,11.53915286064148
0.010461659170687199,0.01772553287446499,0.7928726077079773,0.049478016793727875,0.7928726077079773,0.049478016793727875,2742,11.53915286064148
0.010461659170687199,0.01772553287446499,0.7928726077079773,0.049478016793727875,0.7928726077079773,0.049478016793727875,2743,11.53915286064148
0.010461659170687199,0.01772553287446499,0.7928726077079773,0.049478016793727875,0.7928726077079773,0.049478016793727875,2744,11.554988145828247
0.010461659170687199,0.01772553287446499,0.7928726077079773,0.049478016793727875,0.7928726077079773,0.049478016793727875,2745,11.554988145828247
0.010461659170687199,0.01772553287446499,0.7928726077079773,0.049478016793727875,0.7928726077079773,0.049478016793727875,2746,11.554988145828247
0.010461659170687199,0.01772553287446499,0.7928726077079773,0.049478016793727875,0.7928726077079773,0.049478016793727875,2747,11.554988145828247
0.010461659170687199,0.01772553287446499,0.7928726077079773,0.049478016793727875,0.7928726077079773,0.049478016793727875,2748,11.572990655899048
0.010461659170687199,0.01772553287446499,0.7928726077079773,0.049478016793727875,0.7928726077079773,0.049478016793727875,2749,11.572990655899048
0.010461659170687199,0.01772553287446499,0.7928726077079773,0.049478016793727875,0.7928726077079773,0.049478016793727875,2750,11.572990655899048
0.010461659170687199,0.01772553287446499,0.7928726077079773,0.049478016793727875,0.7928726077079773,0.049478016793727875,2751,11.572990655899048
0.010461659170687199,0.01772553287446499,0.7928726077079773,0.049478016793727875,0.7928726077079773,0.049478016793727875,2752,11.586664915084839
0.010461659170687199,0.01772553287446499,0.7928726077079773,0.049478016793727875,0.7928726077079773,0.049478016793727875,2753,11.586664915084839
0.010461659170687199,0.01772553287446499,0.7928726077079773,0.049478016793727875,0.7928726077079773,0.049478016793727875,2754,11.595919370651245
0.010461659170687199,0.01772553287446499,0.7928726077079773,0.049478016793727875,0.7928726077079773,0.049478016793727875,2755,11.595919370651245
0.010461659170687199,0.01772553287446499,0.7928726077079773,0.049478016793727875,0.7928726077079773,0.049478016793727875,2756,11.602616548538208
0.010461659170687199,0.01772553287446499,0.7928726077079773,0.049478016793727875,0.7928726077079773,0.049478016793727875,2757,11.602616548538208
0.010461659170687199,0.01772553287446499,0.7928726077079773,0.049478016793727875,0.7928726077079773,0.049478016793727875,2758,11.602616548538208
0.010461659170687199,0.01772553287446499,0.7928726077079773,0.049478016793727875,0.7928726077079773,0.049478016793727875,2759,11.615256786346436
0.010461659170687199,0.01772553287446499,0.7928726077079773,0.049478016793727875,0.7928726077079773,0.049478016793727875,2760,11.618447303771973
0.010461659170687199,0.01772553287446499,0.7928726077079773,0.049478016793727875,0.7928726077079773,0.049478016793727875,2761,11.6224684715271
0.010461659170687199,0.01772553287446499,0.7928726077079773,0.049478016793727875,0.7928726077079773,0.049478016793727875,2762,11.625404596328735
0.010461659170687199,0.01772553287446499,0.7928726077079773,0.049478016793727875,0.7928726077079773,0.049478016793727875,2763,11.629056453704834
0.010461659170687199,0.01772553287446499,0.7928726077079773,0.049478016793727875,0.7928726077079773,0.049478016793727875,2764,11.634249448776245
0.010461659170687199,0.01772553287446499,0.7928726077079773,0.049478016793727875,0.7928726077079773,0.049478016793727875,2765,11.634249448776245
0.010461659170687199,0.01772553287446499,0.7928726077079773,0.049478016793727875,0.7928726077079773,0.049478016793727875,2766,11.634249448776245
0.010461659170687199,0.01772553287446499,0.7928726077079773,0.049478016793727875,0.7928726077079773,0.049478016793727875,2767,11.634249448776245
0.010461659170687199,0.01772553287446499,0.7928726077079773,0.049478016793727875,0.7928726077079773,0.049478016793727875,2768,11.650131225585938
0.010461659170687199,0.01772553287446499,0.7928726077079773,0.049478016793727875,0.7928726077079773,0.049478016793727875,2769,11.650131225585938
0.010461659170687199,0.01772553287446499,0.7928726077079773,0.049478016793727875,0.7928726077079773,0.049478016793727875,2770,11.650131225585938
0.010461659170687199,0.01772553287446499,0.7928726077079773,0.049478016793727875,0.7928726077079773,0.049478016793727875,2771,11.650131225585938
0.010461659170687199,0.01772553287446499,0.7928726077079773,0.049478016793727875,0.7928726077079773,0.049478016793727875,2772,11.666062116622925
0.010461659170687199,0.01772553287446499,0.7928726077079773,0.049478016793727875,0.7928726077079773,0.049478016793727875,2773,11.666062116622925
0.010461659170687199,0.01772553287446499,0.7928726077079773,0.049478016793727875,0.7928726077079773,0.049478016793727875,2774,11.666062116622925
0.010461659170687199,0.01772553287446499,0.7928726077079773,0.049478016793727875,0.7928726077079773,0.049478016793727875,2775,11.666062116622925
0.010461659170687199,0.01772553287446499,0.7928726077079773,0.049478016793727875,0.7928726077079773,0.049478016793727875,2776,11.681941509246826
0.010461659170687199,0.01772553287446499,0.7928726077079773,0.049478016793727875,0.7928726077079773,0.049478016793727875,2777,11.681941509246826
0.010461659170687199,0.01772553287446499,0.7928726077079773,0.049478016793727875,0.7928726077079773,0.049478016793727875,2778,11.681941509246826
0.010461659170687199,0.01772553287446499,0.7928726077079773,0.049478016793727875,0.7928726077079773,0.049478016793727875,2779,11.681941509246826
0.010461659170687199,0.01772553287446499,0.7928726077079773,0.049478016793727875,0.7928726077079773,0.049478016793727875,2780,11.696169376373291
0.010461659170687199,0.01772553287446499,0.7928726077079773,0.049478016793727875,0.7928726077079773,0.049478016793727875,2781,11.698080062866211
0.010461659170687199,0.01772553287446499,0.7928726077079773,0.049478016793727875,0.7928726077079773,0.049478016793727875,2782,11.698080062866211
0.010461659170687199,0.01772553287446499,0.7928726077079773,0.049478016793727875,0.7928726077079773,0.049478016793727875,2783,11.698080062866211
0.010461659170687199,0.01772553287446499,0.7928726077079773,0.049478016793727875,0.7928726077079773,0.049478016793727875,2784,11.698080062866211
0.010461659170687199,0.01772553287446499,0.7928726077079773,0.049478016793727875,0.7928726077079773,0.049478016793727875,2785,11.713934659957886
0.010461659170687199,0.01772553287446499,0.7928726077079773,0.049478016793727875,0.7928726077079773,0.049478016793727875,2786,11.713934659957886
0.010461659170687199,0.01772553287446499,0.7928726077079773,0.049478016793727875,0.7928726077079773,0.049478016793727875,2787,11.713934659957886
0.010461659170687199,0.01772553287446499,0.7928726077079773,0.049478016793727875,0.7928726077079773,0.049478016793727875,2788,11.713934659957886
0.010461659170687199,0.01772553287446499,0.7928726077079773,0.049478016793727875,0.7928726077079773,0.049478016793727875,2789,11.730928897857666
0.010461659170687199,0.01772553287446499,0.7928726077079773,0.049478016793727875,0.7928726077079773,0.049478016793727875,2790,11.730928897857666
0.010461659170687199,0.01772553287446499,0.7928726077079773,0.049478016793727875,0.7928726077079773,0.049478016793727875,2791,11.730928897857666
0.010461659170687199,0.01772553287446499,0.7928726077079773,0.049478016793727875,0.7928726077079773,0.049478016793727875,2792,11.730928897857666
0.010461659170687199,0.01772553287446499,0.7928726077079773,0.049478016793727875,0.7928726077079773,0.049478016793727875,2793,11.745611906051636
0.010461659170687199,0.01772553287446499,0.7928726077079773,0.049478016793727875,0.7928726077079773,0.049478016793727875,2794,11.745611906051636
0.010461659170687199,0.01772553287446499,0.7928726077079773,0.049478016793727875,0.7928726077079773,0.049478016793727875,2795,11.745611906051636
0.010461659170687199,0.01772553287446499,0.7928726077079773,0.049478016793727875,0.7928726077079773,0.049478016793727875,2796,11.762589693069458
0.010461659170687199,0.01772553287446499,0.7928726077079773,0.049478016793727875,0.7928726077079773,0.049478016793727875,2797,11.765409708023071
0.010461659170687199,0.01772553287446499,0.7928726077079773,0.049478016793727875,0.7928726077079773,0.049478016793727875,2798,11.765409708023071
0.010461659170687199,0.01772553287446499,0.7928726077079773,0.049478016793727875,0.7928726077079773,0.049478016793727875,2799,11.774473190307617
0.010461659170687199,0.01772553287446499,0.7928726077079773,0.049478016793727875,0.7928726077079773,0.049478016793727875,2800,11.776666402816772
0.010461659170687199,0.01772553287446499,0.7928726077079773,0.049478016793727875,0.7928726077079773,0.049478016793727875,2801,11.776666402816772
0.010461659170687199,0.01772553287446499,0.7928726077079773,0.049478016793727875,0.7928726077079773,0.049478016793727875,2802,11.776666402816772
0.010461659170687199,0.01772553287446499,0.7928726077079773,0.049478016793727875,0.7928726077079773,0.049478016793727875,2803,11.792657613754272
0.010461659170687199,0.01772553287446499,0.7928726077079773,0.049478016793727875,0.7928726077079773,0.049478016793727875,2804,11.796430826187134
0.010461659170687199,0.01772553287446499,0.7928726077079773,0.049478016793727875,0.7928726077079773,0.049478016793727875,2805,11.796430826187134
0.010461659170687199,0.01772553287446499,0.7928726077079773,0.049478016793727875,0.7928726077079773,0.049478016793727875,2806,11.796430826187134
0.010461659170687199,0.01772553287446499,0.7928726077079773,0.049478016793727875,0.7928726077079773,0.049478016793727875,2807,11.796430826187134
0.010461659170687199,0.01772553287446499,0.7928726077079773,0.049478016793727875,0.7928726077079773,0.049478016793727875,2808,11.808606624603271
0.010461659170687199,0.01772553287446499,0.7928726077079773,0.049478016793727875,0.7928726077079773,0.049478016793727875,2809,11.824522495269775
0.010461659170687199,0.01772553287446499,0.7928726077079773,0.049478016793727875,0.7928726077079773,0.049478016793727875,2810,11.824522495269775
0.010461659170687199,0.01772553287446499,0.7928726077079773,0.049478016793727875,0.7928726077079773,0.049478016793727875,2811,11.824522495269775
0.010461659170687199,0.01772553287446499,0.7928726077079773,0.049478016793727875,0.7928726077079773,0.049478016793727875,2812,11.834261894226074
0.010461659170687199,0.01772553287446499,0.7928726077079773,0.049478016793727875,0.7928726077079773,0.049478016793727875,2813,11.84045672416687
0.010461659170687199,0.01772553287446499,0.7928726077079773,0.049478016793727875,0.7928726077079773,0.049478016793727875,2814,11.84045672416687
0.010461659170687199,0.01772553287446499,0.7928726077079773,0.049478016793727875,0.7928726077079773,0.049478016793727875,2815,11.84045672416687
0.010461659170687199,0.01772553287446499,0.7928726077079773,0.049478016793727875,0.7928726077079773,0.049478016793727875,2816,11.84045672416687
0.010461659170687199,0.01772553287446499,0.7928726077079773,0.049478016793727875,0.7928726077079773,0.049478016793727875,2817,11.84045672416687
0.010461659170687199,0.01772553287446499,0.7928726077079773,0.049478016793727875,0.7928726077079773,0.049478016793727875,2818,11.8566415309906
0.010461659170687199,0.01772553287446499,0.7928726077079773,0.049478016793727875,0.7928726077079773,0.049478016793727875,2819,11.872605562210083
0.010461659170687199,0.01772553287446499,0.7928726077079773,0.049478016793727875,0.7928726077079773,0.049478016793727875,2820,11.872605562210083
0.010461659170687199,0.01772553287446499,0.7928726077079773,0.049478016793727875,0.7928726077079773,0.049478016793727875,2821,11.888476133346558
0.010461659170687199,0.01772553287446499,0.7928726077079773,0.049478016793727875,0.7928726077079773,0.049478016793727875,2822,11.888476133346558
0.010461659170687199,0.01772553287446499,0.7928726077079773,0.049478016793727875,0.7928726077079773,0.049478016793727875,2823,11.896791934967041
0.010461659170687199,0.01772553287446499,0.7928726077079773,0.049478016793727875,0.7928726077079773,0.049478016793727875,2824,11.896791934967041
0.010461659170687199,0.01772553287446499,0.7928726077079773,0.049478016793727875,0.7928726077079773,0.049478016793727875,2825,11.904458999633789
0.010461659170687199,0.01772553287446499,0.7928726077079773,0.049478016793727875,0.7928726077079773,0.049478016793727875,2826,11.904458999633789
0.010461659170687199,0.01772553287446499,0.7928726077079773,0.049478016793727875,0.7928726077079773,0.049478016793727875,2827,11.904458999633789
0.010461659170687199,0.01772553287446499,0.7928726077079773,0.049478016793727875,0.7928726077079773,0.049478016793727875,2828,11.921803951263428
0.010461659170687199,0.01772553287446499,0.7928726077079773,0.049478016793727875,0.7928726077079773,0.049478016793727875,2829,11.921803951263428
0.010461659170687199,0.01772553287446499,0.7928726077079773,0.049478016793727875,0.7928726077079773,0.049478016793727875,2830,11.921803951263428
0.010461659170687199,0.01772553287446499,0.7928726077079773,0.049478016793727875,0.7928726077079773,0.049478016793727875,2831,11.936784505844116
0.010461659170687199,0.01772553287446499,0.7928726077079773,0.049478016793727875,0.7928726077079773,0.049478016793727875,2832,11.936784505844116
0.010461659170687199,0.01772553287446499,0.7928726077079773,0.049478016793727875,0.7928726077079773,0.049478016793727875,2833,11.945027112960815
0.010461659170687199,0.01772553287446499,0.7928726077079773,0.049478016793727875,0.7928726077079773,0.049478016793727875,2834,11.945027112960815
0.010461659170687199,0.01772553287446499,0.7928726077079773,0.049478016793727875,0.7928726077079773,0.049478016793727875,2835,11.945027112960815
0.010461659170687199,0.01772553287446499,0.7928726077079773,0.049478016793727875,0.7928726077079773,0.049478016793727875,2836,11.95319652557373
0.010461659170687199,0.01772553287446499,0.7928726077079773,0.049478016793727875,0.7928726077079773,0.049478016793727875,2837,11.95319652557373
0.010461659170687199,0.01772553287446499,0.7928726077079773,0.049478016793727875,0.7928726077079773,0.049478016793727875,2838,11.961036920547485
0.010461659170687199,0.01772553287446499,0.7928726077079773,0.049478016793727875,0.7928726077079773,0.049478016793727875,2839,11.961036920547485
0.010461659170687199,0.01772553287446499,0.7928726077079773,0.049478016793727875,0.7928726077079773,0.049478016793727875,2840,11.961036920547485
0.010461659170687199,0.01772553287446499,0.7928726077079773,0.049478016793727875,0.7928726077079773,0.049478016793727875,2841,11.979413747787476
0.010461659170687199,0.01772553287446499,0.7928726077079773,0.049478016793727875,0.7928726077079773,0.049478016793727875,2842,11.983066082000732
0.010461659170687199,0.01772553287446499,0.7928726077079773,0.049478016793727875,0.7928726077079773,0.049478016793727875,2843,11.984760999679565
0.010461659170687199,0.01772553287446499,0.7928726077079773,0.049478016793727875,0.7928726077079773,0.049478016793727875,2844,11.992954015731812
0.010461659170687199,0.01772553287446499,0.7928726077079773,0.049478016793727875,0.7928726077079773,0.049478016793727875,2845,12.008885383605957
0.010461659170687199,0.01772553287446499,0.7928726077079773,0.049478016793727875,0.7928726077079773,0.049478016793727875,2846,12.008885383605957
0.010461659170687199,0.01772553287446499,0.7928726077079773,0.049478016793727875,0.7928726077079773,0.049478016793727875,2847,12.015907049179077
0.010461659170687199,0.01772553287446499,0.7928726077079773,0.049478016793727875,0.7928726077079773,0.049478016793727875,2848,12.025100708007812
0.010461659170687199,0.01772553287446499,0.7928726077079773,0.049478016793727875,0.7928726077079773,0.049478016793727875,2849,12.025100708007812
0.010461659170687199,0.01772553287446499,0.7928726077079773,0.049478016793727875,0.7928726077079773,0.049478016793727875,2850,12.025100708007812
0.010461659170687199,0.01772553287446499,0.7928726077079773,0.049478016793727875,0.7928726077079773,0.049478016793727875,2851,12.025100708007812
0.010461659170687199,0.01772553287446499,0.7928726077079773,0.049478016793727875,0.7928726077079773,0.049478016793727875,2852,12.042073011398315
0.010461659170687199,0.01772553287446499,0.7928726077079773,0.049478016793727875,0.7928726077079773,0.049478016793727875,2853,12.042073011398315
0.010461659170687199,0.01772553287446499,0.7928726077079773,0.049478016793727875,0.7928726077079773,0.049478016793727875,2854,12.042073011398315
0.010461659170687199,0.01772553287446499,0.7928726077079773,0.049478016793727875,0.7928726077079773,0.049478016793727875,2855,12.05674934387207
0.010461659170687199,0.01772553287446499,0.7928726077079773,0.049478016793727875,0.7928726077079773,0.049478016793727875,2856,12.05674934387207
0.010461659170687199,0.01772553287446499,0.7928726077079773,0.049478016793727875,0.7928726077079773,0.049478016793727875,2857,12.06501817703247
0.010461659170687199,0.01772553287446499,0.7928726077079773,0.049478016793727875,0.7928726077079773,0.049478016793727875,2858,12.06501817703247
0.010461659170687199,0.01772553287446499,0.7928726077079773,0.049478016793727875,0.7928726077079773,0.049478016793727875,2859,12.072703838348389
0.010461659170687199,0.01772553287446499,0.7928726077079773,0.049478016793727875,0.7928726077079773,0.049478016793727875,2860,12.072703838348389
0.010461659170687199,0.01772553287446499,0.7928726077079773,0.049478016793727875,0.7928726077079773,0.049478016793727875,2861,12.072703838348389
0.010461659170687199,0.01772553287446499,0.7928726077079773,0.049478016793727875,0.7928726077079773,0.049478016793727875,2862,12.072703838348389
0.010461659170687199,0.01772553287446499,0.7928726077079773,0.049478016793727875,0.7928726077079773,0.049478016793727875,2863,12.088681936264038
0.010461659170687199,0.01772553287446499,0.7928726077079773,0.049478016793727875,0.7928726077079773,0.049478016793727875,2864,12.104792833328247
0.010461659170687199,0.01772553287446499,0.7928726077079773,0.049478016793727875,0.7928726077079773,0.049478016793727875,2865,12.104792833328247
0.010461659170687199,0.01772553287446499,0.7928726077079773,0.049478016793727875,0.7928726077079773,0.049478016793727875,2866,12.104792833328247
0.010461659170687199,0.01772553287446499,0.7928726077079773,0.049478016793727875,0.7928726077079773,0.049478016793727875,2867,12.120743036270142
0.010461659170687199,0.01772553287446499,0.7928726077079773,0.049478016793727875,0.7928726077079773,0.049478016793727875,2868,12.120743036270142
0.010461659170687199,0.01772553287446499,0.7928726077079773,0.049478016793727875,0.7928726077079773,0.049478016793727875,2869,12.136926174163818
0.010461659170687199,0.01772553287446499,0.7928726077079773,0.049478016793727875,0.7928726077079773,0.049478016793727875,2870,12.136926174163818
0.010461659170687199,0.01772553287446499,0.7928726077079773,0.049478016793727875,0.7928726077079773,0.049478016793727875,2871,12.136926174163818
0.010461659170687199,0.01772553287446499,0.7928726077079773,0.049478016793727875,0.7928726077079773,0.049478016793727875,2872,12.152831792831421
0.010461659170687199,0.01772553287446499,0.7928726077079773,0.049478016793727875,0.7928726077079773,0.049478016793727875,2873,12.152831792831421
0.010461659170687199,0.01772553287446499,0.7928726077079773,0.049478016793727875,0.7928726077079773,0.049478016793727875,2874,12.152831792831421
0.010461659170687199,0.01772553287446499,0.7928726077079773,0.049478016793727875,0.7928726077079773,0.049478016793727875,2875,12.152831792831421
0.010461659170687199,0.01772553287446499,0.7928726077079773,0.049478016793727875,0.7928726077079773,0.049478016793727875,2876,12.168730974197388
0.010461659170687199,0.01772553287446499,0.7928726077079773,0.049478016793727875,0.7928726077079773,0.049478016793727875,2877,12.176599025726318
0.010461659170687199,0.01772553287446499,0.7928726077079773,0.049478016793727875,0.7928726077079773,0.049478016793727875,2878,12.176599025726318
0.010461659170687199,0.01772553287446499,0.7928726077079773,0.049478016793727875,0.7928726077079773,0.049478016793727875,2879,12.184813261032104
0.010461659170687199,0.01772553287446499,0.7928726077079773,0.049478016793727875,0.7928726077079773,0.049478016793727875,2880,12.184813261032104
0.010461659170687199,0.01772553287446499,0.7928726077079773,0.049478016793727875,0.7928726077079773,0.049478016793727875,2881,12.184813261032104
0.010461659170687199,0.01772553287446499,0.7928726077079773,0.049478016793727875,0.7928726077079773,0.049478016793727875,2882,12.184813261032104
0.010461659170687199,0.01772553287446499,0.7928726077079773,0.049478016793727875,0.7928726077079773,0.049478016793727875,2883,12.200924634933472
0.010461659170687199,0.01772553287446499,0.7928726077079773,0.049478016793727875,0.7928726077079773,0.049478016793727875,2884,12.200924634933472
0.010461659170687199,0.01772553287446499,0.7928726077079773,0.049478016793727875,0.7928726077079773,0.049478016793727875,2885,12.200924634933472
0.010461659170687199,0.01772553287446499,0.7928726077079773,0.049478016793727875,0.7928726077079773,0.049478016793727875,2886,12.200924634933472
0.010461659170687199,0.01772553287446499,0.7928726077079773,0.049478016793727875,0.7928726077079773,0.049478016793727875,2887,12.216176748275757
0.010461659170687199,0.01772553287446499,0.7928726077079773,0.049478016793727875,0.7928726077079773,0.049478016793727875,2888,12.217310190200806
0.010461659170687199,0.01772553287446499,0.7928726077079773,0.049478016793727875,0.7928726077079773,0.049478016793727875,2889,12.217310190200806
0.010461659170687199,0.01772553287446499,0.7928726077079773,0.049478016793727875,0.7928726077079773,0.049478016793727875,2890,12.217310190200806
0.010461659170687199,0.01772553287446499,0.7928726077079773,0.049478016793727875,0.7928726077079773,0.049478016793727875,2891,12.232119798660278
0.010461659170687199,0.01772553287446499,0.7928726077079773,0.049478016793727875,0.7928726077079773,0.049478016793727875,2892,12.232119798660278
0.010461659170687199,0.01772553287446499,0.7928726077079773,0.049478016793727875,0.7928726077079773,0.049478016793727875,2893,12.232119798660278
0.010461659170687199,0.01772553287446499,0.7928726077079773,0.049478016793727875,0.7928726077079773,0.049478016793727875,2894,12.232119798660278
0.010461659170687199,0.01772553287446499,0.7928726077079773,0.049478016793727875,0.7928726077079773,0.049478016793727875,2895,12.247997760772705
0.010461659170687199,0.01772553287446499,0.7928726077079773,0.049478016793727875,0.7928726077079773,0.049478016793727875,2896,12.247997760772705
0.010461659170687199,0.01772553287446499,0.7928726077079773,0.049478016793727875,0.7928726077079773,0.049478016793727875,2897,12.247997760772705
0.010461659170687199,0.01772553287446499,0.7928726077079773,0.049478016793727875,0.7928726077079773,0.049478016793727875,2898,12.263952493667603
0.010461659170687199,0.01772553287446499,0.7928726077079773,0.049478016793727875,0.7928726077079773,0.049478016793727875,2899,12.263952493667603
0.010461659170687199,0.01772553287446499,0.7928726077079773,0.049478016793727875,0.7928726077079773,0.049478016793727875,2900,12.263952493667603
0.010461659170687199,0.01772553287446499,0.7928726077079773,0.049478016793727875,0.7928726077079773,0.049478016793727875,2901,12.263952493667603
0.010461659170687199,0.01772553287446499,0.7928726077079773,0.049478016793727875,0.7928726077079773,0.049478016793727875,2902,12.279806137084961
0.010461659170687199,0.01772553287446499,0.7928726077079773,0.049478016793727875,0.7928726077079773,0.049478016793727875,2903,12.279806137084961
0.010461659170687199,0.01772553287446499,0.7928726077079773,0.049478016793727875,0.7928726077079773,0.049478016793727875,2904,12.279806137084961
0.010461659170687199,0.01772553287446499,0.7928726077079773,0.049478016793727875,0.7928726077079773,0.049478016793727875,2905,12.297827005386353
0.010461659170687199,0.01772553287446499,0.7928726077079773,0.049478016793727875,0.7928726077079773,0.049478016793727875,2906,12.297827005386353
0.010461659170687199,0.01772553287446499,0.7928726077079773,0.049478016793727875,0.7928726077079773,0.049478016793727875,2907,12.297827005386353
0.010461659170687199,0.01772553287446499,0.7928726077079773,0.049478016793727875,0.7928726077079773,0.049478016793727875,2908,12.297827005386353
0.010461659170687199,0.01772553287446499,0.7928726077079773,0.049478016793727875,0.7928726077079773,0.049478016793727875,2909,12.297827005386353
0.010461659170687199,0.01772553287446499,0.7928726077079773,0.049478016793727875,0.7928726077079773,0.049478016793727875,2910,12.311540842056274
0.010461659170687199,0.01772553287446499,0.7928726077079773,0.049478016793727875,0.7928726077079773,0.049478016793727875,2911,12.311540842056274
0.010461659170687199,0.01772553287446499,0.7928726077079773,0.049478016793727875,0.7928726077079773,0.049478016793727875,2912,12.311540842056274
0.010461659170687199,0.01772553287446499,0.7928726077079773,0.049478016793727875,0.7928726077079773,0.049478016793727875,2913,12.311540842056274
0.010461659170687199,0.01772553287446499,0.7928726077079773,0.049478016793727875,0.7928726077079773,0.049478016793727875,2914,12.32740306854248
0.010461659170687199,0.01772553287446499,0.7928726077079773,0.049478016793727875,0.7928726077079773,0.049478016793727875,2915,12.32740306854248
0.010461659170687199,0.01772553287446499,0.7928726077079773,0.049478016793727875,0.7928726077079773,0.049478016793727875,2916,12.32740306854248
0.010461659170687199,0.01772553287446499,0.7928726077079773,0.049478016793727875,0.7928726077079773,0.049478016793727875,2917,12.32740306854248
0.010461659170687199,0.01772553287446499,0.7928726077079773,0.049478016793727875,0.7928726077079773,0.049478016793727875,2918,12.32740306854248
0.010461659170687199,0.01772553287446499,0.7928726077079773,0.049478016793727875,0.7928726077079773,0.049478016793727875,2919,12.343273878097534
0.010461659170687199,0.01772553287446499,0.7928726077079773,0.049478016793727875,0.7928726077079773,0.049478016793727875,2920,12.343273878097534
0.010461659170687199,0.01772553287446499,0.7928726077079773,0.049478016793727875,0.7928726077079773,0.049478016793727875,2921,12.343273878097534
0.010461659170687199,0.01772553287446499,0.7928726077079773,0.049478016793727875,0.7928726077079773,0.049478016793727875,2922,12.343273878097534
0.010461659170687199,0.01772553287446499,0.7928726077079773,0.049478016793727875,0.7928726077079773,0.049478016793727875,2923,12.359116792678833
0.010461659170687199,0.01772553287446499,0.7928726077079773,0.049478016793727875,0.7928726077079773,0.049478016793727875,2924,12.359116792678833
0.010461659170687199,0.01772553287446499,0.7928726077079773,0.049478016793727875,0.7928726077079773,0.049478016793727875,2925,12.366156578063965
0.010461659170687199,0.01772553287446499,0.7928726077079773,0.049478016793727875,0.7928726077079773,0.049478016793727875,2926,12.366156578063965
0.010461659170687199,0.01772553287446499,0.7928726077079773,0.049478016793727875,0.7928726077079773,0.049478016793727875,2927,12.366156578063965
0.010461659170687199,0.01772553287446499,0.7928726077079773,0.049478016793727875,0.7928726077079773,0.049478016793727875,2928,12.377658367156982
0.010461659170687199,0.01772553287446499,0.7928726077079773,0.049478016793727875,0.7928726077079773,0.049478016793727875,2929,12.377658367156982
0.010461659170687199,0.01772553287446499,0.7928726077079773,0.049478016793727875,0.7928726077079773,0.049478016793727875,2930,12.377658367156982
0.010461659170687199,0.01772553287446499,0.7928726077079773,0.049478016793727875,0.7928726077079773,0.049478016793727875,2931,12.377658367156982
0.010461659170687199,0.01772553287446499,0.7928726077079773,0.049478016793727875,0.7928726077079773,0.049478016793727875,2932,12.391321659088135
0.010461659170687199,0.01772553287446499,0.7928726077079773,0.049478016793727875,0.7928726077079773,0.049478016793727875,2933,12.391321659088135
0.010461659170687199,0.01772553287446499,0.7928726077079773,0.049478016793727875,0.7928726077079773,0.049478016793727875,2934,12.398069620132446
0.010461659170687199,0.01772553287446499,0.7928726077079773,0.049478016793727875,0.7928726077079773,0.049478016793727875,2935,12.398069620132446
0.010461659170687199,0.01772553287446499,0.7928726077079773,0.049478016793727875,0.7928726077079773,0.049478016793727875,2936,12.398069620132446
0.010461659170687199,0.01772553287446499,0.7928726077079773,0.049478016793727875,0.7928726077079773,0.049478016793727875,2937,12.4072425365448
0.010461659170687199,0.01772553287446499,0.7928726077079773,0.049478016793727875,0.7928726077079773,0.049478016793727875,2938,12.4072425365448
0.010461659170687199,0.01772553287446499,0.7928726077079773,0.049478016793727875,0.7928726077079773,0.049478016793727875,2939,12.4072425365448
0.010461659170687199,0.01772553287446499,0.7928726077079773,0.049478016793727875,0.7928726077079773,0.049478016793727875,2940,12.419504404067993
0.010461659170687199,0.01772553287446499,0.7928726077079773,0.049478016793727875,0.7928726077079773,0.049478016793727875,2941,12.42322039604187
0.010461659170687199,0.01772553287446499,0.7928726077079773,0.049478016793727875,0.7928726077079773,0.049478016793727875,2942,12.42322039604187
0.010461659170687199,0.01772553287446499,0.7928726077079773,0.049478016793727875,0.7928726077079773,0.049478016793727875,2943,12.42322039604187
0.010461659170687199,0.01772553287446499,0.7928726077079773,0.049478016793727875,0.7928726077079773,0.049478016793727875,2944,12.42322039604187
0.010461659170687199,0.01772553287446499,0.7928726077079773,0.049478016793727875,0.7928726077079773,0.049478016793727875,2945,12.439033031463623
0.010461659170687199,0.01772553287446499,0.7928726077079773,0.049478016793727875,0.7928726077079773,0.049478016793727875,2946,12.439033031463623
0.010461659170687199,0.01772553287446499,0.7928726077079773,0.049478016793727875,0.7928726077079773,0.049478016793727875,2947,12.439033031463623
0.010461659170687199,0.01772553287446499,0.7928726077079773,0.049478016793727875,0.7928726077079773,0.049478016793727875,2948,12.439033031463623
0.010461659170687199,0.01772553287446499,0.7928726077079773,0.049478016793727875,0.7928726077079773,0.049478016793727875,2949,12.454875230789185
0.010461659170687199,0.01772553287446499,0.7928726077079773,0.049478016793727875,0.7928726077079773,0.049478016793727875,2950,12.45639419555664
0.010461659170687199,0.01772553287446499,0.7928726077079773,0.049478016793727875,0.7928726077079773,0.049478016793727875,2951,12.45639419555664
0.010461659170687199,0.01772553287446499,0.7928726077079773,0.049478016793727875,0.7928726077079773,0.049478016793727875,2952,12.45639419555664
0.010461659170687199,0.01772553287446499,0.7928726077079773,0.049478016793727875,0.7928726077079773,0.049478016793727875,2953,12.470215320587158
0.010461659170687199,0.01772553287446499,0.7928726077079773,0.049478016793727875,0.7928726077079773,0.049478016793727875,2954,12.470215320587158
0.010461659170687199,0.01772553287446499,0.7928726077079773,0.049478016793727875,0.7928726077079773,0.049478016793727875,2955,12.478493690490723
0.010461659170687199,0.01772553287446499,0.7928726077079773,0.049478016793727875,0.7928726077079773,0.049478016793727875,2956,12.478493690490723
0.010461659170687199,0.01772553287446499,0.7928726077079773,0.049478016793727875,0.7928726077079773,0.049478016793727875,2957,12.486576795578003
0.010461659170687199,0.01772553287446499,0.7928726077079773,0.049478016793727875,0.7928726077079773,0.049478016793727875,2958,12.486576795578003
0.010461659170687199,0.01772553287446499,0.7928726077079773,0.049478016793727875,0.7928726077079773,0.049478016793727875,2959,12.486576795578003
0.010461659170687199,0.01772553287446499,0.7928726077079773,0.049478016793727875,0.7928726077079773,0.049478016793727875,2960,12.486576795578003
0.010461659170687199,0.01772553287446499,0.7928726077079773,0.049478016793727875,0.7928726077079773,0.049478016793727875,2961,12.498465061187744
0.010461659170687199,0.01772553287446499,0.7928726077079773,0.049478016793727875,0.7928726077079773,0.049478016793727875,2962,12.502647876739502
0.010461659170687199,0.01772553287446499,0.7928726077079773,0.049478016793727875,0.7928726077079773,0.049478016793727875,2963,12.502647876739502
0.010461659170687199,0.01772553287446499,0.7928726077079773,0.049478016793727875,0.7928726077079773,0.049478016793727875,2964,12.502647876739502
0.010461659170687199,0.01772553287446499,0.7928726077079773,0.049478016793727875,0.7928726077079773,0.049478016793727875,2965,12.518040180206299
0.010461659170687199,0.01772553287446499,0.7928726077079773,0.049478016793727875,0.7928726077079773,0.049478016793727875,2966,12.519783735275269
0.010461659170687199,0.01772553287446499,0.7928726077079773,0.049478016793727875,0.7928726077079773,0.049478016793727875,2967,12.526572704315186
0.010461659170687199,0.01772553287446499,0.7928726077079773,0.049478016793727875,0.7928726077079773,0.049478016793727875,2968,12.526572704315186
0.010461659170687199,0.01772553287446499,0.7928726077079773,0.049478016793727875,0.7928726077079773,0.049478016793727875,2969,12.526572704315186
0.010461659170687199,0.01772553287446499,0.7928726077079773,0.049478016793727875,0.7928726077079773,0.049478016793727875,2970,12.537112474441528
0.010461659170687199,0.01772553287446499,0.7928726077079773,0.049478016793727875,0.7928726077079773,0.049478016793727875,2971,12.537112474441528
0.010461659170687199,0.01772553287446499,0.7928726077079773,0.049478016793727875,0.7928726077079773,0.049478016793727875,2972,12.542897939682007
0.010461659170687199,0.01772553287446499,0.7928726077079773,0.049478016793727875,0.7928726077079773,0.049478016793727875,2973,12.551096439361572
0.010461659170687199,0.01772553287446499,0.7928726077079773,0.049478016793727875,0.7928726077079773,0.049478016793727875,2974,12.551096439361572
0.010461659170687199,0.01772553287446499,0.7928726077079773,0.049478016793727875,0.7928726077079773,0.049478016793727875,2975,12.559386014938354
0.010461659170687199,0.01772553287446499,0.7928726077079773,0.049478016793727875,0.7928726077079773,0.049478016793727875,2976,12.559386014938354
0.010461659170687199,0.01772553287446499,0.7928726077079773,0.049478016793727875,0.7928726077079773,0.049478016793727875,2977,12.559386014938354
0.010461659170687199,0.01772553287446499,0.7928726077079773,0.049478016793727875,0.7928726077079773,0.049478016793727875,2978,12.559386014938354
0.010461659170687199,0.01772553287446499,0.7928726077079773,0.049478016793727875,0.7928726077079773,0.049478016793727875,2979,12.559386014938354
0.010461659170687199,0.01772553287446499,0.7928726077079773,0.049478016793727875,0.7928726077079773,0.049478016793727875,2980,12.57810354232788
0.010461659170687199,0.01772553287446499,0.7928726077079773,0.049478016793727875,0.7928726077079773,0.049478016793727875,2981,12.57810354232788
0.010461659170687199,0.01772553287446499,0.7928726077079773,0.049478016793727875,0.7928726077079773,0.049478016793727875,2982,12.57810354232788
0.010461659170687199,0.01772553287446499,0.7928726077079773,0.049478016793727875,0.7928726077079773,0.049478016793727875,2983,12.57810354232788
0.010461659170687199,0.01772553287446499,0.7928726077079773,0.049478016793727875,0.7928726077079773,0.049478016793727875,2984,12.591293334960938
0.010461659170687199,0.01772553287446499,0.7928726077079773,0.049478016793727875,0.7928726077079773,0.049478016793727875,2985,12.591293334960938
0.010461659170687199,0.01772553287446499,0.7928726077079773,0.049478016793727875,0.7928726077079773,0.049478016793727875,2986,12.598531723022461
0.010461659170687199,0.01772553287446499,0.7928726077079773,0.049478016793727875,0.7928726077079773,0.049478016793727875,2987,12.598531723022461
0.010461659170687199,0.01772553287446499,0.7928726077079773,0.049478016793727875,0.7928726077079773,0.049478016793727875,2988,12.598531723022461
0.010461659170687199,0.01772553287446499,0.7928726077079773,0.049478016793727875,0.7928726077079773,0.049478016793727875,2989,12.607275009155273
0.010461659170687199,0.01772553287446499,0.7928726077079773,0.049478016793727875,0.7928726077079773,0.049478016793727875,2990,12.607275009155273
0.010461659170687199,0.01772553287446499,0.7928726077079773,0.049478016793727875,0.7928726077079773,0.049478016793727875,2991,12.607275009155273
0.010461659170687199,0.01772553287446499,0.7928726077079773,0.049478016793727875,0.7928726077079773,0.049478016793727875,2992,12.607275009155273
0.010461659170687199,0.01772553287446499,0.7928726077079773,0.049478016793727875,0.7928726077079773,0.049478016793727875,2993,12.623224020004272
0.010461659170687199,0.01772553287446499,0.7928726077079773,0.049478016793727875,0.7928726077079773,0.049478016793727875,2994,12.623224020004272
0.010461659170687199,0.01772553287446499,0.7928726077079773,0.049478016793727875,0.7928726077079773,0.049478016793727875,2995,12.623224020004272
0.010461659170687199,0.01772553287446499,0.7928726077079773,0.049478016793727875,0.7928726077079773,0.049478016793727875,2996,12.623224020004272
0.010461659170687199,0.01772553287446499,0.7928726077079773,0.049478016793727875,0.7928726077079773,0.049478016793727875,2997,12.623224020004272
0.010461659170687199,0.01772553287446499,0.7928726077079773,0.049478016793727875,0.7928726077079773,0.049478016793727875,2998,12.639057159423828
0.010461659170687199,0.01772553287446499,0.7928726077079773,0.049478016793727875,0.7928726077079773,0.049478016793727875,2999,12.639057159423828
0.010461659170687199,0.01772553287446499,0.7928726077079773,0.049478016793727875,0.7928726077079773,0.049478016793727875,3000,12.639057159423828
