est_x,est_y,odom_x,odom_y,gt_x,gt_y,cov_x,cov_y,cov_xy,cov_yx,heading_cmd,speed_cmd,heading,speed,setpoint_x,setpoint_y,gt_heading,gt_speed,collision,step
nan,nan,0.0,0.0,0.0,0.0,nan,nan,nan,nan,0.0,0.04500000178813934,-0.00394749641418457,0.008849999867379665,0.0,0.5,2.384185791015625e-07,0.008849999867379665,0.0,1
nan,nan,0.006572531536221504,0.025266647338867188,0.00660244794562459,0.02525884471833706,nan,nan,nan,nan,0.2556709945201874,0.04114501550793648,0.2544867992401123,0.01769999973475933,0.0,0.5,0.25567102432250977,0.01769999973475933,0.0,2
nan,nan,0.01525260228663683,0.07675512135028839,0.0156413484364748,0.07668553292751312,nan,nan,nan,nan,0.17398574948310852,0.021936578676104546,0.16701245307922363,0.02654999867081642,0.0,0.5,0.17398571968078613,0.021863432601094246,0.0,3
nan,nan,0.016955792903900146,0.1550590991973877,0.016055580228567123,0.1411813199520111,nan,nan,nan,nan,0.006422549486160278,0.01906719245016575,0.021747589111328125,0.020610881969332695,0.0,0.5,0.006422519683837891,0.01880013942718506,0.0,4
nan,nan,0.012256808578968048,0.2156793475151062,0.010548083111643791,0.19636759161949158,nan,nan,nan,nan,-0.09946884959936142,0.006487909704446793,-0.07736039161682129,0.0028579141944646835,0.0,0.5,-0.09946894645690918,0.006451569497585297,0.0,5
nan,nan,0.011965595185756683,0.22410516440868378,0.009969948790967464,0.21539093554019928,nan,nan,nan,nan,-0.03038141317665577,0.04052356258034706,-0.034548282623291016,0.011707914061844349,0.0,0.5,-0.030381441116333008,0.015301569364964962,0.0,6
nan,nan,0.012373658828437328,0.2586410939693451,0.01004798524081707,0.2605305016040802,nan,nan,nan,nan,0.0017288868548348546,0.027590110898017883,0.011815071105957031,0.020557913929224014,0.0,0.5,0.0017287731170654297,0.024151569232344627,0.0,7
nan,nan,0.011543399654328823,0.3192812502384186,0.008622884750366211,0.3317633867263794,nan,nan,nan,nan,-0.0200035460293293,0.028909871354699135,-0.013690710067749023,0.029407914727926254,0.0,0.5,-0.020003557205200195,0.028903044760227203,0.0,8
nan,nan,0.01710399240255356,0.4058562219142914,0.014646163210272789,0.4168143570423126,nan,nan,nan,nan,0.0707017183303833,0.027803482487797737,0.06414055824279785,0.021582435816526413,0.0,0.5,0.07070159912109375,0.027689184993505478,0.0,9
nan,nan,0.02360329031944275,0.4691918194293976,0.022831609472632408,0.49808627367019653,nan,nan,nan,nan,0.1003783792257309,0.03191566839814186,0.10225892066955566,0.030432436615228653,0.0,0.5,0.10037827491760254,0.03190161660313606,0.0,10
nan,nan,0.02493458241224289,0.5589576363563538,0.025399938225746155,0.5921609997749329,nan,nan,nan,nan,0.027294274419546127,0.05085752531886101,0.014829635620117188,0.03928243741393089,0.0,0.5,0.027294158935546875,0.0407516174018383,0.0,11
nan,nan,0.03054066188633442,0.6747051477432251,0.032541003078222275,0.7121660113334656,nan,nan,nan,nan,0.0594363808631897,0.02408337965607643,0.04839587211608887,0.029429689049720764,0.0,0.5,0.05943632125854492,0.024070939049124718,0.0,12
nan,nan,0.027988003566861153,0.76148521900177,0.030800171196460724,0.7831539511680603,nan,nan,nan,nan,-0.02451811172068119,0.028637506067752838,-0.02940678596496582,0.030022749677300453,0.0,0.5,-0.02451801300048828,0.028536641970276833,0.0,13
nan,nan,0.01229717768728733,0.8486513495445251,0.01590631902217865,0.8660090565681458,nan,nan,nan,nan,-0.1778583824634552,0.05737686529755592,-0.17810320854187012,0.038872748613357544,0.0,0.5,-0.1778583526611328,0.03738664090633392,0.0,14
nan,nan,0.026867063716053963,0.9623966217041016,0.029551543295383453,0.9754523038864136,nan,nan,nan,nan,0.12403847277164459,0.008916860446333885,0.12739849090576172,0.00937274843454361,0.0,0.5,0.1240384578704834,0.008513588458299637,0.0,15
nan,nan,0.02960452251136303,0.989910364151001,0.03216393664479256,1.0004311800003052,nan,nan,nan,nan,0.10420532524585724,0.02819797210395336,0.0991678237915039,0.01822274923324585,0.0,0.5,0.10420536994934082,0.017363589257001877,0.0,16
nan,nan,0.031913597136735916,1.043617844581604,0.03461069241166115,1.0515953302383423,nan,nan,nan,nan,0.04778524115681648,0.020148271694779396,0.04296708106994629,0.015779370442032814,0.0,0.5,0.047785282135009766,0.020116211846470833,0.0,17
nan,nan,0.0306558720767498,1.090149998664856,0.03300156071782112,1.1109163761138916,nan,nan,nan,nan,-0.02711913362145424,0.04479598253965378,-0.027022600173950195,0.024629369378089905,0.0,0.5,-0.027119159698486328,0.028966210782527924,0.0,18
nan,nan,0.034786250442266464,1.1626890897750854,0.0379057303071022,1.196225881576538,nan,nan,nan,nan,0.05742355436086655,0.03216775879263878,0.05687856674194336,0.033479370176792145,0.0,0.5,0.05742359161376953,0.032052867114543915,0.0,19
nan,nan,0.024885788559913635,1.260955810546875,0.02866167202591896,1.290328860282898,nan,nan,nan,nan,-0.09791933000087738,0.029920782893896103,-0.10041213035583496,0.030194943770766258,0.0,0.5,-0.09791922569274902,0.029560493305325508,0.0,20
nan,nan,0.023678068071603775,1.3500226736068726,0.02815096639096737,1.377530813217163,nan,nan,nan,nan,-0.0058564371429383755,0.006376471370458603,-0.01355886459350586,0.014200938865542412,0.0,0.5,-0.005856513977050781,0.006349468603730202,0.0,21
nan,nan,0.02386186644434929,1.3919150829315186,0.028265688568353653,1.39626145362854,nan,nan,nan,nan,0.006124842446297407,0.023015279322862625,0.004387378692626953,0.023050937801599503,0.0,0.5,0.006124734878540039,0.015199468471109867,0.0,22
nan,nan,0.02299252524971962,1.4599097967147827,0.027464929968118668,1.4410927295684814,nan,nan,nan,nan,-0.01785961352288723,0.040609341114759445,-0.012784719467163086,0.03190093860030174,0.0,0.5,-0.017859697341918945,0.024049468338489532,0.0,23
nan,nan,0.03793732449412346,1.5528233051300049,0.03867552801966667,1.511147379875183,nan,nan,nan,nan,0.15868113934993744,0.02306748740375042,0.15948033332824707,0.017416609451174736,0.0,0.5,0.15868115425109863,0.02270895056426525,0.0,24
nan,nan,0.03706532344222069,1.6041948795318604,0.037324707955121994,1.5781251192092896,nan,nan,nan,nan,-0.020165521651506424,0.0638323426246643,-0.016972780227661133,0.026266608387231827,0.0,0.5,-0.020165443420410156,0.03155894950032234,0.0,25
nan,nan,0.035460229963064194,1.6816647052764893,0.036515012383461,1.6712205410003662,nan,nan,nan,nan,-0.00869725365191698,0.016550131142139435,-0.020715951919555664,0.012442141771316528,0.0,0.5,-0.008697271347045898,0.016549043357372284,0.0,26
nan,nan,0.03627585247159004,1.7183599472045898,0.03768995404243469,1.7200260162353516,nan,nan,nan,nan,0.024069247767329216,0.020392214879393578,0.022223234176635742,0.016831839457154274,0.0,0.5,0.02406930923461914,0.020381268113851547,0.0,27
nan,nan,0.042942728847265244,1.767564296722412,0.04464256763458252,1.7797473669052124,nan,nan,nan,nan,0.11589563637971878,0.04406670853495598,0.1346735954284668,0.025681838393211365,0.0,0.5,0.11589574813842773,0.029231268912553787,0.0,28
nan,nan,0.05150556564331055,1.842840313911438,0.05367220938205719,1.865505576133728,nan,nan,nan,nan,0.10490541905164719,0.038522668182849884,0.1132657527923584,0.034531839191913605,0.0,0.5,0.10490536689758301,0.03808126971125603,0.0,29
nan,nan,0.05464329943060875,1.9446609020233154,0.056252315640449524,1.9778157472610474,nan,nan,nan,nan,0.022968918085098267,0.020872363820672035,0.030806541442871094,0.018433162942528725,0.0,0.5,0.02296900749206543,0.020802339538931847,0.0,30
nan,nan,0.05551881715655327,1.999031662940979,0.05686907470226288,2.039179563522339,nan,nan,nan,nan,0.010050632059574127,0.03515852615237236,0.016101360321044922,0.027283161878585815,0.0,0.5,0.010050535202026367,0.029652338474988937,0.0,31
nan,nan,0.05057796463370323,2.0793652534484863,0.05176395922899246,2.126504898071289,nan,nan,nan,nan,-0.0583944246172905,0.027105750516057014,-0.06142687797546387,0.03227454423904419,0.0,0.5,-0.058394432067871094,0.027042284607887268,0.0,32
nan,nan,0.04247136041522026,2.174229383468628,0.04473712667822838,2.2059695720672607,nan,nan,nan,nan,-0.08819777518510818,0.013754351995885372,-0.08524775505065918,0.01732834056019783,0.0,0.5,-0.08819770812988281,0.01374824345111847,0.0,33
nan,nan,0.04780246317386627,2.225069284439087,0.04877153038978577,2.246325731277466,nan,nan,nan,nan,0.09963901340961456,0.006397188175469637,0.10447883605957031,0.00480127427726984,0.0,0.5,0.0996389389038086,0.00628466485068202,0.0,34
nan,nan,0.050907477736473083,2.2388885021209717,0.05283784866333008,2.264414072036743,nan,nan,nan,nan,0.22112727165222168,0.016642635688185692,0.22101759910583496,0.008550087921321392,0.0,0.5,0.22112727165222168,0.015134664252400398,0.0,35
nan,nan,0.052172571420669556,2.2640795707702637,0.054670412093400955,2.30902361869812,nan,nan,nan,nan,0.0410568043589592,0.034284040331840515,0.050177812576293945,0.017400087788701057,0.0,0.5,0.04105687141418457,0.02398466318845749,0.0,36
nan,nan,0.04951206594705582,2.315340757369995,0.05128302797675133,2.379697322845459,nan,nan,nan,nan,-0.047893255949020386,0.0393555723130703,-0.05185437202453613,0.026250086724758148,0.0,0.5,-0.04789328575134277,0.03283466398715973,0.0,37
nan,nan,0.048438187688589096,2.392771005630493,0.0499291755259037,2.4765501022338867,nan,nan,nan,nan,-0.013977494090795517,0.03164547309279442,-0.013868093490600586,0.03510008752346039,0.0,0.5,-0.013977527618408203,0.03162727504968643,0.0,38
nan,nan,0.04867562651634216,2.4963159561157227,0.05083135515451431,2.5698461532592773,nan,nan,nan,nan,0.00966973602771759,0.018268056213855743,0.002293109893798828,0.02673988603055477,0.0,0.5,0.009669780731201172,0.018262948840856552,0.0,39
nan,nan,0.046593472361564636,2.5751712322235107,0.049398332834243774,2.6237027645111084,nan,nan,nan,nan,-0.026601875200867653,0.029060404747724533,-0.026398658752441406,0.030818598344922066,0.0,0.5,-0.026601791381835938,0.027112949639558792,0.0,40
nan,nan,0.04406540468335152,2.666050910949707,0.0466800257563591,2.7036397457122803,nan,nan,nan,nan,-0.03399260714650154,0.014653753489255905,-0.02781057357788086,0.019423900172114372,0.0,0.5,-0.03399252891540527,0.01465335302054882,0.0,41
nan,nan,0.02843783050775528,2.721179246902466,0.035224176943302155,2.74532151222229,nan,nan,nan,nan,-0.26821815967559814,0.04282866790890694,-0.2762296199798584,0.028273899108171463,0.0,0.5,-0.2682180404663086,0.02350335195660591,0.0,42
nan,nan,0.012949212454259396,2.8031365871429443,0.021797947585582733,2.8133440017700195,nan,nan,nan,nan,-0.19487419724464417,0.02869386039674282,-0.1867811679840088,0.03022725135087967,0.0,0.5,-0.19487428665161133,0.02861671708524227,0.0,43
nan,nan,-0.006279922090470791,2.8902089595794678,0.00403306819498539,2.8958730697631836,nan,nan,nan,nan,-0.212021142244339,0.032269448041915894,-0.21735215187072754,0.02601817436516285,0.0,0.5,-0.2120211124420166,0.03226470574736595,0.0,44
nan,nan,-0.013372005894780159,2.9666342735290527,-0.004558415152132511,2.9906654357910156,nan,nan,nan,nan,-0.09038786590099335,0.04346150904893875,-0.09253263473510742,0.03486817330121994,0.0,0.5,-0.09038782119750977,0.04111470654606819,0.0,45
nan,nan,-0.005840344354510307,3.0692193508148193,0.003859724849462509,3.111661434173584,nan,nan,nan,nan,0.06946172565221786,0.03051074594259262,0.0732872486114502,0.03769273683428764,0.0,0.5,0.06946182250976562,0.03012177161872387,0.0,46
nan,nan,0.018293092027306557,3.177762269973755,0.02421475574374199,3.198157787322998,nan,nan,nan,nan,0.2311227172613144,0.019601376727223396,0.2187809944152832,0.025846760720014572,0.0,0.5,0.23112273216247559,0.019345799461007118,0.0,47
nan,nan,0.027556203305721283,3.2534453868865967,0.03183306008577347,3.2547171115875244,nan,nan,nan,nan,0.13388995826244354,0.0,0.12178754806518555,0.0,0.0,0.5,0.13388991355895996,0.0,0.0,48
nan,nan,0.027556203305721283,3.2534453868865967,0.03183306008577347,3.2547171115875244,nan,nan,nan,nan,-0.1899075210094452,0.027516784146428108,-0.17226314544677734,0.008849999867379665,0.0,0.5,-0.18990755081176758,0.008849999867379665,0.0,49
nan,nan,0.028140287846326828,3.2795462608337402,0.032530490309000015,3.280815362930298,nan,nan,nan,nan,0.026716824620962143,0.032270077615976334,0.02237415313720703,0.01769999973475933,0.0,0.5,0.026716947555541992,0.01769999973475933,0.0,50
nan,nan,0.018646396696567535,3.3308908939361572,0.022187337279319763,3.331995725631714,nan,nan,nan,nan,-0.1994066834449768,0.03586853668093681,-0.18284010887145996,0.02654999867081642,0.0,0.5,-0.19940662384033203,0.02654999867081642,0.0,51
nan,nan,0.00389802735298872,3.4078123569488525,0.007291417568922043,3.408888578414917,nan,nan,nan,nan,-0.19135265052318573,0.03403904661536217,-0.18943405151367188,0.03539999946951866,0.0,0.5,-0.19135260581970215,0.03403794392943382,0.0,52
nan,nan,0.011937117204070091,3.511932373046875,0.01552895363420248,3.5089621543884277,nan,nan,nan,nan,0.08212968707084656,0.03533221781253815,0.077056884765625,0.030623620375990868,0.0,0.5,0.08212971687316895,0.03401913866400719,0.0,53
nan,nan,0.03088306076824665,3.6002631187438965,0.036843255162239075,3.6070289611816406,nan,nan,nan,nan,0.21401605010032654,0.004947364795953035,0.2112874984741211,0.009885990992188454,0.0,0.5,0.21401596069335938,0.004904400557279587,0.0,54
nan,nan,0.025682415813207626,3.6289594173431396,0.034543272107839584,3.6213128566741943,nan,nan,nan,nan,-0.15964791178703308,0.009051251225173473,-0.17928504943847656,0.007180209271609783,0.0,0.5,-0.15964794158935547,0.008426680229604244,0.0,55
nan,nan,0.019622882828116417,3.6492557525634766,0.0275823213160038,3.645177125930786,nan,nan,nan,nan,-0.28381574153900146,0.0016600240487605333,-0.290128231048584,0.0056849014945328236,0.0,0.5,-0.2838156223297119,0.0016472437418997288,0.0,56
nan,nan,0.019169611856341362,3.666020154953003,0.027539316564798355,3.650036334991455,nan,nan,nan,nan,-0.0088502187281847,0.022531995549798012,-0.02703118324279785,0.014534901827573776,0.0,0.5,-0.00885009765625,0.010497244074940681,0.0,57
nan,nan,0.02171919122338295,3.708822250366211,0.029270019382238388,3.680954694747925,nan,nan,nan,nan,0.055918026715517044,0.02754823863506317,0.059496402740478516,0.023384902626276016,0.0,0.5,0.055917978286743164,0.019347243010997772,0.0,58
nan,nan,0.02162160910665989,3.7778077125549316,0.029979582875967026,3.7380247116088867,nan,nan,nan,nan,0.012432646937668324,0.009781096130609512,-0.0014145374298095703,0.008104114793241024,0.0,0.5,0.012432575225830078,0.00977184996008873,0.0,59
nan,nan,0.018702929839491844,3.8015360832214355,0.02663566917181015,3.7666571140289307,nan,nan,nan,nan,-0.11626121401786804,0.003110176185145974,-0.12238931655883789,0.005899909883737564,0.0,0.5,-0.11626124382019043,0.0030844565480947495,0.0,60
nan,nan,0.01675799861550331,3.8188319206237793,0.025561315938830376,3.7756927013397217,nan,nan,nan,nan,-0.11834784597158432,0.0048693399876356125,-0.11198115348815918,0.0,0.0,0.5,-0.1183478832244873,0.004869329277426004,0.0,61
nan,nan,0.01675799861550331,3.8188319206237793,0.03040558472275734,3.7892158031463623,nan,nan,nan,nan,0.34398189187049866,0.008731179870665073,0.3315114974975586,0.008742200210690498,0.0,0.5,0.3439819812774658,0.007814543321728706,0.0,62
nan,nan,0.020020760595798492,3.844414234161377,0.03320107236504555,3.812098503112793,nan,nan,nan,nan,0.12156309932470322,0.0,0.12685513496398926,0.0,0.0,0.5,0.12156319618225098,0.0,0.0,63
nan,nan,0.020020760595798492,3.844414234161377,0.03320107236504555,3.812098503112793,nan,nan,nan,nan,-0.0842231810092926,0.024381978437304497,-0.08600425720214844,0.008849999867379665,0.0,0.5,-0.08422327041625977,0.008849999867379665,0.0,64
nan,nan,0.021856794133782387,3.870457172393799,0.03501495346426964,3.8381428718566895,nan,nan,nan,nan,0.06953328847885132,0.007971295155584812,0.07038402557373047,0.014628628268837929,0.0,0.5,0.0695333480834961,0.007877254858613014,0.0,65
nan,nan,0.012527351267635822,3.9125912189483643,0.030199114233255386,3.8608763217926025,nan,nan,nan,nan,-0.20875361561775208,0.018717413768172264,-0.21790766716003418,0.020477531477808952,0.0,0.5,-0.2087535858154297,0.016727253794670105,0.0,66
nan,nan,0.00472613237798214,3.972494125366211,0.024102579802274704,3.909843683242798,nan,nan,nan,nan,-0.12386474758386612,0.0,-0.1295022964477539,0.0,0.0,0.5,-0.12386465072631836,0.0,0.0,67
nan,nan,0.00472613237798214,3.972494125366211,0.024102579802274704,3.909843683242798,nan,nan,nan,nan,0.41534245014190674,0.003525473177433014,0.4185659885406494,0.0,0.0,0.5,0.4153425693511963,0.003025264944881201,0.0,68
nan,nan,0.00472613237798214,3.972494125366211,0.02283794805407524,3.918678045272827,nan,nan,nan,nan,-0.14218150079250336,0.021894847974181175,-0.13395190238952637,0.008849999867379665,0.0,0.5,-0.142181396484375,0.011875264346599579,0.0,69
nan,nan,0.006039348430931568,3.998568534851074,0.025421535596251488,3.9536147117614746,nan,nan,nan,nan,0.07381631433963776,0.0018829841865226626,0.05032157897949219,0.0024046963080763817,0.0,0.5,0.07381629943847656,0.0018392298370599747,0.0,70
nan,nan,0.011748411692678928,4.002779006958008,0.02986256033182144,3.9567317962646484,nan,nan,nan,nan,1.4252445697784424,0.02994280867278576,0.935321569442749,0.005808575078845024,0.5,0.5,0.9588162899017334,0.006515940185636282,0.0,71
nan,nan,0.028443049639463425,4.0066399574279785,0.048594653606414795,3.9610440731048584,nan,nan,nan,nan,1.3445346355438232,0.04697883874177933,1.3435189723968506,0.01465857494622469,0.5,0.5,1.3445346355438232,0.01536593958735466,0.0,72
nan,nan,0.06979981064796448,4.019271373748779,0.0918346643447876,3.9746479988098145,nan,nan,nan,nan,1.2659862041473389,0.05046607553958893,1.274364709854126,0.023508574813604355,0.5,0.5,1.2659862041473389,0.0242159403860569,0.0,73
nan,nan,0.1331247091293335,4.047545433044434,0.15746696293354034,4.00285530090332,nan,nan,nan,nan,1.164886236190796,0.0433979369699955,1.1508638858795166,0.032358575612306595,0.5,0.5,1.164886236190796,0.03306594118475914,0.0,74
nan,nan,0.22395476698875427,4.076906681060791,0.2502633035182953,4.0329179763793945,nan,nan,nan,nan,1.2575000524520874,0.04890460893511772,1.2581422328948975,0.041208576411008835,0.5,0.5,1.2574999332427979,0.04191594198346138,0.0,75
nan,nan,0.3425590395927429,4.103574275970459,0.3710837662220001,4.059228420257568,nan,nan,nan,nan,1.3563790321350098,0.046764492988586426,1.34963059425354,0.050058577209711075,0.5,0.5,1.3563787937164307,0.04653606936335564,0.0,76
nan,nan,0.4867306351661682,4.135540008544922,0.5051878094673157,4.088593482971191,nan,nan,nan,nan,1.3552281856536865,0.06120734661817551,1.3526060581207275,0.058908578008413315,0.5,0.5,1.3552281856536865,0.05538607016205788,0.0,77
nan,nan,0.6512882709503174,4.191400527954102,0.6601477265357971,4.140394687652588,nan,nan,nan,nan,1.2481871843338013,0.04494937136769295,1.2435438632965088,0.04549305513501167,0.5,0.5,1.2481873035430908,0.044692106544971466,0.0,78
nan,nan,0.7693095207214355,4.255289554595947,0.7766833901405334,4.202052593231201,nan,nan,nan,nan,1.084149956703186,0.040032800287008286,1.0746285915374756,0.043933529406785965,0.5,0.5,1.0841495990753174,0.039495401084423065,0.0,79
nan,nan,0.8911453485488892,4.299484729766846,0.8859639167785645,4.242458820343018,nan,nan,nan,nan,1.2166365385055542,0.04315866157412529,1.2228147983551025,0.051884815096855164,0.5,0.5,1.2166368961334229,0.04278043657541275,0.0,80
nan,nan,1.0384705066680908,4.34099006652832,1.0072969198226929,4.277176380157471,nan,nan,nan,nan,1.2921075820922852,0.029381094500422478,1.2961866855621338,0.02514714002609253,0.5,0.5,1.2921078205108643,0.02929745987057686,0.0,81
nan,nan,1.1100285053253174,4.360553741455078,1.0902334451675415,4.301492214202881,nan,nan,nan,nan,1.2856038808822632,0.012896171770989895,1.3039219379425049,0.013889424502849579,0.5,0.5,1.2856037616729736,0.012895898893475533,0.0,82
nan,nan,1.1488302946090698,4.373717308044434,1.1261399984359741,4.314061164855957,nan,nan,nan,nan,1.2340803146362305,0.02895244210958481,1.2437336444854736,0.02273942530155182,0.5,0.5,1.2340805530548096,0.021745897829532623,0.0,83
nan,nan,1.2125067710876465,4.394817352294922,1.1872081756591797,4.333706855773926,nan,nan,nan,nan,1.2595521211624146,0.026865653693675995,1.2508232593536377,0.03158942610025406,0.5,0.5,1.259552240371704,0.026856940239667892,0.0,84
nan,nan,1.3040932416915894,4.412024021148682,1.2648564577102661,4.349449157714844,nan,nan,nan,nan,1.3707696199417114,0.021568400785326958,1.385087251663208,0.02370603382587433,0.5,0.5,1.370769739151001,0.021435145288705826,0.0,85
nan,nan,1.3684775829315186,4.439323425292969,1.3231734037399292,4.373895645141602,nan,nan,nan,nan,1.1738495826721191,0.0424971804022789,1.1697666645050049,0.03255603462457657,0.5,0.5,1.17384934425354,0.030285146087408066,0.0,86
nan,nan,1.4627585411071777,4.457622528076172,1.4109666347503662,4.3904547691345215,nan,nan,nan,nan,1.3843733072280884,0.03722089156508446,1.3790905475616455,0.031035970896482468,0.5,0.5,1.3843729496002197,0.03639911487698555,0.0,87
nan,nan,1.5510919094085693,4.481700420379639,1.5147700309753418,4.4179277420043945,nan,nan,nan,nan,1.3120652437210083,0.017069490626454353,1.304682970046997,0.01491241343319416,0.5,0.5,1.3120653629302979,0.01702488772571087,0.0,88
nan,nan,1.5936297178268433,4.492916584014893,1.5633355379104614,4.430725574493408,nan,nan,nan,nan,1.3131378889083862,0.026858696714043617,1.3129913806915283,0.02376241236925125,0.5,0.5,1.3131382465362549,0.02587488666176796,0.0,89
nan,nan,1.6627014875411987,4.504873752593994,1.6386032104492188,4.443421363830566,nan,nan,nan,nan,1.4036924839019775,0.04010261595249176,1.3993823528289795,0.03261241316795349,0.5,0.5,1.4036924839019775,0.0347248874604702,0.0,90
nan,nan,1.758707046508789,4.511091232299805,1.7407039403915405,4.451732158660889,nan,nan,nan,nan,1.4895765781402588,0.03731173276901245,1.5061237812042236,0.03837321698665619,0.5,0.5,1.4895765781402588,0.03717420995235443,0.0,91
nan,nan,1.8702863454818726,4.530183792114258,1.8486905097961426,4.470839023590088,nan,nan,nan,nan,1.39567232131958,0.02186557464301586,1.4013264179229736,0.024727066978812218,0.5,0.5,1.395672082901001,0.021769240498542786,0.0,92
nan,nan,1.9427589178085327,4.538471221923828,1.9124960899353027,4.478116989135742,nan,nan,nan,nan,1.457223892211914,0.03238088637590408,1.4569361209869385,0.03357706591486931,0.5,0.5,1.4572241306304932,0.030619241297245026,0.0,93
nan,nan,2.0381133556365967,4.565283298492432,1.9994114637374878,4.502706527709961,nan,nan,nan,nan,1.2950888872146606,0.03197416290640831,1.2966911792755127,0.032687634229660034,0.5,0.5,1.2950890064239502,0.03155481815338135,0.0,94
nan,nan,2.1297757625579834,4.595224380493164,2.088256597518921,4.5304856300354,nan,nan,nan,nan,1.2677583694458008,0.025851305574178696,1.2550785541534424,0.021799826994538307,0.5,0.5,1.2677586078643799,0.02584165148437023,0.0,95
nan,nan,2.190197706222534,4.617245197296143,2.1594977378845215,4.557617664337158,nan,nan,nan,nan,1.2069107294082642,0.0033650891855359077,1.2213075160980225,0.011025948449969292,0.5,0.5,1.2069103717803955,0.003358861431479454,0.0,96
nan,nan,2.2207958698272705,4.6282782554626465,2.168858051300049,4.560867786407471,nan,nan,nan,nan,1.2365964651107788,0.020382463932037354,1.2247231006622314,0.014432993717491627,0.5,0.5,1.2365963459014893,0.01220886129885912,0.0,97
nan,nan,2.2618160247802734,4.639687538146973,2.203608751296997,4.570330619812012,nan,nan,nan,nan,1.3049297332763672,0.01894274353981018,1.2995202541351318,0.023282993584871292,0.5,0.5,1.3049299716949463,0.018898535519838333,0.0,98
nan,nan,2.325300931930542,4.665903568267822,2.255265474319458,4.591300010681152,nan,nan,nan,nan,1.1851844787597656,0.015993695706129074,1.179175615310669,0.017073815688490868,0.5,0.5,1.1851847171783447,0.01587916724383831,0.0,99
nan,nan,2.369276523590088,4.690460681915283,2.2961676120758057,4.614132881164551,nan,nan,nan,nan,1.061659574508667,0.019798878580331802,1.0615055561065674,0.02310490794479847,0.5,0.5,1.061659574508667,0.01964801922440529,0.0,100
nan,nan,2.429781675338745,4.721843242645264,2.34792423248291,4.640224933624268,nan,nan,nan,nan,1.103847861289978,0.01642725244164467,1.0923216342926025,0.019986728206276894,0.5,0.5,1.1038477420806885,0.016412636265158653,0.0,101
nan,nan,2.4838316440582275,4.745401382446289,2.3922622203826904,4.659676551818848,nan,nan,nan,nan,1.1573683023452759,0.032365407794713974,1.1597673892974854,0.028836727142333984,0.5,0.5,1.1573679447174072,0.025262635201215744,0.0,102
nan,nan,2.566528797149658,4.765347003936768,2.4647397994995117,4.6770243644714355,nan,nan,nan,nan,1.3358608484268188,0.0335787795484066,1.3341286182403564,0.037686727941036224,0.5,0.5,1.3358604907989502,0.033045295625925064,0.0,103
nan,nan,2.672218084335327,4.799841403961182,2.557645797729492,4.706546306610107,nan,nan,nan,nan,1.263123631477356,0.022133314982056618,1.2553207874298096,0.01502097025513649,0.5,0.5,1.2631237506866455,0.02207479067146778,0.0,104
nan,nan,2.7160115242004395,4.806600093841553,2.6219215393066406,4.717002868652344,nan,nan,nan,nan,1.409525752067566,0.02182706445455551,1.4176762104034424,0.020528526976704597,0.5,0.5,1.4095261096954346,0.021593565121293068,0.0,105
nan,nan,2.775146722793579,4.819655895233154,2.684187889099121,4.730445861816406,nan,nan,nan,nan,1.3581651449203491,0.029793070629239082,1.353506326675415,0.02404935099184513,0.5,0.5,1.3581650257110596,0.029753781855106354,0.0,106
nan,nan,2.8442533016204834,4.835704326629639,2.7697150707244873,4.750176429748535,nan,nan,nan,nan,1.3440672159194946,0.03376124054193497,1.3426125049591064,0.03289934992790222,0.5,0.5,1.344066858291626,0.03375788778066635,0.0,107
nan,nan,2.9370787143707275,4.864037036895752,2.8652400970458984,4.778323650360107,nan,nan,nan,nan,1.2842466831207275,0.04349581524729729,1.2745516300201416,0.04174935072660446,0.5,0.5,1.2842466831207275,0.04260788857936859,0.0,108
nan,nan,3.0547854900360107,4.9002814292907715,2.9854464530944824,4.815055847167969,nan,nan,nan,nan,1.2742313146591187,0.021764639765024185,1.2720897197723389,0.017915096133947372,0.5,0.5,1.274231195449829,0.021763548254966736,0.0,109
nan,nan,3.1042585372924805,4.9188690185546875,3.0455219745635986,4.837702751159668,nan,nan,nan,nan,1.2102948427200317,0.02476891316473484,1.2113993167877197,0.026765096932649612,0.5,0.5,1.2102949619293213,0.024718303233385086,0.0,110
nan,nan,3.1831014156341553,4.923113822937012,3.1183083057403564,4.842097759246826,nan,nan,nan,nan,1.51048743724823,0.017839577049016953,1.517009973526001,0.012730663642287254,0.5,0.5,1.5104877948760986,0.017041781917214394,0.0,111
nan,nan,3.2182655334472656,4.936300754547119,3.1654763221740723,4.859492301940918,nan,nan,nan,nan,1.217488408088684,0.0306033156812191,1.2120211124420166,0.021580662578344345,0.5,0.5,1.2174885272979736,0.025891780853271484,0.0,112
nan,nan,3.2802464962005615,4.950838088989258,3.239877462387085,4.876768589019775,nan,nan,nan,nan,1.342633605003357,0.02064455859363079,1.3404123783111572,0.01458817534148693,0.5,0.5,1.3426334857940674,0.0204831101000309,0.0,113
nan,nan,3.321321964263916,4.963676452636719,3.297851800918579,4.893803119659424,nan,nan,nan,nan,1.285014033317566,0.057982511818408966,1.2678601741790771,0.02343817427754402,0.5,0.5,1.2850143909454346,0.02933311089873314,0.0,114
nan,nan,3.386636257171631,4.986364364624023,3.379438877105713,4.922637939453125,nan,nan,nan,nan,1.2310744524002075,0.03602859377861023,1.23647141456604,0.03228817507624626,0.5,0.5,1.231074571609497,0.035976193845272064,0.0,115
nan,nan,3.474982738494873,5.021965980529785,3.477879762649536,4.9622979164123535,nan,nan,nan,nan,1.1878091096878052,0.007970369420945644,1.1877243518829346,0.009417504072189331,0.5,0.5,1.1878092288970947,0.007962910458445549,0.0,116
nan,nan,3.5012714862823486,5.030950546264648,3.500213384628296,4.969578742980957,nan,nan,nan,nan,1.2556551694869995,0.008375238627195358,1.2414839267730713,0.0,0.5,0.5,1.2556555271148682,0.008355969563126564,0.0,117
nan,nan,3.5012714862823486,5.030950546264648,3.524693012237549,4.972473621368408,nan,nan,nan,nan,1.4530771970748901,0.030416229739785194,1.4376041889190674,0.008849999867379665,0.5,0.5,1.4530775547027588,0.017205968499183655,0.0,118
nan,nan,3.526226282119751,5.038622856140137,3.5733509063720703,4.986921310424805,nan,nan,nan,nan,1.2821654081344604,0.025088511407375336,1.2725279331207275,0.01769999973475933,0.5,0.5,1.282165765762329,0.024722972884774208,0.0,119
nan,nan,3.575484275817871,5.055944919586182,3.642263174057007,5.010801792144775,nan,nan,nan,nan,1.2372119426727295,0.016162002459168434,1.2326414585113525,0.007664334028959274,0.5,0.5,1.2372119426727295,0.016145674511790276,0.0,120
nan,nan,3.5969045162200928,5.0631818771362305,3.687424898147583,5.025935173034668,nan,nan,nan,nan,1.247465968132019,0.021913614124059677,1.2449753284454346,0.016514334827661514,0.5,0.5,1.2474663257598877,0.021912463009357452,0.0,121
nan,nan,3.645233631134033,5.069319248199463,3.7516186237335205,5.033533573150635,nan,nan,nan,nan,1.4529815912246704,0.04350251704454422,1.4444782733917236,0.025364335626363754,0.5,0.5,1.4529812335968018,0.030762463808059692,0.0,122
nan,nan,3.716501474380493,5.092114448547363,3.8375473022460938,5.062717437744141,nan,nan,nan,nan,1.2433885335922241,0.01359916664659977,1.2612249851226807,0.022492382675409317,0.5,0.5,1.2433884143829346,0.013301558792591095,0.0,123
nan,nan,3.7796504497528076,5.11248254776001,3.8747718334198,5.075129985809326,nan,nan,nan,nan,1.248939037322998,0.02748708613216877,1.2587940692901611,0.02438291907310486,0.5,0.5,1.248938798904419,0.022151559591293335,0.0,124
nan,nan,3.849924325942993,5.127826690673828,3.9386210441589355,5.089041709899902,nan,nan,nan,nan,1.3562661409378052,0.0208213422447443,1.3558223247528076,0.02708529122173786,0.5,0.5,1.3562662601470947,0.020701535046100616,0.0,125
nan,nan,3.9281065464019775,5.144313335418701,3.9984230995178223,5.101418972015381,nan,nan,nan,nan,1.3667066097259521,0.017092887312173843,1.3629686832427979,0.014216003939509392,0.5,0.5,1.3667066097259521,0.017091955989599228,0.0,126
nan,nan,3.9681105613708496,5.156899452209473,4.046682357788086,5.116025924682617,nan,nan,nan,nan,1.2768832445144653,0.0,1.2659838199615479,0.0,0.5,0.5,1.2768833637237549,0.0,0.0,127
nan,nan,3.9681105613708496,5.156899452209473,4.046682357788086,5.116025924682617,nan,nan,nan,nan,1.7706183195114136,0.01937139965593815,1.769733190536499,0.008849999867379665,0.5,0.5,1.7706186771392822,0.008849999867379665,0.0,128
nan,nan,3.9909908771514893,5.169473171234131,4.0696539878845215,5.128431797027588,nan,nan,nan,nan,1.0756245851516724,0.015421089716255665,1.0683033466339111,0.015016851015388966,0.5,0.5,1.075624704360962,0.011844282038509846,0.0,129
nan,nan,4.0246453285217285,5.198279857635498,4.0962982177734375,5.151035308837891,nan,nan,nan,nan,0.8672651648521423,0.00626413756981492,0.8628571033477783,0.005406646989285946,0.5,0.5,0.867264986038208,0.006128653883934021,0.0,130
nan,nan,4.040594577789307,5.198201656341553,4.114377021789551,5.150849342346191,nan,nan,nan,nan,1.5810822248458862,0.006307083182036877,1.5756962299346924,0.010857257060706615,0.5,0.5,1.5810825824737549,0.004767322912812233,0.0,131
nan,nan,4.069460391998291,5.212080478668213,4.127157688140869,5.1567182540893555,nan,nan,nan,nan,1.1403201818466187,0.0,1.1226141452789307,0.0,0.5,0.5,1.140320062637329,0.0,0.0,132
nan,nan,4.069460391998291,5.212080478668213,4.127157688140869,5.1567182540893555,nan,nan,nan,nan,1.727195143699646,0.027356836944818497,1.7195723056793213,0.008849999867379665,0.5,0.5,1.7271950244903564,0.008849999867379665,0.0,133
nan,nan,4.095261573791504,5.216067790985107,4.152981758117676,5.160555362701416,nan,nan,nan,nan,1.4232887029647827,0.005364450626075268,1.4174649715423584,0.0005103778094053268,0.5,0.5,1.4232885837554932,0.0051186238415539265,0.0,134
nan,nan,4.096709728240967,5.216480255126953,4.167478561401367,5.164780616760254,nan,nan,nan,nan,1.2871789932250977,0.003621636191383004,1.2932751178741455,0.0,0.5,0.5,1.2871792316436768,0.0035881411749869585,0.0,135
nan,nan,4.096709728240967,5.216480255126953,4.1780476570129395,5.164203643798828,nan,nan,nan,nan,1.625320315361023,0.020023146644234657,1.6420910358428955,0.008849999867379665,0.5,0.5,1.6253206729888916,0.01243814080953598,0.0,136
nan,nan,4.121012210845947,5.226018905639648,4.212361812591553,5.17719841003418,nan,nan,nan,nan,1.2087870836257935,0.006962744519114494,1.1967709064483643,0.006232692394405603,0.5,0.5,1.208787202835083,0.006367407739162445,0.0,137
nan,nan,4.139312744140625,5.227792263031006,4.231070041656494,5.178882598876953,nan,nan,nan,nan,1.4810185432434082,0.016999516636133194,1.4741852283477783,0.008171911351382732,0.5,0.5,1.481018304824829,0.01521740760654211,0.0,138
nan,nan,4.163121700286865,5.231573104858398,4.275389671325684,5.186025619506836,nan,nan,nan,nan,1.4109973907470703,0.019705409184098244,1.4133188724517822,0.013839549385011196,0.5,0.5,1.4109976291656494,0.01965712197124958,0.0,139
nan,nan,4.1999711990356445,5.249149322509766,4.327643871307373,5.21116828918457,nan,nan,nan,nan,1.1223355531692505,0.011054269038140774,1.1257431507110596,0.003954936750233173,0.5,0.5,1.12233567237854,0.010596904903650284,0.0,140
nan,nan,4.210559368133545,5.254048824310303,4.356216907501221,5.223850250244141,nan,nan,nan,nan,1.1530743837356567,0.018221482634544373,1.137392282485962,0.012804936617612839,0.5,0.5,1.1530745029449463,0.018212875351309776,0.0,141
nan,nan,4.2474493980407715,5.262176036834717,4.408790111541748,5.234929084777832,nan,nan,nan,nan,1.3631031513214111,0.0,1.353947401046753,0.0,0.5,0.5,1.3631031513214111,0.0,0.0,142
nan,nan,4.2474493980407715,5.262176036834717,4.408790111541748,5.234929084777832,nan,nan,nan,nan,1.5965076684951782,0.0073189325630664825,1.6101067066192627,0.006536948028951883,0.5,0.5,1.5965073108673096,0.00712047703564167,0.0,143
nan,nan,4.262707710266113,5.27396821975708,4.42551851272583,5.24763298034668,nan,nan,nan,nan,0.9212989211082458,0.013455281034111977,0.9128382205963135,0.014030133374035358,0.5,0.5,0.9212992191314697,0.01050287950783968,0.0,144
nan,nan,4.302036762237549,5.286862850189209,4.454968452453613,5.257259368896484,nan,nan,nan,nan,1.2548760175704956,0.007328017149120569,1.2539751529693604,0.0003743832930922508,0.5,0.5,1.2548763751983643,0.006924076471477747,0.0,145
nan,nan,4.303130626678467,5.28701639175415,4.475183010101318,5.260190963745117,nan,nan,nan,nan,1.4267791509628296,0.012864495627582073,1.4315388202667236,0.004694739822298288,0.5,0.5,1.42677903175354,0.012674885801970959,0.0,146
nan,nan,4.3165106773376465,5.290591716766357,4.511209964752197,5.270198345184326,nan,nan,nan,nan,1.299854040145874,0.002052640076726675,1.3096764087677002,0.0007510646246373653,0.5,0.5,1.299854040145874,0.00203612819314003,0.0,147
nan,nan,4.318530559539795,5.291501998901367,4.516664981842041,5.272712230682373,nan,nan,nan,nan,1.1389838457107544,0.020149124786257744,1.147528886795044,0.009601064026355743,0.5,0.5,1.138983964920044,0.010886128060519695,0.0,148
nan,nan,4.342357158660889,5.306815147399902,4.543580055236816,5.290230751037598,nan,nan,nan,nan,0.9937968850135803,0.0022223275154829025,0.9995791912078857,0.003756933845579624,0.5,0.5,0.9937965869903564,0.0021989457309246063,0.0,149
nan,nan,4.35025691986084,5.31458854675293,4.548260688781738,5.294721603393555,nan,nan,nan,nan,0.8060830235481262,0.0,0.7934460639953613,0.0,0.5,0.5,0.8060829639434814,0.0,0.0,150
nan,nan,4.35025691986084,5.31458854675293,4.548260688781738,5.294721603393555,nan,nan,nan,nan,1.0489325523376465,0.0077003492042422295,1.0392887592315674,0.008849999867379665,0.5,0.5,1.0489323139190674,0.0074743954464793205,0.0,151
nan,nan,4.373717308044434,5.326043128967285,4.568154811859131,5.304229736328125,nan,nan,nan,nan,1.1249464750289917,0.01773751713335514,1.1165993213653564,0.01769999973475933,0.5,0.5,1.1249468326568604,0.016324395313858986,0.0,152
nan,nan,4.425522804260254,5.332571029663086,4.6159162521362305,5.310390472412109,nan,nan,nan,nan,1.4425194263458252,0.010205821134150028,1.4454500675201416,0.014816703274846077,0.5,0.5,1.4425194263458252,0.009695490822196007,0.0,153
nan,nan,4.467879772186279,5.343358993530273,4.643620014190674,5.317501068115234,nan,nan,nan,nan,1.319562315940857,0.03643327206373215,1.3214037418365479,0.023666702210903168,0.5,0.5,1.3195621967315674,0.018545489758253098,0.0,154
nan,nan,4.5367302894592285,5.354934215545654,4.697569847106934,5.326584815979004,nan,nan,nan,nan,1.4039835929870605,0.017698269337415695,1.404235601425171,0.017185235396027565,0.5,0.5,1.4039833545684814,0.01763523928821087,0.0,155
nan,nan,4.574896335601807,5.3215651512146,4.736743927001953,5.292352199554443,nan,nan,nan,nan,2.9545202255249023,0.01913943886756897,2.2892353534698486,0.00018659420311450958,0.5,0.0,2.2889835834503174,0.000387728214263916,0.0,156
nan,nan,4.574880123138428,5.321014881134033,4.736710548400879,5.291208744049072,nan,nan,nan,nan,-3.1124162673950195,0.04054548591375351,-3.112199068069458,0.009036594070494175,0.5,0.0,-3.1124165058135986,0.009237728081643581,0.0,157
nan,nan,4.5776824951171875,5.294504642486572,4.7393059730529785,5.2640814781188965,nan,nan,nan,nan,3.0462069511413574,0.0316164493560791,3.0362799167633057,0.01788659393787384,0.5,0.0,3.0462076663970947,0.018087727949023247,0.0,158
nan,nan,4.583771705627441,5.242091655731201,4.745794296264648,5.211118698120117,nan,nan,nan,nan,3.019695997238159,0.04409714788198471,3.025930166244507,0.02673659473657608,0.5,0.0,3.019695997238159,0.026937726885080338,0.0,159
nan,nan,4.583165168762207,5.1632208824157715,4.7459716796875,5.13165283203125,nan,nan,nan,nan,3.13936185836792,0.015039647929370403,-3.133904218673706,0.02116790972650051,0.5,0.0,3.139361619949341,0.01493209321051836,0.0,160
nan,nan,4.585870265960693,5.100834369659424,4.747053623199463,5.087616443634033,nan,nan,nan,nan,3.117030382156372,0.04464607313275337,3.098259210586548,0.030017908662557602,0.5,0.0,3.117030382156372,0.023782093077898026,0.0,161
nan,nan,4.59112548828125,5.01243782043457,4.751635551452637,5.017609119415283,nan,nan,nan,nan,3.076237678527832,0.023579804226756096,3.0822126865386963,0.024724114686250687,0.5,0.0,3.076237916946411,0.023560188710689545,0.0,162
nan,nan,4.594474792480469,4.939578533172607,4.755598545074463,4.9482197761535645,nan,nan,nan,nan,3.0845398902893066,0.012208948843181133,3.095655679702759,0.0057183317840099335,0.5,0.0,3.0845396518707275,0.012208527885377407,0.0,163
nan,nan,4.595494270324707,4.922740459442139,4.757482051849365,4.9122538566589355,nan,nan,nan,nan,3.089268445968628,0.033160313963890076,3.081120729446411,0.014568331651389599,0.5,0.0,3.089268445968628,0.021058527752757072,0.0,164
nan,nan,4.598870754241943,4.879896640777588,4.762331485748291,4.850320816040039,nan,nan,nan,nan,3.0634520053863525,0.052035484462976456,3.0629494190216064,0.023418331518769264,0.5,0.0,3.0634520053863525,0.029908526688814163,0.0,165
nan,nan,4.600054740905762,4.810822486877441,4.763972282409668,4.762105941772461,nan,nan,nan,nan,3.1229970455169678,0.02362983487546444,3.1244523525238037,0.032268330454826355,0.5,0.0,3.1229970455169678,0.02358795516192913,0.0,166
nan,nan,4.60953950881958,4.716104507446289,4.770731449127197,4.692850589752197,nan,nan,nan,nan,3.044299840927124,0.03484507277607918,3.041790246963501,0.03768504038453102,0.5,0.0,3.044299840927124,0.03243795409798622,0.0,167
nan,nan,4.618841648101807,4.605323314666748,4.778911590576172,4.597508907318115,nan,nan,nan,nan,3.0560052394866943,0.007235846947878599,3.0578196048736572,0.008185040205717087,0.5,0.0,3.0560052394866943,0.007235351949930191,0.0,168
nan,nan,4.622462272644043,4.581450462341309,4.78179407119751,4.57636022567749,nan,nan,nan,nan,3.006122589111328,0.023236829787492752,2.9910738468170166,0.017035041004419327,0.5,0.0,3.0061228275299072,0.01608535274863243,0.0,169
nan,nan,4.625794887542725,4.531307697296143,4.784931182861328,4.529012203216553,nan,nan,nan,nan,3.075435161590576,0.040606990456581116,3.0752251148223877,0.025885041803121567,0.5,0.0,3.075434923171997,0.02493535354733467,0.0,170
nan,nan,4.628920078277588,4.455010890960693,4.7880096435546875,4.455517292022705,nan,nan,nan,nan,3.0997307300567627,0.024527231231331825,3.1006577014923096,0.026057638227939606,0.5,0.0,3.0997307300567627,0.024519992992281914,0.0,171
nan,nan,4.640152931213379,4.378965854644775,4.798382759094238,4.3839311599731445,nan,nan,nan,nan,2.9976916313171387,0.029626864939928055,2.9949376583099365,0.021452810615301132,0.5,0.0,2.9976913928985596,0.02947276271879673,0.0,172
nan,nan,4.651448726654053,4.3166961669921875,4.813486099243164,4.298308372497559,nan,nan,nan,nan,2.9669923782348633,0.04411793127655983,2.9621427059173584,0.030302811414003372,0.5,0.0,2.9669926166534424,0.03832276165485382,0.0,173
nan,nan,4.668403148651123,4.2289252281188965,4.836337566375732,4.187589645385742,nan,nan,nan,nan,2.9380602836608887,0.040772560983896255,2.9507734775543213,0.03915281221270561,0.5,0.0,2.9380600452423096,0.0407554991543293,0.0,174
nan,nan,4.685941219329834,4.1147637367248535,4.853147506713867,4.068542003631592,nan,nan,nan,nan,3.0013153553009033,0.020653190091252327,2.9891607761383057,0.02515939623117447,0.5,0.0,3.0013153553009033,0.02061188407242298,0.0,175
nan,nan,4.689373970031738,4.040622711181641,4.855724334716797,4.007791519165039,nan,nan,nan,nan,3.0992050170898438,0.018812894821166992,3.0953238010406494,0.008546499535441399,0.5,0.0,3.099205255508423,0.018722830340266228,0.0,176
nan,nan,4.695335388183594,4.016125679016113,4.868585586547852,3.9540774822235107,nan,nan,nan,nan,2.9065744876861572,0.02001858688890934,2.902885675430298,0.01739649847149849,0.5,0.0,2.9065744876861572,0.019648322835564613,0.0,177
nan,nan,4.696442604064941,3.964818000793457,4.869940757751465,3.8961308002471924,nan,nan,nan,nan,3.1182138919830322,0.036440473049879074,3.1200172901153564,0.02624649927020073,0.5,0.0,3.1182138919830322,0.028498321771621704,0.0,178
nan,nan,4.705750942230225,3.8879523277282715,4.881604194641113,3.8128738403320312,nan,nan,nan,nan,3.0024073123931885,0.04298892617225647,3.0210797786712646,0.03509650006890297,0.5,0.0,3.0024073123931885,0.037348322570323944,0.0,179
nan,nan,4.717800617218018,3.785121202468872,4.895763397216797,3.7036099433898926,nan,nan,nan,nan,3.012723922729492,0.022602777928113937,3.024944543838501,0.02052146941423416,0.5,0.0,3.0127241611480713,0.022601574659347534,0.0,180
nan,nan,4.723532676696777,3.7248549461364746,4.902397155761719,3.637266159057617,nan,nan,nan,nan,3.041930913925171,0.022615665569901466,3.0467636585235596,0.017744049429893494,0.5,0.0,3.041930913925171,0.02260602079331875,0.0,181
nan,nan,4.73038387298584,3.6729602813720703,4.910353183746338,3.571054697036743,nan,nan,nan,nan,3.022003412246704,0.0365128368139267,3.0103280544281006,0.026594050228595734,0.5,0.0,3.022003412246704,0.03145601972937584,0.0,182
nan,nan,4.744119167327881,3.595719575881958,4.926663875579834,3.4797041416168213,nan,nan,nan,nan,2.9649055004119873,0.01776079460978508,2.9656102657318115,0.015580338425934315,0.5,0.0,2.9649055004119873,0.01773185096681118,0.0,183
nan,nan,4.748729705810547,3.5499894618988037,4.932397842407227,3.4277102947235107,nan,nan,nan,nan,3.0317533016204834,0.03660235181450844,3.041109323501587,0.02443033829331398,0.5,0.0,3.0317533016204834,0.02658184990286827,0.0,184
nan,nan,4.755554676055908,3.478243827819824,4.940502643585205,3.3497138023376465,nan,nan,nan,nan,3.038050651550293,0.03264368325471878,3.046750783920288,0.032853201031684875,0.5,0.0,3.038050889968872,0.03264303505420685,0.0,185
nan,nan,4.767582416534424,3.3820760250091553,4.95108699798584,3.254000186920166,nan,nan,nan,nan,3.0314579010009766,0.04911203682422638,3.0171701908111572,0.041703201830387115,0.5,0.0,3.0314581394195557,0.04149303585290909,0.0,186
nan,nan,4.784335136413574,3.260197639465332,4.966892242431641,3.132620334625244,nan,nan,nan,nan,3.0121092796325684,0.017711060121655464,3.004992723464966,0.016466617584228516,0.5,0.0,3.0121090412139893,0.017707744613289833,0.0,187
nan,nan,4.784202575683594,3.2116212844848633,4.966498851776123,3.0803840160369873,nan,nan,nan,nan,-3.1340575218200684,0.013369141146540642,-3.1388661861419678,0.01387006975710392,0.5,0.0,-3.1340577602386475,0.013243841007351875,0.0,188
nan,nan,4.787370204925537,3.1708273887634277,4.9692792892456055,3.0414137840270996,nan,nan,nan,nan,3.0703649520874023,0.045600712299346924,3.064096689224243,0.02272006869316101,0.5,0.0,3.0703651905059814,0.022093839943408966,0.0,189
nan,nan,4.799691200256348,3.104945421218872,4.9810566902160645,2.9773099422454834,nan,nan,nan,nan,2.959893226623535,0.020043179392814636,2.9567086696624756,0.023021919652819633,0.5,0.0,2.9598934650421143,0.01992099918425083,0.0,190
nan,nan,4.817989349365234,3.0395421981811523,4.997220516204834,2.920809745788574,nan,nan,nan,nan,2.8629493713378906,0.029932484030723572,2.8687937259674072,0.031871918588876724,0.5,0.0,2.8629496097564697,0.028770998120307922,0.0,191
nan,nan,4.8416056632995605,2.9485342502593994,5.0190815925598145,2.838798999786377,nan,nan,nan,nan,2.881088972091675,0.03031810186803341,2.8876965045928955,0.027039803564548492,0.5,0.0,2.881088972091675,0.03031311370432377,0.0,192
nan,nan,4.846219539642334,2.8689002990722656,5.024595737457275,2.7495455741882324,nan,nan,nan,nan,3.079890251159668,0.029531121253967285,3.083717107772827,0.031349703669548035,0.5,0.0,3.079890489578247,0.028949476778507233,0.0,193
nan,nan,4.8651041984558105,2.778367280960083,5.041485786437988,2.6658315658569336,nan,nan,nan,nan,2.9425060749053955,0.03408116102218628,2.9359471797943115,0.031203145161271095,0.5,0.0,2.9425060749053955,0.033760033547878265,0.0,194
nan,nan,4.8732991218566895,2.686683416366577,5.050405025482178,2.5666396617889404,nan,nan,nan,nan,3.0519139766693115,0.02845553494989872,3.052448034286499,0.0371946319937706,0.5,0.0,3.0519139766693115,0.028285397216677666,0.0,195
nan,nan,4.89552640914917,2.5792341232299805,5.066770553588867,2.484818458557129,nan,nan,nan,nan,2.944183111190796,0.015427392907440662,2.937605142593384,0.013323422521352768,0.5,0.0,2.944183111190796,0.01533795427531004,0.0,196
nan,nan,4.900239944458008,2.5402135848999023,5.072112560272217,2.4398880004882812,nan,nan,nan,nan,3.0232484340667725,0.014760127291083336,3.0213816165924072,0.01879904419183731,0.5,0.0,3.0232484340667725,0.014714015647768974,0.0,197
nan,nan,4.907238960266113,2.4851999282836914,5.0777506828308105,2.3968493938446045,nan,nan,nan,nan,3.0113325119018555,0.01642550155520439,3.0150516033172607,0.010956324636936188,0.5,0.0,3.0113327503204346,0.016424335539340973,0.0,198
nan,nan,4.911198616027832,2.453122138977051,5.0836310386657715,2.3487558364868164,nan,nan,nan,nan,3.019927740097046,0.04736541956663132,3.0187723636627197,0.019806325435638428,0.5,0.0,3.019927740097046,0.025274336338043213,0.0,199
nan,nan,4.915885925292969,2.3948817253112793,5.0906195640563965,2.274524688720703,nan,nan,nan,nan,3.0477213859558105,0.03478369116783142,3.061281442642212,0.028656326234340668,0.5,0.0,3.0477211475372314,0.03412433713674545,0.0,200
nan,nan,4.920386791229248,2.3104655742645264,5.096542835235596,2.174032211303711,nan,nan,nan,nan,3.082716703414917,0.05265612155199051,3.088324785232544,0.03750632703304291,0.5,0.0,3.082716703414917,0.04297433793544769,0.0,201
nan,nan,4.9280266761779785,2.2000858783721924,5.106457710266113,2.0476462841033936,nan,nan,nan,nan,3.0633039474487305,0.047193385660648346,3.0724871158599854,0.04134605452418327,0.5,0.0,3.0633041858673096,0.04718449339270592,0.0,202
nan,nan,4.954047203063965,2.080922842025757,5.137574195861816,1.9119746685028076,nan,nan,nan,nan,2.916140079498291,0.014586216770112514,2.9266045093536377,0.012601695954799652,0.5,0.0,2.916139841079712,0.017684493213891983,0.0,203
nan,nan,4.9562153816223145,2.043811082839966,5.1406402587890625,1.8598955869674683,nan,nan,nan,nan,3.0827908515930176,0.019381210207939148,3.0832359790802,0.021451696753501892,0.5,0.0,3.0827906131744385,0.01911270059645176,0.0,204
nan,nan,4.96047306060791,1.980672001838684,5.144496917724609,1.803645133972168,nan,nan,nan,nan,3.0731399059295654,0.01632866822183132,3.07425856590271,0.016345713287591934,0.5,0.0,3.0731399059295654,0.016327908262610435,0.0,205
nan,nan,4.970490455627441,1.9335041046142578,5.154885292053223,1.7566114664077759,nan,nan,nan,nan,2.924208641052246,0.023133790120482445,2.932323694229126,0.0155656011775136,0.5,0.0,2.924208879470825,0.022877704352140427,0.0,206
nan,nan,4.9688544273376465,1.8876147270202637,5.151601791381836,1.6892021894454956,nan,nan,nan,nan,-3.0929224491119385,0.010383912362158298,-3.105954885482788,0.010916834697127342,0.5,0.0,-3.0929224491119385,0.010018562898039818,0.0,207
nan,nan,4.975254058837891,1.856052279472351,5.157251834869385,1.6601924896240234,nan,nan,nan,nan,2.9492363929748535,0.012631847523152828,2.941542863845825,0.015903443098068237,0.5,0.0,2.949237108230591,0.012266705743968487,0.0,208
nan,nan,4.993752479553223,1.8129379749298096,5.171367168426514,1.626872181892395,nan,nan,nan,nan,2.740891456604004,0.0,2.736290216445923,0.0,0.5,0.0,2.740891695022583,0.0,0.0,209
nan,nan,4.993752479553223,1.8129379749298096,5.171367168426514,1.626872181892395,nan,nan,nan,nan,2.8691141605377197,0.0,2.881945848464966,0.0,0.5,0.0,2.8691141605377197,0.0,0.0,210
nan,nan,4.993752479553223,1.8129379749298096,5.171367168426514,1.626872181892395,nan,nan,nan,nan,2.985556125640869,0.027326876297593117,2.987093210220337,0.008849999867379665,0.5,0.0,2.98555588722229,0.008849999867379665,0.0,211
nan,nan,4.9969096183776855,1.7870221138000488,5.174880504608154,1.6010022163391113,nan,nan,nan,nan,3.0066123008728027,0.004095859359949827,3.0203726291656494,0.002634424716234207,0.5,0.0,3.0066120624542236,0.004094951320439577,0.0,212
nan,nan,4.997838020324707,1.779306173324585,5.176687240600586,1.5890579223632812,nan,nan,nan,nan,2.991481304168701,0.023442847654223442,3.021864175796509,0.011484424583613873,0.5,0.0,2.991481065750122,0.01294495165348053,0.0,213
nan,nan,5.003940582275391,1.745981216430664,5.184035301208496,1.5515838861465454,nan,nan,nan,nan,2.9479658603668213,0.004451768472790718,2.9604790210723877,0.010265514254570007,0.5,0.0,2.9479658603668213,0.004447554238140583,0.0,214
nan,nan,5.007415294647217,1.7158979177474976,5.185473918914795,1.5385427474975586,nan,nan,nan,nan,3.0317063331604004,0.013307018205523491,3.0266034603118896,0.01590484194457531,0.5,0.0,3.0317060947418213,0.013260388746857643,0.0,215
nan,nan,5.010555744171143,1.669083833694458,5.188288688659668,1.499526023864746,nan,nan,nan,nan,3.069575309753418,0.003730867523699999,3.0746071338653564,0.004422570578753948,0.5,0.0,3.069575548171997,0.003728192299604416,0.0,216
nan,nan,5.010784149169922,1.6560392379760742,5.1884565353393555,1.488529086112976,nan,nan,nan,nan,3.126352071762085,0.034435953944921494,3.124067544937134,0.013272570446133614,0.5,0.0,3.126352071762085,0.012578192166984081,0.0,217
nan,nan,5.016396999359131,1.6172895431518555,5.193681240081787,1.4517930746078491,nan,nan,nan,nan,3.00032114982605,0.024016309529542923,2.997743844985962,0.022122569382190704,0.5,0.0,3.00032114982605,0.021428192034363747,0.0,218
nan,nan,5.017936706542969,1.5520461797714233,5.194633483886719,1.3885871171951294,nan,nan,nan,nan,3.1265289783477783,0.0169209111481905,3.1179964542388916,0.017607076093554497,0.5,0.0,3.1265289783477783,0.016786327585577965,0.0,219
nan,nan,5.02727746963501,1.500952124595642,5.203706741333008,1.339905858039856,nan,nan,nan,nan,2.957322120666504,0.022598741576075554,2.96077036857605,0.019308436661958694,0.5,0.0,2.957322359085083,0.022276001051068306,0.0,220
nan,nan,5.027154922485352,1.4439923763275146,5.2035417556762695,1.2741918563842773,nan,nan,nan,nan,-3.1390793323516846,0.015590500086545944,-3.13944411277771,0.019111579284071922,0.5,0.0,-3.1390793323516846,0.01531932782381773,0.0,221
nan,nan,5.0294623374938965,1.3876605033874512,5.205719947814941,1.2290524244308472,nan,nan,nan,nan,3.093372106552124,0.02083258144557476,3.100651979446411,0.021467240527272224,0.5,0.0,3.0933725833892822,0.020805776119232178,0.0,222
nan,nan,5.032404899597168,1.324400544166565,5.208942890167236,1.1677600145339966,nan,nan,nan,nan,3.0890586376190186,0.019844068214297295,3.0951130390167236,0.021947188302874565,0.5,0.0,3.0890586376190186,0.01984388381242752,0.0,223
nan,nan,5.0349225997924805,1.2597053050994873,5.210428714752197,1.1092394590377808,nan,nan,nan,nan,3.1162097454071045,0.016310708597302437,3.102693796157837,0.019527409225702286,0.5,0.0,3.1162097454071045,0.01630469597876072,0.0,224
nan,nan,5.043166160583496,1.2026923894882202,5.217828750610352,1.0617133378982544,nan,nan,nan,nan,2.98712420463562,0.02544151246547699,2.9979937076568604,0.01803670823574066,0.5,0.0,2.98712420463562,0.02515469491481781,0.0,225
nan,nan,5.0556182861328125,1.1509616374969482,5.236477851867676,0.989888608455658,nan,nan,nan,nan,2.8875532150268555,0.004239189438521862,2.9053776264190674,0.0042838286608457565,0.5,0.0,2.8875534534454346,0.004218192771077156,0.0,226
nan,nan,5.056093692779541,1.1383333206176758,5.2372236251831055,0.9774672985076904,nan,nan,nan,nan,3.081618070602417,0.0020005458500236273,3.1039459705352783,0.004798524081707001,0.5,0.0,3.081618070602417,0.0019629925955086946,0.0,227
nan,nan,5.05933952331543,1.1245548725128174,5.238556861877441,0.9718320965766907,nan,nan,nan,nan,2.9092488288879395,0.024797290563583374,2.9102251529693604,0.013648523949086666,0.5,0.0,2.9092485904693604,0.010812992230057716,0.0,228
nan,nan,5.056572437286377,1.084386944770813,5.236923694610596,0.9399756193161011,nan,nan,nan,nan,-3.0903687477111816,0.041455574333667755,-3.0728156566619873,0.02249852381646633,0.5,0.0,-3.0903689861297607,0.019662991166114807,0.0,229
nan,nan,5.052849769592285,1.0181207656860352,5.232985973358154,0.8821035623550415,nan,nan,nan,nan,-3.0736582279205322,0.012776816263794899,-3.0854742527008057,0.012670706026256084,0.5,0.0,-3.0736582279205322,0.01277503278106451,0.0,230
nan,nan,5.055466175079346,0.9808338284492493,5.235201358795166,0.8444823622703552,nan,nan,nan,nan,3.0827746391296387,0.012477083131670952,3.071542978286743,0.00910105835646391,0.5,0.0,3.082775354385376,0.012376988306641579,0.0,231
nan,nan,5.059317588806152,0.9542633891105652,5.240378379821777,0.8083391785621643,nan,nan,nan,nan,2.9993178844451904,0.030054956674575806,2.9976389408111572,0.017951058223843575,0.5,0.0,2.9993178844451904,0.02122698724269867,0.0,232
nan,nan,5.083414077758789,0.9071077108383179,5.268243312835693,0.7522609233856201,nan,nan,nan,nan,2.6804358959198,0.006195963826030493,2.6691863536834717,0.0012815576046705246,0.5,0.0,2.6804358959198,0.005883604288101196,0.0,233
nan,nan,5.083793640136719,0.9033461809158325,5.270143508911133,0.7350085973739624,nan,nan,nan,nan,3.0318922996520996,0.03845786303281784,3.0410854816436768,0.01013155747205019,0.5,0.0,3.0318920612335205,0.014733604155480862,0.0,234
nan,nan,5.084049701690674,0.8734591603279114,5.270785808563232,0.6915491819381714,nan,nan,nan,nan,3.126818895339966,0.011630178429186344,3.1330320835113525,0.010389599949121475,0.5,0.0,3.126818895339966,0.011577817611396313,0.0,235
nan,nan,5.096487998962402,0.8454472422599792,5.284786224365234,0.6603959202766418,nan,nan,nan,nan,2.719237804412842,0.02111503854393959,2.723708391189575,0.019239600747823715,0.5,0.0,2.7192375659942627,0.01938534341752529,0.0,236
nan,nan,5.103399276733398,0.7891128063201904,5.291536331176758,0.6036089658737183,nan,nan,nan,nan,3.023280382156372,0.016965709626674652,3.0195200443267822,0.019688786938786507,0.5,0.0,3.023280382156372,0.016187559813261032,0.0,237
nan,nan,5.101952075958252,0.7310489416122437,5.290132999420166,0.5558763146400452,nan,nan,nan,nan,-3.1121978759765625,0.0,-3.1166722774505615,0.0,0.5,0.0,-3.1121976375579834,0.0,0.0,238
nan,nan,5.101952075958252,0.7310489416122437,5.290132999420166,0.5558763146400452,nan,nan,nan,nan,-3.0353291034698486,0.0,-3.0530953407287598,0.0,0.5,0.0,-3.0353291034698486,0.0,0.0,239
nan,nan,5.101952075958252,0.7310489416122437,5.290132999420166,0.5558763146400452,nan,nan,nan,nan,2.9793057441711426,0.011312270537018776,2.984675168991089,0.008849999867379665,0.5,0.0,2.97930645942688,0.008849999867379665,0.0,240
nan,nan,5.108870506286621,0.7058748006820679,5.296788692474365,0.530631422996521,nan,nan,nan,nan,2.883814811706543,0.014481944963335991,2.873394250869751,0.014593555592000484,0.5,0.0,2.883815050125122,0.014415967278182507,0.0,241
nan,nan,5.124838352203369,0.6658945679664612,5.312341690063477,0.4910503923892975,nan,nan,nan,nan,2.7671854496002197,0.002304483437910676,2.761610269546509,0.0033323904499411583,0.5,0.0,2.7671854496002197,0.002288827672600746,0.0,242
nan,nan,5.120081901550293,0.6572911739349365,5.309041976928711,0.4851595461368561,nan,nan,nan,nan,-1.7085630893707275,0.06223761662840843,-2.6365749835968018,0.0,0.0,0.0,-2.630999803543091,0.0,0.0,243
nan,nan,5.120081901550293,0.6572911739349365,5.309041976928711,0.4851595461368561,nan,nan,nan,nan,-1.9625189304351807,0.047892145812511444,-1.967587947845459,0.008849999867379665,0.0,0.0,-1.9625189304351807,0.008849999867379665,0.0,244
nan,nan,5.094951629638672,0.6502158045768738,5.283914089202881,0.4780753552913666,nan,nan,nan,nan,-1.8455880880355835,0.03789335861802101,-1.8452365398406982,0.01769999973475933,0.0,0.0,-1.845588207244873,0.01769999973475933,0.0,245
nan,nan,5.044577121734619,0.6364755630493164,5.233487129211426,0.46452876925468445,nan,nan,nan,nan,-1.8332371711730957,0.03702501952648163,-1.8370795249938965,0.02654999867081642,0.0,0.0,-1.8332371711730957,0.02654999867081642,0.0,246
nan,nan,4.968509674072266,0.6178163886070251,5.157557487487793,0.4453176259994507,nan,nan,nan,nan,-1.8186076879501343,0.03616885468363762,-1.8113443851470947,0.03539999946951866,0.0,0.0,-1.8186075687408447,0.03539999946951866,0.0,247
nan,nan,4.8676347732543945,0.5908005237579346,5.056679725646973,0.41831251978874207,nan,nan,nan,nan,-1.8323642015457153,0.02496415562927723,-1.8324706554412842,0.018220080062747,0.0,0.0,-1.8323640823364258,0.024961793795228004,0.0,248
nan,nan,4.814333915710449,0.5838733911514282,4.983780384063721,0.40791210532188416,nan,nan,nan,nan,-1.7125086784362793,0.042967360466718674,-1.7000348567962646,0.027070078998804092,0.0,0.0,-1.7125086784362793,0.033811792731285095,0.0,249
nan,nan,4.736822128295898,0.5646635293960571,4.886819839477539,0.384510338306427,nan,nan,nan,nan,-1.8076204061508179,0.034500058740377426,-1.8137328624725342,0.03297024592757225,0.0,0.0,-1.8076202869415283,0.034344129264354706,0.0,250
nan,nan,4.640589714050293,0.5505470037460327,4.78645658493042,0.3706556558609009,nan,nan,nan,nan,-1.7079743146896362,0.029412534087896347,-1.7164497375488281,0.03528624027967453,0.0,0.0,-1.7079744338989258,0.029266631230711937,0.0,251
nan,nan,4.5370097160339355,0.5402089357376099,4.70058012008667,0.36175575852394104,nan,nan,nan,nan,-1.6740636825561523,0.042792536318302155,-1.6702744960784912,0.04413624107837677,0.0,0.0,-1.6740636825561523,0.03811663016676903,0.0,252
nan,nan,4.409703254699707,0.5129020810127258,4.590779781341553,0.33751624822616577,nan,nan,nan,nan,-1.7880712747573853,0.06335970759391785,-1.7820920944213867,0.05298624187707901,0.0,0.0,-1.7880713939666748,0.04696663096547127,0.0,253
nan,nan,4.26094388961792,0.46491003036499023,4.459571361541748,0.2930085361003876,nan,nan,nan,nan,-1.8978304862976074,0.01665697991847992,-1.8828694820404053,0.023486241698265076,0.0,0.0,-1.8978304862976074,0.017466630786657333,0.0,254
nan,nan,4.192014694213867,0.4579026699066162,4.408480167388916,0.286326140165329,nan,nan,nan,nan,-1.7008510828018188,0.02633470483124256,-1.6721084117889404,0.018526604399085045,0.0,0.0,-1.7008512020111084,0.02582545019686222,0.0,255
nan,nan,4.139057159423828,0.44439250230789185,4.3348388671875,0.26680392026901245,nan,nan,nan,nan,-1.8299343585968018,0.046701960265636444,-1.820582389831543,0.027376603335142136,0.0,0.0,-1.8299343585968018,0.03467544913291931,0.0,256
nan,nan,4.059934616088867,0.4282064437866211,4.23433256149292,0.24777011573314667,nan,nan,nan,nan,-1.757959246635437,0.03366222232580185,-1.7725822925567627,0.036226604133844376,0.0,0.0,-1.7579593658447266,0.033575065433979034,0.0,257
nan,nan,3.9564409255981445,0.4015623927116394,4.138365745544434,0.22326426208019257,nan,nan,nan,nan,-1.8208104372024536,0.01884918473660946,-1.822770357131958,0.016451308503746986,0.0,0.0,-1.8208105564117432,0.018811967223882675,0.0,258
nan,nan,3.90902042388916,0.39123865962028503,4.084139347076416,0.2114654779434204,nan,nan,nan,nan,-1.785040259361267,0.024732086807489395,-1.7851572036743164,0.017748761922121048,0.0,0.0,-1.7850403785705566,0.024716265499591827,0.0,259
nan,nan,3.857679605484009,0.38096392154693604,4.012820720672607,0.19630196690559387,nan,nan,nan,nan,-1.7802925109863281,0.038392070680856705,-1.768315315246582,0.026598762720823288,0.0,0.0,-1.7802925109863281,0.03356626629829407,0.0,260
nan,nan,3.781266450881958,0.36313122510910034,3.9160985946655273,0.17509174346923828,nan,nan,nan,nan,-1.786669373512268,0.03659352660179138,-1.800065040588379,0.03544876351952553,0.0,0.0,-1.7866694927215576,0.03659278154373169,0.0,261
nan,nan,3.6805107593536377,0.3351316750049591,3.812314987182617,0.14539556205272675,nan,nan,nan,nan,-1.849485158920288,0.020633768290281296,-1.8418524265289307,0.017703590914607048,0.0,0.0,-1.849485158920288,0.020593073219060898,0.0,262
nan,nan,3.630767822265625,0.31922075152397156,3.7545154094696045,0.1266944855451584,nan,nan,nan,nan,-1.8837171792984009,0.03820454701781273,-1.8803751468658447,0.02655358985066414,0.0,0.0,-1.8837170600891113,0.029443074017763138,0.0,263
nan,nan,3.5535974502563477,0.30577364563941956,3.6690990924835205,0.11094038188457489,nan,nan,nan,nan,-1.7531856298446655,0.0424068421125412,-1.743316650390625,0.03540359064936638,0.0,0.0,-1.753185510635376,0.03829307481646538,0.0,264
nan,nan,3.4503836631774902,0.2898124158382416,3.5573291778564453,0.09455457329750061,nan,nan,nan,nan,-1.716362476348877,0.040767788887023926,-1.7242233753204346,0.031339965760707855,0.0,0.0,-1.716362476348877,0.040740154683589935,0.0,265
nan,nan,3.359189987182617,0.2746054530143738,3.4387638568878174,0.07489947974681854,nan,nan,nan,nan,-1.7350765466690063,0.016864577308297157,-1.7360305786132812,0.017354408279061317,0.0,0.0,-1.735076665878296,0.016861623153090477,0.0,266
nan,nan,3.308817148208618,0.2654641568660736,3.3897767066955566,0.06626853346824646,nan,nan,nan,nan,-1.7451939582824707,0.03311792388558388,-1.7503159046173096,0.026204407215118408,0.0,0.0,-1.7451939582824707,0.025711622089147568,0.0,267
nan,nan,3.2334654331207275,0.2482052445411682,3.315995693206787,0.048676081001758575,nan,nan,nan,nan,-1.8048673868179321,0.03456474095582962,-1.795957088470459,0.032790619879961014,0.0,0.0,-1.8048675060272217,0.03450321778655052,0.0,268
nan,nan,3.1372804641723633,0.23793013393878937,3.2149274349212646,0.03662268817424774,nan,nan,nan,nan,-1.68949556350708,0.04862713813781738,-1.6772191524505615,0.0394149012863636,0.0,0.0,-1.68949556350708,0.04335321858525276,0.0,269
nan,nan,3.0228190422058105,0.21748016774654388,3.0890119075775146,0.014225484803318977,nan,nan,nan,nan,-1.7468299865722656,0.027438299730420113,-1.7475934028625488,0.027132157236337662,0.0,0.0,-1.7468299865722656,0.027393214404582977,0.0,270
nan,nan,2.945854902267456,0.1955053210258484,3.0109879970550537,-0.0068111661821603775,nan,nan,nan,nan,-1.8341524600982666,0.03717096522450447,-1.84891676902771,0.029383819550275803,0.0,0.0,-1.8341524600982666,0.03624321520328522,0.0,271
nan,nan,2.8625385761260986,0.1715846210718155,2.9079360961914062,-0.03530105575919151,nan,nan,nan,nan,-1.8405210971832275,0.03529336303472519,-1.8503830432891846,0.03823382034897804,0.0,0.0,-1.8405210971832275,0.035292647778987885,0.0,272
nan,nan,2.75012469291687,0.1623838245868683,2.804239511489868,-0.04460781067609787,nan,nan,nan,nan,-1.6603063344955444,0.03567948937416077,-1.6524617671966553,0.033121977001428604,0.0,0.0,-1.660306453704834,0.035101667046546936,0.0,273
nan,nan,2.652845621109009,0.15321855247020721,2.7011921405792236,-0.05479646474123001,nan,nan,nan,nan,-1.6693494319915771,0.03136073425412178,-1.6647353172302246,0.036458633840084076,0.0,0.0,-1.6693494319915771,0.03135945275425911,0.0,274
nan,nan,2.551513910293579,0.11716991662979126,2.613861560821533,-0.08531796187162399,nan,nan,nan,nan,-1.9070205688476562,0.01799035258591175,-1.9125831127166748,0.01248953863978386,0.0,0.0,-1.9070205688476562,0.017484623938798904,0.0,275
nan,nan,2.5147905349731445,0.1141885370016098,2.562443494796753,-0.08939743787050247,nan,nan,nan,nan,-1.6499696969985962,0.01812797226011753,-1.6518034934997559,0.0180880818516016,0.0,0.0,-1.6499698162078857,0.017532357946038246,0.0,276
nan,nan,2.4619765281677246,0.1065756231546402,2.5111899375915527,-0.09633180499076843,nan,nan,nan,nan,-1.705275297164917,0.03657227382063866,-1.7139561176300049,0.024527592584490776,0.0,0.0,-1.705275297164917,0.026382356882095337,0.0,277
nan,nan,2.3907198905944824,0.09400817006826401,2.434483528137207,-0.10949616134166718,nan,nan,nan,nan,-1.7407602071762085,0.0005966192693449557,-1.7453699111938477,0.0,0.0,0.0,-1.740760326385498,0.0005962438881397247,0.0,278
nan,nan,2.3907198905944824,0.09400817006826401,2.4327380657196045,-0.10971386730670929,nan,nan,nan,nan,-1.6948877573013306,0.026023833081126213,-1.6941475868225098,0.008849999867379665,0.0,0.0,-1.6948878765106201,0.00944624375551939,0.0,279
nan,nan,2.36466908454895,0.09228863567113876,2.4049575328826904,-0.11189889907836914,nan,nan,nan,nan,-1.6492877006530762,0.024759497493505478,-1.6367077827453613,0.013608410954475403,0.0,0.0,-1.6492877006530762,0.018296243622899055,0.0,280
nan,nan,2.3256828784942627,0.08271324634552002,2.352842330932617,-0.12594100832939148,nan,nan,nan,nan,-1.833989143371582,0.010982842184603214,-1.8116390705108643,0.008002261631190777,0.0,0.0,-1.833989143371582,0.010796036571264267,0.0,281
nan,nan,2.3024518489837646,0.07851869612932205,2.3214848041534424,-0.13151070475578308,nan,nan,nan,nan,-1.74658203125,0.013476375490427017,-1.749429702758789,0.016852261498570442,0.0,0.0,-1.74658203125,0.013424928300082684,0.0,282
nan,nan,2.2549843788146973,0.06374240666627884,2.283536434173584,-0.14284075796604156,nan,nan,nan,nan,-1.8609368801116943,0.037658751010894775,-1.8725812435150146,0.025702260434627533,0.0,0.0,-1.8609368801116943,0.02227492816746235,0.0,283
nan,nan,2.182649850845337,0.04101254791021347,2.2205331325531006,-0.16150952875614166,nan,nan,nan,nan,-1.8588680028915405,0.01592886634171009,-1.8752589225769043,0.022584330290555954,0.0,0.0,-1.85886812210083,0.015928832814097404,0.0,284
nan,nan,2.11800479888916,0.024895910173654556,2.175036668777466,-0.17326313257217407,nan,nan,nan,nan,-1.8236104249954224,0.007293840870261192,-1.8151252269744873,0.005539175122976303,0.0,0.0,-1.823610544204712,0.007289307191967964,0.0,285
nan,nan,2.1019532680511475,0.021835654973983765,2.1538825035095215,-0.17712289094924927,nan,nan,nan,nan,-1.7512692213058472,0.03311778977513313,-1.7591884136199951,0.014389174990355968,0.0,0.0,-1.7512693405151367,0.016139306128025055,0.0,286
nan,nan,2.0610439777374268,0.01050990354269743,2.1078433990478516,-0.1892559826374054,nan,nan,nan,nan,-1.8284766674041748,0.026334375143051147,-1.8408823013305664,0.023239174857735634,0.0,0.0,-1.8284766674041748,0.024989306926727295,0.0,287
nan,nan,1.99760103225708,-0.015468073077499866,2.0399210453033447,-0.21790850162506104,nan,nan,nan,nan,-1.9699894189834595,0.015265152789652348,-1.9594395160675049,0.022152088582515717,0.0,0.0,-1.96998929977417,0.015112558379769325,0.0,288
nan,nan,1.939943552017212,-0.04622630774974823,2.0006754398345947,-0.23905883729457855,nan,nan,nan,nan,-2.065094232559204,0.017339404672384262,-2.060856342315674,0.02558729611337185,0.0,0.0,-2.065094232559204,0.017261046916246414,0.0,289
nan,nan,1.8656636476516724,-0.059646643698215485,1.9505314826965332,-0.24791553616523743,nan,nan,nan,nan,-1.7456188201904297,0.018446991220116615,-1.7495405673980713,0.006336741149425507,0.0,0.0,-1.7456188201904297,0.0175135787576437,0.0,290
nan,nan,1.8478113412857056,-0.06519082188606262,1.9012906551361084,-0.2635558247566223,nan,nan,nan,nan,-1.8783462047576904,0.012699482962489128,-1.8719110488891602,0.013011645525693893,0.0,0.0,-1.8783462047576904,0.012587785720825195,0.0,291
nan,nan,1.810428261756897,-0.07390105724334717,1.8651785850524902,-0.27220720052719116,nan,nan,nan,nan,-1.8059349060058594,0.0143349664285779,-1.7997119426727295,0.012874930165708065,0.0,0.0,-1.8059349060058594,0.01429740060120821,0.0,292
nan,nan,1.7735011577606201,-0.08278622478246689,1.8239760398864746,-0.28122246265411377,nan,nan,nan,nan,-1.78620445728302,0.030136320739984512,-1.8069212436676025,0.02172493003308773,0.0,0.0,-1.7862045764923096,0.023147400468587875,0.0,293
nan,nan,1.7114529609680176,-0.09882867336273193,1.7578370571136475,-0.2982065975666046,nan,nan,nan,nan,-1.8221596479415894,0.03426000848412514,-1.8238039016723633,0.03057492896914482,0.0,0.0,-1.822159767150879,0.031997401267290115,0.0,294
nan,nan,1.627868890762329,-0.13272586464881897,1.6700727939605713,-0.3329535722732544,nan,nan,nan,nan,-1.9477742910385132,0.02979450486600399,-1.9560744762420654,0.03497300669550896,0.0,0.0,-1.9477741718292236,0.029559750109910965,0.0,295
nan,nan,1.5378601551055908,-0.1831495761871338,1.5940355062484741,-0.3756429851055145,nan,nan,nan,nan,-2.0823702812194824,0.004130389541387558,-2.0814437866210938,0.005473006516695023,0.0,0.0,-2.0823702812194824,0.004093032330274582,0.0,296
nan,nan,1.5224859714508057,-0.18808001279830933,1.582542896270752,-0.37934601306915283,nan,nan,nan,nan,-1.8825029134750366,0.027052437886595726,-1.8811309337615967,0.014323006384074688,0.0,0.0,-1.882502794265747,0.012943032197654247,0.0,297
nan,nan,1.4816575050354004,-0.19895856082439423,1.5456136465072632,-0.3890458941459656,nan,nan,nan,nan,-1.8276550769805908,0.020548159256577492,-1.8311920166015625,0.023173006251454353,0.0,0.0,-1.8276550769805908,0.0205172598361969,0.0,298
nan,nan,1.4157536029815674,-0.2171195149421692,1.4876245260238647,-0.40638500452041626,nan,nan,nan,nan,-1.861340880393982,0.0,-1.8396899700164795,0.0,0.0,0.0,-1.8613409996032715,0.0,0.0,299
nan,nan,1.4157536029815674,-0.2171195149421692,1.4876245260238647,-0.40638500452041626,nan,nan,nan,nan,-1.9357513189315796,0.0,-1.9384689331054688,0.0,0.0,0.0,-1.93575119972229,0.0,0.0,300
nan,nan,1.4157536029815674,-0.2171195149421692,1.4876245260238647,-0.40638500452041626,nan,nan,nan,nan,-1.5598015785217285,0.013113799504935741,-1.5722711086273193,0.008849999867379665,0.0,0.0,-1.5598015785217285,0.008849999867379665,0.0,301
nan,nan,1.3914577960968018,-0.22667531669139862,1.46318519115448,-0.41556763648986816,nan,nan,nan,nan,-1.9302090406417847,0.0,-1.9455223083496094,0.0,0.0,0.0,-1.9302089214324951,0.0,0.0,302
nan,nan,1.3914577960968018,-0.22667531669139862,1.46318519115448,-0.41556763648986816,nan,nan,nan,nan,-1.7364839315414429,0.0,-1.7422378063201904,0.0,0.0,0.0,-1.7364840507507324,0.0,0.0,303
nan,nan,1.3914577960968018,-0.22667531669139862,1.46318519115448,-0.41556763648986816,nan,nan,nan,nan,-1.7994729280471802,0.0072581833228468895,-1.7983548641204834,0.0015488601056858897,0.0,0.0,-1.7994730472564697,0.00724378926679492,0.0,304
nan,nan,1.3869495391845703,-0.22741886973381042,1.4421552419662476,-0.41936004161834717,nan,nan,nan,nan,-1.7492127418518066,0.026838665828108788,-1.7342572212219238,0.010398860089480877,0.0,0.0,-1.7492127418518066,0.016093788668513298,0.0,305
nan,nan,1.3568534851074219,-0.23335887491703033,1.3956228494644165,-0.4287819266319275,nan,nan,nan,nan,-1.770575761795044,0.032220665365457535,-1.765660047531128,0.019248859956860542,0.0,0.0,-1.770575761795044,0.02494378760457039,0.0,306
nan,nan,1.300678014755249,-0.24165064096450806,1.3228963613510132,-0.43998387455940247,nan,nan,nan,nan,-1.7236237525939941,0.0171232707798481,-1.7173428535461426,0.025275008752942085,0.0,0.0,-1.7236237525939941,0.01710440032184124,0.0,307
nan,nan,1.227034330368042,-0.2533118426799774,1.273067593574524,-0.44792720675468445,nan,nan,nan,nan,-1.7288788557052612,0.017494777217507362,-1.7278387546539307,0.021602341905236244,0.0,0.0,-1.7288787364959717,0.017494535073637962,0.0,308
nan,nan,1.16405189037323,-0.2630239725112915,1.2220582962036133,-0.4557715058326721,nan,nan,nan,nan,-1.7233830690383911,0.023981651291251183,-1.723794937133789,0.02029990404844284,0.0,0.0,-1.7233829498291016,0.023981289938092232,0.0,309
nan,nan,1.1044821739196777,-0.2691575884819031,1.1518018245697021,-0.46406933665275574,nan,nan,nan,nan,-1.6883596181869507,0.027747981250286102,-1.6734001636505127,0.02914990484714508,0.0,0.0,-1.6883594989776611,0.02773096412420273,0.0,310
nan,nan,1.0282520055770874,-0.30895233154296875,1.0800191164016724,-0.5033060312271118,nan,nan,nan,nan,-2.0710277557373047,0.012247198261320591,-2.051915407180786,0.01069653034210205,0.0,0.0,-2.0710277557373047,0.01136137917637825,0.0,311
nan,nan,0.9975941777229309,-0.31642240285873413,1.047505497932434,-0.5114418864250183,nan,nan,nan,nan,-1.8159910440444946,0.011279161088168621,-1.8097991943359375,0.002473367378115654,0.0,0.0,-1.8159911632537842,0.010914325714111328,0.0,312
nan,nan,0.9904809594154358,-0.3180472254753113,1.016211986541748,-0.5190167427062988,nan,nan,nan,nan,-1.8082866668701172,0.01924566738307476,-1.7953674793243408,0.01132336724549532,0.0,0.0,-1.8082866668701172,0.019245095551013947,0.0,313
nan,nan,0.9581893086433411,-0.30949893593788147,0.9614438414573669,-0.5040626525878906,nan,nan,nan,nan,-1.3042494058609009,0.009797762148082256,-1.3120107650756836,0.010541118681430817,0.0,0.0,-1.3042495250701904,0.008579311892390251,0.0,314
nan,nan,0.9274128675460815,-0.305050253868103,0.9363698363304138,-0.5006221532821655,nan,nan,nan,nan,-1.4344336986541748,0.012958051636815071,-1.4272422790527344,0.0122060626745224,0.0,0.0,-1.4344336986541748,0.012848400510847569,0.0,315
nan,nan,0.8931421637535095,-0.3160994350910187,0.9002981781959534,-0.5122607946395874,nan,nan,nan,nan,-1.882904291152954,0.017905963584780693,-1.8826830387115479,0.007082215044647455,0.0,0.0,-1.882904291152954,0.016135266050696373,0.0,316
nan,nan,0.8738808631896973,-0.3241925835609436,0.8563439846038818,-0.53052818775177,nan,nan,nan,nan,-1.9646782875061035,0.0,-1.9685745239257812,0.0,0.0,0.0,-1.9646782875061035,0.0,0.0,317
nan,nan,0.8738808631896973,-0.3241925835609436,0.8563439846038818,-0.53052818775177,nan,nan,nan,nan,-1.8249541521072388,0.010465900413691998,-1.8337180614471436,0.008849999867379665,0.0,0.0,-1.8249542713165283,0.008849999867379665,0.0,318
nan,nan,0.847893476486206,-0.3266940414905548,0.8303875923156738,-0.5333328247070312,nan,nan,nan,nan,-1.6784303188323975,0.0,-1.666757583618164,0.0,0.0,0.0,-1.6784303188323975,0.0,0.0,319
nan,nan,0.847893476486206,-0.3266940414905548,0.8303875923156738,-0.5333328247070312,nan,nan,nan,nan,-1.4122204780578613,0.012361354194581509,-1.4282004833221436,0.008849999867379665,0.0,0.0,-1.4122204780578613,0.008849999867379665,0.0,320
nan,nan,0.8221368193626404,-0.3309597373008728,0.8046834468841553,-0.5379043221473694,nan,nan,nan,nan,-1.7468063831329346,0.004635432735085487,-1.734921932220459,0.009333877824246883,0.0,0.0,-1.7468063831329346,0.004378381185233593,0.0,321
nan,nan,0.7946868538856506,-0.3287983238697052,0.7917981147766113,-0.5370116233825684,nan,nan,nan,nan,-1.5016257762908936,0.01364640798419714,-1.492218255996704,0.0047826035879552364,0.0,0.0,-1.5016257762908936,0.013228381052613258,0.0,322
nan,nan,0.7813646197319031,-0.3334429860115051,0.7550034523010254,-0.5500117540359497,nan,nan,nan,nan,-1.9104214906692505,0.006099395453929901,-1.906259298324585,0.0012841131538152695,0.0,0.0,-1.910421371459961,0.005596806760877371,0.0,323
nan,nan,0.777852475643158,-0.33486244082450867,0.7396628260612488,-0.5561161637306213,nan,nan,nan,nan,-1.9495105743408203,0.02255132794380188,-1.954883098602295,0.010134113021194935,0.0,0.0,-1.9495105743408203,0.014446806162595749,0.0,324
nan,nan,0.7495183348655701,-0.34439799189567566,0.6994670033454895,-0.5702793598175049,nan,nan,nan,nan,-1.9095673561096191,0.018131285905838013,-1.8954298496246338,0.0189841128885746,0.0,0.0,-1.9095673561096191,0.018116824328899384,0.0,325
nan,nan,0.6935997009277344,-0.34747350215911865,0.6461003422737122,-0.573164701461792,nan,nan,nan,nan,-1.6248105764389038,0.025631675496697426,-1.6257405281066895,0.023324284702539444,0.0,0.0,-1.6248104572296143,0.024599486961960793,0.0,326
nan,nan,0.6250988245010376,-0.35395315289497375,0.5738455653190613,-0.5799049139022827,nan,nan,nan,nan,-1.6638113260269165,0.028660576790571213,-1.6651079654693604,0.023267706856131554,0.0,0.0,-1.663811206817627,0.02863878197968006,0.0,327
nan,nan,0.556835949420929,-0.3611360788345337,0.4897741675376892,-0.5882483720779419,nan,nan,nan,nan,-1.669715166091919,0.0,-1.6756348609924316,0.0,0.0,0.0,-1.669715166091919,0.0,0.0,328
nan,nan,0.556835949420929,-0.3611360788345337,0.4897741675376892,-0.5882483720779419,nan,nan,nan,nan,-1.6846455335617065,0.0,-1.7075154781341553,0.0,0.0,0.0,-1.684645652770996,0.0,0.0,329
nan,nan,0.556835949420929,-0.3611360788345337,0.4897741675376892,-0.5882483720779419,nan,nan,nan,nan,-1.6952688694000244,0.0,-1.7003169059753418,0.0,0.0,0.0,-1.6952688694000244,0.0,0.0,330
nan,nan,0.556835949420929,-0.3611360788345337,0.4897741675376892,-0.5882483720779419,nan,nan,nan,nan,-1.711815357208252,0.0,-1.7030847072601318,0.0,0.0,0.0,-1.711815357208252,0.0,0.0,331
nan,nan,0.556835949420929,-0.3611360788345337,0.4897741675376892,-0.5882483720779419,nan,nan,nan,nan,-1.7079136371612549,0.0,-1.7097532749176025,0.0,0.0,0.0,-1.7079136371612549,0.0,0.0,332
nan,nan,0.556835949420929,-0.3611360788345337,0.4897741675376892,-0.5882483720779419,nan,nan,nan,nan,-1.7267564535140991,0.0,-1.7289137840270996,0.0,0.0,0.0,-1.7267565727233887,0.0,0.0,333
nan,nan,0.556835949420929,-0.3611360788345337,0.4897741675376892,-0.5882483720779419,nan,nan,nan,nan,-1.7342451810836792,0.0,-1.7432544231414795,0.0,0.0,0.0,-1.7342450618743896,0.0,0.0,334
nan,nan,0.556835949420929,-0.3611360788345337,0.4897741675376892,-0.5882483720779419,nan,nan,nan,nan,-1.7589068412780762,0.0,-1.7613897323608398,0.0,0.0,0.0,-1.7589068412780762,0.0,0.0,335
nan,nan,0.556835949420929,-0.3611360788345337,0.4897741675376892,-0.5882483720779419,nan,nan,nan,nan,-1.8132116794586182,0.0,-1.815300703048706,0.0,0.0,0.0,-1.8132116794586182,0.0,0.0,336
nan,nan,0.556835949420929,-0.3611360788345337,0.4897741675376892,-0.5882483720779419,nan,nan,nan,nan,-1.8822585344314575,0.0,-1.877720832824707,0.0,0.0,0.0,-1.882258415222168,0.0,0.0,337
nan,nan,0.556835949420929,-0.3611360788345337,0.4897741675376892,-0.5882483720779419,nan,nan,nan,nan,-1.813547968864441,0.0,-1.8226876258850098,0.0,0.0,0.0,-1.8135478496551514,0.0,0.0,338
nan,nan,0.556835949420929,-0.3611360788345337,0.4897741675376892,-0.5882483720779419,nan,nan,nan,nan,-1.8146816492080688,0.0,-1.823157548904419,0.0,0.0,0.0,-1.8146815299987793,0.0,0.0,339
nan,nan,0.556835949420929,-0.3611360788345337,0.4897741675376892,-0.5882483720779419,nan,nan,nan,nan,-1.8435596227645874,0.0,-1.8417139053344727,0.0,0.0,0.0,-1.8435595035552979,0.0,0.0,340
nan,nan,0.556835949420929,-0.3611360788345337,0.4897741675376892,-0.5882483720779419,nan,nan,nan,nan,-1.8346116542816162,0.0,-1.8248484134674072,0.0,0.0,0.0,-1.8346116542816162,0.0,0.0,341
nan,nan,0.556835949420929,-0.3611360788345337,0.4897741675376892,-0.5882483720779419,nan,nan,nan,nan,-1.8511391878128052,0.0,-1.8534965515136719,0.0,0.0,0.0,-1.8511390686035156,0.0,0.0,342
nan,nan,0.556835949420929,-0.3611360788345337,0.4897741675376892,-0.5882483720779419,nan,nan,nan,nan,-1.8942331075668335,0.0,-1.8905127048492432,0.0,0.0,0.0,-1.894232988357544,0.0,0.0,343
nan,nan,0.556835949420929,-0.3611360788345337,0.4897741675376892,-0.5882483720779419,nan,nan,nan,nan,-1.9106316566467285,0.0,-1.9172163009643555,0.0,0.0,0.0,-1.9106316566467285,0.0,0.0,344
nan,nan,0.556835949420929,-0.3611360788345337,0.4897741675376892,-0.5882483720779419,nan,nan,nan,nan,-1.8933926820755005,0.0,-1.8879575729370117,0.0,0.0,0.0,-1.89339280128479,0.0,0.0,345
nan,nan,0.556835949420929,-0.3611360788345337,0.4897741675376892,-0.5882483720779419,nan,nan,nan,nan,-1.8333871364593506,0.0,-1.828399419784546,0.0,0.0,0.0,-1.8333871364593506,0.0,0.0,346
nan,nan,0.556835949420929,-0.3611360788345337,0.4897741675376892,-0.5882483720779419,nan,nan,nan,nan,-1.8382914066314697,0.0,-1.8307178020477295,0.0,0.0,0.0,-1.8382914066314697,0.0,0.0,347
nan,nan,0.556835949420929,-0.3611360788345337,0.4897741675376892,-0.5882483720779419,nan,nan,nan,nan,-1.8702750205993652,0.0,-1.8541250228881836,0.0,0.0,0.0,-1.8702750205993652,0.0,0.0,348
nan,nan,0.556835949420929,-0.3611360788345337,0.4897741675376892,-0.5882483720779419,nan,nan,nan,nan,-1.861079216003418,0.0,-1.8571090698242188,0.0,0.0,0.0,-1.861079216003418,0.0,0.0,349
nan,nan,0.556835949420929,-0.3611360788345337,0.4897741675376892,-0.5882483720779419,nan,nan,nan,nan,-1.8812367916107178,0.0,-1.8693091869354248,0.0,0.0,0.0,-1.8812367916107178,0.0,0.0,350
nan,nan,0.556835949420929,-0.3611360788345337,0.4897741675376892,-0.5882483720779419,nan,nan,nan,nan,-1.8530148267745972,0.0,-1.8740687370300293,0.0,0.0,0.0,-1.8530149459838867,0.0,0.0,351
nan,nan,0.556835949420929,-0.3611360788345337,0.4897741675376892,-0.5882483720779419,nan,nan,nan,nan,-1.8522346019744873,0.0,-1.8522820472717285,0.0,0.0,0.0,-1.8522346019744873,0.0,0.0,352
nan,nan,0.556835949420929,-0.3611360788345337,0.4897741675376892,-0.5882483720779419,nan,nan,nan,nan,-1.916045069694519,0.0,-1.9193084239959717,0.0,0.0,0.0,-1.9160451889038086,0.0,0.0,353
nan,nan,0.556835949420929,-0.3611360788345337,0.4897741675376892,-0.5882483720779419,nan,nan,nan,nan,-1.9411389827728271,0.0,-1.9488940238952637,0.0,0.0,0.0,-1.9411389827728271,0.0,0.0,354
nan,nan,0.556835949420929,-0.3611360788345337,0.4897741675376892,-0.5882483720779419,nan,nan,nan,nan,-1.9538345336914062,0.0,-1.955507516860962,0.0,0.0,0.0,-1.9538345336914062,0.0,0.0,355
nan,nan,0.556835949420929,-0.3611360788345337,0.4897741675376892,-0.5882483720779419,nan,nan,nan,nan,-1.9490561485290527,0.0,-1.947413444519043,0.0,0.0,0.0,-1.9490561485290527,0.0,0.0,356
nan,nan,0.556835949420929,-0.3611360788345337,0.4897741675376892,-0.5882483720779419,nan,nan,nan,nan,-1.9502266645431519,0.0,-1.9541311264038086,0.0,0.0,0.0,-1.9502265453338623,0.0,0.0,357
nan,nan,0.556835949420929,-0.3611360788345337,0.4897741675376892,-0.5882483720779419,nan,nan,nan,nan,-1.9508001804351807,0.0,-1.9660494327545166,0.0,0.0,0.0,-1.9508001804351807,0.0,0.0,358
nan,nan,0.556835949420929,-0.3611360788345337,0.4897741675376892,-0.5882483720779419,nan,nan,nan,nan,-1.9928717613220215,0.0,-2.003568172454834,0.0,0.0,0.0,-1.9928717613220215,0.0,0.0,359
nan,nan,0.556835949420929,-0.3611360788345337,0.4897741675376892,-0.5882483720779419,nan,nan,nan,nan,-2.0013771057128906,0.0,-2.008754014968872,0.0,0.0,0.0,-2.0013771057128906,0.0,0.0,360
nan,nan,0.556835949420929,-0.3611360788345337,0.4897741675376892,-0.5882483720779419,nan,nan,nan,nan,-1.939773440361023,0.0,-1.94209623336792,0.0,0.0,0.0,-1.9397733211517334,0.0,0.0,361
nan,nan,0.556835949420929,-0.3611360788345337,0.4897741675376892,-0.5882483720779419,nan,nan,nan,nan,-1.9585485458374023,0.0,-1.9603235721588135,0.0,0.0,0.0,-1.9585485458374023,0.0,0.0,362
nan,nan,0.556835949420929,-0.3611360788345337,0.4897741675376892,-0.5882483720779419,nan,nan,nan,nan,-1.9547258615493774,0.0,-1.9476432800292969,0.0,0.0,0.0,-1.954725980758667,0.0,0.0,363
nan,nan,0.556835949420929,-0.3611360788345337,0.4897741675376892,-0.5882483720779419,nan,nan,nan,nan,-1.9831883907318115,0.0,-1.9770071506500244,0.0,0.0,0.0,-1.9831883907318115,0.0,0.0,364
nan,nan,0.556835949420929,-0.3611360788345337,0.4897741675376892,-0.5882483720779419,nan,nan,nan,nan,-2.0373239517211914,0.0,-2.0335097312927246,0.0,0.0,0.0,-2.0373239517211914,0.0,0.0,365
nan,nan,0.556835949420929,-0.3611360788345337,0.4897741675376892,-0.5882483720779419,nan,nan,nan,nan,-2.060373306274414,0.0,-2.0524027347564697,0.0,0.0,0.0,-2.060373306274414,0.0,0.0,366
nan,nan,0.556835949420929,-0.3611360788345337,0.4897741675376892,-0.5882483720779419,nan,nan,nan,nan,-2.0614850521087646,0.0,-2.0605628490448,0.0,0.0,0.0,-2.0614850521087646,0.0,0.0,367
nan,nan,0.556835949420929,-0.3611360788345337,0.4897741675376892,-0.5882483720779419,nan,nan,nan,nan,-2.0706675052642822,0.0,-2.0842700004577637,0.0,0.0,0.0,-2.0706675052642822,0.0,0.0,368
nan,nan,0.556835949420929,-0.3611360788345337,0.4897741675376892,-0.5882483720779419,nan,nan,nan,nan,-2.0731654167175293,0.0,-2.0730490684509277,0.0,0.0,0.0,-2.0731654167175293,0.0,0.0,369
nan,nan,0.556835949420929,-0.3611360788345337,0.4897741675376892,-0.5882483720779419,nan,nan,nan,nan,-2.054628610610962,0.0,-2.045079469680786,0.0,0.0,0.0,-2.054628610610962,0.0,0.0,370
nan,nan,0.556835949420929,-0.3611360788345337,0.4897741675376892,-0.5882483720779419,nan,nan,nan,nan,-2.0545759201049805,0.0,-2.051279067993164,0.0,0.0,0.0,-2.0545759201049805,0.0,0.0,371
nan,nan,0.556835949420929,-0.3611360788345337,0.4897741675376892,-0.5882483720779419,nan,nan,nan,nan,-2.1208713054656982,0.0,-2.1154510974884033,0.0,0.0,0.0,-2.1208713054656982,0.0,0.0,372
nan,nan,0.556835949420929,-0.3611360788345337,0.4897741675376892,-0.5882483720779419,nan,nan,nan,nan,-2.126213312149048,0.0,-2.124068021774292,0.0,0.0,0.0,-2.126213312149048,0.0,0.0,373
nan,nan,0.556835949420929,-0.3611360788345337,0.4897741675376892,-0.5882483720779419,nan,nan,nan,nan,-2.114898204803467,0.0,-2.114490270614624,0.0,0.0,0.0,-2.114898204803467,0.0,0.0,374
nan,nan,0.556835949420929,-0.3611360788345337,0.4897741675376892,-0.5882483720779419,nan,nan,nan,nan,-2.0882067680358887,0.0,-2.073918342590332,0.0,0.0,0.0,-2.0882067680358887,0.0,0.0,375
nan,nan,0.556835949420929,-0.3611360788345337,0.4897741675376892,-0.5882483720779419,nan,nan,nan,nan,-2.1094560623168945,0.0,-2.113126277923584,0.0,0.0,0.0,-2.1094560623168945,0.0,0.0,376
nan,nan,0.556835949420929,-0.3611360788345337,0.4897741675376892,-0.5882483720779419,nan,nan,nan,nan,-2.116851568222046,0.0,-2.1220479011535645,0.0,0.0,0.0,-2.116851568222046,0.0,0.0,377
nan,nan,0.556835949420929,-0.3611360788345337,0.4897741675376892,-0.5882483720779419,nan,nan,nan,nan,-2.1046338081359863,0.0,-2.115379810333252,0.0,0.0,0.0,-2.1046338081359863,0.0,0.0,378
nan,nan,0.556835949420929,-0.3611360788345337,0.4897741675376892,-0.5882483720779419,nan,nan,nan,nan,-2.1198925971984863,0.0,-2.1053552627563477,0.0,0.0,0.0,-2.1198925971984863,0.0,0.0,379
nan,nan,0.556835949420929,-0.3611360788345337,0.4897741675376892,-0.5882483720779419,nan,nan,nan,nan,-2.141096353530884,0.0,-2.124359130859375,0.0,0.0,0.0,-2.141096353530884,0.0,0.0,380
nan,nan,0.556835949420929,-0.3611360788345337,0.4897741675376892,-0.5882483720779419,nan,nan,nan,nan,-2.123042583465576,0.0,-2.1291098594665527,0.0,0.0,0.0,-2.123042583465576,0.0,0.0,381
nan,nan,0.556835949420929,-0.3611360788345337,0.4897741675376892,-0.5882483720779419,nan,nan,nan,nan,-2.1102848052978516,0.0,-2.1045634746551514,0.0,0.0,0.0,-2.1102848052978516,0.0,0.0,382
nan,nan,0.556835949420929,-0.3611360788345337,0.4897741675376892,-0.5882483720779419,nan,nan,nan,nan,-2.131887435913086,0.0,-2.1239476203918457,0.0,0.0,0.0,-2.131887435913086,0.0,0.0,383
nan,nan,0.556835949420929,-0.3611360788345337,0.4897741675376892,-0.5882483720779419,nan,nan,nan,nan,-2.1265957355499268,0.0,-2.1217756271362305,0.0,0.0,0.0,-2.1265957355499268,0.0,0.0,384
nan,nan,0.556835949420929,-0.3611360788345337,0.4897741675376892,-0.5882483720779419,nan,nan,nan,nan,-2.1412765979766846,0.0,-2.133352518081665,0.0,0.0,0.0,-2.1412765979766846,0.0,0.0,385
nan,nan,0.556835949420929,-0.3611360788345337,0.4897741675376892,-0.5882483720779419,nan,nan,nan,nan,-2.1487557888031006,0.0,-2.1510539054870605,0.0,0.0,0.0,-2.1487557888031006,0.0,0.0,386
nan,nan,0.556835949420929,-0.3611360788345337,0.4897741675376892,-0.5882483720779419,nan,nan,nan,nan,-2.1111414432525635,0.0,-2.1086580753326416,0.0,0.0,0.0,-2.1111414432525635,0.0,0.0,387
nan,nan,0.556835949420929,-0.3611360788345337,0.4897741675376892,-0.5882483720779419,nan,nan,nan,nan,-2.142317771911621,0.0,-2.139439821243286,0.0,0.0,0.0,-2.142317771911621,0.0,0.0,388
nan,nan,0.556835949420929,-0.3611360788345337,0.4897741675376892,-0.5882483720779419,nan,nan,nan,nan,-2.15647292137146,0.0,-2.153083324432373,0.0,0.0,0.0,-2.15647292137146,0.0,0.0,389
nan,nan,0.556835949420929,-0.3611360788345337,0.4897741675376892,-0.5882483720779419,nan,nan,nan,nan,-2.13236141204834,0.0,-2.120865821838379,0.0,0.0,0.0,-2.13236141204834,0.0,0.0,390
nan,nan,0.556835949420929,-0.3611360788345337,0.4897741675376892,-0.5882483720779419,nan,nan,nan,nan,-2.12929368019104,0.0,-2.139268636703491,0.0,0.0,0.0,-2.12929368019104,0.0,0.0,391
nan,nan,0.556835949420929,-0.3611360788345337,0.4897741675376892,-0.5882483720779419,nan,nan,nan,nan,-2.107424020767212,0.0,-2.100281238555908,0.0,0.0,0.0,-2.107424020767212,0.0,0.0,392
nan,nan,0.556835949420929,-0.3611360788345337,0.4897741675376892,-0.5882483720779419,nan,nan,nan,nan,-2.129905939102173,0.0,-2.125251531600952,0.0,0.0,0.0,-2.129905939102173,0.0,0.0,393
nan,nan,0.556835949420929,-0.3611360788345337,0.4897741675376892,-0.5882483720779419,nan,nan,nan,nan,-2.1292896270751953,0.0,-2.125300645828247,0.0,0.0,0.0,-2.1292896270751953,0.0,0.0,394
nan,nan,0.556835949420929,-0.3611360788345337,0.4897741675376892,-0.5882483720779419,nan,nan,nan,nan,-2.1537563800811768,0.0,-2.134392261505127,0.0,0.0,0.0,-2.1537563800811768,0.0,0.0,395
nan,nan,0.556835949420929,-0.3611360788345337,0.4897741675376892,-0.5882483720779419,nan,nan,nan,nan,-2.1757025718688965,0.0,-2.16288423538208,0.0,0.0,0.0,-2.1757025718688965,0.0,0.0,396
nan,nan,0.556835949420929,-0.3611360788345337,0.4897741675376892,-0.5882483720779419,nan,nan,nan,nan,-2.2053239345550537,0.0,-2.192056655883789,0.0,0.0,0.0,-2.2053239345550537,0.0,0.0,397
nan,nan,0.556835949420929,-0.3611360788345337,0.4897741675376892,-0.5882483720779419,nan,nan,nan,nan,-2.2355175018310547,0.0,-2.2492783069610596,0.0,0.0,0.0,-2.2355175018310547,0.0,0.0,398
nan,nan,0.556835949420929,-0.3611360788345337,0.4897741675376892,-0.5882483720779419,nan,nan,nan,nan,-2.250697374343872,0.0,-2.250009059906006,0.0,0.0,0.0,-2.250697374343872,0.0,0.0,399
nan,nan,0.556835949420929,-0.3611360788345337,0.4897741675376892,-0.5882483720779419,nan,nan,nan,nan,-2.2756950855255127,0.0,-2.2765743732452393,0.0,0.0,0.0,-2.2756950855255127,0.0,0.0,400
nan,nan,0.556835949420929,-0.3611360788345337,0.4897741675376892,-0.5882483720779419,nan,nan,nan,nan,-2.3161513805389404,0.0,-2.298076629638672,0.0,0.0,0.0,-2.3161513805389404,0.0,0.0,401
nan,nan,0.556835949420929,-0.3611360788345337,0.4897741675376892,-0.5882483720779419,nan,nan,nan,nan,-2.2924184799194336,0.0,-2.2883596420288086,0.0,0.0,0.0,-2.2924184799194336,0.0,0.0,402
nan,nan,0.556835949420929,-0.3611360788345337,0.4897741675376892,-0.5882483720779419,nan,nan,nan,nan,-2.3545236587524414,0.0,-2.356269359588623,0.0,0.0,0.0,-2.3545236587524414,0.0,0.0,403
nan,nan,0.556835949420929,-0.3611360788345337,0.4897741675376892,-0.5882483720779419,nan,nan,nan,nan,-2.351167917251587,0.0,-2.3495545387268066,0.0,0.0,0.0,-2.351167917251587,0.0,0.0,404
nan,nan,0.556835949420929,-0.3611360788345337,0.4897741675376892,-0.5882483720779419,nan,nan,nan,nan,-2.3563947677612305,0.0,-2.3588356971740723,0.0,0.0,0.0,-2.3563947677612305,0.0,0.0,405
nan,nan,0.556835949420929,-0.3611360788345337,0.4897741675376892,-0.5882483720779419,nan,nan,nan,nan,-2.327197790145874,0.0,-2.324110984802246,0.0,0.0,0.0,-2.327197790145874,0.0,0.0,406
nan,nan,0.556835949420929,-0.3611360788345337,0.4897741675376892,-0.5882483720779419,nan,nan,nan,nan,-2.351524591445923,0.0,-2.338287353515625,0.0,0.0,0.0,-2.351524591445923,0.0,0.0,407
nan,nan,0.556835949420929,-0.3611360788345337,0.4897741675376892,-0.5882483720779419,nan,nan,nan,nan,-2.3693063259124756,0.0,-2.367018938064575,0.0,0.0,0.0,-2.3693063259124756,0.0,0.0,408
nan,nan,0.556835949420929,-0.3611360788345337,0.4897741675376892,-0.5882483720779419,nan,nan,nan,nan,-2.3617656230926514,0.0,-2.368403434753418,0.0,0.0,0.0,-2.3617656230926514,0.0,0.0,409
nan,nan,0.556835949420929,-0.3611360788345337,0.4897741675376892,-0.5882483720779419,nan,nan,nan,nan,-2.3044075965881348,0.0,-2.284428358078003,0.0,0.0,0.0,-2.3044075965881348,0.0,0.0,410
nan,nan,0.556835949420929,-0.3611360788345337,0.4897741675376892,-0.5882483720779419,nan,nan,nan,nan,-2.3232972621917725,0.0,-2.318488836288452,0.0,0.0,0.0,-2.3232972621917725,0.0,0.0,411
nan,nan,0.556835949420929,-0.3611360788345337,0.4897741675376892,-0.5882483720779419,nan,nan,nan,nan,-2.4074809551239014,0.0,-2.4086084365844727,0.0,0.0,0.0,-2.4074809551239014,0.0,0.0,412
nan,nan,0.556835949420929,-0.3611360788345337,0.4897741675376892,-0.5882483720779419,nan,nan,nan,nan,-2.4622554779052734,0.0,-2.4584007263183594,0.0,0.0,0.0,-2.4622554779052734,0.0,0.0,413
nan,nan,0.556835949420929,-0.3611360788345337,0.4897741675376892,-0.5882483720779419,nan,nan,nan,nan,-2.5491368770599365,0.0,-2.543869733810425,0.0,0.0,0.0,-2.5491368770599365,0.0,0.0,414
nan,nan,0.556835949420929,-0.3611360788345337,0.4897741675376892,-0.5882483720779419,nan,nan,nan,nan,-2.5165488719940186,0.0,-2.512211322784424,0.0,0.0,0.0,-2.5165488719940186,0.0,0.0,415
nan,nan,0.556835949420929,-0.3611360788345337,0.4897741675376892,-0.5882483720779419,nan,nan,nan,nan,-2.5640671253204346,0.0,-2.5715079307556152,0.0,0.0,0.0,-2.5640671253204346,0.0,0.0,416
nan,nan,0.556835949420929,-0.3611360788345337,0.4897741675376892,-0.5882483720779419,nan,nan,nan,nan,-2.610891819000244,0.0,-2.609586000442505,0.0,0.0,0.0,-2.610891819000244,0.0,0.0,417
nan,nan,0.556835949420929,-0.3611360788345337,0.4897741675376892,-0.5882483720779419,nan,nan,nan,nan,-2.6656837463378906,0.0,-2.6601107120513916,0.0,0.0,0.0,-2.6656837463378906,0.0,0.0,418
nan,nan,0.556835949420929,-0.3611360788345337,0.4897741675376892,-0.5882483720779419,nan,nan,nan,nan,-2.6651036739349365,0.0,-2.6757779121398926,0.0,0.0,0.0,-2.6651036739349365,0.0,0.0,419
nan,nan,0.556835949420929,-0.3611360788345337,0.4897741675376892,-0.5882483720779419,nan,nan,nan,nan,-2.670685052871704,0.0,-2.680189371109009,0.0,0.0,0.0,-2.670685052871704,0.0,0.0,420
nan,nan,0.556835949420929,-0.3611360788345337,0.4897741675376892,-0.5882483720779419,nan,nan,nan,nan,-2.671373128890991,0.0,-2.66581654548645,0.0,0.0,0.0,-2.671373128890991,0.0,0.0,421
nan,nan,0.556835949420929,-0.3611360788345337,0.4897741675376892,-0.5882483720779419,nan,nan,nan,nan,-2.6704792976379395,0.0,-2.6723453998565674,0.0,0.0,0.0,-2.6704792976379395,0.0,0.0,422
nan,nan,0.556835949420929,-0.3611360788345337,0.4897741675376892,-0.5882483720779419,nan,nan,nan,nan,-2.635862112045288,0.0,-2.6364645957946777,0.0,0.0,0.0,-2.635862112045288,0.0,0.0,423
nan,nan,0.556835949420929,-0.3611360788345337,0.4897741675376892,-0.5882483720779419,nan,nan,nan,nan,-2.678402900695801,0.0,-2.682204008102417,0.0,0.0,0.0,-2.678402900695801,0.0,0.0,424
nan,nan,0.556835949420929,-0.3611360788345337,0.4897741675376892,-0.5882483720779419,nan,nan,nan,nan,-2.679177761077881,0.0,-2.6751999855041504,0.0,0.0,0.0,-2.679177761077881,0.0,0.0,425
nan,nan,0.556835949420929,-0.3611360788345337,0.4897741675376892,-0.5882483720779419,nan,nan,nan,nan,-2.7503883838653564,0.0,-2.7689337730407715,0.0,0.0,0.0,-2.7503883838653564,0.0,0.0,426
nan,nan,0.556835949420929,-0.3611360788345337,0.4897741675376892,-0.5882483720779419,nan,nan,nan,nan,-2.7527871131896973,0.0,-2.7394862174987793,0.0,0.0,0.0,-2.7527871131896973,0.0,0.0,427
nan,nan,0.556835949420929,-0.3611360788345337,0.4897741675376892,-0.5882483720779419,nan,nan,nan,nan,-2.7784907817840576,0.0,-2.7779500484466553,0.0,0.0,0.0,-2.7784907817840576,0.0,0.0,428
nan,nan,0.556835949420929,-0.3611360788345337,0.4897741675376892,-0.5882483720779419,nan,nan,nan,nan,-2.794365167617798,0.0,-2.793059825897217,0.0,0.0,0.0,-2.794365167617798,0.0,0.0,429
nan,nan,0.556835949420929,-0.3611360788345337,0.4897741675376892,-0.5882483720779419,nan,nan,nan,nan,-2.85432767868042,0.0,-2.875192403793335,0.0,0.0,0.0,-2.85432767868042,0.0,0.0,430
nan,nan,0.556835949420929,-0.3611360788345337,0.4897741675376892,-0.5882483720779419,nan,nan,nan,nan,-2.833164930343628,0.0,-2.8187825679779053,0.0,0.0,0.0,-2.833164930343628,0.0,0.0,431
nan,nan,0.556835949420929,-0.3611360788345337,0.4897741675376892,-0.5882483720779419,nan,nan,nan,nan,-2.8164312839508057,0.0,-2.822026491165161,0.0,0.0,0.0,-2.8164312839508057,0.0,0.0,432
nan,nan,0.556835949420929,-0.3611360788345337,0.4897741675376892,-0.5882483720779419,nan,nan,nan,nan,-2.8404648303985596,0.0,-2.852221965789795,0.0,0.0,0.0,-2.8404648303985596,0.0,0.0,433
nan,nan,0.556835949420929,-0.3611360788345337,0.4897741675376892,-0.5882483720779419,nan,nan,nan,nan,-2.8387527465820312,0.0,-2.8321163654327393,0.0,0.0,0.0,-2.8387527465820312,0.0,0.0,434
nan,nan,0.556835949420929,-0.3611360788345337,0.4897741675376892,-0.5882483720779419,nan,nan,nan,nan,-2.8525805473327637,0.0,-2.8434934616088867,0.0,0.0,0.0,-2.8525805473327637,0.0,0.0,435
nan,nan,0.556835949420929,-0.3611360788345337,0.4897741675376892,-0.5882483720779419,nan,nan,nan,nan,-2.842676877975464,0.0,-2.837533712387085,0.0,0.0,0.0,-2.842676877975464,0.0,0.0,436
nan,nan,0.556835949420929,-0.3611360788345337,0.4897741675376892,-0.5882483720779419,nan,nan,nan,nan,-2.825148105621338,0.0,-2.827167272567749,0.0,0.0,0.0,-2.825148105621338,0.0,0.0,437
nan,nan,0.556835949420929,-0.3611360788345337,0.4897741675376892,-0.5882483720779419,nan,nan,nan,nan,-2.7720353603363037,0.0,-2.7597992420196533,0.0,0.0,0.0,-2.7720353603363037,0.0,0.0,438
nan,nan,0.556835949420929,-0.3611360788345337,0.4897741675376892,-0.5882483720779419,nan,nan,nan,nan,-2.8194780349731445,0.0,-2.8247463703155518,0.0,0.0,0.0,-2.8194780349731445,0.0,0.0,439
nan,nan,0.556835949420929,-0.3611360788345337,0.4897741675376892,-0.5882483720779419,nan,nan,nan,nan,-2.845710515975952,0.0,-2.8476457595825195,0.0,0.0,0.0,-2.845710515975952,0.0,0.0,440
nan,nan,0.556835949420929,-0.3611360788345337,0.4897741675376892,-0.5882483720779419,nan,nan,nan,nan,-2.946418523788452,0.0,-2.9517099857330322,0.0,0.0,0.0,-2.946418523788452,0.0,0.0,441
nan,nan,0.556835949420929,-0.3611360788345337,0.4897741675376892,-0.5882483720779419,nan,nan,nan,nan,-2.9713287353515625,0.0,-2.9847252368927,0.0,0.0,0.0,-2.9713287353515625,0.0,0.0,442
nan,nan,0.556835949420929,-0.3611360788345337,0.4897741675376892,-0.5882483720779419,nan,nan,nan,nan,-3.0067262649536133,0.0,-2.99540114402771,0.0,0.0,0.0,-3.0067262649536133,0.0,0.0,443
nan,nan,0.556835949420929,-0.3611360788345337,0.4897741675376892,-0.5882483720779419,nan,nan,nan,nan,-3.005408525466919,0.0,-2.992849111557007,0.0,0.0,0.0,-3.005408525466919,0.0,0.0,444
nan,nan,0.556835949420929,-0.3611360788345337,0.4897741675376892,-0.5882483720779419,nan,nan,nan,nan,-2.9592325687408447,0.0,-2.969473361968994,0.0,0.0,0.0,-2.9592325687408447,0.0,0.0,445
nan,nan,0.556835949420929,-0.3611360788345337,0.4897741675376892,-0.5882483720779419,nan,nan,nan,nan,-2.985053777694702,0.0,-2.958102226257324,0.0,0.0,0.0,-2.985053777694702,0.0,0.0,446
nan,nan,0.556835949420929,-0.3611360788345337,0.4897741675376892,-0.5882483720779419,nan,nan,nan,nan,-3.0283687114715576,0.0,-3.026155471801758,0.0,0.0,0.0,-3.0283687114715576,0.0,0.0,447
nan,nan,0.556835949420929,-0.3611360788345337,0.4897741675376892,-0.5882483720779419,nan,nan,nan,nan,-3.0131072998046875,0.0,-3.004539966583252,0.0,0.0,0.0,-3.0131072998046875,0.0,0.0,448
nan,nan,0.556835949420929,-0.3611360788345337,0.4897741675376892,-0.5882483720779419,nan,nan,nan,nan,-2.938612461090088,0.0,-2.951477289199829,0.0,0.0,0.0,-2.938612461090088,0.0,0.0,449
nan,nan,0.556835949420929,-0.3611360788345337,0.4897741675376892,-0.5882483720779419,nan,nan,nan,nan,-2.9651525020599365,0.0,-2.9871230125427246,0.0,0.0,0.0,-2.9651525020599365,0.0,0.0,450
nan,nan,0.556835949420929,-0.3611360788345337,0.4897741675376892,-0.5882483720779419,nan,nan,nan,nan,-2.8890087604522705,0.0,-2.897793769836426,0.0,0.0,0.0,-2.8890087604522705,0.0,0.0,451
nan,nan,0.556835949420929,-0.3611360788345337,0.4897741675376892,-0.5882483720779419,nan,nan,nan,nan,-2.910573720932007,0.0,-2.9320871829986572,0.0,0.0,0.0,-2.910573720932007,0.0,0.0,452
nan,nan,0.556835949420929,-0.3611360788345337,0.4897741675376892,-0.5882483720779419,nan,nan,nan,nan,-2.946728467941284,0.0,-2.9485254287719727,0.0,0.0,0.0,-2.946728467941284,0.0,0.0,453
nan,nan,0.556835949420929,-0.3611360788345337,0.4897741675376892,-0.5882483720779419,nan,nan,nan,nan,-2.9107658863067627,0.0,-2.912632465362549,0.0,0.0,0.0,-2.9107658863067627,0.0,0.0,454
nan,nan,0.556835949420929,-0.3611360788345337,0.4897741675376892,-0.5882483720779419,nan,nan,nan,nan,-2.9400625228881836,0.0,-2.961169958114624,0.0,0.0,0.0,-2.9400625228881836,0.0,0.0,455
nan,nan,0.556835949420929,-0.3611360788345337,0.4897741675376892,-0.5882483720779419,nan,nan,nan,nan,-3.0213422775268555,0.0,-3.057370901107788,0.0,0.0,0.0,-3.0213422775268555,0.0,0.0,456
nan,nan,0.556835949420929,-0.3611360788345337,0.4897741675376892,-0.5882483720779419,nan,nan,nan,nan,-3.0552515983581543,0.0,-3.050267457962036,0.0,0.0,0.0,-3.0552515983581543,0.0,0.0,457
nan,nan,0.556835949420929,-0.3611360788345337,0.4897741675376892,-0.5882483720779419,nan,nan,nan,nan,-3.099591016769409,0.0,-3.089024066925049,0.0,0.0,0.0,-3.099591016769409,0.0,0.0,458
nan,nan,0.556835949420929,-0.3611360788345337,0.4897741675376892,-0.5882483720779419,nan,nan,nan,nan,3.126497268676758,0.0,3.1325480937957764,0.0,0.0,0.0,3.126497507095337,0.0,0.0,459
nan,nan,0.556835949420929,-0.3611360788345337,0.4897741675376892,-0.5882483720779419,nan,nan,nan,nan,-3.1377460956573486,0.0,3.136072874069214,0.0,0.0,0.0,-3.1377460956573486,0.0,0.0,460
nan,nan,0.556835949420929,-0.3611360788345337,0.4897741675376892,-0.5882483720779419,nan,nan,nan,nan,3.133268117904663,0.0,3.1315062046051025,0.0,0.0,0.0,3.1332685947418213,0.0,0.0,461
nan,nan,0.556835949420929,-0.3611360788345337,0.4897741675376892,-0.5882483720779419,nan,nan,nan,nan,3.132711172103882,0.0,3.1182167530059814,0.0,0.0,0.0,3.132711172103882,0.0,0.0,462
nan,nan,0.556835949420929,-0.3611360788345337,0.4897741675376892,-0.5882483720779419,nan,nan,nan,nan,-3.115006446838379,0.0,-3.1209261417388916,0.0,0.0,0.0,-3.115006685256958,0.0,0.0,463
nan,nan,0.556835949420929,-0.3611360788345337,0.4897741675376892,-0.5882483720779419,nan,nan,nan,nan,-3.1143903732299805,0.0,-3.111868143081665,0.0,0.0,0.0,-3.1143903732299805,0.0,0.0,464
nan,nan,0.556835949420929,-0.3611360788345337,0.4897741675376892,-0.5882483720779419,nan,nan,nan,nan,3.102590560913086,0.0,3.0971319675445557,0.0,0.0,0.0,3.102590799331665,0.0,0.0,465
nan,nan,0.556835949420929,-0.3611360788345337,0.4897741675376892,-0.5882483720779419,nan,nan,nan,nan,3.0818917751312256,0.0,3.0836875438690186,0.0,0.0,0.0,3.0818917751312256,0.0,0.0,466
nan,nan,0.556835949420929,-0.3611360788345337,0.4897741675376892,-0.5882483720779419,nan,nan,nan,nan,3.042192220687866,0.0,3.039808511734009,0.0,0.0,0.0,3.042192220687866,0.0,0.0,467
nan,nan,0.556835949420929,-0.3611360788345337,0.4897741675376892,-0.5882483720779419,nan,nan,nan,nan,3.0629663467407227,0.0,3.0677273273468018,0.0,0.0,0.0,3.0629665851593018,0.0,0.0,468
nan,nan,0.556835949420929,-0.3611360788345337,0.4897741675376892,-0.5882483720779419,nan,nan,nan,nan,3.0875370502471924,0.0,3.0875303745269775,0.0,0.0,0.0,3.0875370502471924,0.0,0.0,469
nan,nan,0.556835949420929,-0.3611360788345337,0.4897741675376892,-0.5882483720779419,nan,nan,nan,nan,3.0246496200561523,0.0,3.050565481185913,0.0,0.0,0.0,3.0246498584747314,0.0,0.0,470
nan,nan,0.556835949420929,-0.3611360788345337,0.4897741675376892,-0.5882483720779419,nan,nan,nan,nan,3.033583164215088,0.0,3.0415327548980713,0.0,0.0,0.0,3.033582925796509,0.0,0.0,471
nan,nan,0.556835949420929,-0.3611360788345337,0.4897741675376892,-0.5882483720779419,nan,nan,nan,nan,3.0017776489257812,0.0,3.011695146560669,0.0,0.0,0.0,3.0017778873443604,0.0,0.0,472
nan,nan,0.556835949420929,-0.3611360788345337,0.4897741675376892,-0.5882483720779419,nan,nan,nan,nan,3.0391647815704346,0.0,3.0419485569000244,0.0,0.0,0.0,3.0391647815704346,0.0,0.0,473
nan,nan,0.556835949420929,-0.3611360788345337,0.4897741675376892,-0.5882483720779419,nan,nan,nan,nan,3.0093228816986084,0.0,3.028534173965454,0.0,0.0,0.0,3.0093228816986084,0.0,0.0,474
nan,nan,0.556835949420929,-0.3611360788345337,0.4897741675376892,-0.5882483720779419,nan,nan,nan,nan,2.995863199234009,0.0,3.0185863971710205,0.0,0.0,0.0,2.995863199234009,0.0,0.0,475
nan,nan,0.556835949420929,-0.3611360788345337,0.4897741675376892,-0.5882483720779419,nan,nan,nan,nan,2.999972343444824,0.0,2.996051073074341,0.0,0.0,0.0,2.9999725818634033,0.0,0.0,476
nan,nan,0.556835949420929,-0.3611360788345337,0.4897741675376892,-0.5882483720779419,nan,nan,nan,nan,2.9590933322906494,0.0,2.940321207046509,0.0,0.0,0.0,2.9590933322906494,0.0,0.0,477
nan,nan,0.556835949420929,-0.3611360788345337,0.4897741675376892,-0.5882483720779419,nan,nan,nan,nan,2.920192003250122,0.0,2.9233086109161377,0.0,0.0,0.0,2.920192003250122,0.0,0.0,478
nan,nan,0.556835949420929,-0.3611360788345337,0.4897741675376892,-0.5882483720779419,nan,nan,nan,nan,2.859384298324585,0.0,2.8601977825164795,0.0,0.0,0.0,2.859384298324585,0.0,0.0,479
nan,nan,0.556835949420929,-0.3611360788345337,0.4897741675376892,-0.5882483720779419,nan,nan,nan,nan,2.842475175857544,0.0,2.8455488681793213,0.0,0.0,0.0,2.842475175857544,0.0,0.0,480
nan,nan,0.556835949420929,-0.3611360788345337,0.4897741675376892,-0.5882483720779419,nan,nan,nan,nan,2.764312744140625,0.0,2.754345655441284,0.0,0.0,0.0,2.764312982559204,0.0,0.0,481
nan,nan,0.556835949420929,-0.3611360788345337,0.4897741675376892,-0.5882483720779419,nan,nan,nan,nan,2.8001744747161865,0.0,2.7903120517730713,0.0,0.0,0.0,2.8001744747161865,0.0,0.0,482
nan,nan,0.556835949420929,-0.3611360788345337,0.4897741675376892,-0.5882483720779419,nan,nan,nan,nan,2.7462239265441895,0.0,2.7551004886627197,0.0,0.0,0.0,2.7462236881256104,0.0,0.0,483
nan,nan,0.556835949420929,-0.3611360788345337,0.4897741675376892,-0.5882483720779419,nan,nan,nan,nan,2.7398855686187744,0.0,2.7325594425201416,0.0,0.0,0.0,2.7398855686187744,0.0,0.0,484
nan,nan,0.556835949420929,-0.3611360788345337,0.4897741675376892,-0.5882483720779419,nan,nan,nan,nan,2.696073293685913,0.0,2.7063424587249756,0.0,0.0,0.0,2.696073293685913,0.0,0.0,485
nan,nan,0.556835949420929,-0.3611360788345337,0.4897741675376892,-0.5882483720779419,nan,nan,nan,nan,2.714571952819824,0.0,2.737273931503296,0.0,0.0,0.0,2.7145721912384033,0.0,0.0,486
nan,nan,0.556835949420929,-0.3611360788345337,0.4897741675376892,-0.5882483720779419,nan,nan,nan,nan,2.6796934604644775,0.0,2.685145616531372,0.0,0.0,0.0,2.6796934604644775,0.0,0.0,487
nan,nan,0.556835949420929,-0.3611360788345337,0.4897741675376892,-0.5882483720779419,nan,nan,nan,nan,2.7271223068237305,0.0,2.7137959003448486,0.0,0.0,0.0,2.7271225452423096,0.0,0.0,488
nan,nan,0.556835949420929,-0.3611360788345337,0.4897741675376892,-0.5882483720779419,nan,nan,nan,nan,2.772608518600464,0.0,2.7711713314056396,0.0,0.0,0.0,2.772608518600464,0.0,0.0,489
nan,nan,0.556835949420929,-0.3611360788345337,0.4897741675376892,-0.5882483720779419,nan,nan,nan,nan,2.7284278869628906,0.0,2.7417876720428467,0.0,0.0,0.0,2.7284281253814697,0.0,0.0,490
nan,nan,0.556835949420929,-0.3611360788345337,0.4897741675376892,-0.5882483720779419,nan,nan,nan,nan,2.7526803016662598,0.0,2.740668535232544,0.0,0.0,0.0,2.7526800632476807,0.0,0.0,491
nan,nan,0.556835949420929,-0.3611360788345337,0.4897741675376892,-0.5882483720779419,nan,nan,nan,nan,2.7451910972595215,0.0,2.748213052749634,0.0,0.0,0.0,2.7451908588409424,0.0,0.0,492
nan,nan,0.556835949420929,-0.3611360788345337,0.4897741675376892,-0.5882483720779419,nan,nan,nan,nan,2.7144699096679688,0.0,2.698070764541626,0.0,0.0,0.0,2.714470148086548,0.0,0.0,493
nan,nan,0.556835949420929,-0.3611360788345337,0.4897741675376892,-0.5882483720779419,nan,nan,nan,nan,2.7462501525878906,0.0,2.741149663925171,0.0,0.0,0.0,2.7462503910064697,0.0,0.0,494
nan,nan,0.556835949420929,-0.3611360788345337,0.4897741675376892,-0.5882483720779419,nan,nan,nan,nan,2.701974391937256,0.0,2.7163288593292236,0.0,0.0,0.0,2.7019741535186768,0.0,0.0,495
nan,nan,0.556835949420929,-0.3611360788345337,0.4897741675376892,-0.5882483720779419,nan,nan,nan,nan,2.621593713760376,0.0,2.6174299716949463,0.0,0.0,0.0,2.621593713760376,0.0,0.0,496
nan,nan,0.556835949420929,-0.3611360788345337,0.4897741675376892,-0.5882483720779419,nan,nan,nan,nan,2.633287191390991,0.0,2.6553189754486084,0.0,0.0,0.0,2.633287191390991,0.0,0.0,497
nan,nan,0.556835949420929,-0.3611360788345337,0.4897741675376892,-0.5882483720779419,nan,nan,nan,nan,2.658860921859741,0.0,2.651731252670288,0.0,0.0,0.0,2.658860921859741,0.0,0.0,498
nan,nan,0.556835949420929,-0.3611360788345337,0.4897741675376892,-0.5882483720779419,nan,nan,nan,nan,2.638577699661255,0.0,2.6421902179718018,0.0,0.0,0.0,2.638577699661255,0.0,0.0,499
nan,nan,0.556835949420929,-0.3611360788345337,0.4897741675376892,-0.5882483720779419,nan,nan,nan,nan,2.6715424060821533,0.0,2.6723153591156006,0.0,0.0,0.0,2.6715424060821533,0.0,0.0,500
nan,nan,0.556835949420929,-0.3611360788345337,0.4897741675376892,-0.5882483720779419,nan,nan,nan,nan,2.678757905960083,0.0,2.6900646686553955,0.0,0.0,0.0,2.678757905960083,0.0,0.0,501
nan,nan,0.556835949420929,-0.3611360788345337,0.4897741675376892,-0.5882483720779419,nan,nan,nan,nan,2.6963727474212646,0.0,2.702059030532837,0.0,0.0,0.0,2.6963727474212646,0.0,0.0,502
nan,nan,0.556835949420929,-0.3611360788345337,0.4897741675376892,-0.5882483720779419,nan,nan,nan,nan,2.7230899333953857,0.0,2.721954584121704,0.0,0.0,0.0,2.7230899333953857,0.0,0.0,503
nan,nan,0.556835949420929,-0.3611360788345337,0.4897741675376892,-0.5882483720779419,nan,nan,nan,nan,2.6863796710968018,0.0,2.6984026432037354,0.0,0.0,0.0,2.6863796710968018,0.0,0.0,504
nan,nan,0.556835949420929,-0.3611360788345337,0.4897741675376892,-0.5882483720779419,nan,nan,nan,nan,2.6807703971862793,0.0,2.6813204288482666,0.0,0.0,0.0,2.6807701587677,0.0,0.0,505
nan,nan,0.556835949420929,-0.3611360788345337,0.4897741675376892,-0.5882483720779419,nan,nan,nan,nan,2.6766958236694336,0.0,2.675921678543091,0.0,0.0,0.0,2.6766960620880127,0.0,0.0,506
nan,nan,0.556835949420929,-0.3611360788345337,0.4897741675376892,-0.5882483720779419,nan,nan,nan,nan,2.7378246784210205,0.0,2.7459795475006104,0.0,0.0,0.0,2.7378246784210205,0.0,0.0,507
nan,nan,0.556835949420929,-0.3611360788345337,0.4897741675376892,-0.5882483720779419,nan,nan,nan,nan,2.7453620433807373,0.0,2.7490618228912354,0.0,0.0,0.0,2.7453620433807373,0.0,0.0,508
nan,nan,0.556835949420929,-0.3611360788345337,0.4897741675376892,-0.5882483720779419,nan,nan,nan,nan,2.744041681289673,0.0,2.740037679672241,0.0,0.0,0.0,2.744041681289673,0.0,0.0,509
nan,nan,0.556835949420929,-0.3611360788345337,0.4897741675376892,-0.5882483720779419,nan,nan,nan,nan,2.7296695709228516,0.0,2.7329914569854736,0.0,0.0,0.0,2.7296698093414307,0.0,0.0,510
nan,nan,0.556835949420929,-0.3611360788345337,0.4897741675376892,-0.5882483720779419,nan,nan,nan,nan,2.7477328777313232,0.0,2.732459783554077,0.0,0.0,0.0,2.7477328777313232,0.0,0.0,511
nan,nan,0.556835949420929,-0.3611360788345337,0.4897741675376892,-0.5882483720779419,nan,nan,nan,nan,2.73547625541687,0.0,2.7396938800811768,0.0,0.0,0.0,2.73547625541687,0.0,0.0,512
nan,nan,0.556835949420929,-0.3611360788345337,0.4897741675376892,-0.5882483720779419,nan,nan,nan,nan,2.712186098098755,0.0,2.7210323810577393,0.0,0.0,0.0,2.712186098098755,0.0,0.0,513
nan,nan,0.556835949420929,-0.3611360788345337,0.4897741675376892,-0.5882483720779419,nan,nan,nan,nan,2.7360591888427734,0.0,2.7402021884918213,0.0,0.0,0.0,2.7360594272613525,0.0,0.0,514
nan,nan,0.556835949420929,-0.3611360788345337,0.4897741675376892,-0.5882483720779419,nan,nan,nan,nan,2.6850922107696533,0.0,2.6831424236297607,0.0,0.0,0.0,2.6850922107696533,0.0,0.0,515
nan,nan,0.556835949420929,-0.3611360788345337,0.4897741675376892,-0.5882483720779419,nan,nan,nan,nan,2.676647424697876,0.0,2.678481340408325,0.0,0.0,0.0,2.676647424697876,0.0,0.0,516
nan,nan,0.556835949420929,-0.3611360788345337,0.4897741675376892,-0.5882483720779419,nan,nan,nan,nan,2.6439430713653564,0.0,2.619948625564575,0.0,0.0,0.0,2.6439430713653564,0.0,0.0,517
nan,nan,0.556835949420929,-0.3611360788345337,0.4897741675376892,-0.5882483720779419,nan,nan,nan,nan,2.655392646789551,0.0,2.6797373294830322,0.0,0.0,0.0,2.65539288520813,0.0,0.0,518
nan,nan,0.556835949420929,-0.3611360788345337,0.4897741675376892,-0.5882483720779419,nan,nan,nan,nan,2.67779541015625,0.0,2.681994676589966,0.0,0.0,0.0,2.677795648574829,0.0,0.0,519
nan,nan,0.556835949420929,-0.3611360788345337,0.4897741675376892,-0.5882483720779419,nan,nan,nan,nan,2.6481010913848877,0.0,2.6227619647979736,0.0,0.0,0.0,2.6481010913848877,0.0,0.0,520
nan,nan,0.556835949420929,-0.3611360788345337,0.4897741675376892,-0.5882483720779419,nan,nan,nan,nan,2.6497113704681396,0.0,2.650317430496216,0.0,0.0,0.0,2.6497113704681396,0.0,0.0,521
nan,nan,0.556835949420929,-0.3611360788345337,0.4897741675376892,-0.5882483720779419,nan,nan,nan,nan,2.582001209259033,0.0,2.573138475418091,0.0,0.0,0.0,2.582000970840454,0.0,0.0,522
nan,nan,0.556835949420929,-0.3611360788345337,0.4897741675376892,-0.5882483720779419,nan,nan,nan,nan,2.618136405944824,0.0,2.6130459308624268,0.0,0.0,0.0,2.6181366443634033,0.0,0.0,523
nan,nan,0.556835949420929,-0.3611360788345337,0.4897741675376892,-0.5882483720779419,nan,nan,nan,nan,2.614453077316284,0.0,2.6039879322052,0.0,0.0,0.0,2.614453077316284,0.0,0.0,524
nan,nan,0.556835949420929,-0.3611360788345337,0.4897741675376892,-0.5882483720779419,nan,nan,nan,nan,2.5753917694091797,0.0,2.5735666751861572,0.0,0.0,0.0,2.575392007827759,0.0,0.0,525
nan,nan,0.556835949420929,-0.3611360788345337,0.4897741675376892,-0.5882483720779419,nan,nan,nan,nan,2.6093404293060303,0.0,2.601982831954956,0.0,0.0,0.0,2.6093404293060303,0.0,0.0,526
nan,nan,0.556835949420929,-0.3611360788345337,0.4897741675376892,-0.5882483720779419,nan,nan,nan,nan,2.5950238704681396,0.0,2.5835278034210205,0.0,0.0,0.0,2.5950238704681396,0.0,0.0,527
nan,nan,0.556835949420929,-0.3611360788345337,0.4897741675376892,-0.5882483720779419,nan,nan,nan,nan,2.620176315307617,0.0,2.6254589557647705,0.0,0.0,0.0,2.6201765537261963,0.0,0.0,528
nan,nan,0.556835949420929,-0.3611360788345337,0.4897741675376892,-0.5882483720779419,nan,nan,nan,nan,2.6657943725585938,0.0,2.6469433307647705,0.0,0.0,0.0,2.665794610977173,0.0,0.0,529
nan,nan,0.556835949420929,-0.3611360788345337,0.4897741675376892,-0.5882483720779419,nan,nan,nan,nan,2.6807680130004883,0.0,2.677034616470337,0.0,0.0,0.0,2.6807682514190674,0.0,0.0,530
nan,nan,0.556835949420929,-0.3611360788345337,0.4897741675376892,-0.5882483720779419,nan,nan,nan,nan,2.6253552436828613,0.0,2.6320202350616455,0.0,0.0,0.0,2.6253550052642822,0.0,0.0,531
nan,nan,0.556835949420929,-0.3611360788345337,0.4897741675376892,-0.5882483720779419,nan,nan,nan,nan,2.6852011680603027,0.0,2.696660280227661,0.0,0.0,0.0,2.6852009296417236,0.0,0.0,532
nan,nan,0.556835949420929,-0.3611360788345337,0.4897741675376892,-0.5882483720779419,nan,nan,nan,nan,2.631462574005127,0.0,2.631901979446411,0.0,0.0,0.0,2.631462335586548,0.0,0.0,533
nan,nan,0.556835949420929,-0.3611360788345337,0.4897741675376892,-0.5882483720779419,nan,nan,nan,nan,2.6382699012756348,0.0,2.655362367630005,0.0,0.0,0.0,2.6382696628570557,0.0,0.0,534
nan,nan,0.556835949420929,-0.3611360788345337,0.4897741675376892,-0.5882483720779419,nan,nan,nan,nan,2.6445491313934326,0.0,2.6351873874664307,0.0,0.0,0.0,2.6445491313934326,0.0,0.0,535
nan,nan,0.556835949420929,-0.3611360788345337,0.4897741675376892,-0.5882483720779419,nan,nan,nan,nan,2.652426242828369,0.0,2.6486732959747314,0.0,0.0,0.0,2.65242600440979,0.0,0.0,536
nan,nan,0.556835949420929,-0.3611360788345337,0.4897741675376892,-0.5882483720779419,nan,nan,nan,nan,2.6556544303894043,0.0,2.6520378589630127,0.0,0.0,0.0,2.655654191970825,0.0,0.0,537
nan,nan,0.556835949420929,-0.3611360788345337,0.4897741675376892,-0.5882483720779419,nan,nan,nan,nan,2.669564723968506,0.0,2.668912172317505,0.0,0.0,0.0,2.6695644855499268,0.0,0.0,538
nan,nan,0.556835949420929,-0.3611360788345337,0.4897741675376892,-0.5882483720779419,nan,nan,nan,nan,2.6366260051727295,0.0,2.641207456588745,0.0,0.0,0.0,2.6366260051727295,0.0,0.0,539
nan,nan,0.556835949420929,-0.3611360788345337,0.4897741675376892,-0.5882483720779419,nan,nan,nan,nan,2.6646642684936523,0.0,2.6482226848602295,0.0,0.0,0.0,2.6646645069122314,0.0,0.0,540
nan,nan,0.556835949420929,-0.3611360788345337,0.4897741675376892,-0.5882483720779419,nan,nan,nan,nan,2.6275365352630615,0.0,2.6360623836517334,0.0,0.0,0.0,2.6275365352630615,0.0,0.0,541
nan,nan,0.556835949420929,-0.3611360788345337,0.4897741675376892,-0.5882483720779419,nan,nan,nan,nan,2.577134609222412,0.0,2.575683832168579,0.0,0.0,0.0,2.577134370803833,0.0,0.0,542
nan,nan,0.556835949420929,-0.3611360788345337,0.4897741675376892,-0.5882483720779419,nan,nan,nan,nan,2.5331156253814697,0.0,2.5334503650665283,0.0,0.0,0.0,2.5331156253814697,0.0,0.0,543
nan,nan,0.556835949420929,-0.3611360788345337,0.4897741675376892,-0.5882483720779419,nan,nan,nan,nan,2.535963773727417,0.0,2.528640031814575,0.0,0.0,0.0,2.535963773727417,0.0,0.0,544
nan,nan,0.556835949420929,-0.3611360788345337,0.4897741675376892,-0.5882483720779419,nan,nan,nan,nan,2.4936935901641846,0.0,2.483449697494507,0.0,0.0,0.0,2.4936935901641846,0.0,0.0,545
nan,nan,0.556835949420929,-0.3611360788345337,0.4897741675376892,-0.5882483720779419,nan,nan,nan,nan,2.5355989933013916,0.0,2.550386667251587,0.0,0.0,0.0,2.5355989933013916,0.0,0.0,546
nan,nan,0.556835949420929,-0.3611360788345337,0.4897741675376892,-0.5882483720779419,nan,nan,nan,nan,2.466681480407715,0.0,2.4688808917999268,0.0,0.0,0.0,2.466681718826294,0.0,0.0,547
nan,nan,0.556835949420929,-0.3611360788345337,0.4897741675376892,-0.5882483720779419,nan,nan,nan,nan,2.507174015045166,0.0,2.5032498836517334,0.0,0.0,0.0,2.507173776626587,0.0,0.0,548
nan,nan,0.556835949420929,-0.3611360788345337,0.4897741675376892,-0.5882483720779419,nan,nan,nan,nan,2.499613046646118,0.0,2.4759409427642822,0.0,0.0,0.0,2.499613046646118,0.0,0.0,549
nan,nan,0.556835949420929,-0.3611360788345337,0.4897741675376892,-0.5882483720779419,nan,nan,nan,nan,2.492175579071045,0.0,2.4937517642974854,0.0,0.0,0.0,2.492175340652466,0.0,0.0,550
nan,nan,0.556835949420929,-0.3611360788345337,0.4897741675376892,-0.5882483720779419,nan,nan,nan,nan,2.4768970012664795,0.0,2.4710962772369385,0.0,0.0,0.0,2.4768970012664795,0.0,0.0,551
nan,nan,0.556835949420929,-0.3611360788345337,0.4897741675376892,-0.5882483720779419,nan,nan,nan,nan,2.454747438430786,0.0,2.4609644412994385,0.0,0.0,0.0,2.454747438430786,0.0,0.0,552
nan,nan,0.556835949420929,-0.3611360788345337,0.4897741675376892,-0.5882483720779419,nan,nan,nan,nan,2.42525315284729,0.0,2.419464349746704,0.0,0.0,0.0,2.42525315284729,0.0,0.0,553
nan,nan,0.556835949420929,-0.3611360788345337,0.4897741675376892,-0.5882483720779419,nan,nan,nan,nan,2.4007556438446045,0.0,2.383096933364868,0.0,0.0,0.0,2.4007556438446045,0.0,0.0,554
nan,nan,0.556835949420929,-0.3611360788345337,0.4897741675376892,-0.5882483720779419,nan,nan,nan,nan,2.3564794063568115,0.0,2.358546495437622,0.0,0.0,0.0,2.3564794063568115,0.0,0.0,555
nan,nan,0.556835949420929,-0.3611360788345337,0.4897741675376892,-0.5882483720779419,nan,nan,nan,nan,2.3582346439361572,0.0,2.3694870471954346,0.0,0.0,0.0,2.3582346439361572,0.0,0.0,556
nan,nan,0.556835949420929,-0.3611360788345337,0.4897741675376892,-0.5882483720779419,nan,nan,nan,nan,2.371967077255249,0.0,2.3578073978424072,0.0,0.0,0.0,2.371967077255249,0.0,0.0,557
nan,nan,0.556835949420929,-0.3611360788345337,0.4897741675376892,-0.5882483720779419,nan,nan,nan,nan,2.361389398574829,0.0,2.3583900928497314,0.0,0.0,0.0,2.361389398574829,0.0,0.0,558
nan,nan,0.556835949420929,-0.3611360788345337,0.4897741675376892,-0.5882483720779419,nan,nan,nan,nan,2.3783304691314697,0.0,2.3848235607147217,0.0,0.0,0.0,2.3783304691314697,0.0,0.0,559
nan,nan,0.556835949420929,-0.3611360788345337,0.4897741675376892,-0.5882483720779419,nan,nan,nan,nan,2.4045493602752686,0.0,2.384866952896118,0.0,0.0,0.0,2.4045493602752686,0.0,0.0,560
nan,nan,0.556835949420929,-0.3611360788345337,0.4897741675376892,-0.5882483720779419,nan,nan,nan,nan,2.4044058322906494,0.0,2.3933308124542236,0.0,0.0,0.0,2.4044058322906494,0.0,0.0,561
nan,nan,0.556835949420929,-0.3611360788345337,0.4897741675376892,-0.5882483720779419,nan,nan,nan,nan,2.4035379886627197,0.0,2.4001619815826416,0.0,0.0,0.0,2.4035379886627197,0.0,0.0,562
nan,nan,0.556835949420929,-0.3611360788345337,0.4897741675376892,-0.5882483720779419,nan,nan,nan,nan,2.404804229736328,0.0,2.4019973278045654,0.0,0.0,0.0,2.4048044681549072,0.0,0.0,563
nan,nan,0.556835949420929,-0.3611360788345337,0.4897741675376892,-0.5882483720779419,nan,nan,nan,nan,2.378146171569824,0.0,2.380754232406616,0.0,0.0,0.0,2.3781464099884033,0.0,0.0,564
nan,nan,0.556835949420929,-0.3611360788345337,0.4897741675376892,-0.5882483720779419,nan,nan,nan,nan,2.3300280570983887,0.0,2.3226563930511475,0.0,0.0,0.0,2.3300278186798096,0.0,0.0,565
nan,nan,0.556835949420929,-0.3611360788345337,0.4897741675376892,-0.5882483720779419,nan,nan,nan,nan,2.3195888996124268,0.0,2.320260763168335,0.0,0.0,0.0,2.3195888996124268,0.0,0.0,566
nan,nan,0.556835949420929,-0.3611360788345337,0.4897741675376892,-0.5882483720779419,nan,nan,nan,nan,2.361051082611084,0.0,2.358421564102173,0.0,0.0,0.0,2.361050844192505,0.0,0.0,567
nan,nan,0.556835949420929,-0.3611360788345337,0.4897741675376892,-0.5882483720779419,nan,nan,nan,nan,2.365894079208374,0.0,2.3690903186798096,0.0,0.0,0.0,2.365894079208374,0.0,0.0,568
nan,nan,0.556835949420929,-0.3611360788345337,0.4897741675376892,-0.5882483720779419,nan,nan,nan,nan,2.361287832260132,0.0,2.3790342807769775,0.0,0.0,0.0,2.361287832260132,0.0,0.0,569
nan,nan,0.556835949420929,-0.3611360788345337,0.4897741675376892,-0.5882483720779419,nan,nan,nan,nan,2.3605246543884277,0.0,2.3772499561309814,0.0,0.0,0.0,2.3605244159698486,0.0,0.0,570
nan,nan,0.556835949420929,-0.3611360788345337,0.4897741675376892,-0.5882483720779419,nan,nan,nan,nan,2.385009288787842,0.0,2.3639328479766846,0.0,0.0,0.0,2.3850090503692627,0.0,0.0,571
nan,nan,0.556835949420929,-0.3611360788345337,0.4897741675376892,-0.5882483720779419,nan,nan,nan,nan,2.4062304496765137,0.0,2.396561861038208,0.0,0.0,0.0,2.4062302112579346,0.0,0.0,572
nan,nan,0.556835949420929,-0.3611360788345337,0.4897741675376892,-0.5882483720779419,nan,nan,nan,nan,2.3791282176971436,0.0,2.3898708820343018,0.0,0.0,0.0,2.3791282176971436,0.0,0.0,573
nan,nan,0.556835949420929,-0.3611360788345337,0.4897741675376892,-0.5882483720779419,nan,nan,nan,nan,2.385056734085083,0.0,2.392500162124634,0.0,0.0,0.0,2.385056734085083,0.0,0.0,574
nan,nan,0.556835949420929,-0.3611360788345337,0.4897741675376892,-0.5882483720779419,nan,nan,nan,nan,2.3683855533599854,0.0,2.3727424144744873,0.0,0.0,0.0,2.3683855533599854,0.0,0.0,575
nan,nan,0.556835949420929,-0.3611360788345337,0.4897741675376892,-0.5882483720779419,nan,nan,nan,nan,2.3584651947021484,0.0,2.3572418689727783,0.0,0.0,0.0,2.3584654331207275,0.0,0.0,576
nan,nan,0.556835949420929,-0.3611360788345337,0.4897741675376892,-0.5882483720779419,nan,nan,nan,nan,2.3510968685150146,0.0,2.3474018573760986,0.0,0.0,0.0,2.3510968685150146,0.0,0.0,577
nan,nan,0.556835949420929,-0.3611360788345337,0.4897741675376892,-0.5882483720779419,nan,nan,nan,nan,2.3248372077941895,0.0,2.3244659900665283,0.0,0.0,0.0,2.3248369693756104,0.0,0.0,578
nan,nan,0.556835949420929,-0.3611360788345337,0.4897741675376892,-0.5882483720779419,nan,nan,nan,nan,2.3064658641815186,0.0,2.3046939373016357,0.0,0.0,0.0,2.3064658641815186,0.0,0.0,579
nan,nan,0.556835949420929,-0.3611360788345337,0.4897741675376892,-0.5882483720779419,nan,nan,nan,nan,2.2986836433410645,0.0,2.301952600479126,0.0,0.0,0.0,2.2986834049224854,0.0,0.0,580
nan,nan,0.556835949420929,-0.3611360788345337,0.4897741675376892,-0.5882483720779419,nan,nan,nan,nan,2.2921340465545654,0.0,2.2901394367218018,0.0,0.0,0.0,2.2921340465545654,0.0,0.0,581
nan,nan,0.556835949420929,-0.3611360788345337,0.4897741675376892,-0.5882483720779419,nan,nan,nan,nan,2.2720155715942383,0.0,2.26810622215271,0.0,0.0,0.0,2.2720158100128174,0.0,0.0,582
nan,nan,0.556835949420929,-0.3611360788345337,0.4897741675376892,-0.5882483720779419,nan,nan,nan,nan,2.228097677230835,0.0,2.2214043140411377,0.0,0.0,0.0,2.228097677230835,0.0,0.0,583
nan,nan,0.556835949420929,-0.3611360788345337,0.4897741675376892,-0.5882483720779419,nan,nan,nan,nan,2.188210964202881,0.0,2.1949050426483154,0.0,0.0,0.0,2.1882107257843018,0.0,0.0,584
nan,nan,0.556835949420929,-0.3611360788345337,0.4897741675376892,-0.5882483720779419,nan,nan,nan,nan,2.1782443523406982,0.0,2.172363519668579,0.0,0.0,0.0,2.1782443523406982,0.0,0.0,585
nan,nan,0.556835949420929,-0.3611360788345337,0.4897741675376892,-0.5882483720779419,nan,nan,nan,nan,2.1587741374969482,0.0,2.177579641342163,0.0,0.0,0.0,2.1587741374969482,0.0,0.0,586
nan,nan,0.556835949420929,-0.3611360788345337,0.4897741675376892,-0.5882483720779419,nan,nan,nan,nan,2.202340841293335,0.0,2.1962196826934814,0.0,0.0,0.0,2.202340841293335,0.0,0.0,587
nan,nan,0.556835949420929,-0.3611360788345337,0.4897741675376892,-0.5882483720779419,nan,nan,nan,nan,2.1556239128112793,0.0,2.161761999130249,0.0,0.0,0.0,2.1556236743927,0.0,0.0,588
nan,nan,0.556835949420929,-0.3611360788345337,0.4897741675376892,-0.5882483720779419,nan,nan,nan,nan,2.126593828201294,0.0,2.1313564777374268,0.0,0.0,0.0,2.126593828201294,0.0,0.0,589
nan,nan,0.556835949420929,-0.3611360788345337,0.4897741675376892,-0.5882483720779419,nan,nan,nan,nan,2.1125547885894775,0.0,2.103783369064331,0.0,0.0,0.0,2.1125547885894775,0.0,0.0,590
nan,nan,0.556835949420929,-0.3611360788345337,0.4897741675376892,-0.5882483720779419,nan,nan,nan,nan,2.1107029914855957,0.0,2.1137001514434814,0.0,0.0,0.0,2.1107027530670166,0.0,0.0,591
nan,nan,0.556835949420929,-0.3611360788345337,0.4897741675376892,-0.5882483720779419,nan,nan,nan,nan,2.088339328765869,0.0,2.089411973953247,0.0,0.0,0.0,2.08833909034729,0.0,0.0,592
nan,nan,0.556835949420929,-0.3611360788345337,0.4897741675376892,-0.5882483720779419,nan,nan,nan,nan,2.087158441543579,0.0,2.0851032733917236,0.0,0.0,0.0,2.087158441543579,0.0,0.0,593
nan,nan,0.556835949420929,-0.3611360788345337,0.4897741675376892,-0.5882483720779419,nan,nan,nan,nan,2.117814540863037,0.0,2.1237099170684814,0.0,0.0,0.0,2.117814302444458,0.0,0.0,594
nan,nan,0.556835949420929,-0.3611360788345337,0.4897741675376892,-0.5882483720779419,nan,nan,nan,nan,2.096611738204956,0.0,2.1038739681243896,0.0,0.0,0.0,2.096611738204956,0.0,0.0,595
nan,nan,0.556835949420929,-0.3611360788345337,0.4897741675376892,-0.5882483720779419,nan,nan,nan,nan,2.0752594470977783,0.0,2.07934308052063,0.0,0.0,0.0,2.0752594470977783,0.0,0.0,596
nan,nan,0.556835949420929,-0.3611360788345337,0.4897741675376892,-0.5882483720779419,nan,nan,nan,nan,2.0413169860839844,0.0,2.0333988666534424,0.0,0.0,0.0,2.0413172245025635,0.0,0.0,597
nan,nan,0.556835949420929,-0.3611360788345337,0.4897741675376892,-0.5882483720779419,nan,nan,nan,nan,2.086591958999634,0.0,2.0872738361358643,0.0,0.0,0.0,2.086591958999634,0.0,0.0,598
nan,nan,0.556835949420929,-0.3611360788345337,0.4897741675376892,-0.5882483720779419,nan,nan,nan,nan,2.0822830200195312,0.0,2.0867559909820557,0.0,0.0,0.0,2.0822832584381104,0.0,0.0,599
nan,nan,0.556835949420929,-0.3611360788345337,0.4897741675376892,-0.5882483720779419,nan,nan,nan,nan,2.0661489963531494,0.0,2.0924389362335205,0.0,0.0,0.0,2.0661489963531494,0.0,0.0,600
nan,nan,0.556835949420929,-0.3611360788345337,0.4897741675376892,-0.5882483720779419,nan,nan,nan,nan,2.1626131534576416,0.0,2.1550400257110596,0.0,0.0,0.0,2.1626131534576416,0.0,0.0,601
nan,nan,0.556835949420929,-0.3611360788345337,0.4897741675376892,-0.5882483720779419,nan,nan,nan,nan,2.1828417778015137,0.0,2.168104410171509,0.0,0.0,0.0,2.1828415393829346,0.0,0.0,602
nan,nan,0.556835949420929,-0.3611360788345337,0.4897741675376892,-0.5882483720779419,nan,nan,nan,nan,2.156672716140747,0.0,2.147287607192993,0.0,0.0,0.0,2.156672716140747,0.0,0.0,603
nan,nan,0.556835949420929,-0.3611360788345337,0.4897741675376892,-0.5882483720779419,nan,nan,nan,nan,2.155958414077759,0.0,2.1720683574676514,0.0,0.0,0.0,2.155958414077759,0.0,0.0,604
nan,nan,0.556835949420929,-0.3611360788345337,0.4897741675376892,-0.5882483720779419,nan,nan,nan,nan,2.147603988647461,0.0,2.1430742740631104,0.0,0.0,0.0,2.14760422706604,0.0,0.0,605
nan,nan,0.556835949420929,-0.3611360788345337,0.4897741675376892,-0.5882483720779419,nan,nan,nan,nan,2.122413396835327,0.0,2.136145830154419,0.0,0.0,0.0,2.122413396835327,0.0,0.0,606
nan,nan,0.556835949420929,-0.3611360788345337,0.4897741675376892,-0.5882483720779419,nan,nan,nan,nan,2.126591444015503,0.0,2.11437726020813,0.0,0.0,0.0,2.126591444015503,0.0,0.0,607
nan,nan,0.556835949420929,-0.3611360788345337,0.4897741675376892,-0.5882483720779419,nan,nan,nan,nan,2.120563507080078,0.0,2.109630823135376,0.0,0.0,0.0,2.1205637454986572,0.0,0.0,608
nan,nan,0.556835949420929,-0.3611360788345337,0.4897741675376892,-0.5882483720779419,nan,nan,nan,nan,2.076143503189087,0.0,2.07074236869812,0.0,0.0,0.0,2.076143503189087,0.0,0.0,609
nan,nan,0.556835949420929,-0.3611360788345337,0.4897741675376892,-0.5882483720779419,nan,nan,nan,nan,2.049027681350708,0.0,2.0254404544830322,0.0,0.0,0.0,2.049027681350708,0.0,0.0,610
nan,nan,0.556835949420929,-0.3611360788345337,0.4897741675376892,-0.5882483720779419,nan,nan,nan,nan,2.086916208267212,0.0,2.104461908340454,0.0,0.0,0.0,2.086916208267212,0.0,0.0,611
nan,nan,0.556835949420929,-0.3611360788345337,0.4897741675376892,-0.5882483720779419,nan,nan,nan,nan,2.116156816482544,0.0,2.124403238296509,0.0,0.0,0.0,2.116156816482544,0.0,0.0,612
nan,nan,0.556835949420929,-0.3611360788345337,0.4897741675376892,-0.5882483720779419,nan,nan,nan,nan,2.165466070175171,0.0,2.1435821056365967,0.0,0.0,0.0,2.165466070175171,0.0,0.0,613
nan,nan,0.556835949420929,-0.3611360788345337,0.4897741675376892,-0.5882483720779419,nan,nan,nan,nan,2.094770669937134,0.0,2.0860321521759033,0.0,0.0,0.0,2.094770669937134,0.0,0.0,614
