est_x,est_y,odom_x,odom_y,gt_x,gt_y,cov_x,cov_y,cov_xy,cov_yx,heading_cmd,speed_cmd,heading,speed,setpoint_x,setpoint_y,gt_heading,gt_speed,collision,step
nan,nan,0.0,0.0,0.0,0.0,nan,nan,nan,nan,0.0,0.04500000178813934,0.0,0.04470588266849518,0.0,0.5,0.0,0.04470588266849518,0.0,1
nan,nan,0.0,0.0,0.0,0.0,nan,nan,nan,nan,0.2556709945201874,0.04114501550793648,0.24434609711170197,0.04058823361992836,0.0,0.5,0.24434609711170197,0.04058823361992836,0.0,2
nan,nan,0.0,0.0,0.0,0.0,nan,nan,nan,nan,0.17398574948310852,0.021936578676104546,0.15707963705062866,0.021764704957604408,0.0,0.5,0.15707963705062866,0.021764704957604408,0.0,3
nan,nan,0.0,0.0,0.0,0.0,nan,nan,nan,nan,0.006422549486160278,0.01906719245016575,0.0,0.01882352866232395,0.0,0.5,0.0,0.01882352866232395,0.0,4
nan,nan,-1.2966681879333919e-06,-6.334149657050148e-05,-1.2966681879333919e-06,-6.334149657050148e-05,nan,nan,nan,nan,-0.09946884959936142,0.006487909704446793,-0.10471975803375244,0.006470588035881519,0.0,0.5,-0.10471975803375244,0.006470588035881519,0.0,5
nan,nan,4.689300840254873e-05,-0.000735084991902113,4.689300840254873e-05,-0.000735084991902113,nan,nan,nan,nan,-0.03038141317665577,0.04052356258034706,-0.03490658476948738,0.03999999910593033,0.0,0.5,-0.03490658476948738,0.03999999910593033,0.0,6
nan,nan,4.689300840254873e-05,-0.000735084991902113,4.689300840254873e-05,-0.000735084991902113,nan,nan,nan,nan,0.0017288868548348546,0.027590110898017883,0.0,0.02705882303416729,0.0,0.5,0.0,0.02705882303416729,0.0,7
nan,nan,2.3321892513195053e-05,-0.0007626501028425992,2.3321892513195053e-05,-0.0007626501028425992,nan,nan,nan,nan,-0.0200035460293293,0.028909871354699135,-0.03490658476948738,0.028823530301451683,0.0,0.5,-0.03490658476948738,0.028823530301451683,0.0,8
nan,nan,-2.9521983378799632e-05,-0.0007308360654860735,-2.9521983378799632e-05,-0.0007308360654860735,nan,nan,nan,nan,0.0707017183303833,0.027803482487797737,0.06981316953897476,0.02764705941081047,0.0,0.5,0.06981316953897476,0.02764705941081047,0.0,9
nan,nan,-2.5616150196583476e-06,-3.0152188628562726e-05,-2.5616150196583476e-06,-3.0152188628562726e-05,nan,nan,nan,nan,0.1003783792257309,0.03191566839814186,0.0872664600610733,0.03176470473408699,0.0,0.5,0.0872664600610733,0.03176470473408699,0.0,10
nan,nan,-2.5616150196583476e-06,-3.0152188628562726e-05,-2.5616150196583476e-06,-3.0152188628562726e-05,nan,nan,nan,nan,0.027294274419546127,0.05085752531886101,0.01745329238474369,0.05058823525905609,0.0,0.5,0.01745329238474369,0.05058823525905609,0.0,11
nan,nan,-1.5119130694074556e-05,-0.0001265249156858772,-1.5119130694074556e-05,-0.0001265249156858772,nan,nan,nan,nan,0.0594363808631897,0.02408337965607643,0.05235987901687622,0.0235294122248888,0.0,0.5,0.05235987901687622,0.0235294122248888,0.0,12
nan,nan,-1.5119130694074556e-05,-0.0001265249156858772,-1.5119130694074556e-05,-0.0001265249156858772,nan,nan,nan,nan,-0.02451811172068119,0.028637506067752838,-0.03490658476948738,0.028235293924808502,0.0,0.5,-0.03490658476948738,0.028235293924808502,0.0,13
nan,nan,0.00014759169425815344,-0.0002973007794935256,0.00014759169425815344,-0.0002973007794935256,nan,nan,nan,nan,-0.1778583824634552,0.05737686529755592,-0.19198621809482574,0.057058822363615036,0.0,0.5,-0.19198621809482574,0.057058822363615036,0.0,14
nan,nan,0.0001352744729956612,0.0005999193526804447,0.0001352744729956612,0.0005999193526804447,nan,nan,nan,nan,0.12403847277164459,0.008916860446333885,0.12217304855585098,0.008823529817163944,0.0,0.5,0.12217304855585098,0.008823529817163944,0.0,15
nan,nan,0.0001352744729956612,0.0005999193526804447,0.0001352744729956612,0.0005999193526804447,nan,nan,nan,nan,0.10420532524585724,0.02819797210395336,0.0872664600610733,0.02764705941081047,0.0,0.5,0.0872664600610733,0.02764705941081047,0.0,16
nan,nan,-5.2747982408618554e-05,0.002046196023002267,-5.2747982408618554e-05,0.002046196023002267,nan,nan,nan,nan,0.04778524115681648,0.020148271694779396,0.03490658476948738,0.019999999552965164,0.0,0.5,0.03490658476948738,0.019999999552965164,0.0,17
nan,nan,-4.7119479859247804e-05,0.003091187682002783,-4.7119479859247804e-05,0.003091187682002783,nan,nan,nan,nan,-0.02711913362145424,0.04479598253965378,-0.03490658476948738,0.04470588266849518,0.0,0.5,-0.03490658476948738,0.04470588266849518,0.0,18
nan,nan,-4.7119479859247804e-05,0.003091187682002783,-4.7119479859247804e-05,0.003091187682002783,nan,nan,nan,nan,0.05742355436086655,0.03216775879263878,0.05235987901687622,0.03176470473408699,0.0,0.5,0.05235987901687622,0.03176470473408699,0.0,19
nan,nan,0.0008011082536540926,0.006051983684301376,0.0008011082536540926,0.006051983684301376,nan,nan,nan,nan,-0.09791933000087738,0.029920782893896103,-0.10471975803375244,0.029411764815449715,0.0,0.5,-0.10471975803375244,0.029411764815449715,0.0,20
nan,nan,0.0008011082536540926,0.006051983684301376,0.0008011082536540926,0.006051983684301376,nan,nan,nan,nan,-0.0058564371429383755,0.006376471370458603,-0.01745329238474369,0.0058823530562222,0.0,0.5,-0.01745329238474369,0.0058823530562222,0.0,21
nan,nan,0.0007232591160573065,0.007913954555988312,0.0007232591160573065,0.007913954555988312,nan,nan,nan,nan,0.006124842446297407,0.023015279322862625,0.0,0.02294117584824562,0.0,0.5,0.0,0.02294117584824562,0.0,22
nan,nan,0.0007232591160573065,0.007913954555988312,0.0007232591160573065,0.007913954555988312,nan,nan,nan,nan,-0.01785961352288723,0.040609341114759445,-0.03490658476948738,0.04058823361992836,0.0,0.5,-0.03490658476948738,0.04058823361992836,0.0,23
nan,nan,0.0005295746959745884,0.010849476791918278,0.0005295746959745884,0.010849476791918278,nan,nan,nan,nan,0.15868113934993744,0.02306748740375042,0.15707963705062866,0.02294117584824562,0.0,0.5,0.15707963705062866,0.02294117584824562,0.0,24
nan,nan,0.0006837297114543617,0.018953293561935425,0.0006837297114543617,0.018953293561935425,nan,nan,nan,nan,-0.020165521651506424,0.0638323426246643,-0.03490658476948738,0.06352940946817398,0.0,0.5,-0.03490658476948738,0.06352940946817398,0.0,25
nan,nan,0.00022086358512751758,0.02565922960639,0.00022086358512751758,0.02565922960639,nan,nan,nan,nan,-0.00869725365191698,0.016550131142139435,-0.01745329238474369,0.016470588743686676,0.0,0.5,-0.01745329238474369,0.016470588743686676,0.0,26
nan,nan,0.00018416559032630175,0.03504953533411026,0.00018416559032630175,0.03504953533411026,nan,nan,nan,nan,0.024069247767329216,0.020392214879393578,0.01745329238474369,0.019999999552965164,0.0,0.5,0.01745329238474369,0.019999999552965164,0.0,27
nan,nan,0.0009106086799874902,0.04412950947880745,0.0009106086799874902,0.04412950947880745,nan,nan,nan,nan,0.11589563637971878,0.04406670853495598,0.10471975803375244,0.043529409915208817,0.0,0.5,0.10471975803375244,0.043529409915208817,0.0,28
nan,nan,0.0009106086799874902,0.04412950947880745,0.0009106086799874902,0.04412950947880745,nan,nan,nan,nan,0.10490541905164719,0.038522668182849884,0.10471975803375244,0.038235295563936234,0.0,0.5,0.10471975803375244,0.038235295563936234,0.0,29
nan,nan,0.0002868612646125257,0.06695497781038284,0.0002868612646125257,0.06695497781038284,nan,nan,nan,nan,0.022968918085098267,0.020872363820672035,0.01745329238474369,0.020588235929608345,0.0,0.5,0.01745329238474369,0.020588235929608345,0.0,30
nan,nan,0.0002868612646125257,0.06695497781038284,0.0002868612646125257,0.06695497781038284,nan,nan,nan,nan,0.010050632059574127,0.03515852615237236,0.0,0.03470588102936745,0.0,0.5,0.0,0.03470588102936745,0.0,31
nan,nan,0.0006405636086128652,0.07889474928379059,0.0006405636086128652,0.07889474928379059,nan,nan,nan,nan,-0.0583944246172905,0.027105750516057014,-0.06981316953897476,0.02705882303416729,0.0,0.5,-0.06981316953897476,0.02705882303416729,0.0,32
nan,nan,0.0005640531308017671,0.09270163625478745,0.0005640531308017671,0.09270163625478745,nan,nan,nan,nan,-0.08819777518510818,0.013754351995885372,-0.10471975803375244,0.013529411517083645,0.0,0.5,-0.10471975803375244,0.013529411517083645,0.0,33
nan,nan,0.0005408053402788937,0.10565124452114105,0.0005408053402788937,0.10565124452114105,nan,nan,nan,nan,0.09963901340961456,0.006397188175469637,0.0872664600610733,0.0058823530562222,0.0,0.5,0.0872664600610733,0.0058823530562222,0.0,34
nan,nan,0.0005408053402788937,0.10565124452114105,0.0005408053402788937,0.10565124452114105,nan,nan,nan,nan,0.22112727165222168,0.016642635688185692,0.20943951606750488,0.016470588743686676,0.0,0.5,0.20943951606750488,0.016470588743686676,0.0,35
nan,nan,0.0005270442343316972,0.117576964199543,0.0005270442343316972,0.117576964199543,nan,nan,nan,nan,0.0410568043589592,0.034284040331840515,0.03490658476948738,0.034117646515369415,0.0,0.5,0.03490658476948738,0.034117646515369415,0.0,36
nan,nan,0.00046179353375919163,0.1313576102256775,0.00046179353375919163,0.1313576102256775,nan,nan,nan,nan,-0.047893255949020386,0.0393555723130703,-0.05235987901687622,0.038823530077934265,0.0,0.5,-0.05235987901687622,0.038823530077934265,0.0,37
nan,nan,0.00046179353375919163,0.1313576102256775,0.00046179353375919163,0.1313576102256775,nan,nan,nan,nan,-0.013977494090795517,0.03164547309279442,-0.01745329238474369,0.03117647022008896,0.0,0.5,-0.01745329238474369,0.03117647022008896,0.0,38
nan,nan,0.0009876092663034797,0.14617013931274414,0.0009876092663034797,0.14617013931274414,nan,nan,nan,nan,0.00966973602771759,0.018268056213855743,0.0,0.01823529414832592,0.0,0.5,0.0,0.01823529414832592,0.0,39
nan,nan,0.0011831913143396378,0.1587458699941635,0.0011831913143396378,0.1587458699941635,nan,nan,nan,nan,-0.026601875200867653,0.029060404747724533,-0.03490658476948738,0.028823530301451683,0.0,0.5,-0.03490658476948738,0.028823530301451683,0.0,40
nan,nan,0.0011831913143396378,0.1587458699941635,0.0011831913143396378,0.1587458699941635,nan,nan,nan,nan,-0.03399260714650154,0.014653753489255905,-0.03490658476948738,0.014117646962404251,0.0,0.5,-0.03490658476948738,0.014117646962404251,0.0,41
nan,nan,0.0014360480709001422,0.16825532913208008,0.0014360480709001422,0.16825532913208008,nan,nan,nan,nan,-0.26821815967559814,0.04282866790890694,-0.27925267815589905,0.04235294088721275,0.0,0.5,-0.27925267815589905,0.04235294088721275,0.0,42
nan,nan,0.0014242405304685235,0.1786860227584839,0.0014242405304685235,0.1786860227584839,nan,nan,nan,nan,-0.19487419724464417,0.02869386039674282,-0.20943951606750488,0.028235293924808502,0.0,0.5,-0.20943951606750488,0.028235293924808502,0.0,43
nan,nan,0.0014242405304685235,0.1786860227584839,0.0014242405304685235,0.1786860227584839,nan,nan,nan,nan,-0.212021142244339,0.032269448041915894,-0.22689279913902283,0.03176470473408699,0.0,0.5,-0.22689279913902283,0.03176470473408699,0.0,44
nan,nan,0.0014242405304685235,0.1786860227584839,0.0014242405304685235,0.1786860227584839,nan,nan,nan,nan,-0.09038786590099335,0.04346150904893875,-0.10471975803375244,0.042941175401210785,0.0,0.5,-0.10471975803375244,0.042941175401210785,0.0,45
nan,nan,0.0010600960813462734,0.18753065168857574,0.0010600960813462734,0.18753065168857574,nan,nan,nan,nan,0.06946172565221786,0.03051074594259262,0.05235987901687622,0.029999999329447746,0.0,0.5,0.05235987901687622,0.029999999329447746,0.0,46
nan,nan,0.00017855700571089983,0.19707314670085907,0.00017855700571089983,0.19707314670085907,nan,nan,nan,nan,0.2311227172613144,0.019601376727223396,0.22689279913902283,0.019411765038967133,0.0,0.5,0.22689279913902283,0.019411765038967133,0.0,47
nan,nan,0.00017855700571089983,0.19707314670085907,0.00017855700571089983,0.19707314670085907,nan,nan,nan,nan,0.13388995826244354,0.0,0.12217304855585098,0.0,0.0,0.5,0.12217304855585098,0.0,0.0,48
nan,nan,0.0002633689728099853,0.20394903421401978,0.0002633689728099853,0.20394903421401978,nan,nan,nan,nan,-0.1899075210094452,0.027516784146428108,-0.19198621809482574,0.02705882303416729,0.0,0.5,-0.19198621809482574,0.02705882303416729,0.0,49
nan,nan,0.000273963320069015,0.21460343897342682,0.000273963320069015,0.21460343897342682,nan,nan,nan,nan,0.026716824620962143,0.032270077615976334,0.01745329238474369,0.03176470473408699,0.0,0.5,0.01745329238474369,0.03176470473408699,0.0,50
nan,nan,0.0002628466463647783,0.21789850294589996,0.0002628466463647783,0.21789850294589996,nan,nan,nan,nan,-0.1994066834449768,0.03586853668093681,-0.20943951606750488,0.03529411926865578,0.0,0.5,-0.20943951606750488,0.03529411926865578,0.0,51
nan,nan,0.0002628466463647783,0.21789850294589996,0.0002628466463647783,0.21789850294589996,nan,nan,nan,nan,-0.19135265052318573,0.03403904661536217,-0.19198621809482574,0.033529412001371384,0.0,0.5,-0.19198621809482574,0.033529412001371384,0.0,52
nan,nan,-0.0006118039600551128,0.2240314781665802,-0.0006118039600551128,0.2240314781665802,nan,nan,nan,nan,0.08212968707084656,0.03533221781253815,0.06981316953897476,0.03529411926865578,0.0,0.5,0.06981316953897476,0.03529411926865578,0.0,53
nan,nan,-0.0006118039600551128,0.2240314781665802,-0.0006118039600551128,0.2240314781665802,nan,nan,nan,nan,0.21401605010032654,0.004947364795953035,0.20943951606750488,0.004705882165580988,0.0,0.5,0.20943951606750488,0.004705882165580988,0.0,54
nan,nan,-0.0018671033903956413,0.2297133207321167,-0.0018671033903956413,0.2297133207321167,nan,nan,nan,nan,-0.15964791178703308,0.009051251225173473,-0.1745329201221466,0.008823529817163944,0.0,0.5,-0.1745329201221466,0.008823529817163944,0.0,55
nan,nan,-0.0027700718492269516,0.2331123799085617,-0.0027700718492269516,0.2331123799085617,nan,nan,nan,nan,-0.28381574153900146,0.0016600240487605333,-0.296705961227417,0.001176470541395247,0.0,0.5,-0.296705961227417,0.001176470541395247,0.0,56
nan,nan,-0.004384980071336031,0.23719507455825806,-0.004384980071336031,0.23719507455825806,nan,nan,nan,nan,-0.0088502187281847,0.022531995549798012,-0.01745329238474369,0.02235294133424759,0.0,0.5,-0.01745329238474369,0.02235294133424759,0.0,57
nan,nan,-0.004384980071336031,0.23719507455825806,-0.004384980071336031,0.23719507455825806,nan,nan,nan,nan,0.055918026715517044,0.02754823863506317,0.05235987901687622,0.02705882303416729,0.0,0.5,0.05235987901687622,0.02705882303416729,0.0,58
nan,nan,-0.004898861516267061,0.24362918734550476,-0.004898861516267061,0.24362918734550476,nan,nan,nan,nan,0.012432646937668324,0.009781096130609512,0.0,0.009411764331161976,0.0,0.5,0.0,0.009411764331161976,0.0,59
nan,nan,-0.004898861516267061,0.24362918734550476,-0.004898861516267061,0.24362918734550476,nan,nan,nan,nan,-0.11626121401786804,0.003110176185145974,-0.12217304855585098,0.0029411765281111,0.0,0.5,-0.12217304855585098,0.0029411765281111,0.0,60
nan,nan,-0.005887292325496674,0.2553252875804901,-0.005887292325496674,0.2553252875804901,nan,nan,nan,nan,-0.11834784597158432,0.0048693399876356125,-0.12217304855585098,0.004705882165580988,0.0,0.5,-0.12217304855585098,0.004705882165580988,0.0,61
nan,nan,-0.005887292325496674,0.2553252875804901,-0.005887292325496674,0.2553252875804901,nan,nan,nan,nan,0.34398189187049866,0.008731179870665073,0.33161255717277527,0.008235294371843338,0.0,0.5,0.33161255717277527,0.008235294371843338,0.0,62
nan,nan,-0.006075429730117321,0.2646336555480957,-0.006075429730117321,0.2646336555480957,nan,nan,nan,nan,0.12156309932470322,0.0,0.10471975803375244,0.0,0.0,0.5,0.10471975803375244,0.0,0.0,63
nan,nan,-0.006304629147052765,0.2742372751235962,-0.006304629147052765,0.2742372751235962,nan,nan,nan,nan,-0.0842231810092926,0.024381978437304497,-0.0872664600610733,0.024117646738886833,0.0,0.5,-0.0872664600610733,0.024117646738886833,0.0,64
nan,nan,-0.006393664050847292,0.2839335799217224,-0.006393664050847292,0.2839335799217224,nan,nan,nan,nan,0.06953328847885132,0.007971295155584812,0.05235987901687622,0.007647058926522732,0.0,0.5,0.05235987901687622,0.007647058926522732,0.0,65
nan,nan,-0.006393664050847292,0.2839335799217224,-0.006393664050847292,0.2839335799217224,nan,nan,nan,nan,-0.20875361561775208,0.018717413768172264,-0.20943951606750488,0.01823529414832592,0.0,0.5,-0.20943951606750488,0.01823529414832592,0.0,66
nan,nan,-0.006238036323338747,0.29183733463287354,-0.006238036323338747,0.29183733463287354,nan,nan,nan,nan,-0.12386474758386612,0.0,-0.13962633907794952,0.0,0.0,0.5,-0.13962633907794952,0.0,0.0,67
nan,nan,-0.0057587772607803345,0.30021920800209045,-0.0057587772607803345,0.30021920800209045,nan,nan,nan,nan,0.41534245014190674,0.003525473177433014,0.40142571926116943,0.0029411765281111,0.0,0.5,0.40142571926116943,0.0029411765281111,0.0,68
nan,nan,-0.005171993747353554,0.3100217580795288,-0.005171993747353554,0.3100217580795288,nan,nan,nan,nan,-0.14218150079250336,0.021894847974181175,-0.15707963705062866,0.021764704957604408,0.0,0.5,-0.15707963705062866,0.021764704957604408,0.0,69
nan,nan,-0.004810583312064409,0.3181094527244568,-0.004810583312064409,0.3181094527244568,nan,nan,nan,nan,0.07381631433963776,0.0018829841865226626,0.06981316953897476,0.0017647058703005314,0.0,0.5,0.06981316953897476,0.0017647058703005314,0.0,70
nan,nan,-0.002578982152044773,0.35355111956596375,-0.002578982152044773,0.35355111956596375,nan,nan,nan,nan,1.4252445697784424,0.02994280867278576,1.4137166738510132,0.029411764815449715,0.5,0.5,1.4137166738510132,0.029411764815449715,0.0,71
nan,nan,-0.000825845985673368,0.35397666692733765,-0.000825845985673368,0.35397666692733765,nan,nan,nan,nan,1.3445346355438232,0.04697883874177933,1.3439035415649414,0.04647058993577957,0.5,0.5,1.3439035415649414,0.04647058993577957,0.0,72
nan,nan,0.0004935443284921348,0.3542490601539612,0.0004935443284921348,0.3542490601539612,nan,nan,nan,nan,1.2659862041473389,0.05046607553958893,1.2566370964050293,0.05000000074505806,0.5,0.5,1.2566370964050293,0.05000000074505806,0.0,73
nan,nan,0.0004935443284921348,0.3542490601539612,0.0004935443284921348,0.3542490601539612,nan,nan,nan,nan,1.164886236190796,0.0433979369699955,1.1519173383712769,0.042941175401210785,0.5,0.5,1.1519173383712769,0.042941175401210785,0.0,74
nan,nan,0.0017602414591237903,0.35322096943855286,0.0017602414591237903,0.35322096943855286,nan,nan,nan,nan,1.2575000524520874,0.04890460893511772,1.2566370964050293,0.0488235279917717,0.5,0.5,1.2566370964050293,0.0488235279917717,0.0,75
nan,nan,0.0024519346188753843,0.35349223017692566,0.0024519346188753843,0.35349223017692566,nan,nan,nan,nan,1.3563790321350098,0.046764492988586426,1.3439035415649414,0.04647058993577957,0.5,0.5,1.3439035415649414,0.04647058993577957,0.0,76
nan,nan,0.0024519346188753843,0.35349223017692566,0.0024519346188753843,0.35349223017692566,nan,nan,nan,nan,1.3552281856536865,0.06120734661817551,1.3439035415649414,0.061176471412181854,0.5,0.5,1.3439035415649414,0.061176471412181854,0.0,77
nan,nan,0.0028666541911661625,0.3530534505844116,0.0028666541911661625,0.3530534505844116,nan,nan,nan,nan,1.2481871843338013,0.04494937136769295,1.239183783531189,0.04470588266849518,0.5,0.5,1.239183783531189,0.04470588266849518,0.0,78
nan,nan,0.0037982200738042593,0.354609876871109,0.0037982200738042593,0.354609876871109,nan,nan,nan,nan,1.084149956703186,0.040032800287008286,1.0821040868759155,0.03999999910593033,0.5,0.5,1.0821040868759155,0.03999999910593033,0.0,79
nan,nan,0.004760826472193003,0.35495343804359436,0.004760826472193003,0.35495343804359436,nan,nan,nan,nan,1.2166365385055542,0.04315866157412529,1.2042771577835083,0.042941175401210785,0.5,0.5,1.2042771577835083,0.042941175401210785,0.0,80
nan,nan,0.0040547410026192665,0.35551583766937256,0.0040547410026192665,0.35551583766937256,nan,nan,nan,nan,1.2921075820922852,0.029381094500422478,1.2915436029434204,0.028823530301451683,0.5,0.5,1.2915436029434204,0.028823530301451683,0.0,81
nan,nan,0.0040547410026192665,0.35551583766937256,0.0040547410026192665,0.35551583766937256,nan,nan,nan,nan,1.2856038808822632,0.012896171770989895,1.2740904092788696,0.012352941557765007,0.5,0.5,1.2740904092788696,0.012352941557765007,0.0,82
nan,nan,0.008199745789170265,0.3586992025375366,0.008199745789170265,0.3586992025375366,nan,nan,nan,nan,1.2340803146362305,0.02895244210958481,1.2217304706573486,0.028823530301451683,0.5,0.5,1.2217304706573486,0.028823530301451683,0.0,83
nan,nan,0.010877355001866817,0.3610980808734894,0.010877355001866817,0.3610980808734894,nan,nan,nan,nan,1.2595521211624146,0.026865653693675995,1.2566370964050293,0.026470588520169258,0.5,0.5,1.2566370964050293,0.026470588520169258,0.0,84
nan,nan,0.00981372781097889,0.3622150719165802,0.00981372781097889,0.3622150719165802,nan,nan,nan,nan,1.3707696199417114,0.021568400785326958,1.3613568544387817,0.021176470443606377,0.5,0.5,1.3613568544387817,0.021176470443606377,0.0,85
nan,nan,0.008797706104815006,0.3640829622745514,0.008797706104815006,0.3640829622745514,nan,nan,nan,nan,1.1738495826721191,0.0424971804022789,1.1693706512451172,0.04235294088721275,0.5,0.5,1.1693706512451172,0.04235294088721275,0.0,86
nan,nan,0.011313854716718197,0.36701223254203796,0.011313854716718197,0.36701223254203796,nan,nan,nan,nan,1.3843733072280884,0.03722089156508446,1.378810167312622,0.03705882281064987,0.5,0.5,1.378810167312622,0.03705882281064987,0.0,87
nan,nan,0.011313854716718197,0.36701223254203796,0.011313854716718197,0.36701223254203796,nan,nan,nan,nan,1.3120652437210083,0.017069490626454353,1.3089969158172607,0.017058823257684708,0.5,0.5,1.3089969158172607,0.017058823257684708,0.0,88
nan,nan,0.015005703084170818,0.3700096309185028,0.015005703084170818,0.3700096309185028,nan,nan,nan,nan,1.3131378889083862,0.026858696714043617,1.3089969158172607,0.026470588520169258,0.5,0.5,1.3089969158172607,0.026470588520169258,0.0,89
nan,nan,0.0189015194773674,0.373740553855896,0.0189015194773674,0.373740553855896,nan,nan,nan,nan,1.4036924839019775,0.04010261595249176,1.3962633609771729,0.03999999910593033,0.5,0.5,1.3962633609771729,0.03999999910593033,0.0,90
nan,nan,0.020486846566200256,0.37721776962280273,0.020486846566200256,0.37721776962280273,nan,nan,nan,nan,1.4895765781402588,0.03731173276901245,1.483529806137085,0.03705882281064987,0.5,0.5,1.483529806137085,0.03705882281064987,0.0,91
nan,nan,0.02360743284225464,0.38066747784614563,0.02360743284225464,0.38066747784614563,nan,nan,nan,nan,1.39567232131958,0.02186557464301586,1.378810167312622,0.021764704957604408,0.5,0.5,1.378810167312622,0.021764704957604408,0.0,92
nan,nan,0.02360743284225464,0.38066747784614563,0.02360743284225464,0.38066747784614563,nan,nan,nan,nan,1.457223892211914,0.03238088637590408,1.4486232995986938,0.03235294297337532,0.5,0.5,1.4486232995986938,0.03235294297337532,0.0,93
nan,nan,0.028047338128089905,0.38365182280540466,0.028047338128089905,0.38365182280540466,nan,nan,nan,nan,1.2950888872146606,0.03197416290640831,1.2915436029434204,0.03176470473408699,0.5,0.5,1.2915436029434204,0.03176470473408699,0.0,94
nan,nan,0.03069145604968071,0.3856431841850281,0.03069145604968071,0.3856431841850281,nan,nan,nan,nan,1.2677583694458008,0.025851305574178696,1.2566370964050293,0.025294117629528046,0.5,0.5,1.2566370964050293,0.025294117629528046,0.0,95
nan,nan,0.03758914768695831,0.3872356116771698,0.03758914768695831,0.3872356116771698,nan,nan,nan,nan,1.2069107294082642,0.0033650891855359077,1.2042771577835083,0.0029411765281111,0.5,0.5,1.2042771577835083,0.0029411765281111,0.0,96
nan,nan,0.04443102702498436,0.38829758763313293,0.04443102702498436,0.38829758763313293,nan,nan,nan,nan,1.2365964651107788,0.020382463932037354,1.2217304706573486,0.019999999552965164,0.5,0.5,1.2217304706573486,0.019999999552965164,0.0,97
nan,nan,0.0508958101272583,0.3883650600910187,0.0508958101272583,0.3883650600910187,nan,nan,nan,nan,1.3049297332763672,0.01894274353981018,1.2915436029434204,0.01882352866232395,0.5,0.5,1.2915436029434204,0.01882352866232395,0.0,98
nan,nan,0.05514893680810928,0.3871575891971588,0.05514893680810928,0.3871575891971588,nan,nan,nan,nan,1.1851844787597656,0.015993695706129074,1.1693706512451172,0.015882352367043495,0.5,0.5,1.1693706512451172,0.015882352367043495,0.0,99
nan,nan,0.06253200769424438,0.38637226819992065,0.06253200769424438,0.38637226819992065,nan,nan,nan,nan,1.061659574508667,0.019798878580331802,1.0471975803375244,0.019411765038967133,0.5,0.5,1.0471975803375244,0.019411765038967133,0.0,100
nan,nan,0.06989500671625137,0.3850725293159485,0.06989500671625137,0.3850725293159485,nan,nan,nan,nan,1.103847861289978,0.01642725244164467,1.0995573997497559,0.015882352367043495,0.5,0.5,1.0995573997497559,0.015882352367043495,0.0,101
nan,nan,0.07964736968278885,0.38427990674972534,0.07964736968278885,0.38427990674972534,nan,nan,nan,nan,1.1573683023452759,0.032365407794713974,1.1519173383712769,0.03235294297337532,0.5,0.5,1.1519173383712769,0.03235294297337532,0.0,102
nan,nan,0.07964736968278885,0.38427990674972534,0.07964736968278885,0.38427990674972534,nan,nan,nan,nan,1.3358608484268188,0.0335787795484066,1.326450228691101,0.033529412001371384,0.5,0.5,1.326450228691101,0.033529412001371384,0.0,103
nan,nan,0.08716637641191483,0.38282471895217896,0.08716637641191483,0.38282471895217896,nan,nan,nan,nan,1.263123631477356,0.022133314982056618,1.2566370964050293,0.021764704957604408,0.5,0.5,1.2566370964050293,0.021764704957604408,0.0,104
nan,nan,0.08716637641191483,0.38282471895217896,0.08716637641191483,0.38282471895217896,nan,nan,nan,nan,1.409525752067566,0.02182706445455551,1.3962633609771729,0.021764704957604408,0.5,0.5,1.3962633609771729,0.021764704957604408,0.0,105
nan,nan,0.0948403850197792,0.381134033203125,0.0948403850197792,0.381134033203125,nan,nan,nan,nan,1.3581651449203491,0.029793070629239082,1.3439035415649414,0.029411764815449715,0.5,0.5,1.3439035415649414,0.029411764815449715,0.0,106
nan,nan,0.10376537591218948,0.3803405463695526,0.10376537591218948,0.3803405463695526,nan,nan,nan,nan,1.3440672159194946,0.03376124054193497,1.3439035415649414,0.033529412001371384,0.5,0.5,1.3439035415649414,0.033529412001371384,0.0,107
nan,nan,0.11816513538360596,0.3795725107192993,0.11816513538360596,0.3795725107192993,nan,nan,nan,nan,1.2842466831207275,0.04349581524729729,1.2740904092788696,0.042941175401210785,0.5,0.5,1.2740904092788696,0.042941175401210785,0.0,108
nan,nan,0.11816513538360596,0.3795725107192993,0.11816513538360596,0.3795725107192993,nan,nan,nan,nan,1.2742313146591187,0.021764639765024185,1.2740904092788696,0.021176470443606377,0.5,0.5,1.2740904092788696,0.021176470443606377,0.0,109
nan,nan,0.12617851793766022,0.380948543548584,0.12617851793766022,0.380948543548584,nan,nan,nan,nan,1.2102948427200317,0.02476891316473484,1.2042771577835083,0.024705883115530014,0.5,0.5,1.2042771577835083,0.024705883115530014,0.0,110
nan,nan,0.13575048744678497,0.383618026971817,0.13575048744678497,0.383618026971817,nan,nan,nan,nan,1.51048743724823,0.017839577049016953,1.5009831190109253,0.01764705963432789,0.5,0.5,1.5009831190109253,0.01764705963432789,0.0,111
nan,nan,0.1414095163345337,0.3863252103328705,0.1414095163345337,0.3863252103328705,nan,nan,nan,nan,1.217488408088684,0.0306033156812191,1.2042771577835083,0.030588235706090927,0.5,0.5,1.2042771577835083,0.030588235706090927,0.0,112
nan,nan,0.14851251244544983,0.38986772298812866,0.14851251244544983,0.38986772298812866,nan,nan,nan,nan,1.342633605003357,0.02064455859363079,1.326450228691101,0.020588235929608345,0.5,0.5,1.326450228691101,0.020588235929608345,0.0,113
nan,nan,0.15572908520698547,0.39391955733299255,0.15572908520698547,0.39391955733299255,nan,nan,nan,nan,1.285014033317566,0.057982511818408966,1.2740904092788696,0.057647060602903366,0.5,0.5,1.2740904092788696,0.057647060602903366,0.0,114
nan,nan,0.15572908520698547,0.39391955733299255,0.15572908520698547,0.39391955733299255,nan,nan,nan,nan,1.2310744524002075,0.03602859377861023,1.2217304706573486,0.03588235378265381,0.5,0.5,1.2217304706573486,0.03588235378265381,0.0,115
nan,nan,0.17292553186416626,0.4044483006000519,0.17292553186416626,0.4044483006000519,nan,nan,nan,nan,1.1878091096878052,0.007970369420945644,1.186823844909668,0.007647058926522732,0.5,0.5,1.186823844909668,0.007647058926522732,0.0,116
nan,nan,0.17292553186416626,0.4044483006000519,0.17292553186416626,0.4044483006000519,nan,nan,nan,nan,1.2556551694869995,0.008375238627195358,1.239183783531189,0.008235294371843338,0.5,0.5,1.239183783531189,0.008235294371843338,0.0,117
nan,nan,0.18189050257205963,0.4100668132305145,0.18189050257205963,0.4100668132305145,nan,nan,nan,nan,1.4530771970748901,0.030416229739785194,1.4486232995986938,0.029999999329447746,0.5,0.5,1.4486232995986938,0.029999999329447746,0.0,118
nan,nan,0.18851898610591888,0.414863646030426,0.18851898610591888,0.414863646030426,nan,nan,nan,nan,1.2821654081344604,0.025088511407375336,1.2740904092788696,0.024705883115530014,0.5,0.5,1.2740904092788696,0.024705883115530014,0.0,119
nan,nan,0.19881470501422882,0.4209369719028473,0.19881470501422882,0.4209369719028473,nan,nan,nan,nan,1.2372119426727295,0.016162002459168434,1.2217304706573486,0.015882352367043495,0.5,0.5,1.2217304706573486,0.015882352367043495,0.0,120
nan,nan,0.19881470501422882,0.4209369719028473,0.19881470501422882,0.4209369719028473,nan,nan,nan,nan,1.247465968132019,0.021913614124059677,1.239183783531189,0.021764704957604408,0.5,0.5,1.239183783531189,0.021764704957604408,0.0,121
nan,nan,0.21157611906528473,0.42611265182495117,0.21157611906528473,0.42611265182495117,nan,nan,nan,nan,1.4529815912246704,0.04350251704454422,1.4486232995986938,0.042941175401210785,0.5,0.5,1.4486232995986938,0.042941175401210785,0.0,122
nan,nan,0.2187778651714325,0.42862898111343384,0.2187778651714325,0.42862898111343384,nan,nan,nan,nan,1.2433885335922241,0.01359916664659977,1.239183783531189,0.013529411517083645,0.5,0.5,1.239183783531189,0.013529411517083645,0.0,123
nan,nan,0.2316155582666397,0.43304887413978577,0.2316155582666397,0.43304887413978577,nan,nan,nan,nan,1.248939037322998,0.02748708613216877,1.239183783531189,0.02705882303416729,0.5,0.5,1.239183783531189,0.02705882303416729,0.0,124
nan,nan,0.23958688974380493,0.4354575276374817,0.23958688974380493,0.4354575276374817,nan,nan,nan,nan,1.3562661409378052,0.0208213422447443,1.3439035415649414,0.020588235929608345,0.5,0.5,1.3439035415649414,0.020588235929608345,0.0,125
nan,nan,0.23958688974380493,0.4354575276374817,0.23958688974380493,0.4354575276374817,nan,nan,nan,nan,1.3667066097259521,0.017092887312173843,1.3613568544387817,0.017058823257684708,0.5,0.5,1.3613568544387817,0.017058823257684708,0.0,126
nan,nan,0.2506410479545593,0.4382734000682831,0.2506410479545593,0.4382734000682831,nan,nan,nan,nan,1.2768832445144653,0.0,1.2740904092788696,0.0,0.5,0.5,1.2740904092788696,0.0,0.0,127
nan,nan,0.2506410479545593,0.4382734000682831,0.2506410479545593,0.4382734000682831,nan,nan,nan,nan,1.7706183195114136,0.01937139965593815,1.7627825736999512,0.01882352866232395,0.5,0.5,1.7627825736999512,0.01882352866232395,0.0,128
nan,nan,0.27282148599624634,0.44263043999671936,0.27282148599624634,0.44263043999671936,nan,nan,nan,nan,1.0756245851516724,0.015421089716255665,1.0646508932113647,0.015294117853045464,0.5,0.5,1.0646508932113647,0.015294117853045464,0.0,129
nan,nan,0.27282148599624634,0.44263043999671936,0.27282148599624634,0.44263043999671936,nan,nan,nan,nan,0.8672651648521423,0.00626413756981492,0.8552113175392151,0.0058823530562222,0.5,0.5,0.8552113175392151,0.0058823530562222,0.0,130
nan,nan,0.28344714641571045,0.44428879022598267,0.28344714641571045,0.44428879022598267,nan,nan,nan,nan,1.5810822248458862,0.006307083182036877,1.5707963705062866,0.0058823530562222,0.5,0.5,1.5707963705062866,0.0058823530562222,0.0,131
nan,nan,0.29235410690307617,0.445480614900589,0.29235410690307617,0.445480614900589,nan,nan,nan,nan,1.1403201818466187,0.0,1.1344640254974365,0.0,0.5,0.5,1.1344640254974365,0.0,0.0,132
nan,nan,0.29235410690307617,0.445480614900589,0.29235410690307617,0.445480614900589,nan,nan,nan,nan,1.727195143699646,0.027356836944818497,1.7104226350784302,0.02705882303416729,0.5,0.5,1.7104226350784302,0.02705882303416729,0.0,133
nan,nan,0.30232304334640503,0.4474826753139496,0.30232304334640503,0.4474826753139496,nan,nan,nan,nan,1.4232887029647827,0.005364450626075268,1.4137166738510132,0.005294117610901594,0.5,0.5,1.4137166738510132,0.005294117610901594,0.0,134
nan,nan,0.30232304334640503,0.4474826753139496,0.30232304334640503,0.4474826753139496,nan,nan,nan,nan,1.2871789932250977,0.003621636191383004,1.2740904092788696,0.0035294117406010628,0.5,0.5,1.2740904092788696,0.0035294117406010628,0.0,135
nan,nan,0.31160128116607666,0.448934942483902,0.31160128116607666,0.448934942483902,nan,nan,nan,nan,1.625320315361023,0.020023146644234657,1.623156189918518,0.019999999552965164,0.5,0.5,1.623156189918518,0.019999999552965164,0.0,136
nan,nan,0.32285118103027344,0.4503249228000641,0.32285118103027344,0.4503249228000641,nan,nan,nan,nan,1.2087870836257935,0.006962744519114494,1.2042771577835083,0.006470588035881519,0.5,0.5,1.2042771577835083,0.006470588035881519,0.0,137
nan,nan,0.32885676622390747,0.44997143745422363,0.32885676622390747,0.44997143745422363,nan,nan,nan,nan,1.4810185432434082,0.016999516636133194,1.4660766124725342,0.016470588743686676,0.5,0.5,1.4660766124725342,0.016470588743686676,0.0,138
nan,nan,0.32885676622390747,0.44997143745422363,0.32885676622390747,0.44997143745422363,nan,nan,nan,nan,1.4109973907470703,0.019705409184098244,1.3962633609771729,0.019411765038967133,0.5,0.5,1.3962633609771729,0.019411765038967133,0.0,139
nan,nan,0.3354840874671936,0.45043596625328064,0.3354840874671936,0.45043596625328064,nan,nan,nan,nan,1.1223355531692505,0.011054269038140774,1.1170107126235962,0.010588235221803188,0.5,0.5,1.1170107126235962,0.010588235221803188,0.0,140
nan,nan,0.34589341282844543,0.451749712228775,0.34589341282844543,0.451749712228775,nan,nan,nan,nan,1.1530743837356567,0.018221482634544373,1.1519173383712769,0.01764705963432789,0.5,0.5,1.1519173383712769,0.01764705963432789,0.0,141
nan,nan,0.34589341282844543,0.451749712228775,0.34589341282844543,0.451749712228775,nan,nan,nan,nan,1.3631031513214111,0.0,1.3613568544387817,0.0,0.5,0.5,1.3613568544387817,0.0,0.0,142
nan,nan,0.3492065966129303,0.45288360118865967,0.3492065966129303,0.45288360118865967,nan,nan,nan,nan,1.5965076684951782,0.0073189325630664825,1.5882495641708374,0.0070588234812021255,0.5,0.5,1.5882495641708374,0.0070588234812021255,0.0,143
nan,nan,0.3555726408958435,0.4552214443683624,0.3555726408958435,0.4552214443683624,nan,nan,nan,nan,0.9212989211082458,0.013455281034111977,0.9075711965560913,0.012941176071763039,0.5,0.5,0.9075711965560913,0.012941176071763039,0.0,144
nan,nan,0.35551244020462036,0.4554831385612488,0.35551244020462036,0.4554831385612488,nan,nan,nan,nan,1.2548760175704956,0.007328017149120569,1.239183783531189,0.0070588234812021255,0.5,0.5,1.239183783531189,0.0070588234812021255,0.0,145
nan,nan,0.35551244020462036,0.4554831385612488,0.35551244020462036,0.4554831385612488,nan,nan,nan,nan,1.4267791509628296,0.012864495627582073,1.4137166738510132,0.012352941557765007,0.5,0.5,1.4137166738510132,0.012352941557765007,0.0,146
nan,nan,0.36260974407196045,0.4572739005088806,0.36260974407196045,0.4572739005088806,nan,nan,nan,nan,1.299854040145874,0.002052640076726675,1.2915436029434204,0.0017647058703005314,0.5,0.5,1.2915436029434204,0.0017647058703005314,0.0,147
nan,nan,0.36480554938316345,0.458139568567276,0.36480554938316345,0.458139568567276,nan,nan,nan,nan,1.1389838457107544,0.020149124786257744,1.1344640254974365,0.019999999552965164,0.5,0.5,1.1344640254974365,0.019999999552965164,0.0,148
nan,nan,0.36807939410209656,0.4592173993587494,0.36807939410209656,0.4592173993587494,nan,nan,nan,nan,0.9937968850135803,0.0022223275154829025,0.9773843884468079,0.0017647058703005314,0.5,0.5,0.9773843884468079,0.0017647058703005314,0.0,149
nan,nan,0.36807939410209656,0.4592173993587494,0.36807939410209656,0.4592173993587494,nan,nan,nan,nan,0.8060830235481262,0.0,0.8028514385223389,0.0,0.5,0.5,0.8028514385223389,0.0,0.0,150
nan,nan,0.3725869059562683,0.4606792628765106,0.3725869059562683,0.4606792628765106,nan,nan,nan,nan,1.0489325523376465,0.0077003492042422295,1.0471975803375244,0.007647058926522732,0.5,0.5,1.0471975803375244,0.007647058926522732,0.0,151
nan,nan,0.374646931886673,0.4606921970844269,0.374646931886673,0.4606921970844269,nan,nan,nan,nan,1.1249464750289917,0.01773751713335514,1.1170107126235962,0.01764705963432789,0.5,0.5,1.1170107126235962,0.01764705963432789,0.0,152
nan,nan,0.37931978702545166,0.46105295419692993,0.37931978702545166,0.46105295419692993,nan,nan,nan,nan,1.4425194263458252,0.010205821134150028,1.4311699867248535,0.009999999776482582,0.5,0.5,1.4311699867248535,0.009999999776482582,0.0,153
nan,nan,0.3852101266384125,0.4626138210296631,0.3852101266384125,0.4626138210296631,nan,nan,nan,nan,1.319562315940857,0.03643327206373215,1.3089969158172607,0.03588235378265381,0.5,0.5,1.3089969158172607,0.03588235378265381,0.0,154
nan,nan,0.39229798316955566,0.46450987458229065,0.39229798316955566,0.46450987458229065,nan,nan,nan,nan,1.4039835929870605,0.017698269337415695,1.3962633609771729,0.01764705963432789,0.5,0.5,1.3962633609771729,0.01764705963432789,0.0,155
nan,nan,0.4506826400756836,0.48167699575424194,0.4506826400756836,0.48167699575424194,nan,nan,nan,nan,2.9545202255249023,0.01913943886756897,2.949606418609619,0.01882352866232395,0.5,0.0,2.949606418609619,0.01882352866232395,0.0,156
nan,nan,0.4506826400756836,0.48167699575424194,0.4506826400756836,0.48167699575424194,nan,nan,nan,nan,-3.1124162673950195,0.04054548591375351,-3.1241393089294434,0.03999999910593033,0.5,0.0,-3.1241393089294434,0.03999999910593033,0.0,157
nan,nan,0.4516086280345917,0.47950273752212524,0.4516086280345917,0.47950273752212524,nan,nan,nan,nan,3.0462069511413574,0.0316164493560791,3.0368728637695312,0.03117647022008896,0.5,0.0,3.0368728637695312,0.03117647022008896,0.0,158
nan,nan,0.45233288407325745,0.47889599204063416,0.45233288407325745,0.47889599204063416,nan,nan,nan,nan,3.019695997238159,0.04409714788198471,3.0194196701049805,0.043529409915208817,0.5,0.0,3.0194196701049805,0.043529409915208817,0.0,159
nan,nan,0.45233288407325745,0.47889599204063416,0.45233288407325745,0.47889599204063416,nan,nan,nan,nan,3.13936185836792,0.015039647929370403,3.1241393089294434,0.014705882407724857,0.5,0.0,3.1241393089294434,0.014705882407724857,0.0,160
nan,nan,0.45454517006874084,0.478276789188385,0.45454517006874084,0.478276789188385,nan,nan,nan,nan,3.117030382156372,0.04464607313275337,3.1066861152648926,0.04411764815449715,0.5,0.0,3.1066861152648926,0.04411764815449715,0.0,161
nan,nan,0.4535025358200073,0.47865650057792664,0.4535025358200073,0.47865650057792664,nan,nan,nan,nan,3.076237678527832,0.023579804226756096,3.071779489517212,0.0235294122248888,0.5,0.0,3.071779489517212,0.0235294122248888,0.0,162
nan,nan,0.45549270510673523,0.47910138964653015,0.45549270510673523,0.47910138964653015,nan,nan,nan,nan,3.0845398902893066,0.012208948843181133,3.071779489517212,0.0117647061124444,0.5,0.0,3.071779489517212,0.0117647061124444,0.0,163
nan,nan,0.45549270510673523,0.47910138964653015,0.45549270510673523,0.47910138964653015,nan,nan,nan,nan,3.089268445968628,0.033160313963890076,3.0892326831817627,0.03294117748737335,0.5,0.0,3.0892326831817627,0.03294117748737335,0.0,164
nan,nan,0.4547320604324341,0.4832431674003601,0.4547320604324341,0.4832431674003601,nan,nan,nan,nan,3.0634520053863525,0.052035484462976456,3.054326295852661,0.051764704287052155,0.5,0.0,3.054326295852661,0.051764704287052155,0.0,165
nan,nan,0.4547320604324341,0.4832431674003601,0.4547320604324341,0.4832431674003601,nan,nan,nan,nan,3.1229970455169678,0.02362983487546444,3.1066861152648926,0.0235294122248888,0.5,0.0,3.1066861152648926,0.0235294122248888,0.0,166
nan,nan,0.45439860224723816,0.48525020480155945,0.45439860224723816,0.48525020480155945,nan,nan,nan,nan,3.044299840927124,0.03484507277607918,3.0368728637695312,0.03470588102936745,0.5,0.0,3.0368728637695312,0.03470588102936745,0.0,167
nan,nan,0.4554891884326935,0.4876176714897156,0.4554891884326935,0.4876176714897156,nan,nan,nan,nan,3.0560052394866943,0.007235846947878599,3.054326295852661,0.0070588234812021255,0.5,0.0,3.054326295852661,0.0070588234812021255,0.0,168
nan,nan,0.45561566948890686,0.4870840013027191,0.45561566948890686,0.4870840013027191,nan,nan,nan,nan,3.006122589111328,0.023236829787492752,3.0019662380218506,0.02294117584824562,0.5,0.0,3.0019662380218506,0.02294117584824562,0.0,169
nan,nan,0.45574137568473816,0.4962930977344513,0.45574137568473816,0.4962930977344513,nan,nan,nan,nan,3.075435161590576,0.040606990456581116,3.071779489517212,0.04058823361992836,0.5,0.0,3.071779489517212,0.04058823361992836,0.0,170
nan,nan,0.45574137568473816,0.4962930977344513,0.45574137568473816,0.4962930977344513,nan,nan,nan,nan,3.0997307300567627,0.024527231231331825,3.0892326831817627,0.024117646738886833,0.5,0.0,3.0892326831817627,0.024117646738886833,0.0,171
nan,nan,0.45532920956611633,0.49624213576316833,0.45532920956611633,0.49624213576316833,nan,nan,nan,nan,2.9976916313171387,0.029626864939928055,2.9845130443573,0.029411764815449715,0.5,0.0,2.9845130443573,0.029411764815449715,0.0,172
nan,nan,0.45505696535110474,0.49557459354400635,0.45505696535110474,0.49557459354400635,nan,nan,nan,nan,2.9669923782348633,0.04411793127655983,2.949606418609619,0.04411764815449715,0.5,0.0,2.949606418609619,0.04411764815449715,0.0,173
nan,nan,0.45505696535110474,0.49557459354400635,0.45505696535110474,0.49557459354400635,nan,nan,nan,nan,2.9380602836608887,0.040772560983896255,2.9321532249450684,0.04058823361992836,0.5,0.0,2.9321532249450684,0.04058823361992836,0.0,174
nan,nan,0.4550617039203644,0.4965515434741974,0.4550617039203644,0.4965515434741974,nan,nan,nan,nan,3.0013153553009033,0.020653190091252327,2.9845130443573,0.020588235929608345,0.5,0.0,2.9845130443573,0.020588235929608345,0.0,175
nan,nan,0.45453640818595886,0.4963262677192688,0.45453640818595886,0.4963262677192688,nan,nan,nan,nan,3.0992050170898438,0.018812894821166992,3.0892326831817627,0.01823529414832592,0.5,0.0,3.0892326831817627,0.01823529414832592,0.0,176
nan,nan,0.4539700150489807,0.4948180317878723,0.4539700150489807,0.4948180317878723,nan,nan,nan,nan,2.9065744876861572,0.02001858688890934,2.8972465991973877,0.019999999552965164,0.5,0.0,2.8972465991973877,0.019999999552965164,0.0,177
nan,nan,0.4539700150489807,0.4948180317878723,0.4539700150489807,0.4948180317878723,nan,nan,nan,nan,3.1182138919830322,0.036440473049879074,3.1066861152648926,0.03588235378265381,0.5,0.0,3.1066861152648926,0.03588235378265381,0.0,178
nan,nan,0.4528023600578308,0.490633487701416,0.4528023600578308,0.490633487701416,nan,nan,nan,nan,3.0024073123931885,0.04298892617225647,3.0019662380218506,0.042941175401210785,0.5,0.0,3.0019662380218506,0.042941175401210785,0.0,179
nan,nan,0.4526047110557556,0.48817551136016846,0.4526047110557556,0.48817551136016846,nan,nan,nan,nan,3.012723922729492,0.022602777928113937,3.0019662380218506,0.02235294133424759,0.5,0.0,3.0019662380218506,0.02235294133424759,0.0,180
nan,nan,0.4526047110557556,0.48817551136016846,0.4526047110557556,0.48817551136016846,nan,nan,nan,nan,3.041930913925171,0.022615665569901466,3.0368728637695312,0.02235294133424759,0.5,0.0,3.0368728637695312,0.02235294133424759,0.0,181
nan,nan,0.45245471596717834,0.48415252566337585,0.45245471596717834,0.48415252566337585,nan,nan,nan,nan,3.022003412246704,0.0365128368139267,3.0194196701049805,0.03647058829665184,0.5,0.0,3.0194196701049805,0.03647058829665184,0.0,182
nan,nan,0.4517386257648468,0.47589239478111267,0.4517386257648468,0.47589239478111267,nan,nan,nan,nan,2.9649055004119873,0.01776079460978508,2.949606418609619,0.01764705963432789,0.5,0.0,2.949606418609619,0.01764705963432789,0.0,183
nan,nan,0.4517386257648468,0.47589239478111267,0.4517386257648468,0.47589239478111267,nan,nan,nan,nan,3.0317533016204834,0.03660235181450844,3.0194196701049805,0.03647058829665184,0.5,0.0,3.0194196701049805,0.03647058829665184,0.0,184
nan,nan,0.45179855823516846,0.47122418880462646,0.45179855823516846,0.47122418880462646,nan,nan,nan,nan,3.038050651550293,0.03264368325471878,3.0368728637695312,0.03235294297337532,0.5,0.0,3.0368728637695312,0.03235294297337532,0.0,185
nan,nan,0.45165422558784485,0.4674602448940277,0.45165422558784485,0.4674602448940277,nan,nan,nan,nan,3.0314579010009766,0.04911203682422638,3.0194196701049805,0.0488235279917717,0.5,0.0,3.0194196701049805,0.0488235279917717,0.0,186
nan,nan,0.45165422558784485,0.4674602448940277,0.45165422558784485,0.4674602448940277,nan,nan,nan,nan,3.0121092796325684,0.017711060121655464,3.0019662380218506,0.01764705963432789,0.5,0.0,3.0019662380218506,0.01764705963432789,0.0,187
nan,nan,0.45168423652648926,0.4617830514907837,0.45168423652648926,0.4617830514907837,nan,nan,nan,nan,-3.1340575218200684,0.013369141146540642,-3.1415927410125732,0.012941176071763039,0.5,0.0,-3.1415927410125732,0.012941176071763039,0.0,188
nan,nan,0.451473206281662,0.4565165340900421,0.451473206281662,0.4565165340900421,nan,nan,nan,nan,3.0703649520874023,0.045600712299346924,3.054326295852661,0.04529411718249321,0.5,0.0,3.054326295852661,0.04529411718249321,0.0,189
nan,nan,0.45171281695365906,0.4511032998561859,0.45171281695365906,0.4511032998561859,nan,nan,nan,nan,2.959893226623535,0.020043179392814636,2.949606418609619,0.019999999552965164,0.5,0.0,2.949606418609619,0.019999999552965164,0.0,190
nan,nan,0.45171281695365906,0.4511032998561859,0.45171281695365906,0.4511032998561859,nan,nan,nan,nan,2.8629493713378906,0.029932484030723572,2.862339973449707,0.029411764815449715,0.5,0.0,2.862339973449707,0.029411764815449715,0.0,191
nan,nan,0.45168638229370117,0.445367693901062,0.45168638229370117,0.445367693901062,nan,nan,nan,nan,2.881088972091675,0.03031810186803341,2.879793167114258,0.029999999329447746,0.5,0.0,2.879793167114258,0.029999999329447746,0.0,192
nan,nan,0.45168638229370117,0.445367693901062,0.45168638229370117,0.445367693901062,nan,nan,nan,nan,3.079890251159668,0.029531121253967285,3.071779489517212,0.029411764815449715,0.5,0.0,3.071779489517212,0.029411764815449715,0.0,193
nan,nan,0.4518987238407135,0.43965181708335876,0.4518987238407135,0.43965181708335876,nan,nan,nan,nan,2.9425060749053955,0.03408116102218628,2.9321532249450684,0.033529412001371384,0.5,0.0,2.9321532249450684,0.033529412001371384,0.0,194
nan,nan,0.4518987238407135,0.43965181708335876,0.4518987238407135,0.43965181708335876,nan,nan,nan,nan,3.0519139766693115,0.02845553494989872,3.0368728637695312,0.028235293924808502,0.5,0.0,3.0368728637695312,0.028235293924808502,0.0,195
nan,nan,0.45249971747398376,0.43368664383888245,0.45249971747398376,0.43368664383888245,nan,nan,nan,nan,2.944183111190796,0.015427392907440662,2.9321532249450684,0.015294117853045464,0.5,0.0,2.9321532249450684,0.015294117853045464,0.0,196
nan,nan,0.45277002453804016,0.4303358793258667,0.45277002453804016,0.4303358793258667,nan,nan,nan,nan,3.0232484340667725,0.014760127291083336,3.0194196701049805,0.014705882407724857,0.5,0.0,3.0194196701049805,0.014705882407724857,0.0,197
nan,nan,0.4533268213272095,0.42502596974372864,0.4533268213272095,0.42502596974372864,nan,nan,nan,nan,3.0113325119018555,0.01642550155520439,3.0019662380218506,0.015882352367043495,0.5,0.0,3.0019662380218506,0.015882352367043495,0.0,198
nan,nan,0.4533268213272095,0.42502596974372864,0.4533268213272095,0.42502596974372864,nan,nan,nan,nan,3.019927740097046,0.04736541956663132,3.0194196701049805,0.0470588244497776,0.5,0.0,3.0194196701049805,0.0470588244497776,0.0,199
nan,nan,0.45381155610084534,0.41998612880706787,0.45381155610084534,0.41998612880706787,nan,nan,nan,nan,3.0477213859558105,0.03478369116783142,3.0368728637695312,0.03470588102936745,0.5,0.0,3.0368728637695312,0.03470588102936745,0.0,200
nan,nan,0.45381155610084534,0.41998612880706787,0.45381155610084534,0.41998612880706787,nan,nan,nan,nan,3.082716703414917,0.05265612155199051,3.071779489517212,0.052352942526340485,0.5,0.0,3.071779489517212,0.052352942526340485,0.0,201
nan,nan,0.4550955593585968,0.413143515586853,0.4550955593585968,0.413143515586853,nan,nan,nan,nan,3.0633039474487305,0.047193385660648346,3.054326295852661,0.0470588244497776,0.5,0.0,3.054326295852661,0.0470588244497776,0.0,202
nan,nan,0.45646852254867554,0.406367689371109,0.45646852254867554,0.406367689371109,nan,nan,nan,nan,2.916140079498291,0.014586216770112514,2.9146997928619385,0.014117646962404251,0.5,0.0,2.9146997928619385,0.014117646962404251,0.0,203
nan,nan,0.45780375599861145,0.4012128710746765,0.45780375599861145,0.4012128710746765,nan,nan,nan,nan,3.0827908515930176,0.019381210207939148,3.071779489517212,0.01882352866232395,0.5,0.0,3.071779489517212,0.01882352866232395,0.0,204
nan,nan,0.45780375599861145,0.4012128710746765,0.45780375599861145,0.4012128710746765,nan,nan,nan,nan,3.0731399059295654,0.01632866822183132,3.071779489517212,0.015882352367043495,0.5,0.0,3.071779489517212,0.015882352367043495,0.0,205
nan,nan,0.4592718482017517,0.39604151248931885,0.4592718482017517,0.39604151248931885,nan,nan,nan,nan,2.924208641052246,0.023133790120482445,2.9146997928619385,0.02294117584824562,0.5,0.0,2.9146997928619385,0.02294117584824562,0.0,206
nan,nan,0.4592718482017517,0.39604151248931885,0.4592718482017517,0.39604151248931885,nan,nan,nan,nan,-3.0929224491119385,0.010383912362158298,-3.1066861152648926,0.009999999776482582,0.5,0.0,-3.1066861152648926,0.009999999776482582,0.0,207
nan,nan,0.4612111449241638,0.39027827978134155,0.4612111449241638,0.39027827978134155,nan,nan,nan,nan,2.9492363929748535,0.012631847523152828,2.9321532249450684,0.012352941557765007,0.5,0.0,2.9321532249450684,0.012352941557765007,0.0,208
nan,nan,0.46292462944984436,0.382980614900589,0.46292462944984436,0.382980614900589,nan,nan,nan,nan,2.740891456604004,0.0,2.7401669025421143,0.0,0.5,0.0,2.7401669025421143,0.0,0.0,209
nan,nan,0.4648178815841675,0.37588509917259216,0.4648178815841675,0.37588509917259216,nan,nan,nan,nan,2.8691141605377197,0.0,2.862339973449707,0.0,0.5,0.0,2.862339973449707,0.0,0.0,210
nan,nan,0.4648178815841675,0.37588509917259216,0.4648178815841675,0.37588509917259216,nan,nan,nan,nan,2.985556125640869,0.027326876297593117,2.9845130443573,0.02705882303416729,0.5,0.0,2.9845130443573,0.02705882303416729,0.0,211
nan,nan,0.466165691614151,0.36802247166633606,0.466165691614151,0.36802247166633606,nan,nan,nan,nan,3.0066123008728027,0.004095859359949827,3.0019662380218506,0.0035294117406010628,0.5,0.0,3.0019662380218506,0.0035294117406010628,0.0,212
nan,nan,0.466165691614151,0.36802247166633606,0.466165691614151,0.36802247166633606,nan,nan,nan,nan,2.991481304168701,0.023442847654223442,2.9845130443573,0.02294117584824562,0.5,0.0,2.9845130443573,0.02294117584824562,0.0,213
nan,nan,0.46710440516471863,0.36131927371025085,0.46710440516471863,0.36131927371025085,nan,nan,nan,nan,2.9479658603668213,0.004451768472790718,2.9321532249450684,0.004117647185921669,0.5,0.0,2.9321532249450684,0.004117647185921669,0.0,214
nan,nan,0.46864479780197144,0.3523375689983368,0.46864479780197144,0.3523375689983368,nan,nan,nan,nan,3.0317063331604004,0.013307018205523491,3.0194196701049805,0.012941176071763039,0.5,0.0,3.0194196701049805,0.012941176071763039,0.0,215
nan,nan,0.46864479780197144,0.3523375689983368,0.46864479780197144,0.3523375689983368,nan,nan,nan,nan,3.069575309753418,0.003730867523699999,3.054326295852661,0.0035294117406010628,0.5,0.0,3.054326295852661,0.0035294117406010628,0.0,216
nan,nan,0.46980926394462585,0.34185975790023804,0.46980926394462585,0.34185975790023804,nan,nan,nan,nan,3.126352071762085,0.034435953944921494,3.1241393089294434,0.034117646515369415,0.5,0.0,3.1241393089294434,0.034117646515369415,0.0,217
nan,nan,0.4703230857849121,0.33584392070770264,0.4703230857849121,0.33584392070770264,nan,nan,nan,nan,3.00032114982605,0.024016309529542923,2.9845130443573,0.0235294122248888,0.5,0.0,2.9845130443573,0.0235294122248888,0.0,218
nan,nan,0.471943736076355,0.323038786649704,0.471943736076355,0.323038786649704,nan,nan,nan,nan,3.1265289783477783,0.0169209111481905,3.1241393089294434,0.016470588743686676,0.5,0.0,3.1241393089294434,0.016470588743686676,0.0,219
nan,nan,0.471943736076355,0.323038786649704,0.471943736076355,0.323038786649704,nan,nan,nan,nan,2.957322120666504,0.022598741576075554,2.949606418609619,0.02235294133424759,0.5,0.0,2.949606418609619,0.02235294133424759,0.0,220
nan,nan,0.471943736076355,0.323038786649704,0.471943736076355,0.323038786649704,nan,nan,nan,nan,-3.1390793323516846,0.015590500086545944,-3.1415927410125732,0.015294117853045464,0.5,0.0,-3.1415927410125732,0.015294117853045464,0.0,221
nan,nan,0.4725598096847534,0.31241580843925476,0.4725598096847534,0.31241580843925476,nan,nan,nan,nan,3.093372106552124,0.02083258144557476,3.0892326831817627,0.020588235929608345,0.5,0.0,3.0892326831817627,0.020588235929608345,0.0,222
nan,nan,0.47299620509147644,0.30539366602897644,0.47299620509147644,0.30539366602897644,nan,nan,nan,nan,3.0890586376190186,0.019844068214297295,3.071779489517212,0.019411765038967133,0.5,0.0,3.071779489517212,0.019411765038967133,0.0,223
nan,nan,0.4736891984939575,0.29432570934295654,0.4736891984939575,0.29432570934295654,nan,nan,nan,nan,3.1162097454071045,0.016310708597302437,3.1066861152648926,0.015882352367043495,0.5,0.0,3.1066861152648926,0.015882352367043495,0.0,224
nan,nan,0.4736891984939575,0.29432570934295654,0.4736891984939575,0.29432570934295654,nan,nan,nan,nan,2.98712420463562,0.02544151246547699,2.9845130443573,0.025294117629528046,0.5,0.0,2.9845130443573,0.025294117629528046,0.0,225
nan,nan,0.47402411699295044,0.28879016637802124,0.47402411699295044,0.28879016637802124,nan,nan,nan,nan,2.8875532150268555,0.004239189438521862,2.879793167114258,0.004117647185921669,0.5,0.0,2.879793167114258,0.004117647185921669,0.0,226
nan,nan,0.474613755941391,0.2766384780406952,0.474613755941391,0.2766384780406952,nan,nan,nan,nan,3.081618070602417,0.0020005458500236273,3.071779489517212,0.0017647058703005314,0.5,0.0,3.071779489517212,0.0017647058703005314,0.0,227
nan,nan,0.474613755941391,0.2766384780406952,0.474613755941391,0.2766384780406952,nan,nan,nan,nan,2.9092488288879395,0.024797290563583374,2.8972465991973877,0.024705883115530014,0.5,0.0,2.8972465991973877,0.024705883115530014,0.0,228
nan,nan,0.4750882387161255,0.26827332377433777,0.4750882387161255,0.26827332377433777,nan,nan,nan,nan,-3.0903687477111816,0.041455574333667755,-3.1066861152648926,0.04117647185921669,0.5,0.0,-3.1066861152648926,0.04117647185921669,0.0,229
nan,nan,0.4753973186016083,0.2585296332836151,0.4753973186016083,0.2585296332836151,nan,nan,nan,nan,-3.0736582279205322,0.012776816263794899,-3.0892326831817627,0.012352941557765007,0.5,0.0,-3.0892326831817627,0.012352941557765007,0.0,230
nan,nan,0.4758560061454773,0.24813085794448853,0.4758560061454773,0.24813085794448853,nan,nan,nan,nan,3.0827746391296387,0.012477083131670952,3.071779489517212,0.012352941557765007,0.5,0.0,3.071779489517212,0.012352941557765007,0.0,231
nan,nan,0.4762168824672699,0.23911187052726746,0.4762168824672699,0.23911187052726746,nan,nan,nan,nan,2.9993178844451904,0.030054956674575806,2.9845130443573,0.029999999329447746,0.5,0.0,2.9845130443573,0.029999999329447746,0.0,232
nan,nan,0.4762168824672699,0.23911187052726746,0.4762168824672699,0.23911187052726746,nan,nan,nan,nan,2.6804358959198,0.006195963826030493,2.670353651046753,0.0058823530562222,0.5,0.0,2.670353651046753,0.0058823530562222,0.0,233
nan,nan,0.47652339935302734,0.23115473985671997,0.47652339935302734,0.23115473985671997,nan,nan,nan,nan,3.0318922996520996,0.03845786303281784,3.0194196701049805,0.038235295563936234,0.5,0.0,3.0194196701049805,0.038235295563936234,0.0,234
nan,nan,0.47700583934783936,0.21873818337917328,0.47700583934783936,0.21873818337917328,nan,nan,nan,nan,3.126818895339966,0.011630178429186344,3.1241393089294434,0.011176470667123795,0.5,0.0,3.1241393089294434,0.011176470667123795,0.0,235
nan,nan,0.4778870940208435,0.20853769779205322,0.4778870940208435,0.20853769779205322,nan,nan,nan,nan,2.719237804412842,0.02111503854393959,2.7052602767944336,0.020588235929608345,0.5,0.0,2.7052602767944336,0.020588235929608345,0.0,236
nan,nan,0.4778870940208435,0.20853769779205322,0.4778870940208435,0.20853769779205322,nan,nan,nan,nan,3.023280382156372,0.016965709626674652,3.0194196701049805,0.016470588743686676,0.5,0.0,3.0194196701049805,0.016470588743686676,0.0,237
nan,nan,0.47817039489746094,0.20218801498413086,0.47817039489746094,0.20218801498413086,nan,nan,nan,nan,-3.1121978759765625,0.0,-3.1241393089294434,0.0,0.5,0.0,-3.1241393089294434,0.0,0.0,238
nan,nan,0.47905340790748596,0.19084666669368744,0.47905340790748596,0.19084666669368744,nan,nan,nan,nan,-3.0353291034698486,0.0,-3.0368728637695312,0.0,0.5,0.0,-3.0368728637695312,0.0,0.0,239
nan,nan,0.4800887107849121,0.1826000064611435,0.4800887107849121,0.1826000064611435,nan,nan,nan,nan,2.9793057441711426,0.011312270537018776,2.96705961227417,0.011176470667123795,0.5,0.0,2.96705961227417,0.011176470667123795,0.0,240
nan,nan,0.4812774360179901,0.1748289316892624,0.4812774360179901,0.1748289316892624,nan,nan,nan,nan,2.883814811706543,0.014481944963335991,2.879793167114258,0.014117646962404251,0.5,0.0,2.879793167114258,0.014117646962404251,0.0,241
nan,nan,0.4812774360179901,0.1748289316892624,0.4812774360179901,0.1748289316892624,nan,nan,nan,nan,2.7671854496002197,0.002304483437910676,2.757620334625244,0.0017647058703005314,0.5,0.0,2.757620334625244,0.0017647058703005314,0.0,242
nan,nan,0.508552610874176,0.10385584831237793,0.508552610874176,0.10385584831237793,nan,nan,nan,nan,-1.7085630893707275,0.06223761662840843,-1.7104226350784302,0.061764705926179886,0.0,0.0,-1.7104226350784302,0.061764705926179886,0.0,243
nan,nan,0.508552610874176,0.10385584831237793,0.508552610874176,0.10385584831237793,nan,nan,nan,nan,-1.9625189304351807,0.047892145812511444,-1.972222089767456,0.047647058963775635,0.0,0.0,-1.972222089767456,0.047647058963775635,0.0,244
nan,nan,0.5074816942214966,0.10444307327270508,0.5074816942214966,0.10444307327270508,nan,nan,nan,nan,-1.8455880880355835,0.03789335861802101,-1.8500490188598633,0.0376470573246479,0.0,0.0,-1.8500490188598633,0.0376470573246479,0.0,245
nan,nan,0.5062696933746338,0.10639612376689911,0.5062696933746338,0.10639612376689911,nan,nan,nan,nan,-1.8332371711730957,0.03702501952648163,-1.8500490188598633,0.03647058829665184,0.0,0.0,-1.8500490188598633,0.03647058829665184,0.0,246
nan,nan,0.5070099234580994,0.10810486972332001,0.5070099234580994,0.10810486972332001,nan,nan,nan,nan,-1.8186076879501343,0.03616885468363762,-1.832595705986023,0.03588235378265381,0.0,0.0,-1.832595705986023,0.03588235378265381,0.0,247
nan,nan,0.5080263614654541,0.10789582878351212,0.5080263614654541,0.10789582878351212,nan,nan,nan,nan,-1.8323642015457153,0.02496415562927723,-1.832595705986023,0.024705883115530014,0.0,0.0,-1.832595705986023,0.024705883115530014,0.0,248
nan,nan,0.5080263614654541,0.10789582878351212,0.5080263614654541,0.10789582878351212,nan,nan,nan,nan,-1.7125086784362793,0.042967360466718674,-1.7278759479522705,0.042941175401210785,0.0,0.0,-1.7278759479522705,0.042941175401210785,0.0,249
nan,nan,0.5086390376091003,0.10928381979465485,0.5086390376091003,0.10928381979465485,nan,nan,nan,nan,-1.8076204061508179,0.034500058740377426,-1.8151423931121826,0.034117646515369415,0.0,0.0,-1.8151423931121826,0.034117646515369415,0.0,250
nan,nan,0.5086390376091003,0.10928381979465485,0.5086390376091003,0.10928381979465485,nan,nan,nan,nan,-1.7079743146896362,0.029412534087896347,-1.7104226350784302,0.029411764815449715,0.0,0.0,-1.7104226350784302,0.029411764815449715,0.0,251
nan,nan,0.510692834854126,0.11055099219083786,0.510692834854126,0.11055099219083786,nan,nan,nan,nan,-1.6740636825561523,0.042792536318302155,-1.675516128540039,0.04235294088721275,0.0,0.0,-1.675516128540039,0.04235294088721275,0.0,252
nan,nan,0.5122911930084229,0.1103304848074913,0.5122911930084229,0.1103304848074913,nan,nan,nan,nan,-1.7880712747573853,0.06335970759391785,-1.7976890802383423,0.06294117867946625,0.0,0.0,-1.7976890802383423,0.06294117867946625,0.0,253
nan,nan,0.5122911930084229,0.1103304848074913,0.5122911930084229,0.1103304848074913,nan,nan,nan,nan,-1.8978304862976074,0.01665697991847992,-1.9024088382720947,0.016470588743686676,0.0,0.0,-1.9024088382720947,0.016470588743686676,0.0,254
nan,nan,0.5147755146026611,0.11124759912490845,0.5147755146026611,0.11124759912490845,nan,nan,nan,nan,-1.7008510828018188,0.02633470483124256,-1.7104226350784302,0.025882352143526077,0.0,0.0,-1.7104226350784302,0.025882352143526077,0.0,255
nan,nan,0.5161780714988708,0.11056950688362122,0.5161780714988708,0.11056950688362122,nan,nan,nan,nan,-1.8299343585968018,0.046701960265636444,-1.832595705986023,0.04647058993577957,0.0,0.0,-1.832595705986023,0.04647058993577957,0.0,256
nan,nan,0.5161780714988708,0.11056950688362122,0.5161780714988708,0.11056950688362122,nan,nan,nan,nan,-1.757959246635437,0.03366222232580185,-1.7627825736999512,0.033529412001371384,0.0,0.0,-1.7627825736999512,0.033529412001371384,0.0,257
nan,nan,0.5171309113502502,0.10957206785678864,0.5171309113502502,0.10957206785678864,nan,nan,nan,nan,-1.8208104372024536,0.01884918473660946,-1.832595705986023,0.01882352866232395,0.0,0.0,-1.832595705986023,0.01882352866232395,0.0,258
nan,nan,0.5174897909164429,0.10854528844356537,0.5174897909164429,0.10854528844356537,nan,nan,nan,nan,-1.785040259361267,0.024732086807489395,-1.7976890802383423,0.024705883115530014,0.0,0.0,-1.7976890802383423,0.024705883115530014,0.0,259
nan,nan,0.5181320309638977,0.10739003866910934,0.5181320309638977,0.10739003866910934,nan,nan,nan,nan,-1.7802925109863281,0.038392070680856705,-1.7976890802383423,0.038235295563936234,0.0,0.0,-1.7976890802383423,0.038235295563936234,0.0,260
nan,nan,0.5192205309867859,0.10618232190608978,0.5192205309867859,0.10618232190608978,nan,nan,nan,nan,-1.786669373512268,0.03659352660179138,-1.7976890802383423,0.03647058829665184,0.0,0.0,-1.7976890802383423,0.03647058829665184,0.0,261
nan,nan,0.5192275643348694,0.10474828630685806,0.5192275643348694,0.10474828630685806,nan,nan,nan,nan,-1.849485158920288,0.020633768290281296,-1.8500490188598633,0.020588235929608345,0.0,0.0,-1.8500490188598633,0.020588235929608345,0.0,262
nan,nan,0.5192275643348694,0.10474828630685806,0.5192275643348694,0.10474828630685806,nan,nan,nan,nan,-1.8837171792984009,0.03820454701781273,-1.884955644607544,0.0376470573246479,0.0,0.0,-1.884955644607544,0.0376470573246479,0.0,263
nan,nan,0.5177865028381348,0.10344532877206802,0.5177865028381348,0.10344532877206802,nan,nan,nan,nan,-1.7531856298446655,0.0424068421125412,-1.7627825736999512,0.04235294088721275,0.0,0.0,-1.7627825736999512,0.04235294088721275,0.0,264
nan,nan,0.5143458843231201,0.10173045843839645,0.5143458843231201,0.10173045843839645,nan,nan,nan,nan,-1.716362476348877,0.040767788887023926,-1.7278759479522705,0.04058823361992836,0.0,0.0,-1.7278759479522705,0.04058823361992836,0.0,265
nan,nan,0.5118037462234497,0.10085368901491165,0.5118037462234497,0.10085368901491165,nan,nan,nan,nan,-1.7350765466690063,0.016864577308297157,-1.7453292608261108,0.016470588743686676,0.0,0.0,-1.7453292608261108,0.016470588743686676,0.0,266
nan,nan,0.5056687593460083,0.10004071146249771,0.5056687593460083,0.10004071146249771,nan,nan,nan,nan,-1.7451939582824707,0.03311792388558388,-1.7453292608261108,0.03294117748737335,0.0,0.0,-1.7453292608261108,0.03294117748737335,0.0,267
nan,nan,0.5056687593460083,0.10004071146249771,0.5056687593460083,0.10004071146249771,nan,nan,nan,nan,-1.8048673868179321,0.03456474095582962,-1.8151423931121826,0.034117646515369415,0.0,0.0,-1.8151423931121826,0.034117646515369415,0.0,268
nan,nan,0.5014673471450806,0.09931468963623047,0.5014673471450806,0.09931468963623047,nan,nan,nan,nan,-1.68949556350708,0.04862713813781738,-1.6929693222045898,0.048235293477773666,0.0,0.0,-1.6929693222045898,0.048235293477773666,0.0,269
nan,nan,0.4951719343662262,0.0984855368733406,0.4951719343662262,0.0984855368733406,nan,nan,nan,nan,-1.7468299865722656,0.027438299730420113,-1.7627825736999512,0.02705882303416729,0.0,0.0,-1.7627825736999512,0.02705882303416729,0.0,270
nan,nan,0.4879283607006073,0.0979185700416565,0.4879283607006073,0.0979185700416565,nan,nan,nan,nan,-1.8341524600982666,0.03717096522450447,-1.8500490188598633,0.03705882281064987,0.0,0.0,-1.8500490188598633,0.03705882281064987,0.0,271
nan,nan,0.4806494116783142,0.0976322591304779,0.4806494116783142,0.0976322591304779,nan,nan,nan,nan,-1.8405210971832275,0.03529336303472519,-1.8500490188598633,0.03470588102936745,0.0,0.0,-1.8500490188598633,0.03470588102936745,0.0,272
nan,nan,0.47016051411628723,0.09686946868896484,0.47016051411628723,0.09686946868896484,nan,nan,nan,nan,-1.6603063344955444,0.03567948937416077,-1.675516128540039,0.03529411926865578,0.0,0.0,-1.675516128540039,0.03529411926865578,0.0,273
nan,nan,0.47016051411628723,0.09686946868896484,0.47016051411628723,0.09686946868896484,nan,nan,nan,nan,-1.6693494319915771,0.03136073425412178,-1.675516128540039,0.03117647022008896,0.0,0.0,-1.675516128540039,0.03117647022008896,0.0,274
nan,nan,0.4616645574569702,0.09645255655050278,0.4616645574569702,0.09645255655050278,nan,nan,nan,nan,-1.9070205688476562,0.01799035258591175,-1.919862151145935,0.01764705963432789,0.0,0.0,-1.919862151145935,0.01764705963432789,0.0,275
nan,nan,0.4531584680080414,0.09610805660486221,0.4531584680080414,0.09610805660486221,nan,nan,nan,nan,-1.6499696969985962,0.01812797226011753,-1.6580628156661987,0.01764705963432789,0.0,0.0,-1.6580628156661987,0.01764705963432789,0.0,276
nan,nan,0.4431682527065277,0.09616366773843765,0.4431682527065277,0.09616366773843765,nan,nan,nan,nan,-1.705275297164917,0.03657227382063866,-1.7104226350784302,0.03647058829665184,0.0,0.0,-1.7104226350784302,0.03647058829665184,0.0,277
nan,nan,0.43406209349632263,0.09602521359920502,0.43406209349632263,0.09602521359920502,nan,nan,nan,nan,-1.7407602071762085,0.0005966192693449557,-1.7453292608261108,0.0005882352706976235,0.0,0.0,-1.7453292608261108,0.0005882352706976235,0.0,278
nan,nan,0.43406209349632263,0.09602521359920502,0.43406209349632263,0.09602521359920502,nan,nan,nan,nan,-1.6948877573013306,0.026023833081126213,-1.7104226350784302,0.025882352143526077,0.0,0.0,-1.7104226350784302,0.025882352143526077,0.0,279
nan,nan,0.42199647426605225,0.09499773383140564,0.42199647426605225,0.09499773383140564,nan,nan,nan,nan,-1.6492877006530762,0.024759497493505478,-1.6580628156661987,0.024705883115530014,0.0,0.0,-1.6580628156661987,0.024705883115530014,0.0,280
nan,nan,0.4147530794143677,0.09459123760461807,0.4147530794143677,0.09459123760461807,nan,nan,nan,nan,-1.833989143371582,0.010982842184603214,-1.8500490188598633,0.010588235221803188,0.0,0.0,-1.8500490188598633,0.010588235221803188,0.0,281
nan,nan,0.4042888581752777,0.09343739598989487,0.4042888581752777,0.09343739598989487,nan,nan,nan,nan,-1.74658203125,0.013476375490427017,-1.7627825736999512,0.012941176071763039,0.0,0.0,-1.7627825736999512,0.012941176071763039,0.0,282
nan,nan,0.39387890696525574,0.09202408790588379,0.39387890696525574,0.09202408790588379,nan,nan,nan,nan,-1.8609368801116943,0.037658751010894775,-1.8675023317337036,0.0376470573246479,0.0,0.0,-1.8675023317337036,0.0376470573246479,0.0,283
nan,nan,0.39387890696525574,0.09202408790588379,0.39387890696525574,0.09202408790588379,nan,nan,nan,nan,-1.8588680028915405,0.01592886634171009,-1.8675023317337036,0.015882352367043495,0.0,0.0,-1.8675023317337036,0.015882352367043495,0.0,284
nan,nan,0.38386812806129456,0.09036348015069962,0.38386812806129456,0.09036348015069962,nan,nan,nan,nan,-1.8236104249954224,0.007293840870261192,-1.832595705986023,0.0070588234812021255,0.0,0.0,-1.832595705986023,0.0070588234812021255,0.0,285
nan,nan,0.37229305505752563,0.08786443620920181,0.37229305505752563,0.08786443620920181,nan,nan,nan,nan,-1.7512692213058472,0.03311778977513313,-1.7627825736999512,0.03294117748737335,0.0,0.0,-1.7627825736999512,0.03294117748737335,0.0,286
nan,nan,0.362905889749527,0.0857689306139946,0.362905889749527,0.0857689306139946,nan,nan,nan,nan,-1.8284766674041748,0.026334375143051147,-1.832595705986023,0.025882352143526077,0.0,0.0,-1.832595705986023,0.025882352143526077,0.0,287
nan,nan,0.35058391094207764,0.08313296735286713,0.35058391094207764,0.08313296735286713,nan,nan,nan,nan,-1.9699894189834595,0.015265152789652348,-1.972222089767456,0.014705882407724857,0.0,0.0,-1.972222089767456,0.014705882407724857,0.0,288
nan,nan,0.35058391094207764,0.08313296735286713,0.35058391094207764,0.08313296735286713,nan,nan,nan,nan,-2.065094232559204,0.017339404672384262,-2.076941728591919,0.017058823257684708,0.0,0.0,-2.076941728591919,0.017058823257684708,0.0,289
nan,nan,0.3406662940979004,0.08123666793107986,0.3406662940979004,0.08123666793107986,nan,nan,nan,nan,-1.7456188201904297,0.018446991220116615,-1.7627825736999512,0.01823529414832592,0.0,0.0,-1.7627825736999512,0.01823529414832592,0.0,290
nan,nan,0.32693609595298767,0.07802040874958038,0.32693609595298767,0.07802040874958038,nan,nan,nan,nan,-1.8783462047576904,0.012699482962489128,-1.884955644607544,0.012352941557765007,0.0,0.0,-1.884955644607544,0.012352941557765007,0.0,291
nan,nan,0.31698769330978394,0.07470881938934326,0.31698769330978394,0.07470881938934326,nan,nan,nan,nan,-1.8059349060058594,0.0143349664285779,-1.8151423931121826,0.014117646962404251,0.0,0.0,-1.8151423931121826,0.014117646962404251,0.0,292
nan,nan,0.3092819154262543,0.0721367746591568,0.3092819154262543,0.0721367746591568,nan,nan,nan,nan,-1.78620445728302,0.030136320739984512,-1.7976890802383423,0.029999999329447746,0.0,0.0,-1.7976890802383423,0.029999999329447746,0.0,293
nan,nan,0.2998950481414795,0.06867831200361252,0.2998950481414795,0.06867831200361252,nan,nan,nan,nan,-1.8221596479415894,0.03426000848412514,-1.832595705986023,0.034117646515369415,0.0,0.0,-1.832595705986023,0.034117646515369415,0.0,294
nan,nan,0.2919897735118866,0.06613846868276596,0.2919897735118866,0.06613846868276596,nan,nan,nan,nan,-1.9477742910385132,0.02979450486600399,-1.9547687768936157,0.029411764815449715,0.0,0.0,-1.9547687768936157,0.029411764815449715,0.0,295
nan,nan,0.2919897735118866,0.06613846868276596,0.2919897735118866,0.06613846868276596,nan,nan,nan,nan,-2.0823702812194824,0.004130389541387558,-2.094395160675049,0.004117647185921669,0.0,0.0,-2.094395160675049,0.004117647185921669,0.0,296
nan,nan,0.28713884949684143,0.06331699341535568,0.28713884949684143,0.06331699341535568,nan,nan,nan,nan,-1.8825029134750366,0.027052437886595726,-1.884955644607544,0.026470588520169258,0.0,0.0,-1.884955644607544,0.026470588520169258,0.0,297
nan,nan,0.28009048104286194,0.05961735174059868,0.28009048104286194,0.05961735174059868,nan,nan,nan,nan,-1.8276550769805908,0.020548159256577492,-1.832595705986023,0.019999999552965164,0.0,0.0,-1.832595705986023,0.019999999552965164,0.0,298
nan,nan,0.27720722556114197,0.05724241957068443,0.27720722556114197,0.05724241957068443,nan,nan,nan,nan,-1.861340880393982,0.0,-1.8675023317337036,0.0,0.0,0.0,-1.8675023317337036,0.0,0.0,299
nan,nan,0.26999497413635254,0.0537862703204155,0.26999497413635254,0.0537862703204155,nan,nan,nan,nan,-1.9357513189315796,0.0,-1.9373154640197754,0.0,0.0,0.0,-1.9373154640197754,0.0,0.0,300
nan,nan,0.26999497413635254,0.0537862703204155,0.26999497413635254,0.0537862703204155,nan,nan,nan,nan,-1.5598015785217285,0.013113799504935741,-1.5707963705062866,0.012941176071763039,0.0,0.0,-1.5707963705062866,0.012941176071763039,0.0,301
nan,nan,0.26573482155799866,0.05191474407911301,0.26573482155799866,0.05191474407911301,nan,nan,nan,nan,-1.9302090406417847,0.0,-1.9373154640197754,0.0,0.0,0.0,-1.9373154640197754,0.0,0.0,302
nan,nan,0.2633746266365051,0.050563663244247437,0.2633746266365051,0.050563663244247437,nan,nan,nan,nan,-1.7364839315414429,0.0,-1.7453292608261108,0.0,0.0,0.0,-1.7453292608261108,0.0,0.0,303
nan,nan,0.2549416720867157,0.047046463936567307,0.2549416720867157,0.047046463936567307,nan,nan,nan,nan,-1.7994729280471802,0.0072581833228468895,-1.8151423931121826,0.0070588234812021255,0.0,0.0,-1.8151423931121826,0.0070588234812021255,0.0,304
nan,nan,0.2549416720867157,0.047046463936567307,0.2549416720867157,0.047046463936567307,nan,nan,nan,nan,-1.7492127418518066,0.026838665828108788,-1.7627825736999512,0.026470588520169258,0.0,0.0,-1.7627825736999512,0.026470588520169258,0.0,305
nan,nan,0.24402402341365814,0.04250327870249748,0.24402402341365814,0.04250327870249748,nan,nan,nan,nan,-1.770575761795044,0.032220665365457535,-1.7802358865737915,0.03176470473408699,0.0,0.0,-1.7802358865737915,0.03176470473408699,0.0,306
nan,nan,0.24402402341365814,0.04250327870249748,0.24402402341365814,0.04250327870249748,nan,nan,nan,nan,-1.7236237525939941,0.0171232707798481,-1.7278759479522705,0.017058823257684708,0.0,0.0,-1.7278759479522705,0.017058823257684708,0.0,307
nan,nan,0.23831838369369507,0.04071968421339989,0.23831838369369507,0.04071968421339989,nan,nan,nan,nan,-1.7288788557052612,0.017494777217507362,-1.7453292608261108,0.017058823257684708,0.0,0.0,-1.7453292608261108,0.017058823257684708,0.0,308
nan,nan,0.23427671194076538,0.03944548964500427,0.23427671194076538,0.03944548964500427,nan,nan,nan,nan,-1.7233830690383911,0.023981651291251183,-1.7278759479522705,0.0235294122248888,0.0,0.0,-1.7278759479522705,0.0235294122248888,0.0,309
nan,nan,0.22870570421218872,0.03813239932060242,0.22870570421218872,0.03813239932060242,nan,nan,nan,nan,-1.6883596181869507,0.027747981250286102,-1.6929693222045898,0.02764705941081047,0.0,0.0,-1.6929693222045898,0.02764705941081047,0.0,310
nan,nan,0.22445048391819,0.03714324161410332,0.22445048391819,0.03714324161410332,nan,nan,nan,nan,-2.0710277557373047,0.012247198261320591,-2.076941728591919,0.0117647061124444,0.0,0.0,-2.076941728591919,0.0117647061124444,0.0,311
nan,nan,0.22445048391819,0.03714324161410332,0.22445048391819,0.03714324161410332,nan,nan,nan,nan,-1.8159910440444946,0.011279161088168621,-1.832595705986023,0.011176470667123795,0.0,0.0,-1.832595705986023,0.011176470667123795,0.0,312
nan,nan,0.21863669157028198,0.0362660251557827,0.21863669157028198,0.0362660251557827,nan,nan,nan,nan,-1.8082866668701172,0.01924566738307476,-1.8151423931121826,0.01882352866232395,0.0,0.0,-1.8151423931121826,0.01882352866232395,0.0,313
nan,nan,0.21279661357402802,0.03562071919441223,0.21279661357402802,0.03562071919441223,nan,nan,nan,nan,-1.3042494058609009,0.009797762148082256,-1.3089969158172607,0.009411764331161976,0.0,0.0,-1.3089969158172607,0.009411764331161976,0.0,314
nan,nan,0.21279661357402802,0.03562071919441223,0.21279661357402802,0.03562071919441223,nan,nan,nan,nan,-1.4344336986541748,0.012958051636815071,-1.4486232995986938,0.012941176071763039,0.0,0.0,-1.4486232995986938,0.012941176071763039,0.0,315
nan,nan,0.20587024092674255,0.03515983372926712,0.20587024092674255,0.03515983372926712,nan,nan,nan,nan,-1.882904291152954,0.017905963584780693,-1.884955644607544,0.01764705963432789,0.0,0.0,-1.884955644607544,0.01764705963432789,0.0,316
nan,nan,0.19656793773174286,0.034488629549741745,0.19656793773174286,0.034488629549741745,nan,nan,nan,nan,-1.9646782875061035,0.0,-1.972222089767456,0.0,0.0,0.0,-1.972222089767456,0.0,0.0,317
nan,nan,0.1909031718969345,0.03407623991370201,0.1909031718969345,0.03407623991370201,nan,nan,nan,nan,-1.8249541521072388,0.010465900413691998,-1.832595705986023,0.009999999776482582,0.0,0.0,-1.832595705986023,0.009999999776482582,0.0,318
nan,nan,0.1909031718969345,0.03407623991370201,0.1909031718969345,0.03407623991370201,nan,nan,nan,nan,-1.6784303188323975,0.0,-1.6929693222045898,0.0,0.0,0.0,-1.6929693222045898,0.0,0.0,319
nan,nan,0.1797829270362854,0.03408778831362724,0.1797829270362854,0.03408778831362724,nan,nan,nan,nan,-1.4122204780578613,0.012361354194581509,-1.4137166738510132,0.012352941557765007,0.0,0.0,-1.4137166738510132,0.012352941557765007,0.0,320
nan,nan,0.1797829270362854,0.03408778831362724,0.1797829270362854,0.03408778831362724,nan,nan,nan,nan,-1.7468063831329346,0.004635432735085487,-1.7627825736999512,0.004117647185921669,0.0,0.0,-1.7627825736999512,0.004117647185921669,0.0,321
nan,nan,0.1705915778875351,0.0352366641163826,0.1705915778875351,0.0352366641163826,nan,nan,nan,nan,-1.5016257762908936,0.01364640798419714,-1.5184364318847656,0.013529411517083645,0.0,0.0,-1.5184364318847656,0.013529411517083645,0.0,322
nan,nan,0.1629766821861267,0.036820463836193085,0.1629766821861267,0.036820463836193085,nan,nan,nan,nan,-1.9104214906692505,0.006099395453929901,-1.919862151145935,0.0058823530562222,0.0,0.0,-1.919862151145935,0.0058823530562222,0.0,323
nan,nan,0.15481866896152496,0.03820817172527313,0.15481866896152496,0.03820817172527313,nan,nan,nan,nan,-1.9495105743408203,0.02255132794380188,-1.9547687768936157,0.02235294133424759,0.0,0.0,-1.9547687768936157,0.02235294133424759,0.0,324
nan,nan,0.1466209441423416,0.03913557529449463,0.1466209441423416,0.03913557529449463,nan,nan,nan,nan,-1.9095673561096191,0.018131285905838013,-1.919862151145935,0.01764705963432789,0.0,0.0,-1.919862151145935,0.01764705963432789,0.0,325
nan,nan,0.1466209441423416,0.03913557529449463,0.1466209441423416,0.03913557529449463,nan,nan,nan,nan,-1.6248105764389038,0.025631675496697426,-1.6406095027923584,0.025294117629528046,0.0,0.0,-1.6406095027923584,0.025294117629528046,0.0,326
nan,nan,0.13565176725387573,0.03944481536746025,0.13565176725387573,0.03944481536746025,nan,nan,nan,nan,-1.6638113260269165,0.028660576790571213,-1.675516128540039,0.028235293924808502,0.0,0.0,-1.675516128540039,0.028235293924808502,0.0,327
nan,nan,0.13565176725387573,0.03944481536746025,0.13565176725387573,0.03944481536746025,nan,nan,nan,nan,-1.669715166091919,0.0,-1.675516128540039,0.0,0.0,0.0,-1.675516128540039,0.0,0.0,328
nan,nan,0.05463074892759323,0.023121383041143417,0.05463074892759323,0.023121383041143417,nan,nan,nan,nan,-1.6846455335617065,0.0,-1.6929693222045898,0.0,0.0,0.0,-1.6929693222045898,0.0,0.0,329
nan,nan,0.055014971643686295,0.023063722997903824,0.055014971643686295,0.023063722997903824,nan,nan,nan,nan,-1.6952688694000244,0.0,-1.7104226350784302,0.0,0.0,0.0,-1.7104226350784302,0.0,0.0,330
nan,nan,0.05507780984044075,0.02288888953626156,0.05507780984044075,0.02288888953626156,nan,nan,nan,nan,-1.711815357208252,0.0,-1.7278759479522705,0.0,0.0,0.0,-1.7278759479522705,0.0,0.0,331
nan,nan,0.05507780984044075,0.02288888953626156,0.05507780984044075,0.02288888953626156,nan,nan,nan,nan,-1.7079136371612549,0.0,-1.7104226350784302,0.0,0.0,0.0,-1.7104226350784302,0.0,0.0,332
nan,nan,0.05507780984044075,0.02288888953626156,0.05507780984044075,0.02288888953626156,nan,nan,nan,nan,-1.7267564535140991,0.0,-1.7278759479522705,0.0,0.0,0.0,-1.7278759479522705,0.0,0.0,333
nan,nan,0.05507780984044075,0.02288888953626156,0.05507780984044075,0.02288888953626156,nan,nan,nan,nan,-1.7342451810836792,0.0,-1.7453292608261108,0.0,0.0,0.0,-1.7453292608261108,0.0,0.0,334
nan,nan,0.055392537266016006,0.022171907126903534,0.055392537266016006,0.022171907126903534,nan,nan,nan,nan,-1.7589068412780762,0.0,-1.7627825736999512,0.0,0.0,0.0,-1.7627825736999512,0.0,0.0,335
nan,nan,0.055392537266016006,0.022171907126903534,0.055392537266016006,0.022171907126903534,nan,nan,nan,nan,-1.8132116794586182,0.0,-1.8151423931121826,0.0,0.0,0.0,-1.8151423931121826,0.0,0.0,336
nan,nan,0.055392537266016006,0.022171907126903534,0.055392537266016006,0.022171907126903534,nan,nan,nan,nan,-1.8822585344314575,0.0,-1.884955644607544,0.0,0.0,0.0,-1.884955644607544,0.0,0.0,337
nan,nan,0.055392537266016006,0.022171907126903534,0.055392537266016006,0.022171907126903534,nan,nan,nan,nan,-1.813547968864441,0.0,-1.8151423931121826,0.0,0.0,0.0,-1.8151423931121826,0.0,0.0,338
nan,nan,0.05545656755566597,0.02195473201572895,0.05545656755566597,0.02195473201572895,nan,nan,nan,nan,-1.8146816492080688,0.0,-1.8151423931121826,0.0,0.0,0.0,-1.8151423931121826,0.0,0.0,339
nan,nan,0.05545656755566597,0.02195473201572895,0.05545656755566597,0.02195473201572895,nan,nan,nan,nan,-1.8435596227645874,0.0,-1.8500490188598633,0.0,0.0,0.0,-1.8500490188598633,0.0,0.0,340
nan,nan,0.055707696825265884,0.021138139069080353,0.055707696825265884,0.021138139069080353,nan,nan,nan,nan,-1.8346116542816162,0.0,-1.8500490188598633,0.0,0.0,0.0,-1.8500490188598633,0.0,0.0,341
nan,nan,0.05595095083117485,0.020857270807027817,0.05595095083117485,0.020857270807027817,nan,nan,nan,nan,-1.8511391878128052,0.0,-1.8675023317337036,0.0,0.0,0.0,-1.8675023317337036,0.0,0.0,342
nan,nan,0.05595095083117485,0.020857270807027817,0.05595095083117485,0.020857270807027817,nan,nan,nan,nan,-1.8942331075668335,0.0,-1.9024088382720947,0.0,0.0,0.0,-1.9024088382720947,0.0,0.0,343
nan,nan,0.05595095083117485,0.020857270807027817,0.05595095083117485,0.020857270807027817,nan,nan,nan,nan,-1.9106316566467285,0.0,-1.919862151145935,0.0,0.0,0.0,-1.919862151145935,0.0,0.0,344
nan,nan,0.05595095083117485,0.020857270807027817,0.05595095083117485,0.020857270807027817,nan,nan,nan,nan,-1.8933926820755005,0.0,-1.9024088382720947,0.0,0.0,0.0,-1.9024088382720947,0.0,0.0,345
nan,nan,0.05595095083117485,0.020857270807027817,0.05595095083117485,0.020857270807027817,nan,nan,nan,nan,-1.8333871364593506,0.0,-1.8500490188598633,0.0,0.0,0.0,-1.8500490188598633,0.0,0.0,346
nan,nan,0.05595095083117485,0.020857270807027817,0.05595095083117485,0.020857270807027817,nan,nan,nan,nan,-1.8382914066314697,0.0,-1.8500490188598633,0.0,0.0,0.0,-1.8500490188598633,0.0,0.0,347
nan,nan,0.05595095083117485,0.020857270807027817,0.05595095083117485,0.020857270807027817,nan,nan,nan,nan,-1.8702750205993652,0.0,-1.884955644607544,0.0,0.0,0.0,-1.884955644607544,0.0,0.0,348
nan,nan,0.0559411495923996,0.020901096984744072,0.0559411495923996,0.020901096984744072,nan,nan,nan,nan,-1.861079216003418,0.0,-1.8675023317337036,0.0,0.0,0.0,-1.8675023317337036,0.0,0.0,349
nan,nan,0.0559411495923996,0.020901096984744072,0.0559411495923996,0.020901096984744072,nan,nan,nan,nan,-1.8812367916107178,0.0,-1.884955644607544,0.0,0.0,0.0,-1.884955644607544,0.0,0.0,350
nan,nan,0.05592154711484909,0.020988749340176582,0.05592154711484909,0.020988749340176582,nan,nan,nan,nan,-1.8530148267745972,0.0,-1.8675023317337036,0.0,0.0,0.0,-1.8675023317337036,0.0,0.0,351
nan,nan,0.05592154711484909,0.020988749340176582,0.05592154711484909,0.020988749340176582,nan,nan,nan,nan,-1.8522346019744873,0.0,-1.8675023317337036,0.0,0.0,0.0,-1.8675023317337036,0.0,0.0,352
nan,nan,0.05592154711484909,0.020988749340176582,0.05592154711484909,0.020988749340176582,nan,nan,nan,nan,-1.916045069694519,0.0,-1.919862151145935,0.0,0.0,0.0,-1.919862151145935,0.0,0.0,353
nan,nan,0.05592154711484909,0.020988749340176582,0.05592154711484909,0.020988749340176582,nan,nan,nan,nan,-1.9411389827728271,0.0,-1.9547687768936157,0.0,0.0,0.0,-1.9547687768936157,0.0,0.0,354
nan,nan,0.05565331131219864,0.022246768698096275,0.05565331131219864,0.022246768698096275,nan,nan,nan,nan,-1.9538345336914062,0.0,-1.9547687768936157,0.0,0.0,0.0,-1.9547687768936157,0.0,0.0,355
nan,nan,0.05532807111740112,0.023416507989168167,0.05532807111740112,0.023416507989168167,nan,nan,nan,nan,-1.9490561485290527,0.0,-1.9547687768936157,0.0,0.0,0.0,-1.9547687768936157,0.0,0.0,356
nan,nan,0.05532807111740112,0.023416507989168167,0.05532807111740112,0.023416507989168167,nan,nan,nan,nan,-1.9502266645431519,0.0,-1.9547687768936157,0.0,0.0,0.0,-1.9547687768936157,0.0,0.0,357
nan,nan,0.05532807111740112,0.023416507989168167,0.05532807111740112,0.023416507989168167,nan,nan,nan,nan,-1.9508001804351807,0.0,-1.9547687768936157,0.0,0.0,0.0,-1.9547687768936157,0.0,0.0,358
nan,nan,0.05529901757836342,0.02362857013940811,0.05529901757836342,0.02362857013940811,nan,nan,nan,nan,-1.9928717613220215,0.0,-2.0071287155151367,0.0,0.0,0.0,-2.0071287155151367,0.0,0.0,359
nan,nan,0.05529901757836342,0.02362857013940811,0.05529901757836342,0.02362857013940811,nan,nan,nan,nan,-2.0013771057128906,0.0,-2.0071287155151367,0.0,0.0,0.0,-2.0071287155151367,0.0,0.0,360
nan,nan,0.055289361625909805,0.023702703416347504,0.055289361625909805,0.023702703416347504,nan,nan,nan,nan,-1.939773440361023,0.0,-1.9547687768936157,0.0,0.0,0.0,-1.9547687768936157,0.0,0.0,361
nan,nan,0.055289361625909805,0.023702703416347504,0.055289361625909805,0.023702703416347504,nan,nan,nan,nan,-1.9585485458374023,0.0,-1.972222089767456,0.0,0.0,0.0,-1.972222089767456,0.0,0.0,362
nan,nan,0.05443419888615608,0.023569315671920776,0.05443419888615608,0.023569315671920776,nan,nan,nan,nan,-1.9547258615493774,0.0,-1.9547687768936157,0.0,0.0,0.0,-1.9547687768936157,0.0,0.0,363
nan,nan,0.05443419888615608,0.023569315671920776,0.05443419888615608,0.023569315671920776,nan,nan,nan,nan,-1.9831883907318115,0.0,-1.9896754026412964,0.0,0.0,0.0,-1.9896754026412964,0.0,0.0,364
nan,nan,0.05447295680642128,0.023543838411569595,0.05447295680642128,0.023543838411569595,nan,nan,nan,nan,-2.0373239517211914,0.0,-2.0420353412628174,0.0,0.0,0.0,-2.0420353412628174,0.0,0.0,365
nan,nan,0.05438808351755142,0.023154372349381447,0.05438808351755142,0.023154372349381447,nan,nan,nan,nan,-2.060373306274414,0.0,-2.076941728591919,0.0,0.0,0.0,-2.076941728591919,0.0,0.0,366
nan,nan,0.05438808351755142,0.023154372349381447,0.05438808351755142,0.023154372349381447,nan,nan,nan,nan,-2.0614850521087646,0.0,-2.076941728591919,0.0,0.0,0.0,-2.076941728591919,0.0,0.0,367
nan,nan,0.05439052730798721,0.02278323285281658,0.05439052730798721,0.02278323285281658,nan,nan,nan,nan,-2.0706675052642822,0.0,-2.076941728591919,0.0,0.0,0.0,-2.076941728591919,0.0,0.0,368
nan,nan,0.05439052730798721,0.02278323285281658,0.05439052730798721,0.02278323285281658,nan,nan,nan,nan,-2.0731654167175293,0.0,-2.076941728591919,0.0,0.0,0.0,-2.076941728591919,0.0,0.0,369
nan,nan,0.05439052730798721,0.02278323285281658,0.05439052730798721,0.02278323285281658,nan,nan,nan,nan,-2.054628610610962,0.0,-2.059488534927368,0.0,0.0,0.0,-2.059488534927368,0.0,0.0,370
nan,nan,0.05439052730798721,0.02278323285281658,0.05439052730798721,0.02278323285281658,nan,nan,nan,nan,-2.0545759201049805,0.0,-2.059488534927368,0.0,0.0,0.0,-2.059488534927368,0.0,0.0,371
nan,nan,0.05439052730798721,0.02278323285281658,0.05439052730798721,0.02278323285281658,nan,nan,nan,nan,-2.1208713054656982,0.0,-2.1293017864227295,0.0,0.0,0.0,-2.1293017864227295,0.0,0.0,372
nan,nan,0.05439052730798721,0.02278323285281658,0.05439052730798721,0.02278323285281658,nan,nan,nan,nan,-2.126213312149048,0.0,-2.1293017864227295,0.0,0.0,0.0,-2.1293017864227295,0.0,0.0,373
nan,nan,0.05439052730798721,0.02278323285281658,0.05439052730798721,0.02278323285281658,nan,nan,nan,nan,-2.114898204803467,0.0,-2.1293017864227295,0.0,0.0,0.0,-2.1293017864227295,0.0,0.0,374
nan,nan,0.05439052730798721,0.02278323285281658,0.05439052730798721,0.02278323285281658,nan,nan,nan,nan,-2.0882067680358887,0.0,-2.094395160675049,0.0,0.0,0.0,-2.094395160675049,0.0,0.0,375
nan,nan,0.05439052730798721,0.02278323285281658,0.05439052730798721,0.02278323285281658,nan,nan,nan,nan,-2.1094560623168945,0.0,-2.1118483543395996,0.0,0.0,0.0,-2.1118483543395996,0.0,0.0,376
nan,nan,0.05438351631164551,0.02276807837188244,0.05438351631164551,0.02276807837188244,nan,nan,nan,nan,-2.116851568222046,0.0,-2.1293017864227295,0.0,0.0,0.0,-2.1293017864227295,0.0,0.0,377
nan,nan,0.05438351631164551,0.02276807837188244,0.05438351631164551,0.02276807837188244,nan,nan,nan,nan,-2.1046338081359863,0.0,-2.1118483543395996,0.0,0.0,0.0,-2.1118483543395996,0.0,0.0,378
nan,nan,0.05438351631164551,0.02276807837188244,0.05438351631164551,0.02276807837188244,nan,nan,nan,nan,-2.1198925971984863,0.0,-2.1293017864227295,0.0,0.0,0.0,-2.1293017864227295,0.0,0.0,379
nan,nan,0.05438351631164551,0.02276807837188244,0.05438351631164551,0.02276807837188244,nan,nan,nan,nan,-2.141096353530884,0.0,-2.1467549800872803,0.0,0.0,0.0,-2.1467549800872803,0.0,0.0,380
nan,nan,0.05438351631164551,0.02276807837188244,0.05438351631164551,0.02276807837188244,nan,nan,nan,nan,-2.123042583465576,0.0,-2.1293017864227295,0.0,0.0,0.0,-2.1293017864227295,0.0,0.0,381
nan,nan,0.05441364645957947,0.022939348593354225,0.05441364645957947,0.022939348593354225,nan,nan,nan,nan,-2.1102848052978516,0.0,-2.1118483543395996,0.0,0.0,0.0,-2.1118483543395996,0.0,0.0,382
nan,nan,0.05425439774990082,0.023243295028805733,0.05425439774990082,0.023243295028805733,nan,nan,nan,nan,-2.131887435913086,0.0,-2.1467549800872803,0.0,0.0,0.0,-2.1467549800872803,0.0,0.0,383
nan,nan,0.05425439774990082,0.023243295028805733,0.05425439774990082,0.023243295028805733,nan,nan,nan,nan,-2.1265957355499268,0.0,-2.1293017864227295,0.0,0.0,0.0,-2.1293017864227295,0.0,0.0,384
nan,nan,0.05425439774990082,0.023243295028805733,0.05425439774990082,0.023243295028805733,nan,nan,nan,nan,-2.1412765979766846,0.0,-2.1467549800872803,0.0,0.0,0.0,-2.1467549800872803,0.0,0.0,385
nan,nan,0.05425439774990082,0.023243295028805733,0.05425439774990082,0.023243295028805733,nan,nan,nan,nan,-2.1487557888031006,0.0,-2.164208173751831,0.0,0.0,0.0,-2.164208173751831,0.0,0.0,386
nan,nan,0.05425439774990082,0.023243295028805733,0.05425439774990082,0.023243295028805733,nan,nan,nan,nan,-2.1111414432525635,0.0,-2.1118483543395996,0.0,0.0,0.0,-2.1118483543395996,0.0,0.0,387
nan,nan,0.05425439774990082,0.023243295028805733,0.05425439774990082,0.023243295028805733,nan,nan,nan,nan,-2.142317771911621,0.0,-2.1467549800872803,0.0,0.0,0.0,-2.1467549800872803,0.0,0.0,388
nan,nan,0.05425439774990082,0.023243295028805733,0.05425439774990082,0.023243295028805733,nan,nan,nan,nan,-2.15647292137146,0.0,-2.164208173751831,0.0,0.0,0.0,-2.164208173751831,0.0,0.0,389
nan,nan,0.05425439774990082,0.023243295028805733,0.05425439774990082,0.023243295028805733,nan,nan,nan,nan,-2.13236141204834,0.0,-2.1467549800872803,0.0,0.0,0.0,-2.1467549800872803,0.0,0.0,390
nan,nan,0.05425439774990082,0.023243295028805733,0.05425439774990082,0.023243295028805733,nan,nan,nan,nan,-2.12929368019104,0.0,-2.1293017864227295,0.0,0.0,0.0,-2.1293017864227295,0.0,0.0,391
nan,nan,0.05426792427897453,0.0234210304915905,0.05426792427897453,0.0234210304915905,nan,nan,nan,nan,-2.107424020767212,0.0,-2.1118483543395996,0.0,0.0,0.0,-2.1118483543395996,0.0,0.0,392
nan,nan,0.05426792427897453,0.0234210304915905,0.05426792427897453,0.0234210304915905,nan,nan,nan,nan,-2.129905939102173,0.0,-2.1467549800872803,0.0,0.0,0.0,-2.1467549800872803,0.0,0.0,393
nan,nan,0.05426792427897453,0.0234210304915905,0.05426792427897453,0.0234210304915905,nan,nan,nan,nan,-2.1292896270751953,0.0,-2.1293017864227295,0.0,0.0,0.0,-2.1293017864227295,0.0,0.0,394
nan,nan,0.05426792427897453,0.0234210304915905,0.05426792427897453,0.0234210304915905,nan,nan,nan,nan,-2.1537563800811768,0.0,-2.164208173751831,0.0,0.0,0.0,-2.164208173751831,0.0,0.0,395
nan,nan,0.05428273230791092,0.02334161102771759,0.05428273230791092,0.02334161102771759,nan,nan,nan,nan,-2.1757025718688965,0.0,-2.181661605834961,0.0,0.0,0.0,-2.181661605834961,0.0,0.0,396
nan,nan,0.05428273230791092,0.02334161102771759,0.05428273230791092,0.02334161102771759,nan,nan,nan,nan,-2.2053239345550537,0.0,-2.2165682315826416,0.0,0.0,0.0,-2.2165682315826416,0.0,0.0,397
nan,nan,0.05425941199064255,0.023208556696772575,0.05425941199064255,0.023208556696772575,nan,nan,nan,nan,-2.2355175018310547,0.0,-2.251474618911743,0.0,0.0,0.0,-2.251474618911743,0.0,0.0,398
nan,nan,0.05425941199064255,0.023208556696772575,0.05425941199064255,0.023208556696772575,nan,nan,nan,nan,-2.250697374343872,0.0,-2.251474618911743,0.0,0.0,0.0,-2.251474618911743,0.0,0.0,399
nan,nan,0.05425941199064255,0.023208556696772575,0.05425941199064255,0.023208556696772575,nan,nan,nan,nan,-2.2756950855255127,0.0,-2.286381244659424,0.0,0.0,0.0,-2.286381244659424,0.0,0.0,400
nan,nan,0.05425941199064255,0.023208556696772575,0.05425941199064255,0.023208556696772575,nan,nan,nan,nan,-2.3161513805389404,0.0,-2.3212878704071045,0.0,0.0,0.0,-2.3212878704071045,0.0,0.0,401
nan,nan,0.05425941199064255,0.023208556696772575,0.05425941199064255,0.023208556696772575,nan,nan,nan,nan,-2.2924184799194336,0.0,-2.3038346767425537,0.0,0.0,0.0,-2.3038346767425537,0.0,0.0,402
nan,nan,0.05425941199064255,0.023208556696772575,0.05425941199064255,0.023208556696772575,nan,nan,nan,nan,-2.3545236587524414,0.0,-2.356194496154785,0.0,0.0,0.0,-2.356194496154785,0.0,0.0,403
nan,nan,0.05433981493115425,0.022441517561674118,0.05433981493115425,0.022441517561674118,nan,nan,nan,nan,-2.351167917251587,0.0,-2.356194496154785,0.0,0.0,0.0,-2.356194496154785,0.0,0.0,404
nan,nan,0.054874617606401443,0.02201857790350914,0.054874617606401443,0.02201857790350914,nan,nan,nan,nan,-2.3563947677612305,0.0,-2.373647689819336,0.0,0.0,0.0,-2.373647689819336,0.0,0.0,405
nan,nan,0.054874617606401443,0.02201857790350914,0.054874617606401443,0.02201857790350914,nan,nan,nan,nan,-2.327197790145874,0.0,-2.3387413024902344,0.0,0.0,0.0,-2.3387413024902344,0.0,0.0,406
nan,nan,0.054874617606401443,0.02201857790350914,0.054874617606401443,0.02201857790350914,nan,nan,nan,nan,-2.351524591445923,0.0,-2.356194496154785,0.0,0.0,0.0,-2.356194496154785,0.0,0.0,407
nan,nan,0.05492966249585152,0.021958714351058006,0.05492966249585152,0.021958714351058006,nan,nan,nan,nan,-2.3693063259124756,0.0,-2.373647689819336,0.0,0.0,0.0,-2.373647689819336,0.0,0.0,408
nan,nan,0.05492966249585152,0.021958714351058006,0.05492966249585152,0.021958714351058006,nan,nan,nan,nan,-2.3617656230926514,0.0,-2.373647689819336,0.0,0.0,0.0,-2.373647689819336,0.0,0.0,409
nan,nan,0.05492966249585152,0.021958714351058006,0.05492966249585152,0.021958714351058006,nan,nan,nan,nan,-2.3044075965881348,0.0,-2.3212878704071045,0.0,0.0,0.0,-2.3212878704071045,0.0,0.0,410
nan,nan,0.05492966249585152,0.021958714351058006,0.05492966249585152,0.021958714351058006,nan,nan,nan,nan,-2.3232972621917725,0.0,-2.3387413024902344,0.0,0.0,0.0,-2.3387413024902344,0.0,0.0,411
nan,nan,0.05492966249585152,0.021958714351058006,0.05492966249585152,0.021958714351058006,nan,nan,nan,nan,-2.4074809551239014,0.0,-2.4085543155670166,0.0,0.0,0.0,-2.4085543155670166,0.0,0.0,412
nan,nan,0.0547126941382885,0.021769125014543533,0.0547126941382885,0.021769125014543533,nan,nan,nan,nan,-2.4622554779052734,0.0,-2.478367567062378,0.0,0.0,0.0,-2.478367567062378,0.0,0.0,413
nan,nan,0.0547126941382885,0.021769125014543533,0.0547126941382885,0.021769125014543533,nan,nan,nan,nan,-2.5491368770599365,0.0,-2.56563401222229,0.0,0.0,0.0,-2.56563401222229,0.0,0.0,414
nan,nan,0.0547126941382885,0.021769125014543533,0.0547126941382885,0.021769125014543533,nan,nan,nan,nan,-2.5165488719940186,0.0,-2.5307273864746094,0.0,0.0,0.0,-2.5307273864746094,0.0,0.0,415
nan,nan,0.0547126941382885,0.021769125014543533,0.0547126941382885,0.021769125014543533,nan,nan,nan,nan,-2.5640671253204346,0.0,-2.56563401222229,0.0,0.0,0.0,-2.56563401222229,0.0,0.0,416
nan,nan,0.0547126941382885,0.021769125014543533,0.0547126941382885,0.021769125014543533,nan,nan,nan,nan,-2.610891819000244,0.0,-2.6179938316345215,0.0,0.0,0.0,-2.6179938316345215,0.0,0.0,417
nan,nan,0.05465950816869736,0.02183821238577366,0.05465950816869736,0.02183821238577366,nan,nan,nan,nan,-2.6656837463378906,0.0,-2.670353651046753,0.0,0.0,0.0,-2.670353651046753,0.0,0.0,418
nan,nan,0.05465950816869736,0.02183821238577366,0.05465950816869736,0.02183821238577366,nan,nan,nan,nan,-2.6651036739349365,0.0,-2.670353651046753,0.0,0.0,0.0,-2.670353651046753,0.0,0.0,419
nan,nan,0.05430910736322403,0.022269761189818382,0.05430910736322403,0.022269761189818382,nan,nan,nan,nan,-2.670685052871704,0.0,-2.687807083129883,0.0,0.0,0.0,-2.687807083129883,0.0,0.0,420
nan,nan,0.05422595888376236,0.022303959354758263,0.05422595888376236,0.022303959354758263,nan,nan,nan,nan,-2.671373128890991,0.0,-2.687807083129883,0.0,0.0,0.0,-2.687807083129883,0.0,0.0,421
nan,nan,0.05422595888376236,0.022303959354758263,0.05422595888376236,0.022303959354758263,nan,nan,nan,nan,-2.6704792976379395,0.0,-2.687807083129883,0.0,0.0,0.0,-2.687807083129883,0.0,0.0,422
nan,nan,0.05422595888376236,0.022303959354758263,0.05422595888376236,0.022303959354758263,nan,nan,nan,nan,-2.635862112045288,0.0,-2.652900457382202,0.0,0.0,0.0,-2.652900457382202,0.0,0.0,423
nan,nan,0.05422595888376236,0.022303959354758263,0.05422595888376236,0.022303959354758263,nan,nan,nan,nan,-2.678402900695801,0.0,-2.687807083129883,0.0,0.0,0.0,-2.687807083129883,0.0,0.0,424
nan,nan,0.05422595888376236,0.022303959354758263,0.05422595888376236,0.022303959354758263,nan,nan,nan,nan,-2.679177761077881,0.0,-2.687807083129883,0.0,0.0,0.0,-2.687807083129883,0.0,0.0,425
nan,nan,0.05422595888376236,0.022303959354758263,0.05422595888376236,0.022303959354758263,nan,nan,nan,nan,-2.7503883838653564,0.0,-2.757620334625244,0.0,0.0,0.0,-2.757620334625244,0.0,0.0,426
nan,nan,0.05422595888376236,0.022303959354758263,0.05422595888376236,0.022303959354758263,nan,nan,nan,nan,-2.7527871131896973,0.0,-2.757620334625244,0.0,0.0,0.0,-2.757620334625244,0.0,0.0,427
nan,nan,0.05422595888376236,0.022303959354758263,0.05422595888376236,0.022303959354758263,nan,nan,nan,nan,-2.7784907817840576,0.0,-2.7925267219543457,0.0,0.0,0.0,-2.7925267219543457,0.0,0.0,428
nan,nan,0.05422595888376236,0.022303959354758263,0.05422595888376236,0.022303959354758263,nan,nan,nan,nan,-2.794365167617798,0.0,-2.8099801540374756,0.0,0.0,0.0,-2.8099801540374756,0.0,0.0,429
nan,nan,0.05422595888376236,0.022303959354758263,0.05422595888376236,0.022303959354758263,nan,nan,nan,nan,-2.85432767868042,0.0,-2.862339973449707,0.0,0.0,0.0,-2.862339973449707,0.0,0.0,430
nan,nan,0.05422595888376236,0.022303959354758263,0.05422595888376236,0.022303959354758263,nan,nan,nan,nan,-2.833164930343628,0.0,-2.8448867797851562,0.0,0.0,0.0,-2.8448867797851562,0.0,0.0,431
nan,nan,0.05422595888376236,0.022303959354758263,0.05422595888376236,0.022303959354758263,nan,nan,nan,nan,-2.8164312839508057,0.0,-2.8274333477020264,0.0,0.0,0.0,-2.8274333477020264,0.0,0.0,432
nan,nan,0.05422595888376236,0.022303959354758263,0.05422595888376236,0.022303959354758263,nan,nan,nan,nan,-2.8404648303985596,0.0,-2.8448867797851562,0.0,0.0,0.0,-2.8448867797851562,0.0,0.0,433
nan,nan,0.05447959527373314,0.02289562113583088,0.05447959527373314,0.02289562113583088,nan,nan,nan,nan,-2.8387527465820312,0.0,-2.8448867797851562,0.0,0.0,0.0,-2.8448867797851562,0.0,0.0,434
nan,nan,0.05447333678603172,0.022959524765610695,0.05447333678603172,0.022959524765610695,nan,nan,nan,nan,-2.8525805473327637,0.0,-2.862339973449707,0.0,0.0,0.0,-2.862339973449707,0.0,0.0,435
nan,nan,0.05447333678603172,0.022959524765610695,0.05447333678603172,0.022959524765610695,nan,nan,nan,nan,-2.842676877975464,0.0,-2.8448867797851562,0.0,0.0,0.0,-2.8448867797851562,0.0,0.0,436
nan,nan,0.05447333678603172,0.022959524765610695,0.05447333678603172,0.022959524765610695,nan,nan,nan,nan,-2.825148105621338,0.0,-2.8274333477020264,0.0,0.0,0.0,-2.8274333477020264,0.0,0.0,437
nan,nan,0.05447333678603172,0.022959524765610695,0.05447333678603172,0.022959524765610695,nan,nan,nan,nan,-2.7720353603363037,0.0,-2.775073528289795,0.0,0.0,0.0,-2.775073528289795,0.0,0.0,438
nan,nan,0.05447333678603172,0.022959524765610695,0.05447333678603172,0.022959524765610695,nan,nan,nan,nan,-2.8194780349731445,0.0,-2.8274333477020264,0.0,0.0,0.0,-2.8274333477020264,0.0,0.0,439
nan,nan,0.05447333678603172,0.022959524765610695,0.05447333678603172,0.022959524765610695,nan,nan,nan,nan,-2.845710515975952,0.0,-2.862339973449707,0.0,0.0,0.0,-2.862339973449707,0.0,0.0,440
nan,nan,0.05441509559750557,0.02285127341747284,0.05441509559750557,0.02285127341747284,nan,nan,nan,nan,-2.946418523788452,0.0,-2.949606418609619,0.0,0.0,0.0,-2.949606418609619,0.0,0.0,441
nan,nan,0.054534029215574265,0.02286248281598091,0.054534029215574265,0.02286248281598091,nan,nan,nan,nan,-2.9713287353515625,0.0,-2.9845130443573,0.0,0.0,0.0,-2.9845130443573,0.0,0.0,442
nan,nan,0.054534029215574265,0.02286248281598091,0.054534029215574265,0.02286248281598091,nan,nan,nan,nan,-3.0067262649536133,0.0,-3.0194196701049805,0.0,0.0,0.0,-3.0194196701049805,0.0,0.0,443
nan,nan,0.05456282198429108,0.023340068757534027,0.05456282198429108,0.023340068757534027,nan,nan,nan,nan,-3.005408525466919,0.0,-3.0194196701049805,0.0,0.0,0.0,-3.0194196701049805,0.0,0.0,444
nan,nan,0.05456282198429108,0.023340068757534027,0.05456282198429108,0.023340068757534027,nan,nan,nan,nan,-2.9592325687408447,0.0,-2.96705961227417,0.0,0.0,0.0,-2.96705961227417,0.0,0.0,445
nan,nan,0.05456282198429108,0.023340068757534027,0.05456282198429108,0.023340068757534027,nan,nan,nan,nan,-2.985053777694702,0.0,-3.0019662380218506,0.0,0.0,0.0,-3.0019662380218506,0.0,0.0,446
nan,nan,0.05456282198429108,0.023340068757534027,0.05456282198429108,0.023340068757534027,nan,nan,nan,nan,-3.0283687114715576,0.0,-3.0368728637695312,0.0,0.0,0.0,-3.0368728637695312,0.0,0.0,447
nan,nan,0.05448595806956291,0.023417867720127106,0.05448595806956291,0.023417867720127106,nan,nan,nan,nan,-3.0131072998046875,0.0,-3.0194196701049805,0.0,0.0,0.0,-3.0194196701049805,0.0,0.0,448
nan,nan,0.05448595806956291,0.023417867720127106,0.05448595806956291,0.023417867720127106,nan,nan,nan,nan,-2.938612461090088,0.0,-2.949606418609619,0.0,0.0,0.0,-2.949606418609619,0.0,0.0,449
nan,nan,0.05448595806956291,0.023417867720127106,0.05448595806956291,0.023417867720127106,nan,nan,nan,nan,-2.9651525020599365,0.0,-2.96705961227417,0.0,0.0,0.0,-2.96705961227417,0.0,0.0,450
nan,nan,0.05425693839788437,0.023080386221408844,0.05425693839788437,0.023080386221408844,nan,nan,nan,nan,-2.8890087604522705,0.0,-2.8972465991973877,0.0,0.0,0.0,-2.8972465991973877,0.0,0.0,451
nan,nan,0.05425693839788437,0.023080386221408844,0.05425693839788437,0.023080386221408844,nan,nan,nan,nan,-2.910573720932007,0.0,-2.9146997928619385,0.0,0.0,0.0,-2.9146997928619385,0.0,0.0,452
nan,nan,0.05425693839788437,0.023080386221408844,0.05425693839788437,0.023080386221408844,nan,nan,nan,nan,-2.946728467941284,0.0,-2.949606418609619,0.0,0.0,0.0,-2.949606418609619,0.0,0.0,453
nan,nan,0.05425693839788437,0.023080386221408844,0.05425693839788437,0.023080386221408844,nan,nan,nan,nan,-2.9107658863067627,0.0,-2.9146997928619385,0.0,0.0,0.0,-2.9146997928619385,0.0,0.0,454
nan,nan,0.05425693839788437,0.023080386221408844,0.05425693839788437,0.023080386221408844,nan,nan,nan,nan,-2.9400625228881836,0.0,-2.949606418609619,0.0,0.0,0.0,-2.949606418609619,0.0,0.0,455
nan,nan,0.05425693839788437,0.023080386221408844,0.05425693839788437,0.023080386221408844,nan,nan,nan,nan,-3.0213422775268555,0.0,-3.0368728637695312,0.0,0.0,0.0,-3.0368728637695312,0.0,0.0,456
nan,nan,0.05422714352607727,0.023036230355501175,0.05422714352607727,0.023036230355501175,nan,nan,nan,nan,-3.0552515983581543,0.0,-3.071779489517212,0.0,0.0,0.0,-3.071779489517212,0.0,0.0,457
nan,nan,0.05422714352607727,0.023036230355501175,0.05422714352607727,0.023036230355501175,nan,nan,nan,nan,-3.099591016769409,0.0,-3.1066861152648926,0.0,0.0,0.0,-3.1066861152648926,0.0,0.0,458
nan,nan,0.05422714352607727,0.023036230355501175,0.05422714352607727,0.023036230355501175,nan,nan,nan,nan,3.126497268676758,0.0,3.1241393089294434,0.0,0.0,0.0,3.1241393089294434,0.0,0.0,459
nan,nan,0.05422714352607727,0.023036230355501175,0.05422714352607727,0.023036230355501175,nan,nan,nan,nan,-3.1377460956573486,0.0,-3.1415927410125732,0.0,0.0,0.0,-3.1415927410125732,0.0,0.0,460
nan,nan,0.05422714352607727,0.023036230355501175,0.05422714352607727,0.023036230355501175,nan,nan,nan,nan,3.133268117904663,0.0,3.1241393089294434,0.0,0.0,0.0,3.1241393089294434,0.0,0.0,461
nan,nan,0.05422714352607727,0.023036230355501175,0.05422714352607727,0.023036230355501175,nan,nan,nan,nan,3.132711172103882,0.0,3.1241393089294434,0.0,0.0,0.0,3.1241393089294434,0.0,0.0,462
nan,nan,0.05426257476210594,0.02284368686378002,0.05426257476210594,0.02284368686378002,nan,nan,nan,nan,-3.115006446838379,0.0,-3.1241393089294434,0.0,0.0,0.0,-3.1241393089294434,0.0,0.0,463
nan,nan,0.05437316372990608,0.022873232141137123,0.05437316372990608,0.022873232141137123,nan,nan,nan,nan,-3.1143903732299805,0.0,-3.1241393089294434,0.0,0.0,0.0,-3.1241393089294434,0.0,0.0,464
nan,nan,0.05437316372990608,0.022873232141137123,0.05437316372990608,0.022873232141137123,nan,nan,nan,nan,3.102590560913086,0.0,3.0892326831817627,0.0,0.0,0.0,3.0892326831817627,0.0,0.0,465
nan,nan,0.05437316372990608,0.022873232141137123,0.05437316372990608,0.022873232141137123,nan,nan,nan,nan,3.0818917751312256,0.0,3.071779489517212,0.0,0.0,0.0,3.071779489517212,0.0,0.0,466
nan,nan,0.05437316372990608,0.022873232141137123,0.05437316372990608,0.022873232141137123,nan,nan,nan,nan,3.042192220687866,0.0,3.0368728637695312,0.0,0.0,0.0,3.0368728637695312,0.0,0.0,467
nan,nan,0.054379839450120926,0.022778978571295738,0.054379839450120926,0.022778978571295738,nan,nan,nan,nan,3.0629663467407227,0.0,3.054326295852661,0.0,0.0,0.0,3.054326295852661,0.0,0.0,468
nan,nan,0.054379839450120926,0.022778978571295738,0.054379839450120926,0.022778978571295738,nan,nan,nan,nan,3.0875370502471924,0.0,3.071779489517212,0.0,0.0,0.0,3.071779489517212,0.0,0.0,469
nan,nan,0.054379839450120926,0.022778978571295738,0.054379839450120926,0.022778978571295738,nan,nan,nan,nan,3.0246496200561523,0.0,3.0194196701049805,0.0,0.0,0.0,3.0194196701049805,0.0,0.0,470
nan,nan,0.054379839450120926,0.022778978571295738,0.054379839450120926,0.022778978571295738,nan,nan,nan,nan,3.033583164215088,0.0,3.0194196701049805,0.0,0.0,0.0,3.0194196701049805,0.0,0.0,471
nan,nan,0.054379839450120926,0.022778978571295738,0.054379839450120926,0.022778978571295738,nan,nan,nan,nan,3.0017776489257812,0.0,2.9845130443573,0.0,0.0,0.0,2.9845130443573,0.0,0.0,472
nan,nan,0.054379839450120926,0.022778978571295738,0.054379839450120926,0.022778978571295738,nan,nan,nan,nan,3.0391647815704346,0.0,3.0368728637695312,0.0,0.0,0.0,3.0368728637695312,0.0,0.0,473
nan,nan,0.054379839450120926,0.022778978571295738,0.054379839450120926,0.022778978571295738,nan,nan,nan,nan,3.0093228816986084,0.0,3.0019662380218506,0.0,0.0,0.0,3.0019662380218506,0.0,0.0,474
nan,nan,0.054379839450120926,0.022778978571295738,0.054379839450120926,0.022778978571295738,nan,nan,nan,nan,2.995863199234009,0.0,2.9845130443573,0.0,0.0,0.0,2.9845130443573,0.0,0.0,475
nan,nan,0.054379839450120926,0.022778978571295738,0.054379839450120926,0.022778978571295738,nan,nan,nan,nan,2.999972343444824,0.0,2.9845130443573,0.0,0.0,0.0,2.9845130443573,0.0,0.0,476
nan,nan,0.054379839450120926,0.022778978571295738,0.054379839450120926,0.022778978571295738,nan,nan,nan,nan,2.9590933322906494,0.0,2.949606418609619,0.0,0.0,0.0,2.949606418609619,0.0,0.0,477
nan,nan,0.05438481271266937,0.022772636264562607,0.05438481271266937,0.022772636264562607,nan,nan,nan,nan,2.920192003250122,0.0,2.9146997928619385,0.0,0.0,0.0,2.9146997928619385,0.0,0.0,478
nan,nan,0.05420776456594467,0.02269740030169487,0.05420776456594467,0.02269740030169487,nan,nan,nan,nan,2.859384298324585,0.0,2.8448867797851562,0.0,0.0,0.0,2.8448867797851562,0.0,0.0,479
nan,nan,0.05420776456594467,0.02269740030169487,0.05420776456594467,0.02269740030169487,nan,nan,nan,nan,2.842475175857544,0.0,2.8274333477020264,0.0,0.0,0.0,2.8274333477020264,0.0,0.0,480
nan,nan,0.05420776456594467,0.02269740030169487,0.05420776456594467,0.02269740030169487,nan,nan,nan,nan,2.764312744140625,0.0,2.757620334625244,0.0,0.0,0.0,2.757620334625244,0.0,0.0,481
nan,nan,0.05420776456594467,0.02269740030169487,0.05420776456594467,0.02269740030169487,nan,nan,nan,nan,2.8001744747161865,0.0,2.7925267219543457,0.0,0.0,0.0,2.7925267219543457,0.0,0.0,482
nan,nan,0.05420335382223129,0.022665292024612427,0.05420335382223129,0.022665292024612427,nan,nan,nan,nan,2.7462239265441895,0.0,2.7401669025421143,0.0,0.0,0.0,2.7401669025421143,0.0,0.0,483
nan,nan,0.05409737303853035,0.02182786352932453,0.05409737303853035,0.02182786352932453,nan,nan,nan,nan,2.7398855686187744,0.0,2.7227137088775635,0.0,0.0,0.0,2.7227137088775635,0.0,0.0,484
nan,nan,0.05409737303853035,0.02182786352932453,0.05409737303853035,0.02182786352932453,nan,nan,nan,nan,2.696073293685913,0.0,2.687807083129883,0.0,0.0,0.0,2.687807083129883,0.0,0.0,485
nan,nan,0.05409737303853035,0.02182786352932453,0.05409737303853035,0.02182786352932453,nan,nan,nan,nan,2.714571952819824,0.0,2.7052602767944336,0.0,0.0,0.0,2.7052602767944336,0.0,0.0,486
nan,nan,0.05409737303853035,0.02182786352932453,0.05409737303853035,0.02182786352932453,nan,nan,nan,nan,2.6796934604644775,0.0,2.670353651046753,0.0,0.0,0.0,2.670353651046753,0.0,0.0,487
nan,nan,0.05409737303853035,0.02182786352932453,0.05409737303853035,0.02182786352932453,nan,nan,nan,nan,2.7271223068237305,0.0,2.7227137088775635,0.0,0.0,0.0,2.7227137088775635,0.0,0.0,488
nan,nan,0.05409737303853035,0.02182786352932453,0.05409737303853035,0.02182786352932453,nan,nan,nan,nan,2.772608518600464,0.0,2.757620334625244,0.0,0.0,0.0,2.757620334625244,0.0,0.0,489
nan,nan,0.05409737303853035,0.02182786352932453,0.05409737303853035,0.02182786352932453,nan,nan,nan,nan,2.7284278869628906,0.0,2.7227137088775635,0.0,0.0,0.0,2.7227137088775635,0.0,0.0,490
nan,nan,0.05406947061419487,0.02181333489716053,0.05406947061419487,0.02181333489716053,nan,nan,nan,nan,2.7526803016662598,0.0,2.7401669025421143,0.0,0.0,0.0,2.7401669025421143,0.0,0.0,491
nan,nan,0.05406947061419487,0.02181333489716053,0.05406947061419487,0.02181333489716053,nan,nan,nan,nan,2.7451910972595215,0.0,2.7401669025421143,0.0,0.0,0.0,2.7401669025421143,0.0,0.0,492
nan,nan,0.05406947061419487,0.02181333489716053,0.05406947061419487,0.02181333489716053,nan,nan,nan,nan,2.7144699096679688,0.0,2.7052602767944336,0.0,0.0,0.0,2.7052602767944336,0.0,0.0,493
nan,nan,0.053974252194166183,0.021831193938851357,0.053974252194166183,0.021831193938851357,nan,nan,nan,nan,2.7462501525878906,0.0,2.7401669025421143,0.0,0.0,0.0,2.7401669025421143,0.0,0.0,494
nan,nan,0.053974252194166183,0.021831193938851357,0.053974252194166183,0.021831193938851357,nan,nan,nan,nan,2.701974391937256,0.0,2.687807083129883,0.0,0.0,0.0,2.687807083129883,0.0,0.0,495
nan,nan,0.053974252194166183,0.021831193938851357,0.053974252194166183,0.021831193938851357,nan,nan,nan,nan,2.621593713760376,0.0,2.6179938316345215,0.0,0.0,0.0,2.6179938316345215,0.0,0.0,496
nan,nan,0.053974252194166183,0.021831193938851357,0.053974252194166183,0.021831193938851357,nan,nan,nan,nan,2.633287191390991,0.0,2.6179938316345215,0.0,0.0,0.0,2.6179938316345215,0.0,0.0,497
nan,nan,0.053978901356458664,0.021803712472319603,0.053978901356458664,0.021803712472319603,nan,nan,nan,nan,2.658860921859741,0.0,2.652900457382202,0.0,0.0,0.0,2.652900457382202,0.0,0.0,498
nan,nan,0.053978901356458664,0.021803712472319603,0.053978901356458664,0.021803712472319603,nan,nan,nan,nan,2.638577699661255,0.0,2.6354472637176514,0.0,0.0,0.0,2.6354472637176514,0.0,0.0,499
nan,nan,0.053999219089746475,0.02220100164413452,0.053999219089746475,0.02220100164413452,nan,nan,nan,nan,2.6715424060821533,0.0,2.670353651046753,0.0,0.0,0.0,2.670353651046753,0.0,0.0,500
nan,nan,0.053999219089746475,0.02220100164413452,0.053999219089746475,0.02220100164413452,nan,nan,nan,nan,2.678757905960083,0.0,2.670353651046753,0.0,0.0,0.0,2.670353651046753,0.0,0.0,501
nan,nan,0.053999219089746475,0.02220100164413452,0.053999219089746475,0.02220100164413452,nan,nan,nan,nan,2.6963727474212646,0.0,2.687807083129883,0.0,0.0,0.0,2.687807083129883,0.0,0.0,502
nan,nan,0.053999219089746475,0.02220100164413452,0.053999219089746475,0.02220100164413452,nan,nan,nan,nan,2.7230899333953857,0.0,2.7227137088775635,0.0,0.0,0.0,2.7227137088775635,0.0,0.0,503
nan,nan,0.05400921031832695,0.02224118448793888,0.05400921031832695,0.02224118448793888,nan,nan,nan,nan,2.6863796710968018,0.0,2.670353651046753,0.0,0.0,0.0,2.670353651046753,0.0,0.0,504
nan,nan,0.05400921031832695,0.02224118448793888,0.05400921031832695,0.02224118448793888,nan,nan,nan,nan,2.6807703971862793,0.0,2.670353651046753,0.0,0.0,0.0,2.670353651046753,0.0,0.0,505
nan,nan,0.05400921031832695,0.02224118448793888,0.05400921031832695,0.02224118448793888,nan,nan,nan,nan,2.6766958236694336,0.0,2.670353651046753,0.0,0.0,0.0,2.670353651046753,0.0,0.0,506
nan,nan,0.05400921031832695,0.02224118448793888,0.05400921031832695,0.02224118448793888,nan,nan,nan,nan,2.7378246784210205,0.0,2.7227137088775635,0.0,0.0,0.0,2.7227137088775635,0.0,0.0,507
nan,nan,0.05400921031832695,0.02224118448793888,0.05400921031832695,0.02224118448793888,nan,nan,nan,nan,2.7453620433807373,0.0,2.7401669025421143,0.0,0.0,0.0,2.7401669025421143,0.0,0.0,508
nan,nan,0.05400921031832695,0.02224118448793888,0.05400921031832695,0.02224118448793888,nan,nan,nan,nan,2.744041681289673,0.0,2.7401669025421143,0.0,0.0,0.0,2.7401669025421143,0.0,0.0,509
nan,nan,0.05400921031832695,0.02224118448793888,0.05400921031832695,0.02224118448793888,nan,nan,nan,nan,2.7296695709228516,0.0,2.7227137088775635,0.0,0.0,0.0,2.7227137088775635,0.0,0.0,510
nan,nan,0.05400921031832695,0.02224118448793888,0.05400921031832695,0.02224118448793888,nan,nan,nan,nan,2.7477328777313232,0.0,2.7401669025421143,0.0,0.0,0.0,2.7401669025421143,0.0,0.0,511
nan,nan,0.05400921031832695,0.02224118448793888,0.05400921031832695,0.02224118448793888,nan,nan,nan,nan,2.73547625541687,0.0,2.7227137088775635,0.0,0.0,0.0,2.7227137088775635,0.0,0.0,512
nan,nan,0.05400921031832695,0.02224118448793888,0.05400921031832695,0.02224118448793888,nan,nan,nan,nan,2.712186098098755,0.0,2.7052602767944336,0.0,0.0,0.0,2.7052602767944336,0.0,0.0,513
nan,nan,0.05400921031832695,0.02224118448793888,0.05400921031832695,0.02224118448793888,nan,nan,nan,nan,2.7360591888427734,0.0,2.7227137088775635,0.0,0.0,0.0,2.7227137088775635,0.0,0.0,514
nan,nan,0.054007209837436676,0.022176699712872505,0.054007209837436676,0.022176699712872505,nan,nan,nan,nan,2.6850922107696533,0.0,2.670353651046753,0.0,0.0,0.0,2.670353651046753,0.0,0.0,515
nan,nan,0.054007209837436676,0.022176699712872505,0.054007209837436676,0.022176699712872505,nan,nan,nan,nan,2.676647424697876,0.0,2.670353651046753,0.0,0.0,0.0,2.670353651046753,0.0,0.0,516
nan,nan,0.054007209837436676,0.022176699712872505,0.054007209837436676,0.022176699712872505,nan,nan,nan,nan,2.6439430713653564,0.0,2.6354472637176514,0.0,0.0,0.0,2.6354472637176514,0.0,0.0,517
nan,nan,0.054007209837436676,0.022176699712872505,0.054007209837436676,0.022176699712872505,nan,nan,nan,nan,2.655392646789551,0.0,2.652900457382202,0.0,0.0,0.0,2.652900457382202,0.0,0.0,518
nan,nan,0.054007209837436676,0.022176699712872505,0.054007209837436676,0.022176699712872505,nan,nan,nan,nan,2.67779541015625,0.0,2.670353651046753,0.0,0.0,0.0,2.670353651046753,0.0,0.0,519
nan,nan,0.054007209837436676,0.022176699712872505,0.054007209837436676,0.022176699712872505,nan,nan,nan,nan,2.6481010913848877,0.0,2.6354472637176514,0.0,0.0,0.0,2.6354472637176514,0.0,0.0,520
nan,nan,0.054007209837436676,0.022176699712872505,0.054007209837436676,0.022176699712872505,nan,nan,nan,nan,2.6497113704681396,0.0,2.6354472637176514,0.0,0.0,0.0,2.6354472637176514,0.0,0.0,521
nan,nan,0.054007209837436676,0.022176699712872505,0.054007209837436676,0.022176699712872505,nan,nan,nan,nan,2.582001209259033,0.0,2.56563401222229,0.0,0.0,0.0,2.56563401222229,0.0,0.0,522
nan,nan,0.054007209837436676,0.022176699712872505,0.054007209837436676,0.022176699712872505,nan,nan,nan,nan,2.618136405944824,0.0,2.6179938316345215,0.0,0.0,0.0,2.6179938316345215,0.0,0.0,523
nan,nan,0.054007209837436676,0.022176699712872505,0.054007209837436676,0.022176699712872505,nan,nan,nan,nan,2.614453077316284,0.0,2.6005406379699707,0.0,0.0,0.0,2.6005406379699707,0.0,0.0,524
nan,nan,0.054007209837436676,0.022176699712872505,0.054007209837436676,0.022176699712872505,nan,nan,nan,nan,2.5753917694091797,0.0,2.56563401222229,0.0,0.0,0.0,2.56563401222229,0.0,0.0,525
nan,nan,0.054007209837436676,0.022176699712872505,0.054007209837436676,0.022176699712872505,nan,nan,nan,nan,2.6093404293060303,0.0,2.6005406379699707,0.0,0.0,0.0,2.6005406379699707,0.0,0.0,526
nan,nan,0.054007209837436676,0.022176699712872505,0.054007209837436676,0.022176699712872505,nan,nan,nan,nan,2.5950238704681396,0.0,2.583087205886841,0.0,0.0,0.0,2.583087205886841,0.0,0.0,527
nan,nan,0.054007209837436676,0.022176699712872505,0.054007209837436676,0.022176699712872505,nan,nan,nan,nan,2.620176315307617,0.0,2.6179938316345215,0.0,0.0,0.0,2.6179938316345215,0.0,0.0,528
nan,nan,0.054007209837436676,0.022176699712872505,0.054007209837436676,0.022176699712872505,nan,nan,nan,nan,2.6657943725585938,0.0,2.652900457382202,0.0,0.0,0.0,2.652900457382202,0.0,0.0,529
nan,nan,0.054007209837436676,0.022176699712872505,0.054007209837436676,0.022176699712872505,nan,nan,nan,nan,2.6807680130004883,0.0,2.670353651046753,0.0,0.0,0.0,2.670353651046753,0.0,0.0,530
nan,nan,0.054007209837436676,0.022176699712872505,0.054007209837436676,0.022176699712872505,nan,nan,nan,nan,2.6253552436828613,0.0,2.6179938316345215,0.0,0.0,0.0,2.6179938316345215,0.0,0.0,531
nan,nan,0.054007209837436676,0.022176699712872505,0.054007209837436676,0.022176699712872505,nan,nan,nan,nan,2.6852011680603027,0.0,2.670353651046753,0.0,0.0,0.0,2.670353651046753,0.0,0.0,532
nan,nan,0.054007209837436676,0.022176699712872505,0.054007209837436676,0.022176699712872505,nan,nan,nan,nan,2.631462574005127,0.0,2.6179938316345215,0.0,0.0,0.0,2.6179938316345215,0.0,0.0,533
nan,nan,0.05402536317706108,0.02213078923523426,0.05402536317706108,0.02213078923523426,nan,nan,nan,nan,2.6382699012756348,0.0,2.6354472637176514,0.0,0.0,0.0,2.6354472637176514,0.0,0.0,534
nan,nan,0.05402536317706108,0.02213078923523426,0.05402536317706108,0.02213078923523426,nan,nan,nan,nan,2.6445491313934326,0.0,2.6354472637176514,0.0,0.0,0.0,2.6354472637176514,0.0,0.0,535
nan,nan,0.05403131991624832,0.022115668281912804,0.05403131991624832,0.022115668281912804,nan,nan,nan,nan,2.652426242828369,0.0,2.6354472637176514,0.0,0.0,0.0,2.6354472637176514,0.0,0.0,536
nan,nan,0.05403131991624832,0.022115668281912804,0.05403131991624832,0.022115668281912804,nan,nan,nan,nan,2.6556544303894043,0.0,2.652900457382202,0.0,0.0,0.0,2.652900457382202,0.0,0.0,537
nan,nan,0.05403131991624832,0.022115668281912804,0.05403131991624832,0.022115668281912804,nan,nan,nan,nan,2.669564723968506,0.0,2.652900457382202,0.0,0.0,0.0,2.652900457382202,0.0,0.0,538
nan,nan,0.05403131991624832,0.022115668281912804,0.05403131991624832,0.022115668281912804,nan,nan,nan,nan,2.6366260051727295,0.0,2.6354472637176514,0.0,0.0,0.0,2.6354472637176514,0.0,0.0,539
nan,nan,0.05403131991624832,0.022115668281912804,0.05403131991624832,0.022115668281912804,nan,nan,nan,nan,2.6646642684936523,0.0,2.652900457382202,0.0,0.0,0.0,2.652900457382202,0.0,0.0,540
nan,nan,0.05403131991624832,0.022115668281912804,0.05403131991624832,0.022115668281912804,nan,nan,nan,nan,2.6275365352630615,0.0,2.6179938316345215,0.0,0.0,0.0,2.6179938316345215,0.0,0.0,541
nan,nan,0.05403131991624832,0.022115668281912804,0.05403131991624832,0.022115668281912804,nan,nan,nan,nan,2.577134609222412,0.0,2.56563401222229,0.0,0.0,0.0,2.56563401222229,0.0,0.0,542
nan,nan,0.05403131991624832,0.022115668281912804,0.05403131991624832,0.022115668281912804,nan,nan,nan,nan,2.5331156253814697,0.0,2.5307273864746094,0.0,0.0,0.0,2.5307273864746094,0.0,0.0,543
nan,nan,0.05403131991624832,0.022115668281912804,0.05403131991624832,0.022115668281912804,nan,nan,nan,nan,2.535963773727417,0.0,2.5307273864746094,0.0,0.0,0.0,2.5307273864746094,0.0,0.0,544
nan,nan,0.05403131991624832,0.022115668281912804,0.05403131991624832,0.022115668281912804,nan,nan,nan,nan,2.4936935901641846,0.0,2.478367567062378,0.0,0.0,0.0,2.478367567062378,0.0,0.0,545
nan,nan,0.05401080846786499,0.02218368835747242,0.05401080846786499,0.02218368835747242,nan,nan,nan,nan,2.5355989933013916,0.0,2.5307273864746094,0.0,0.0,0.0,2.5307273864746094,0.0,0.0,546
nan,nan,0.05390772596001625,0.022512363269925117,0.05390772596001625,0.022512363269925117,nan,nan,nan,nan,2.466681480407715,0.0,2.460914134979248,0.0,0.0,0.0,2.460914134979248,0.0,0.0,547
nan,nan,0.05390772596001625,0.022512363269925117,0.05390772596001625,0.022512363269925117,nan,nan,nan,nan,2.507174015045166,0.0,2.4958207607269287,0.0,0.0,0.0,2.4958207607269287,0.0,0.0,548
nan,nan,0.05390772596001625,0.022512363269925117,0.05390772596001625,0.022512363269925117,nan,nan,nan,nan,2.499613046646118,0.0,2.4958207607269287,0.0,0.0,0.0,2.4958207607269287,0.0,0.0,549
nan,nan,0.05390772596001625,0.022512363269925117,0.05390772596001625,0.022512363269925117,nan,nan,nan,nan,2.492175579071045,0.0,2.478367567062378,0.0,0.0,0.0,2.478367567062378,0.0,0.0,550
nan,nan,0.05390772596001625,0.022512363269925117,0.05390772596001625,0.022512363269925117,nan,nan,nan,nan,2.4768970012664795,0.0,2.460914134979248,0.0,0.0,0.0,2.460914134979248,0.0,0.0,551
nan,nan,0.05390772596001625,0.022512363269925117,0.05390772596001625,0.022512363269925117,nan,nan,nan,nan,2.454747438430786,0.0,2.4434609413146973,0.0,0.0,0.0,2.4434609413146973,0.0,0.0,552
nan,nan,0.053914476186037064,0.022483794018626213,0.053914476186037064,0.022483794018626213,nan,nan,nan,nan,2.42525315284729,0.0,2.4085543155670166,0.0,0.0,0.0,2.4085543155670166,0.0,0.0,553
nan,nan,0.05364033207297325,0.02223106473684311,0.05364033207297325,0.02223106473684311,nan,nan,nan,nan,2.4007556438446045,0.0,2.391101121902466,0.0,0.0,0.0,2.391101121902466,0.0,0.0,554
nan,nan,0.05364033207297325,0.02223106473684311,0.05364033207297325,0.02223106473684311,nan,nan,nan,nan,2.3564794063568115,0.0,2.356194496154785,0.0,0.0,0.0,2.356194496154785,0.0,0.0,555
nan,nan,0.05354747176170349,0.0222134031355381,0.05354747176170349,0.0222134031355381,nan,nan,nan,nan,2.3582346439361572,0.0,2.356194496154785,0.0,0.0,0.0,2.356194496154785,0.0,0.0,556
nan,nan,0.05354747176170349,0.0222134031355381,0.05354747176170349,0.0222134031355381,nan,nan,nan,nan,2.371967077255249,0.0,2.356194496154785,0.0,0.0,0.0,2.356194496154785,0.0,0.0,557
nan,nan,0.05354747176170349,0.0222134031355381,0.05354747176170349,0.0222134031355381,nan,nan,nan,nan,2.361389398574829,0.0,2.356194496154785,0.0,0.0,0.0,2.356194496154785,0.0,0.0,558
nan,nan,0.053567979484796524,0.02204999141395092,0.053567979484796524,0.02204999141395092,nan,nan,nan,nan,2.3783304691314697,0.0,2.373647689819336,0.0,0.0,0.0,2.373647689819336,0.0,0.0,559
nan,nan,0.053567979484796524,0.02204999141395092,0.053567979484796524,0.02204999141395092,nan,nan,nan,nan,2.4045493602752686,0.0,2.391101121902466,0.0,0.0,0.0,2.391101121902466,0.0,0.0,560
nan,nan,0.053567979484796524,0.02204999141395092,0.053567979484796524,0.02204999141395092,nan,nan,nan,nan,2.4044058322906494,0.0,2.391101121902466,0.0,0.0,0.0,2.391101121902466,0.0,0.0,561
nan,nan,0.053567979484796524,0.02204999141395092,0.053567979484796524,0.02204999141395092,nan,nan,nan,nan,2.4035379886627197,0.0,2.391101121902466,0.0,0.0,0.0,2.391101121902466,0.0,0.0,562
nan,nan,0.053567979484796524,0.02204999141395092,0.053567979484796524,0.02204999141395092,nan,nan,nan,nan,2.404804229736328,0.0,2.391101121902466,0.0,0.0,0.0,2.391101121902466,0.0,0.0,563
nan,nan,0.053567979484796524,0.02204999141395092,0.053567979484796524,0.02204999141395092,nan,nan,nan,nan,2.378146171569824,0.0,2.373647689819336,0.0,0.0,0.0,2.373647689819336,0.0,0.0,564
nan,nan,0.053567979484796524,0.02204999141395092,0.053567979484796524,0.02204999141395092,nan,nan,nan,nan,2.3300280570983887,0.0,2.3212878704071045,0.0,0.0,0.0,2.3212878704071045,0.0,0.0,565
nan,nan,0.05346092954277992,0.021922869607806206,0.05346092954277992,0.021922869607806206,nan,nan,nan,nan,2.3195888996124268,0.0,2.3038346767425537,0.0,0.0,0.0,2.3038346767425537,0.0,0.0,566
nan,nan,0.05346092954277992,0.021922869607806206,0.05346092954277992,0.021922869607806206,nan,nan,nan,nan,2.361051082611084,0.0,2.356194496154785,0.0,0.0,0.0,2.356194496154785,0.0,0.0,567
nan,nan,0.05346092954277992,0.021922869607806206,0.05346092954277992,0.021922869607806206,nan,nan,nan,nan,2.365894079208374,0.0,2.356194496154785,0.0,0.0,0.0,2.356194496154785,0.0,0.0,568
nan,nan,0.05346092954277992,0.021922869607806206,0.05346092954277992,0.021922869607806206,nan,nan,nan,nan,2.361287832260132,0.0,2.356194496154785,0.0,0.0,0.0,2.356194496154785,0.0,0.0,569
nan,nan,0.05346092954277992,0.021922869607806206,0.05346092954277992,0.021922869607806206,nan,nan,nan,nan,2.3605246543884277,0.0,2.356194496154785,0.0,0.0,0.0,2.356194496154785,0.0,0.0,570
nan,nan,0.05346092954277992,0.021922869607806206,0.05346092954277992,0.021922869607806206,nan,nan,nan,nan,2.385009288787842,0.0,2.373647689819336,0.0,0.0,0.0,2.373647689819336,0.0,0.0,571
nan,nan,0.05346092954277992,0.021922869607806206,0.05346092954277992,0.021922869607806206,nan,nan,nan,nan,2.4062304496765137,0.0,2.391101121902466,0.0,0.0,0.0,2.391101121902466,0.0,0.0,572
nan,nan,0.05346092954277992,0.021922869607806206,0.05346092954277992,0.021922869607806206,nan,nan,nan,nan,2.3791282176971436,0.0,2.373647689819336,0.0,0.0,0.0,2.373647689819336,0.0,0.0,573
nan,nan,0.05346092954277992,0.021922869607806206,0.05346092954277992,0.021922869607806206,nan,nan,nan,nan,2.385056734085083,0.0,2.373647689819336,0.0,0.0,0.0,2.373647689819336,0.0,0.0,574
nan,nan,0.05346092954277992,0.021922869607806206,0.05346092954277992,0.021922869607806206,nan,nan,nan,nan,2.3683855533599854,0.0,2.356194496154785,0.0,0.0,0.0,2.356194496154785,0.0,0.0,575
nan,nan,0.05346092954277992,0.021922869607806206,0.05346092954277992,0.021922869607806206,nan,nan,nan,nan,2.3584651947021484,0.0,2.356194496154785,0.0,0.0,0.0,2.356194496154785,0.0,0.0,576
nan,nan,0.05346092954277992,0.021922869607806206,0.05346092954277992,0.021922869607806206,nan,nan,nan,nan,2.3510968685150146,0.0,2.3387413024902344,0.0,0.0,0.0,2.3387413024902344,0.0,0.0,577
nan,nan,0.05346092954277992,0.021922869607806206,0.05346092954277992,0.021922869607806206,nan,nan,nan,nan,2.3248372077941895,0.0,2.3212878704071045,0.0,0.0,0.0,2.3212878704071045,0.0,0.0,578
nan,nan,0.05346092954277992,0.021922869607806206,0.05346092954277992,0.021922869607806206,nan,nan,nan,nan,2.3064658641815186,0.0,2.3038346767425537,0.0,0.0,0.0,2.3038346767425537,0.0,0.0,579
nan,nan,0.05346092954277992,0.021922869607806206,0.05346092954277992,0.021922869607806206,nan,nan,nan,nan,2.2986836433410645,0.0,2.286381244659424,0.0,0.0,0.0,2.286381244659424,0.0,0.0,580
nan,nan,0.05341725051403046,0.021954774856567383,0.05341725051403046,0.021954774856567383,nan,nan,nan,nan,2.2921340465545654,0.0,2.286381244659424,0.0,0.0,0.0,2.286381244659424,0.0,0.0,581
nan,nan,0.05336575210094452,0.021966077387332916,0.05336575210094452,0.021966077387332916,nan,nan,nan,nan,2.2720155715942383,0.0,2.268928050994873,0.0,0.0,0.0,2.268928050994873,0.0,0.0,582
nan,nan,0.05336575210094452,0.021966077387332916,0.05336575210094452,0.021966077387332916,nan,nan,nan,nan,2.228097677230835,0.0,2.2165682315826416,0.0,0.0,0.0,2.2165682315826416,0.0,0.0,583
nan,nan,0.05336575210094452,0.021966077387332916,0.05336575210094452,0.021966077387332916,nan,nan,nan,nan,2.188210964202881,0.0,2.181661605834961,0.0,0.0,0.0,2.181661605834961,0.0,0.0,584
nan,nan,0.05336575210094452,0.021966077387332916,0.05336575210094452,0.021966077387332916,nan,nan,nan,nan,2.1782443523406982,0.0,2.164208173751831,0.0,0.0,0.0,2.164208173751831,0.0,0.0,585
nan,nan,0.05348334088921547,0.021783068776130676,0.05348334088921547,0.021783068776130676,nan,nan,nan,nan,2.1587741374969482,0.0,2.1467549800872803,0.0,0.0,0.0,2.1467549800872803,0.0,0.0,586
nan,nan,0.05347813665866852,0.021466735750436783,0.05347813665866852,0.021466735750436783,nan,nan,nan,nan,2.202340841293335,0.0,2.1991147994995117,0.0,0.0,0.0,2.1991147994995117,0.0,0.0,587
nan,nan,0.05347813665866852,0.021466735750436783,0.05347813665866852,0.021466735750436783,nan,nan,nan,nan,2.1556239128112793,0.0,2.1467549800872803,0.0,0.0,0.0,2.1467549800872803,0.0,0.0,588
nan,nan,0.05347813665866852,0.021466735750436783,0.05347813665866852,0.021466735750436783,nan,nan,nan,nan,2.126593828201294,0.0,2.1118483543395996,0.0,0.0,0.0,2.1118483543395996,0.0,0.0,589
nan,nan,0.05347813665866852,0.021466735750436783,0.05347813665866852,0.021466735750436783,nan,nan,nan,nan,2.1125547885894775,0.0,2.1118483543395996,0.0,0.0,0.0,2.1118483543395996,0.0,0.0,590
nan,nan,0.05347813665866852,0.021466735750436783,0.05347813665866852,0.021466735750436783,nan,nan,nan,nan,2.1107029914855957,0.0,2.094395160675049,0.0,0.0,0.0,2.094395160675049,0.0,0.0,591
nan,nan,0.05347813665866852,0.021466735750436783,0.05347813665866852,0.021466735750436783,nan,nan,nan,nan,2.088339328765869,0.0,2.076941728591919,0.0,0.0,0.0,2.076941728591919,0.0,0.0,592
nan,nan,0.05347813665866852,0.021466735750436783,0.05347813665866852,0.021466735750436783,nan,nan,nan,nan,2.087158441543579,0.0,2.076941728591919,0.0,0.0,0.0,2.076941728591919,0.0,0.0,593
nan,nan,0.05347813665866852,0.021466735750436783,0.05347813665866852,0.021466735750436783,nan,nan,nan,nan,2.117814540863037,0.0,2.1118483543395996,0.0,0.0,0.0,2.1118483543395996,0.0,0.0,594
nan,nan,0.05347813665866852,0.021466735750436783,0.05347813665866852,0.021466735750436783,nan,nan,nan,nan,2.096611738204956,0.0,2.094395160675049,0.0,0.0,0.0,2.094395160675049,0.0,0.0,595
nan,nan,0.05347813665866852,0.021466735750436783,0.05347813665866852,0.021466735750436783,nan,nan,nan,nan,2.0752594470977783,0.0,2.059488534927368,0.0,0.0,0.0,2.059488534927368,0.0,0.0,596
nan,nan,0.05347813665866852,0.021466735750436783,0.05347813665866852,0.021466735750436783,nan,nan,nan,nan,2.0413169860839844,0.0,2.0245819091796875,0.0,0.0,0.0,2.0245819091796875,0.0,0.0,597
nan,nan,0.053439635783433914,0.021492183208465576,0.053439635783433914,0.021492183208465576,nan,nan,nan,nan,2.086591958999634,0.0,2.076941728591919,0.0,0.0,0.0,2.076941728591919,0.0,0.0,598
nan,nan,0.05345940217375755,0.02125820331275463,0.05345940217375755,0.02125820331275463,nan,nan,nan,nan,2.0822830200195312,0.0,2.076941728591919,0.0,0.0,0.0,2.076941728591919,0.0,0.0,599
nan,nan,0.05345940217375755,0.02125820331275463,0.05345940217375755,0.02125820331275463,nan,nan,nan,nan,2.0661489963531494,0.0,2.059488534927368,0.0,0.0,0.0,2.059488534927368,0.0,0.0,600
nan,nan,0.05345940217375755,0.02125820331275463,0.05345940217375755,0.02125820331275463,nan,nan,nan,nan,2.1626131534576416,0.0,2.1467549800872803,0.0,0.0,0.0,2.1467549800872803,0.0,0.0,601
nan,nan,0.05345940217375755,0.02125820331275463,0.05345940217375755,0.02125820331275463,nan,nan,nan,nan,2.1828417778015137,0.0,2.181661605834961,0.0,0.0,0.0,2.181661605834961,0.0,0.0,602
nan,nan,0.05345940217375755,0.02125820331275463,0.05345940217375755,0.02125820331275463,nan,nan,nan,nan,2.156672716140747,0.0,2.1467549800872803,0.0,0.0,0.0,2.1467549800872803,0.0,0.0,603
nan,nan,0.05345940217375755,0.02125820331275463,0.05345940217375755,0.02125820331275463,nan,nan,nan,nan,2.155958414077759,0.0,2.1467549800872803,0.0,0.0,0.0,2.1467549800872803,0.0,0.0,604
nan,nan,0.05345940217375755,0.02125820331275463,0.05345940217375755,0.02125820331275463,nan,nan,nan,nan,2.147603988647461,0.0,2.1467549800872803,0.0,0.0,0.0,2.1467549800872803,0.0,0.0,605
nan,nan,0.05345940217375755,0.02125820331275463,0.05345940217375755,0.02125820331275463,nan,nan,nan,nan,2.122413396835327,0.0,2.1118483543395996,0.0,0.0,0.0,2.1118483543395996,0.0,0.0,606
nan,nan,0.05345940217375755,0.02125820331275463,0.05345940217375755,0.02125820331275463,nan,nan,nan,nan,2.126591444015503,0.0,2.1118483543395996,0.0,0.0,0.0,2.1118483543395996,0.0,0.0,607
nan,nan,0.05345940217375755,0.02125820331275463,0.05345940217375755,0.02125820331275463,nan,nan,nan,nan,2.120563507080078,0.0,2.1118483543395996,0.0,0.0,0.0,2.1118483543395996,0.0,0.0,608
nan,nan,0.05345940217375755,0.02125820331275463,0.05345940217375755,0.02125820331275463,nan,nan,nan,nan,2.076143503189087,0.0,2.059488534927368,0.0,0.0,0.0,2.059488534927368,0.0,0.0,609
nan,nan,0.05345940217375755,0.02125820331275463,0.05345940217375755,0.02125820331275463,nan,nan,nan,nan,2.049027681350708,0.0,2.0420353412628174,0.0,0.0,0.0,2.0420353412628174,0.0,0.0,610
nan,nan,0.05345940217375755,0.02125820331275463,0.05345940217375755,0.02125820331275463,nan,nan,nan,nan,2.086916208267212,0.0,2.076941728591919,0.0,0.0,0.0,2.076941728591919,0.0,0.0,611
nan,nan,0.05345940217375755,0.02125820331275463,0.05345940217375755,0.02125820331275463,nan,nan,nan,nan,2.116156816482544,0.0,2.1118483543395996,0.0,0.0,0.0,2.1118483543395996,0.0,0.0,612
nan,nan,0.05345940217375755,0.02125820331275463,0.05345940217375755,0.02125820331275463,nan,nan,nan,nan,2.165466070175171,0.0,2.164208173751831,0.0,0.0,0.0,2.164208173751831,0.0,0.0,613
nan,nan,0.05345940217375755,0.02125820331275463,0.05345940217375755,0.02125820331275463,nan,nan,nan,nan,2.094770669937134,0.0,2.094395160675049,0.0,0.0,0.0,2.094395160675049,0.0,0.0,614
