est_x,est_y,odom_x,odom_y,gt_x,gt_y,cov_x,cov_y,cov_xy,cov_yx,heading_cmd,speed_cmd,heading,speed,setpoint_x,setpoint_y,gt_heading,gt_speed,collision,step
nan,nan,-0.5,-0.5,-0.5,-0.5,nan,nan,nan,nan,0.0,0.0,-0.0053566936403512955,0.0,0.5,0.5,0.0,0.0,0.0,1
-0.4943830668926239,-0.479744017124176,-0.5,-0.5,-0.5,-0.5,0.0007766865310259163,0.0007766865310259163,0.0,0.0,0.0025269410107284784,0.0,-0.004510411527007818,0.0,0.5,0.5,0.0025269410107284784,0.0,0.0,2
-0.5118809938430786,-0.49332672357559204,-0.5,-0.5,-0.5,-0.5,0.0006350140320137143,0.0006603853544220328,0.0,0.0,0.0016987649723887444,0.0,-0.02155154198408127,0.0,0.5,0.5,0.0016987649723887444,0.0,0.0,3
-0.5116633176803589,-0.5090581774711609,-0.4999772012233734,-0.4993596076965332,-0.49996721744537354,-0.49920129776000977,0.0005781002691946924,0.0005702384514734149,0.0,0.0,0.041036512702703476,0.00800000037997961,0.035593923181295395,0.0064080217853188515,0.5,0.5,0.041036512702703476,0.007993810810148716,0.0,4
-0.5046299695968628,-0.496154248714447,-0.49995869398117065,-0.4975845217704773,-0.4999399185180664,-0.4976019859313965,0.0005429335287772119,0.0004959141369909048,0.0,0.0,0.017073430120944977,0.01600000075995922,0.010421483777463436,0.017751924693584442,0.5,0.5,0.017073430120944977,0.015995405614376068,0.0,5
-0.49422958493232727,-0.4942275285720825,-0.5000239014625549,-0.4950769245624542,-0.4999912977218628,-0.4952043294906616,0.0005205536144785583,0.0004898185143247247,0.0,0.0,-0.021429898217320442,0.024000000208616257,-0.02600715681910515,0.025084322318434715,0.5,0.5,-0.021429898217320442,0.0239822119474411,0.0,6
-0.50566166639328,-0.4944927394390106,-0.4999457895755768,-0.49170422554016113,-0.4999241530895233,-0.49200791120529175,0.0005060426192358136,0.0004857640014961362,0.0,0.0,0.021005460992455482,0.03200000151991844,0.023152051493525505,0.033736057579517365,0.5,0.5,0.021005460992455482,0.031971193850040436,0.0,7
-0.5109654068946838,-0.49257513880729675,-0.4998353123664856,-0.48781073093414307,-0.49979567527770996,-0.4888730049133301,0.0004965196130797267,0.00046406572801060975,0.0,0.0,0.04095769301056862,0.03138156607747078,0.028367038816213608,0.03895065560936928,0.5,0.5,0.04095769301056862,0.03137531876564026,0.0,8
-0.4966847896575928,-0.4818146228790283,-0.4998283088207245,-0.4836283326148987,-0.4998369812965393,-0.4856741726398468,0.00045188196236267686,0.0004684522864408791,0.0,0.0,-0.012908217497169971,0.03203754499554634,0.0016719894483685493,0.04182392731308937,0.5,0.5,-0.012908217497169971,0.03199107572436333,0.0,9
-0.48071637749671936,-0.46761152148246765,-0.5000954866409302,-0.48026907444000244,-0.5000783205032349,-0.4826377332210541,0.00046015792759135365,0.00045289992704056203,0.0,0.0,-0.07931683212518692,0.030527353286743164,-0.07936137169599533,0.03369878605008125,0.5,0.5,-0.07931683212518692,0.030460065230727196,0.0,10
-0.49591439962387085,-0.46385622024536133,-0.5001665949821472,-0.47781291604042053,-0.5001259446144104,-0.4798523783683777,0.0004475066380109638,0.0004427638777997345,0.0,0.0,-0.01710323989391327,0.027911676093935966,-0.02894441969692707,0.024571901187300682,0.5,0.5,-0.01710323989391327,0.02785767801105976,0.0,11
-0.5005345940589905,-0.4741942584514618,-0.5001491904258728,-0.4746157228946686,-0.5001187920570374,-0.47652459144592285,0.00043922540498897433,0.00043610366992652416,0.0,0.0,0.002145271748304367,0.03328422084450722,0.005434968043118715,0.031972452998161316,0.5,0.5,0.002145271748304367,0.03327805548906326,0.0,12
-0.48616132140159607,-0.4596749246120453,-0.500347912311554,-0.47121521830558777,-0.5002992749214172,-0.4734642207622528,0.00045146967750042677,0.00044931532465852797,0.0,0.0,-0.058901309967041016,0.03071415424346924,-0.05838102102279663,0.034063104540109634,0.5,0.5,-0.058901309967041016,0.03065694123506546,0.0,13
-0.4796842634677887,-0.4649571478366852,-0.5006754994392395,-0.46762868762016296,-0.5005637407302856,-0.4703405499458313,0.00045987608609721065,0.0004584019770845771,0.0,0.0,-0.08446264266967773,0.031358715146780014,-0.09107791632413864,0.036014705896377563,0.5,0.5,-0.08446264266967773,0.03134847432374954,0.0,14
-0.48335209488868713,-0.4449928402900696,-0.5008406043052673,-0.46555113792419434,-0.5007621645927429,-0.46771836280822754,0.0004656077071558684,0.0004463612276595086,0.0,0.0,-0.07553080469369888,0.026298033073544502,-0.07930643856525421,0.020840859040617943,0.5,0.5,-0.07553080469369888,0.026296984404325485,0.0,15
-0.4981960654258728,-0.440848171710968,-0.5008940696716309,-0.4621896743774414,-0.5007832050323486,-0.4652000367641449,0.000451053463621065,0.0004563772235997021,0.0,0.0,-0.00835723802447319,0.025241030380129814,-0.015903295949101448,0.03361888229846954,0.5,0.5,-0.00835723802447319,0.025184104219079018,0.0,16
-0.501227855682373,-0.42856359481811523,-0.5008675456047058,-0.4590831398963928,-0.5007675886154175,-0.4626084864139557,0.00044155382784083486,0.00044503886601887643,0.0,0.0,0.006031728349626064,0.025918608531355858,0.008529582060873508,0.031066598370671272,0.5,0.5,0.006031728349626064,0.025915926322340965,0.0,17
-0.49969080090522766,-0.43689247965812683,-0.5008556842803955,-0.45575496554374695,-0.500771701335907,-0.4597752094268799,0.00045307358959689736,0.0004376022843644023,0.0,0.0,-0.0014592852676287293,0.02833370491862297,0.0035675433464348316,0.03328185901045799,0.5,0.5,-0.0014592852676287293,0.02833290956914425,0.0,18
-0.501355767250061,-0.4476442337036133,-0.5008590221405029,-0.4525439143180847,-0.5007540583610535,-0.4568747580051422,0.0004428776155691594,0.0004503500822465867,0.0,0.0,0.006089416332542896,0.029005857184529305,-0.0010412645060569048,0.032110605388879776,0.5,0.5,0.006089416332542896,0.029005032032728195,0.0,19
-0.5216817259788513,-0.4427114725112915,-0.500597357749939,-0.4498962163925171,-0.5005002021789551,-0.45432576537132263,0.0004539843648672104,0.0004410924739204347,0.0,0.0,0.09926185011863708,0.025727706030011177,0.09850483387708664,0.02660590596497059,0.5,0.5,0.09926185011863708,0.0256161130964756,0.0,20
-0.5111733078956604,-0.4487929940223694,-0.5004030466079712,-0.44656822085380554,-0.5003630518913269,-0.45157861709594727,0.0004615940270014107,0.0004527560085989535,0.0,0.0,0.049885571002960205,0.027539363130927086,0.05832289904356003,0.03333675488829613,0.5,0.5,0.049885571002960205,0.027505800127983093,0.0,21
-0.50169837474823,-0.4383644163608551,-0.5003871917724609,-0.44417309761047363,-0.5003409385681152,-0.4487980008125305,0.00046677509089931846,0.00046075519639998674,0.0,0.0,0.00795975886285305,0.02783152647316456,0.0066093080677092075,0.02395188994705677,0.5,0.5,0.00795975886285305,0.027807068079710007,0.0,22
-0.5148157477378845,-0.43480756878852844,-0.5002168416976929,-0.44134101271629333,-0.5001506209373474,-0.44610294699668884,0.00047028757398948073,0.0004478959599509835,0.0,0.0,0.07049873471260071,0.027070557698607445,0.06006871908903122,0.02837205119431019,0.5,0.5,0.07049873471260071,0.027017636224627495,0.0,23
-0.5085106492042542,-0.4221112132072449,-0.5000603199005127,-0.43860629200935364,-0.5000572800636292,-0.4439416229724884,0.0004726619808934629,0.0004394812567625195,0.0,0.0,0.04315014183521271,0.02164136990904808,0.05717279016971588,0.027392081916332245,0.5,0.5,0.04315014183521271,0.021633276715874672,0.0,24
-0.5276386737823486,-0.41252467036247253,-0.4996874928474426,-0.43614017963409424,-0.4997217357158661,-0.4416649639606476,0.0004372144758235663,0.000433937442721799,0.0,0.0,0.1463334560394287,0.023135490715503693,0.1500457376241684,0.024941325187683105,0.5,0.5,0.1463334560394287,0.023012440651655197,0.0,25
-0.5194560885429382,-0.418099969625473,-0.49941134452819824,-0.4331592619419098,-0.49947553873062134,-0.4392213523387909,0.0004500824143178761,0.0004478177288547158,0.0,0.0,0.1004176065325737,0.02458571083843708,0.09238028526306152,0.029936684295535088,0.5,0.5,0.1004176065325737,0.02455979771912098,0.0,26
-0.5182258486747742,-0.4180944263935089,-0.4992528259754181,-0.4314778447151184,-0.4992470443248749,-0.43680059909820557,0.00045892709749750793,0.00045737603795714676,0.0,0.0,0.09410940855741501,0.02431558072566986,0.09399407356977463,0.016888681799173355,0.5,0.5,0.09410940855741501,0.02431509643793106,0.0,27
-0.5122053027153015,-0.41943666338920593,-0.49907127022743225,-0.42880502343177795,-0.4990699291229248,-0.4339788854122162,0.00042867468437179923,0.00044569140300154686,0.0,0.0,0.06269030272960663,0.028286756947636604,0.06782082468271255,0.026789657771587372,0.5,0.5,0.06269030272960663,0.02827279642224312,0.0,28
-0.5144343972206116,-0.42099106311798096,-0.49895694851875305,-0.42727094888687134,-0.4989023506641388,-0.4317032992839813,0.00044417023309506476,0.00045591755770146847,0.0,0.0,0.07351560145616531,0.022818854078650475,0.07438179105520248,0.015383157879114151,0.5,0.5,0.07351560145616531,0.022817516699433327,0.0,29
-0.4978797435760498,-0.41207650303840637,-0.4989624619483948,-0.4247320890426636,-0.4989290237426758,-0.4293510913848877,0.0004194202774669975,0.00044473842717707157,0.0,0.0,-0.011333171278238297,0.02360856719315052,-0.002166623482480645,0.02538873441517353,0.5,0.5,-0.011333171278238297,0.023523636162281036,0.0,30
-0.4929259121417999,-0.41368213295936584,-0.4990786015987396,-0.42269033193588257,-0.49901023507118225,-0.4271852672100067,0.0004205997393000871,0.00043740449473261833,0.0,0.0,-0.03747452422976494,0.02168094739317894,-0.05682412162423134,0.02045067772269249,0.5,0.5,-0.03747452422976494,0.02167353965342045,0.0,31
-0.4958660304546356,-0.4229186177253723,-0.49915143847465515,-0.41980692744255066,-0.4990650713443756,-0.4245603680610657,0.0004385483916848898,0.0004502135852817446,0.0,0.0,-0.020884163677692413,0.026258287951350212,-0.025252847000956535,0.028843116015195847,0.5,0.5,-0.020884163677692413,0.026254674419760704,0.0,32
-0.5008024573326111,-0.4074530601501465,-0.4991740882396698,-0.41830208897590637,-0.49905556440353394,-0.42240211367607117,0.00045100285205990076,0.00045901688281446695,0.0,0.0,0.004398012068122625,0.02158958651125431,-0.015044637955725193,0.015050035901367664,0.5,0.5,0.004398012068122625,0.02158268541097641,0.0,33
-0.49130842089653015,-0.4080713987350464,-0.4992833435535431,-0.41649165749549866,-0.4991554319858551,-0.42029890418052673,0.0004237154498696327,0.0004467624530661851,0.0,0.0,-0.04744086042046547,0.021084215492010117,-0.06026735156774521,0.018137365579605103,0.5,0.5,-0.04744086042046547,0.02105589210987091,0.0,34
-0.49696215987205505,-0.4026697278022766,-0.4993736445903778,-0.41376811265945435,-0.49919578433036804,-0.4179389774799347,0.0004407212254591286,0.0004387361987028271,0.0,0.0,-0.017096571624279022,0.023613616824150085,-0.03314806520938873,0.027250340208411217,0.5,0.5,-0.017096571624279022,0.023602746427059174,0.0,35
-0.49013611674308777,-0.40677309036254883,-0.49955490231513977,-0.4106958508491516,-0.4993251860141754,-0.4155544638633728,0.0004525003314483911,0.00043344515142962337,0.0,0.0,-0.05421161279082298,0.023896608501672745,-0.05892974138259888,0.03077613189816475,0.5,0.5,-0.05421161279082298,0.02388015203177929,0.0,36
-0.49070852994918823,-0.38560670614242554,-0.4996725916862488,-0.4087282121181488,-0.49942269921302795,-0.41386905312538147,0.00044250214705243707,0.0004299423308111727,0.0,0.0,-0.057787928730249405,0.016882451251149178,-0.05974298715591431,0.019711533561348915,0.5,0.5,-0.057787928730249405,0.016882343217730522,0.0,37
-0.49248066544532776,-0.3929639756679535,-0.4997073709964752,-0.4079645276069641,-0.4995019733905792,-0.41209810972213745,0.0004537261265795678,0.0004276168183423579,0.0,0.0,-0.04473762959241867,0.017728732898831367,-0.04551107808947563,0.007644654251635075,0.5,0.5,-0.04473762959241867,0.01772722229361534,0.0,38
-0.4995778799057007,-0.38827356696128845,-0.4996931552886963,-0.4060545563697815,-0.4995070993900299,-0.4101110100746155,0.00044330485980026424,0.00042607003706507385,0.0,0.0,-0.0025852813851088285,0.01988867111504078,0.007438700646162033,0.019100172445178032,0.5,0.5,-0.0025852813851088285,0.019871003925800323,0.0,39
-0.5038933753967285,-0.39818909764289856,-0.499580979347229,-0.4028065800666809,-0.4994519352912903,-0.40765663981437683,0.00045427813893184066,0.00042503990698605776,0.0,0.0,0.02247677929699421,0.024557597935199738,0.03452074155211449,0.03249917924404144,0.5,0.5,0.02247677929699421,0.024549884721636772,0.0,40
-0.5146533846855164,-0.40742170810699463,-0.49949708580970764,-0.4010991156101227,-0.49926960468292236,-0.40538689494132996,0.00046179452328942716,0.0004416434676386416,0.0,0.0,0.08015497028827667,0.022808481007814407,0.04909159988164902,0.01709527149796486,0.5,0.5,0.08015497028827667,0.022770551964640617,0.0,41
-0.499563604593277,-0.4075506031513214,-0.49945974349975586,-0.39864423871040344,-0.49927520751953125,-0.403037965297699,0.00046691123861819506,0.0004531353188212961,0.0,0.0,-0.0023905152920633554,0.023569688200950623,0.015216158702969551,0.02455168403685093,0.5,0.5,-0.0023905152920633554,0.023489434272050858,0.0,42
-0.5031423568725586,-0.38142940402030945,-0.4994172751903534,-0.3967229723930359,-0.49923622608184814,-0.4010976254940033,0.0004703797458205372,0.0004429180407896638,0.0,0.0,0.020085347816348076,0.019412100315093994,0.022104447707533836,0.019217470660805702,0.5,0.5,0.020085347816348076,0.019407197833061218,0.0,43
-0.4923248291015625,-0.39053645730018616,-0.49952560663223267,-0.3946811556816101,-0.4993272125720978,-0.3991352319717407,0.0004727242048829794,0.0004362052713986486,0.0,0.0,-0.04633230343461037,0.019688336178660393,-0.05300917848944664,0.020446740090847015,0.5,0.5,-0.04633230343461037,0.019644927233457565,0.0,44
-0.5012825727462769,-0.36858874559402466,-0.49952834844589233,-0.3930962085723877,-0.49931150674819946,-0.3973778784275055,0.0004556666244752705,0.0004493855230975896,0.0,0.0,0.008932111784815788,0.017601042985916138,-0.0017262683250010014,0.01584957167506218,0.5,0.5,0.008932111784815788,0.017574170604348183,0.0,45
-0.5009994506835938,-0.3646954894065857,-0.49953779578208923,-0.39174655079841614,-0.49929890036582947,-0.39561453461647034,0.00046274164924398065,0.0004404594947118312,0.0,0.0,0.00715456111356616,0.017634015530347824,-0.007010332774370909,0.013496816158294678,0.5,0.5,0.00715456111356616,0.017633987590670586,0.0,46
-0.4749460816383362,-0.35872596502304077,-0.49988263845443726,-0.3900001645088196,-0.4996283948421478,-0.39385589957237244,0.00046755417133681476,0.00045232009142637253,0.0,0.0,-0.1852056384086609,0.01822856068611145,-0.19496147334575653,0.01780099608004093,0.5,0.5,-0.1852056384086609,0.017892347648739815,0.0,47
-0.4794137179851532,-0.3699050843715668,-0.5000753402709961,-0.3885984718799591,-0.49985387921333313,-0.3922688364982605,0.0004523172974586487,0.000460457376902923,0.0,0.0,-0.14112301170825958,0.01604561321437359,-0.1366061568260193,0.014148647896945477,0.5,0.5,-0.14112301170825958,0.016030024737119675,0.0,48
-0.4852077066898346,-0.37669163942337036,-0.500237762928009,-0.3870989978313446,-0.500048816204071,-0.39027005434036255,0.00044238221016712487,0.0004477018374018371,0.0,0.0,-0.09720828384160995,0.02010202407836914,-0.10791372507810593,0.015082391910254955,0.5,0.5,-0.09720828384160995,0.020082643255591393,0.0,49
-0.4939035177230835,-0.37026533484458923,-0.5003206133842468,-0.38476935029029846,-0.5001308917999268,-0.38831472396850586,0.00045364361722022295,0.0004572965844999999,0.0,0.0,-0.04194336012005806,0.01960058882832527,-0.03554483875632286,0.023311255499720573,0.5,0.5,-0.04194336012005806,0.019570663571357727,0.0,50
-0.5036097168922424,-0.3661470115184784,-0.5002947449684143,-0.3827716112136841,-0.500090479850769,-0.38673505187034607,0.000443250872194767,0.0004638523969333619,0.0,0.0,0.02556854672729969,0.015838028863072395,0.012958943843841553,0.019978975877165794,0.5,0.5,0.02556854672729969,0.01580194942653179,0.0,51
-0.4920429289340973,-0.36201047897338867,-0.5004212260246277,-0.3804907202720642,-0.5002235174179077,-0.3844445049762726,0.00045424100244417787,0.00046830764040350914,0.0,0.0,-0.05801115557551384,0.023024583235383034,-0.05540485680103302,0.022843871265649796,0.5,0.5,-0.05801115557551384,0.022944210097193718,0.0,52
-0.49505695700645447,-0.36919260025024414,-0.5004680156707764,-0.3792230784893036,-0.5002748966217041,-0.3829454183578491,0.0004617692029569298,0.0004528060962911695,0.0,0.0,-0.03426743671298027,0.015003819018602371,-0.03690531849861145,0.012685026973485947,0.5,0.5,-0.03426743671298027,0.014999589882791042,0.0,53
-0.4850377142429352,-0.380005419254303,-0.5006716847419739,-0.37727710604667664,-0.5004768371582031,-0.38085314631462097,0.00044855655869469047,0.00046078942250460386,0.0,0.0,-0.0962294265627861,0.02106042020022869,-0.10427248477935791,0.01956602931022644,0.5,0.5,-0.0962294265627861,0.021020004525780678,0.0,54
-0.49649104475975037,-0.3717520534992218,-0.5007390379905701,-0.3753494322299957,-0.500519335269928,-0.37907567620277405,0.00045788229908794165,0.0004479182534851134,0.0,0.0,-0.023906301707029343,0.01782648079097271,-0.03492848575115204,0.019288592040538788,0.5,0.5,-0.023906301707029343,0.0177798792719841,0.0,55
-0.4884251654148102,-0.37192004919052124,-0.5008751749992371,-0.37360602617263794,-0.5006680488586426,-0.37718838453292847,0.00046425123582594097,0.0004394958959892392,0.0,0.0,-0.07862086594104767,0.01895970106124878,-0.07794517278671265,0.017487095668911934,0.5,0.5,-0.07862086594104767,0.018931329250335693,0.0,56
-0.4881238639354706,-0.38375622034072876,-0.5010092854499817,-0.37172266840934753,-0.500821590423584,-0.3751358091831207,0.0004685780731961131,0.0004339471342973411,0.0,0.0,-0.0746682733297348,0.020583217963576317,-0.07108218967914581,0.01888122223317623,0.5,0.5,-0.0746682733297348,0.020583057776093483,0.0,57
-0.4876819849014282,-0.38921576738357544,-0.5012162327766418,-0.36930111050605774,-0.5009945631027222,-0.37282949686050415,0.0004529814759735018,0.00043027516221627593,0.0,0.0,-0.0748710185289383,0.023127982392907143,-0.08526340126991272,0.024303868412971497,0.5,0.5,-0.0748710185289383,0.023127982392907143,0.0,58
-0.4772661626338959,-0.3815161883831024,-0.5015071034431458,-0.36732518672943115,-0.5012829303741455,-0.370844304561615,0.0004428172833286226,0.00042783800745382905,0.0,0.0,-0.1442403942346573,0.020108662545681,-0.14615316689014435,0.019972195848822594,0.5,0.5,-0.1442403942346573,0.020060298964381218,0.0,59
-0.4665553569793701,-0.3721465766429901,-0.5017434358596802,-0.36630409955978394,-0.5016124248504639,-0.3693946897983551,0.00045394289190880954,0.000426217244239524,0.0,0.0,-0.22349104285240173,0.01491269189864397,-0.22744114696979523,0.010480670258402824,0.5,0.5,-0.22349104285240173,0.014865885488688946,0.0,60
-0.459987998008728,-0.37035930156707764,-0.5023940801620483,-0.3638598918914795,-0.5021516680717468,-0.36743560433387756,0.00044344677007757127,0.00044246259494684637,0.0,0.0,-0.2686103880405426,0.020340217277407646,-0.26016148924827576,0.02529335208237171,0.5,0.5,-0.2686103880405426,0.020319517701864243,0.0,61
-0.48063379526138306,-0.3494419455528259,-0.5025357604026794,-0.36299625039100647,-0.5023600459098816,-0.36609673500061035,0.00045437569497153163,0.00045369891449809074,0.0,0.0,-0.15438605844974518,0.013638712465763092,-0.16257265210151672,0.00875180959701538,0.5,0.5,-0.15438605844974518,0.013549835421144962,0.0,62
-0.4837103486061096,-0.356488436460495,-0.5027121305465698,-0.3615287244319916,-0.5025660991668701,-0.36443352699279785,0.0004618610837496817,0.0004432870482560247,0.0,0.0,-0.12325860559940338,0.016767337918281555,-0.1196129322052002,0.014780832454562187,0.5,0.5,-0.12325860559940338,0.01675921492278576,0.0,63
-0.48056986927986145,-0.3436203896999359,-0.5029972791671753,-0.3596786558628082,-0.502810537815094,-0.36294108629226685,0.00046695643686689436,0.00045426591532304883,0.0,0.0,-0.16235917806625366,0.015134873799979687,-0.15293295681476593,0.018719179555773735,0.5,0.5,-0.16235917806625366,0.015123305842280388,0.0,64
-0.48285555839538574,-0.33463388681411743,-0.5032557249069214,-0.3581148684024811,-0.5030459761619568,-0.36143559217453003,0.00047041033394634724,0.0004617861704900861,0.0,0.0,-0.15512266755104065,0.015238317660987377,-0.16378775238990784,0.01585010439157486,0.5,0.5,-0.15512266755104065,0.015237919054925442,0.0,65
-0.4944310188293457,-0.34234464168548584,-0.5033520460128784,-0.3564411401748657,-0.50311678647995,-0.3599437177181244,0.0004727448686026037,0.000466905563371256,0.0,0.0,-0.047422707080841064,0.015022692270576954,-0.05747057870030403,0.016764825209975243,0.5,0.5,-0.047422707080841064,0.014935650862753391,0.0,66
-0.48864027857780457,-0.3483061194419861,-0.5034970045089722,-0.35477063059806824,-0.503266453742981,-0.3583192229270935,0.00047431979328393936,0.0004703759041149169,0.0,0.0,-0.09186679124832153,0.016329720616340637,-0.08655428141355515,0.01676790602505207,0.5,0.5,-0.09186679124832153,0.016313593834638596,0.0,67
-0.4769156575202942,-0.35856813192367554,-0.5038286447525024,-0.352892130613327,-0.5035420060157776,-0.35672473907470703,0.00045669806422665715,0.00047272161464206874,0.0,0.0,-0.1711377054452896,0.01623220182955265,-0.17474210262298584,0.019075455144047737,0.5,0.5,-0.1711377054452896,0.016181228682398796,0.0,68
-0.49546268582344055,-0.33610036969184875,-0.5039147138595581,-0.35123902559280396,-0.5035862326622009,-0.3556424677371979,0.0004634446813724935,0.0004743041063193232,0.0,0.0,-0.040817081928253174,0.010924368165433407,-0.05202830955386162,0.0165533609688282,0.5,0.5,-0.040817081928253174,0.010831732302904129,0.0,69
-0.5004793405532837,-0.33659687638282776,-0.5039147138595581,-0.35123902559280396,-0.503580629825592,-0.3543313443660736,0.0004496471956372261,0.0004753703251481056,0.0,0.0,0.004295201972126961,0.013124657794833183,0.0010797276627272367,0.0,0.5,0.5,0.004295201972126961,0.013111305423080921,0.0,70
-0.5074837803840637,-0.33652397990226746,-0.5037655234336853,-0.3492453098297119,-0.5034806132316589,-0.3528405725955963,0.000422864657593891,0.0004573766200337559,0.0,0.0,0.06700403988361359,0.014970709569752216,0.07470224797725677,0.019993038848042488,0.5,0.5,0.06700403988361359,0.014941283501684666,0.0,71
-0.5080475211143494,-0.3514917194843292,-0.503616452217102,-0.3467862904071808,-0.5033910870552063,-0.35143378376960754,0.0004401283513288945,0.00046390690840780735,0.0,0.0,0.06353544443845749,0.01409631222486496,0.06054352968931198,0.024635285139083862,0.5,0.5,0.06353544443845749,0.01409622747451067,0.0,72
-0.5103273987770081,-0.3597241938114166,-0.5034460425376892,-0.3442515730857849,-0.5032715201377869,-0.3498736321926117,0.00045209197560325265,0.0004499478673096746,0.0,0.0,0.07650632411241531,0.015648717060685158,0.06713178753852844,0.025404291227459908,0.5,0.5,0.07650632411241531,0.01564740017056465,0.0,73
-0.5172163248062134,-0.34685218334198,-0.5033382177352905,-0.34354373812675476,-0.5030664801597595,-0.3484225869178772,0.00046030146768316627,0.0004588350129779428,0.0,0.0,0.1403593271970749,0.014684496447443962,0.15116465091705322,0.0071601467207074165,0.5,0.5,0.1403593271970749,0.014654570259153843,0.0,74
-0.5018134117126465,-0.34563812613487244,-0.5032923221588135,-0.3417535126209259,-0.5030453205108643,-0.34701377153396606,0.0004658968828152865,0.00044664382585324347,0.0,0.0,0.015030737034976482,0.014201169833540916,0.02562972716987133,0.017908107489347458,0.5,0.5,0.015030737034976482,0.01408978458493948,0.0,75
-0.48329102993011475,-0.3339085578918457,-0.5035367608070374,-0.34014877676963806,-0.5032498240470886,-0.34568098187446594,0.00046969307004474103,0.0004565710842143744,0.0,0.0,-0.15223509073257446,0.013674640096724033,-0.15116985142230988,0.016232507303357124,0.5,0.5,-0.15223509073257446,0.01348379161208868,0.0,76
-0.4874487817287445,-0.33123981952667236,-0.5036544799804688,-0.3391611576080322,-0.5033870339393616,-0.3445197343826294,0.00047226049355231225,0.0004451655549928546,0.0,0.0,-0.11759530007839203,0.011700324714183807,-0.11861138790845871,0.00994605477899313,0.5,0.5,-0.11759530007839203,0.01169330533593893,0.0,77
-0.49848484992980957,-0.3394745886325836,-0.5036592483520508,-0.3382727801799774,-0.50340735912323,-0.34298548102378845,0.00047399321920238435,0.00043768566683866084,0.0,0.0,-0.013234836049377918,0.015427852980792522,-0.005365392658859491,0.008883762173354626,0.5,0.5,-0.013234836049377918,0.015343916602432728,0.0,78
-0.5179036259651184,-0.34707725048065186,-0.5035169720649719,-0.33732444047927856,-0.5032108426094055,-0.3416455090045929,0.0004751609521917999,0.00043275061761960387,0.0,0.0,0.1456199586391449,0.013715732842683792,0.1489403396844864,0.009589573368430138,0.5,0.5,0.1456199586391449,0.013543039560317993,0.0,79
-0.5162505507469177,-0.34689417481422424,-0.503279447555542,-0.33541807532310486,-0.5029443502426147,-0.3396466076374054,0.0004759471339639276,0.00044699630234390497,0.0,0.0,0.13253545761108398,0.020167581737041473,0.12395619601011276,0.019211040809750557,0.5,0.5,0.13253545761108398,0.020165856927633286,0.0,80
-0.4991118609905243,-0.34182050824165344,-0.503279447555542,-0.33541807532310486,-0.5029536485671997,-0.3384222984313965,0.0004764761251863092,0.00043888995423913,0.0,0.0,-0.007602573838084936,0.012364585883915424,-0.010129459202289581,0.0,0.5,0.5,-0.007602573838084936,0.01224337238818407,0.0,81
-0.49549567699432373,-0.3349549174308777,-0.5033504366874695,-0.3338697850704193,-0.5030151605606079,-0.3369205594062805,0.00047683189040981233,0.0004335467529017478,0.0,0.0,-0.04094236344099045,0.015038392506539822,-0.045809973031282425,0.015499291941523552,0.5,0.5,-0.04094236344099045,0.015030035749077797,0.0,82
-0.5037761330604553,-0.3440566062927246,-0.503282368183136,-0.3323667049407959,-0.5029674172401428,-0.3354155123233795,0.00047707106568850577,0.0004475473833736032,0.0,0.0,0.031706251204013824,0.0150978472083807,0.045260630548000336,0.015046292915940285,0.5,0.5,0.031706251204013824,0.015058022923767567,0.0,83
-0.5111886858940125,-0.33951595425605774,-0.5032229423522949,-0.33182254433631897,-0.5028225779533386,-0.33393311500549316,0.0004772318643517792,0.000439252209616825,0.0,0.0,0.09739524126052856,0.014926798641681671,0.10882757604122162,0.005473976489156485,0.5,0.5,0.09739524126052856,0.014894605614244938,0.0,84
-0.5115892291069031,-0.33090630173683167,-0.5030434131622314,-0.33035731315612793,-0.5026866793632507,-0.33269113302230835,0.0004773399268742651,0.00045148812932893634,0.0,0.0,0.10899531841278076,0.012494866736233234,0.1219242513179779,0.01476195640861988,0.5,0.5,0.10899531841278076,0.012494025751948357,0.0,85
-0.5259854197502136,-0.33622172474861145,-0.5026736855506897,-0.3287741243839264,-0.5023671984672546,-0.3313235938549042,0.0004774125409312546,0.0004418388125486672,0.0,0.0,0.22951900959014893,0.014146165922284126,0.22942042350769043,0.01625778153538704,0.5,0.5,0.22951900959014893,0.014043547213077545,0.0,86
-0.5143890976905823,-0.339964896440506,-0.5025160312652588,-0.32745638489723206,-0.5021940469741821,-0.32994014024734497,0.00047746134805493057,0.000435493653640151,0.0,0.0,0.12451354414224625,0.01401975005865097,0.11907396465539932,0.01327128242701292,0.5,0.5,0.12451354414224625,0.013942529447376728,0.0,87
-0.4995867609977722,-0.3450103998184204,-0.5025395154953003,-0.3263152539730072,-0.5021982192993164,-0.32872703671455383,0.0004774941480718553,0.0004312999080866575,0.0,0.0,-0.0034433279652148485,0.012230953201651573,-0.020577723160386086,0.011413631029427052,0.5,0.5,-0.0034433279652148485,0.012130961753427982,0.0,88
-0.49698781967163086,-0.3473224937915802,-0.5025643706321716,-0.3248733580112457,-0.502240002155304,-0.32703015208244324,0.0004587470320984721,0.0004285187169443816,0.0,0.0,-0.02461993135511875,0.016977880150079727,-0.017228150740265846,0.0144211295992136,0.5,0.5,-0.02461993135511875,0.0169740729033947,0.0,89
-0.4817027747631073,-0.3396092355251312,-0.5027565956115723,-0.3236188590526581,-0.5024112462997437,-0.32595738768577576,0.00044658640399575233,0.00042667018715292215,0.0,0.0,-0.1583128273487091,0.010961297899484634,-0.15205001831054688,0.012691505253314972,0.5,0.5,-0.1583128273487091,0.010863483883440495,0.0,90
-0.4887109696865082,-0.31983065605163574,-0.5029487013816833,-0.32219675183296204,-0.5025587677955627,-0.3247183561325073,0.00045653170673176646,0.00044277755660004914,0.0,0.0,-0.11848651617765427,0.012487683445215225,-0.13425850868225098,0.014350169338285923,0.5,0.5,-0.11848651617765427,0.012477780692279339,0.0,91
-0.5020684599876404,-0.3341872990131378,-0.5029028654098511,-0.3207539916038513,-0.5025339722633362,-0.32340866327285767,0.00046333132195286453,0.00043611269211396575,0.0,0.0,0.01894207112491131,0.013223810121417046,0.03176688402891159,0.014434814453125,0.5,0.5,0.01894207112491131,0.013099130243062973,0.0,92
-0.494660884141922,-0.34136903285980225,-0.5029597282409668,-0.3192271590232849,-0.5026013851165771,-0.3219397962093353,0.000467954232590273,0.0004317097773309797,0.0,0.0,-0.04584871232509613,0.014735116623342037,-0.037226248532533646,0.015278982929885387,0.5,0.5,-0.04584871232509613,0.014704199507832527,0.0,93
-0.4889402687549591,-0.34067845344543457,-0.5031149387359619,-0.3177928924560547,-0.5027304887771606,-0.320589154958725,0.0004525768745224923,0.0004287908668629825,0.0,0.0,-0.09531786292791367,0.013584732078015804,-0.10781562328338623,0.01442640833556652,0.5,0.5,-0.09531786292791367,0.013568113557994366,0.0,94
-0.4943912923336029,-0.35190629959106445,-0.503195583820343,-0.3162633776664734,-0.5028064250946045,-0.3188704550266266,0.00044255226384848356,0.00042685121297836304,0.0,0.0,-0.04416702315211296,0.017226263880729675,-0.05269092321395874,0.015316378325223923,0.5,0.5,-0.04416702315211296,0.017203733325004578,0.0,95
-0.4947972893714905,-0.3308202624320984,-0.5032429099082947,-0.3149263858795166,-0.5028590559959412,-0.31780052185058594,0.000453760614618659,0.00044290340156294405,0.0,0.0,-0.049125995486974716,0.010712435469031334,-0.03539020195603371,0.013378185220062733,0.5,0.5,-0.049125995486974716,0.010712303221225739,0.0,96
-0.48653745651245117,-0.3313209116458893,-0.503349244594574,-0.31400731205940247,-0.5030381679534912,-0.3163861036300659,0.00046144126099534333,0.00043619563803076744,0.0,0.0,-0.12595154345035553,0.014299381524324417,-0.11520743370056152,0.00925203412771225,0.5,0.5,-0.12595154345035553,0.014257203787565231,0.0,97
-0.4966895282268524,-0.3156461715698242,-0.5033750534057617,-0.31328514218330383,-0.5030770301818848,-0.3153214156627655,0.0004483429656829685,0.000449378858320415,0.0,0.0,-0.036504533141851425,0.010696631856262684,-0.035728808492422104,0.007226261310279369,0.5,0.5,-0.036504533141851425,0.010653870180249214,0.0,98
-0.48575183749198914,-0.325357049703598,-0.5035013556480408,-0.31240200996398926,-0.5032585263252258,-0.31404298543930054,0.0004577359650284052,0.0004404551291372627,0.0,0.0,-0.14103223383426666,0.012983487918972969,-0.14207670092582703,0.008921361528337002,0.5,0.5,-0.14103223383426666,0.012912623584270477,0.0,99
-0.49681171774864197,-0.3181177079677582,-0.5035373568534851,-0.31167542934417725,-0.5032927989959717,-0.31304121017456055,0.00044592644553631544,0.0004523170937318355,0.0,0.0,-0.03422598913311958,0.010080943815410137,-0.04946747049689293,0.007274720352143049,0.5,0.5,-0.03422598913311958,0.01002349890768528,0.0,100
-0.49770063161849976,-0.3276454210281372,-0.503558874130249,-0.3110184073448181,-0.5033245086669922,-0.3116247355937958,0.0004381863691378385,0.00046045531053096056,0.0,0.0,-0.022397277876734734,0.01416925247758627,-0.03275801241397858,0.006573893595486879,0.5,0.5,-0.022397277876734734,0.014168261550366879,0.0,101
-0.5128967761993408,-0.32304808497428894,-0.5032420754432678,-0.30856606364250183,-0.5031483769416809,-0.3102858066558838,0.00045075311209075153,0.0004477004986256361,0.0,0.0,0.1307845264673233,0.01366467121988535,0.12847226858139038,0.024727260693907738,0.5,0.5,0.1307845264673233,0.013504665344953537,0.0,102
-0.5084291100502014,-0.31232836842536926,-0.5031954050064087,-0.3080039918422699,-0.503073513507843,-0.3095100224018097,0.0004593860066961497,0.0004572956822812557,0.0,0.0,0.09622380882501602,0.0077984225936234,0.08279292285442352,0.005639973562210798,0.5,0.5,0.09622380882501602,0.007793765515089035,0.0,103
-0.504962146282196,-0.311079740524292,-0.5031443238258362,-0.3070765733718872,-0.5029978156089783,-0.30819693207740784,0.0004652744682971388,0.0004456388996914029,0.0,0.0,0.057582102715969086,0.013162669725716114,0.05499827116727829,0.009288092143833637,0.5,0.5,0.057582102715969086,0.01315284427255392,0.0,104
-0.5272893905639648,-0.3197590708732605,-0.5028682351112366,-0.3061794340610504,-0.5027498006820679,-0.30733582377433777,0.00046927150106057525,0.00043799716513603926,0.0,0.0,0.2803996503353119,0.009188211522996426,0.29853543639183044,0.009386561810970306,0.5,0.5,0.2803996503353119,0.008961067534983158,0.0,105
-0.5140445828437805,-0.3088328242301941,-0.5027881264686584,-0.3057020902633667,-0.5025250315666199,-0.30599409341812134,0.0004719757125712931,0.00043295661453157663,0.0,0.0,0.1659892052412033,0.01369385328143835,0.16629807651042938,0.004840217996388674,0.5,0.5,0.1659892052412033,0.013604327104985714,0.0,106
-0.5147607326507568,-0.30195850133895874,-0.5025821328163147,-0.30469581484794617,-0.5023655295372009,-0.3051624596118927,0.00047380116302520037,0.00042961828876286745,0.0,0.0,0.1894998997449875,0.008470199070870876,0.20190007984638214,0.01027124933898449,0.5,0.5,0.1894998997449875,0.008467858657240868,0.0,107
-0.5079211592674255,-0.2936951816082001,-0.5024821162223816,-0.30391308665275574,-0.5022714734077454,-0.3043467700481415,0.00043791960342787206,0.0004448251856956631,0.0,0.0,0.1148020401597023,0.008233901113271713,0.12709704041481018,0.00789092667400837,0.5,0.5,0.1148020401597023,0.008210940286517143,0.0,108
-0.5117855668067932,-0.292056143283844,-0.5024821162223816,-0.30391308665275574,-0.5021083950996399,-0.3034188747406006,0.00045056905946694314,0.00043746159644797444,0.0,0.0,0.17397992312908173,0.009437749162316322,0.16790251433849335,0.0,0.5,0.5,0.17397992312908173,0.009421228431165218,0.0,109
-0.5089743137359619,-0.3048117458820343,-0.502379298210144,-0.30310457944869995,-0.5019883513450623,-0.3023514747619629,0.0004592601035255939,0.0004502530209720135,0.0,0.0,0.11197338253259659,0.010762068443000317,0.126473069190979,0.008150067180395126,0.5,0.5,0.11197338253259659,0.010741385631263256,0.0,110
-0.5123926401138306,-0.29160094261169434,-0.5022051930427551,-0.3021499216556549,-0.5018792748451233,-0.3017653226852417,0.0004288825439289212,0.0004410287947393954,0.0,0.0,0.18396897614002228,0.005977725610136986,0.1804160624742508,0.009704005904495716,0.5,0.5,0.18396897614002228,0.005962240044027567,0.0,111
-0.5162547826766968,-0.29883262515068054,-0.5016813278198242,-0.29985442757606506,-0.5016297698020935,-0.300632119178772,0.0004097454366274178,0.0004349592491053045,0.0,0.0,0.21670010685920715,0.011609479784965515,0.2243712991476059,0.02354513853788376,0.5,0.5,0.21670010685920715,0.011603261344134808,0.0,112
-0.5280688405036926,-0.3045540452003479,-0.5015358924865723,-0.299456924200058,-0.5013220906257629,-0.2997600734233856,0.00043094292050227523,0.00043094591819681227,0.0,0.0,0.3391915559768677,0.009317128919064999,0.3508024513721466,0.004232750274240971,0.5,0.5,0.3391915559768677,0.009247317910194397,0.0,113
-0.5207250118255615,-0.3042473793029785,-0.5014176368713379,-0.29898104071617126,-0.5010623335838318,-0.2987667918205261,0.0004110545851290226,0.0004282836162019521,0.0,0.0,0.25579386949539185,0.010302639566361904,0.24359381198883057,0.0049036359414458275,0.5,0.5,0.25579386949539185,0.010266832076013088,0.0,114
-0.5062824487686157,-0.30002403259277344,-0.5013894438743591,-0.2986578941345215,-0.5009878277778625,-0.2978769838809967,0.000398348638555035,0.00042651378316804767,0.0,0.0,0.08354461193084717,0.00906344037503004,0.08711003512144089,0.0032436337787657976,0.5,0.5,0.08354461193084717,0.008929316885769367,0.0,115
-0.5138425827026367,-0.2879559397697449,-0.5011120438575745,-0.2973586916923523,-0.5008494257926941,-0.2972474694252014,0.00042289673001505435,0.00042533554369583726,0.0,0.0,0.21643295884132385,0.006502836477011442,0.2103763222694397,0.013284890912473202,0.5,0.5,0.21643295884132385,0.006445502862334251,0.0,116
-0.5084476470947266,-0.284846693277359,-0.5010713934898376,-0.2970260679721832,-0.500727653503418,-0.2963847219944,0.00044015070307068527,0.0004418492317199707,0.0,0.0,0.14022865891456604,0.008738236501812935,0.12157145142555237,0.0033509661443531513,0.5,0.5,0.14022865891456604,0.008712876588106155,0.0,117
-0.4935213327407837,-0.27455729246139526,-0.5010713934898376,-0.2970260679721832,-0.500727653503418,-0.2963847219944,0.00041688521741889417,0.0004532769089564681,0.0,0.0,0.13645896315574646,0.0,0.14682501554489136,0.0,0.5,0.5,0.13645896315574646,0.0,0.0,118
-0.496197372674942,-0.29005056619644165,-0.5010713934898376,-0.2970260679721832,-0.5007734298706055,-0.2956011891365051,0.000418901996454224,0.00044301076559349895,0.0,0.0,-0.05839010700583458,0.00800000037997961,-0.05361832305788994,0.0,0.5,0.5,-0.05839010700583458,0.007848614826798439,0.0,119
-0.4998273551464081,-0.289368212223053,-0.5010719895362854,-0.2964926064014435,-0.5007756948471069,-0.2947504222393036,0.00043736249790526927,0.00043626638944260776,0.0,0.0,-0.0026821414940059185,0.008520799688994884,-0.0011606294428929687,0.005334742367267609,0.5,0.5,-0.0026821414940059185,0.008507581427693367,0.0,120
-0.5010956525802612,-0.2873489260673523,-0.5010616779327393,-0.2961496114730835,-0.5007613301277161,-0.2939341068267822,0.0004501845978666097,0.0004318115534260869,0.0,0.0,0.01757066324353218,0.008166139014065266,0.030091503635048866,0.0034314244985580444,0.5,0.5,0.01757066324353218,0.008164464496076107,0.0,121
-0.5042857527732849,-0.30638259649276733,-0.5009770393371582,-0.2946944236755371,-0.500708818435669,-0.2929367125034332,0.00045899703400209546,0.0004463458899408579,0.0,0.0,0.0526130236685276,0.009993846528232098,0.05809789150953293,0.014576490968465805,0.5,0.5,0.0526130236685276,0.009987711906433105,0.0,122
-0.49989601969718933,-0.3003072738647461,-0.5009692311286926,-0.29395347833633423,-0.5007100701332092,-0.2920219302177429,0.00042871834011748433,0.0004563666880130768,0.0,0.0,-0.001380818197503686,0.00916117150336504,0.010502460412681103,0.007409910671412945,0.5,0.5,-0.001380818197503686,0.009147820994257927,0.0,123
-0.5125629901885986,-0.29086077213287354,-0.5008625984191895,-0.29339149594306946,-0.5005400776863098,-0.29113078117370605,0.00042680298793129623,0.00044503199751488864,0.0,0.0,0.18848665058612823,0.009238047525286674,0.18747033178806305,0.0057200840674340725,0.5,0.5,0.18848665058612823,0.009072032757103443,0.0,124
-0.5137211680412292,-0.2901720702648163,-0.5007534623146057,-0.29283270239830017,-0.5003643035888672,-0.2902957797050476,0.0004428698739502579,0.000455464847618714,0.0,0.0,0.20750728249549866,0.008534625172615051,0.1928476095199585,0.005693404469639063,0.5,0.5,0.20750728249549866,0.008533081039786339,0.0,125
-0.521991491317749,-0.29978248476982117,-0.5007534623146057,-0.29283270239830017,-0.5001277327537537,-0.289491206407547,0.0004539790388662368,0.00046260407543741167,0.0,0.0,0.28601017594337463,0.008412206545472145,0.29110077023506165,0.0,0.5,0.5,0.28601017594337463,0.008386299014091492,0.0,126
-0.5233871936798096,-0.30389630794525146,-0.5003390908241272,-0.29135674238204956,-0.4997991621494293,-0.28838279843330383,0.00046159038902260363,0.00044910016003996134,0.0,0.0,0.2881777882575989,0.011560799553990364,0.2737089693546295,0.01533040963113308,0.5,0.5,0.2881777882575989,0.0115607725456357,0.0,127
-0.522554874420166,-0.29665249586105347,-0.499924898147583,-0.28995248675346375,-0.49962055683135986,-0.2878154218196869,0.00043033610563725233,0.0004402721824590117,0.0,0.0,0.3049619495868683,0.005949022714048624,0.28681322932243347,0.014640776440501213,0.5,0.5,0.3049619495868683,0.005948184989392757,0.0,128
-0.5070763826370239,-0.2897931933403015,-0.49987685680389404,-0.28954368829727173,-0.49953678250312805,-0.28704825043678284,0.00044532312313094735,0.00045219104504212737,0.0,0.0,0.10878388583660126,0.007868199609220028,0.11699867993593216,0.0041160606779158115,0.5,0.5,0.10878388583660126,0.007717277389019728,0.0,129
-0.4953579902648926,-0.2875768542289734,-0.4999120235443115,-0.2890886068344116,-0.4995703101158142,-0.2865964472293854,0.0004556647618301213,0.0004603691922966391,0.0,0.0,-0.07404536008834839,0.004607308655977249,-0.07709335535764694,0.004564272705465555,0.5,0.5,-0.07404536008834839,0.004530519712716341,0.0,130
-0.49805402755737305,-0.2942420244216919,-0.4999120235443115,-0.2890886068344116,-0.4995962977409363,-0.2856714725494385,0.000462740397779271,0.00044764435733668506,0.0,0.0,-0.028096497058868408,0.009263312444090843,-0.02455277182161808,0.0,0.5,0.5,-0.028096497058868408,0.00925353541970253,0.0,131
-0.48935356736183167,-0.2957465946674347,-0.5000818371772766,-0.2879118025302887,-0.4997316002845764,-0.2847723066806793,0.0004491888976190239,0.00045725717791356146,0.0,0.0,-0.14936614036560059,0.009160028770565987,-0.1433333307504654,0.01188990380614996,0.5,0.5,-0.14936614036560059,0.009092756547033787,0.0,132
-0.5005406141281128,-0.2706247568130493,-0.5000818371772766,-0.2879118025302887,-0.4997316002845764,-0.2847723066806793,0.0004403304192237556,0.0004638255632016808,0.0,0.0,-0.1527051478624344,0.0,-0.16424687206745148,0.0,0.5,0.5,-0.1527051478624344,0.0,0.0,133
-0.48760703206062317,-0.27531805634498596,-0.5002017617225647,-0.2874262034893036,-0.49992215633392334,-0.28399857878685,0.0004522311792243272,0.0004498949565459043,0.0,0.0,-0.24148650467395782,0.00800000037997961,-0.2421080768108368,0.005001730751246214,0.5,0.5,-0.24148650467395782,0.00796849187463522,0.0,134
-0.4964378774166107,-0.28279200196266174,-0.5002476572990417,-0.2867908775806427,-0.4999540448188782,-0.2834813892841339,0.00046039660810492933,0.00045879880781285465,0.0,0.0,-0.061559151858091354,0.005266755819320679,-0.07211007922887802,0.006369733717292547,0.5,0.5,-0.061559151858091354,0.005181733053177595,0.0,135
-0.4898284375667572,-0.2931720018386841,-0.5004399418830872,-0.28560715913772583,-0.5001235604286194,-0.2823452055454254,0.0004659615515265614,0.00046487501822412014,0.0,0.0,-0.1481119841337204,0.01153070479631424,-0.16102226078510284,0.011992460116744041,0.5,0.5,-0.1481119841337204,0.01148754172027111,0.0,136
-0.49852699041366577,-0.28490954637527466,-0.5004445314407349,-0.28543949127197266,-0.5001354217529297,-0.2818623185157776,0.0004512833256740123,0.0004690008354373276,0.0,0.0,-0.02458234876394272,0.004867386072874069,-0.02750517800450325,0.0016773365205153823,0.5,0.5,-0.02458234876394272,0.004830296151340008,0.0,137
-0.49967655539512634,-0.28465569019317627,-0.5004427433013916,-0.28455135226249695,-0.5001398324966431,-0.28105300664901733,0.0004417045274749398,0.0004532556049525738,0.0,0.0,-0.005421661771833897,0.008094810880720615,0.0020442865788936615,0.008881346322596073,0.5,0.5,-0.005421661771833897,0.008093325421214104,0.0,138
-0.48428875207901,-0.28980782628059387,-0.5005404949188232,-0.28414392471313477,-0.5003337860107422,-0.2802528440952301,0.00045317731564864516,0.00046109643881209195,0.0,0.0,-0.23783981800079346,0.00846078246831894,-0.2354935258626938,0.0041899834759533405,0.5,0.5,-0.23783981800079346,0.00823329109698534,0.0,139
-0.4774489104747772,-0.2864585816860199,-0.5007376670837402,-0.2836146056652069,-0.5006812810897827,-0.2793058454990387,0.0004429455439094454,0.0004664371081162244,0.0,0.0,-0.3516780436038971,0.010153166018426418,-0.3566132187843323,0.005648649297654629,0.5,0.5,-0.3516780436038971,0.010087449103593826,0.0,140
-0.48679304122924805,-0.2916666567325592,-0.5008342266082764,-0.28312811255455017,-0.5008310675621033,-0.27854982018470764,0.00045403107651509345,0.0004700588178820908,0.0,0.0,-0.19557224214076996,0.007802119012922049,-0.19598208367824554,0.004959817044436932,0.5,0.5,-0.19557224214076996,0.007707247044891119,0.0,141
-0.487777441740036,-0.28154805302619934,-0.5010346174240112,-0.28220421075820923,-0.500981330871582,-0.2778546214103699,0.00046162589569576085,0.00045394126209430397,0.0,0.0,-0.21286983788013458,0.007113687228411436,-0.21361054480075836,0.009453991428017616,0.5,0.5,-0.21286983788013458,0.007112623192369938,0.0,142
-0.4909712076187134,-0.28123143315315247,-0.5011925101280212,-0.28127574920654297,-0.5010897517204285,-0.2771793603897095,0.00046679674414917827,0.0004434456932358444,0.0,0.0,-0.15920594334602356,0.00684903422370553,-0.1684247851371765,0.009417932480573654,0.5,0.5,-0.15920594334602356,0.006839174777269363,0.0,143
-0.4938400387763977,-0.28033390641212463,-0.5012943148612976,-0.2803001403808594,-0.5011507868766785,-0.2766312062740326,0.00045182567555457354,0.00043655303306877613,0.0,0.0,-0.11086684465408325,0.005521896295249462,-0.10394370555877686,0.009809087961912155,0.5,0.5,-0.11086684465408325,0.005515445955097675,0.0,144
-0.47551557421684265,-0.28032851219177246,-0.5016456246376038,-0.2794782519340515,-0.501438558101654,-0.2759706974029541,0.0004420600598677993,0.00043200128129683435,0.0,0.0,-0.41662293672561646,0.007555054966360331,-0.4039437174797058,0.00893815141171217,0.5,0.5,-0.4108668565750122,0.0072046490386128426,0.0,145
-0.47808775305747986,-0.2739875018596649,-0.5022502541542053,-0.2781068682670593,-0.5016937255859375,-0.2754002511501312,0.0004534219915512949,0.00042898437823168933,0.0,0.0,-0.42060884833335876,0.006249315105378628,-0.41525575518608093,0.014987625181674957,0.5,0.5,-0.42060884833335876,0.006249018479138613,0.0,146
-0.49004533886909485,-0.2903030812740326,-0.5023689866065979,-0.2773188352584839,-0.5018069744110107,-0.27465716004371643,0.0004431057604961097,0.00044438522309064865,0.0,0.0,-0.15127313137054443,0.007797928061336279,-0.14952336251735687,0.007969128899276257,0.5,0.5,-0.15127313137054443,0.007516796234995127,0.0,147
-0.4819679856300354,-0.27888551354408264,-0.5025439858436584,-0.27680182456970215,-0.5020360350608826,-0.27397260069847107,0.00043632902088575065,0.00043717192602343857,0.0,0.0,-0.32292234897613525,0.0073264241218566895,-0.32638242840766907,0.0054584089666605,0.5,0.5,-0.32292234897613525,0.0072187576442956924,0.0,148
-0.48766031861305237,-0.2921046018600464,-0.5026946663856506,-0.2759911119937897,-0.5022079944610596,-0.2730376124382019,0.0004318529972806573,0.00045005304855294526,0.0,0.0,-0.18185557425022125,0.00960206612944603,-0.1837443858385086,0.008245964534580708,0.5,0.5,-0.18185557425022125,0.009506684727966785,0.0,149
-0.48448657989501953,-0.2931836247444153,-0.5028876662254333,-0.2751520574092865,-0.5023750066757202,-0.2723035216331482,0.0004463745863176882,0.0004408975946716964,0.0,0.0,-0.22371584177017212,0.0075349872931838036,-0.22606898844242096,0.008609543554484844,0.5,0.5,-0.22371584177017212,0.007528386544436216,0.0,150
-0.48198190331459045,-0.2857705354690552,-0.5031400322914124,-0.27427899837493896,-0.5026082992553711,-0.27151668071746826,0.0004384811327327043,0.0004348726652096957,0.0,0.0,-0.2882373034954071,0.00822419673204422,-0.2814183533191681,0.009088008664548397,0.5,0.5,-0.2882373034954071,0.008207084611058235,0.0,151
-0.4902164936065674,-0.2844161093235016,-0.50323086977005,-0.27378547191619873,-0.5027443766593933,-0.2706901431083679,0.00043327658204361796,0.0004484645323827863,0.0,0.0,-0.1631966233253479,0.008442714810371399,-0.1820257008075714,0.005018168594688177,0.5,0.5,-0.1631966233253479,0.00837679859250784,0.0,152
-0.48070764541625977,-0.28688985109329224,-0.5036730170249939,-0.27240121364593506,-0.5029789209365845,-0.269937664270401,0.0004473603912629187,0.00045781926019117236,0.0,0.0,-0.3021749258041382,0.007958495058119297,-0.3091804087162018,0.014531619846820831,0.5,0.5,-0.3021749258041382,0.00788175966590643,0.0,153
-0.4798216223716736,-0.2993123531341553,-0.5040655732154846,-0.27096566557884216,-0.5032815337181091,-0.2688232958316803,0.0004391293041408062,0.0004459808405954391,0.0,0.0,-0.2651415467262268,0.011555178090929985,-0.26692068576812744,0.014882445335388184,0.5,0.5,-0.2651415467262268,0.011547254398465157,0.0,154
-0.48687857389450073,-0.28302210569381714,-0.5042714476585388,-0.2700749933719635,-0.5034520626068115,-0.26806920766830444,0.00043370493222028017,0.00045611622044816613,0.0,0.0,-0.22240418195724487,0.007738273125141859,-0.2271285206079483,0.009141399525105953,0.5,0.5,-0.22240418195724487,0.007731207180768251,0.0,155
-0.49528104066848755,-0.2820125222206116,-0.5043349862098694,-0.26938486099243164,-0.5035020709037781,-0.26746511459350586,0.000447656842879951,0.0004630481416825205,0.0,0.0,-0.08258216083049774,0.006121340673416853,-0.09178835153579712,0.006930412258952856,0.5,0.5,-0.08258216083049774,0.00606160145252943,0.0,156
-0.5025773644447327,-0.2905270457267761,-0.5043022632598877,-0.2685461640357971,-0.5034691691398621,-0.2666281461715698,0.00045726573443971574,0.0004677621473092586,0.0,0.0,0.03931234031915665,0.0084386533126235,0.03903120383620262,0.008393474854528904,0.5,0.5,0.03931234031915665,0.008376038633286953,0.0,157
-0.5135035514831543,-0.28752824664115906,-0.5042613744735718,-0.26835519075393677,-0.5032841563224792,-0.2657713294029236,0.0004638313839677721,0.0004524522228166461,0.0,0.0,0.2126927226781845,0.008899149484932423,0.21104146540164948,0.0019529450219124556,0.5,0.5,0.2126927226781845,0.00876572635024786,0.0,158
-0.5053538084030151,-0.26039111614227295,-0.5042613744735718,-0.26835519075393677,-0.5032841563224792,-0.2657713294029236,0.0004682934086304158,0.0004605476569849998,0.0,0.0,0.21404710412025452,0.0,0.21133525669574738,0.0,0.5,0.5,0.21404710412025452,0.0,0.0,159
-0.5198098421096802,-0.2651991546154022,-0.5042613744735718,-0.26835519075393677,-0.5032841563224792,-0.2657713294029236,0.0004713146190624684,0.0004477607144508511,0.0,0.0,0.21542240679264069,0.0,0.22131626307964325,0.0,0.5,0.5,0.21542240679264069,0.0,0.0,160
-0.5261004567146301,-0.26304030418395996,-0.5042613744735718,-0.26835519075393677,-0.5032841563224792,-0.2657713294029236,0.00043637986527755857,0.00045733695151284337,0.0,0.0,0.22022296488285065,0.0,0.23777388036251068,0.0,0.5,0.5,0.22022296488285065,0.0,0.0,161
-0.528473973274231,-0.27204418182373047,-0.5040081739425659,-0.2679077982902527,-0.5029072165489197,-0.26511329412460327,0.00044950610026717186,0.00046387987094931304,0.0,0.0,0.5442781448364258,0.00800000037997961,0.5149972438812256,0.005140759516507387,0.5,0.5,0.5202229619026184,0.0075836158357560635,0.0,162
-0.5261621475219727,-0.2748939096927643,-0.5035033226013184,-0.26692652702331543,-0.5025704503059387,-0.26447105407714844,0.00045853262417949736,0.00044993028859607875,0.0,0.0,0.48294132947921753,0.007256662007421255,0.47517523169517517,0.011035321280360222,0.5,0.5,0.48294132947921753,0.007251619361341,0.0,163
-0.5298699140548706,-0.27549809217453003,-0.5032861828804016,-0.2665371596813202,-0.5022570490837097,-0.26394122838974,0.00042842834955081344,0.0004588229930959642,0.0,0.0,0.5341504812240601,0.006163780577480793,0.5086914300918579,0.004458150360733271,0.5,0.5,0.5341504812240601,0.006155700422823429,0.0,164
-0.5181455612182617,-0.2766929268836975,-0.5031179189682007,-0.26606285572052,-0.5020473003387451,-0.2633437216281891,0.00044399918988347054,0.00044663596781902015,0.0,0.0,0.3375890552997589,0.006456930655986071,0.3409559428691864,0.0050328439101576805,0.5,0.5,0.3375890552997589,0.006332595366984606,0.0,165
-0.5257886052131653,-0.2808322310447693,-0.5028886795043945,-0.26554036140441895,-0.50164794921875,-0.26247909665107727,0.0004547553835436702,0.00043865301995538175,0.0,0.0,0.4327016770839691,0.009567239321768284,0.4134999215602875,0.005705758463591337,0.5,0.5,0.4327016770839691,0.009523997083306313,0.0,166
-0.5218007564544678,-0.28193899989128113,-0.5022382736206055,-0.2638862431049347,-0.5014064908027649,-0.26184844970703125,0.00046212016604840755,0.000451075000455603,0.0,0.0,0.3656609058380127,0.006768259685486555,0.37462666630744934,0.0177739430218935,0.5,0.5,0.3656609058380127,0.00675305537879467,0.0,167
-0.5111123323440552,-0.2906331419944763,-0.5022006034851074,-0.26366469264030457,-0.5012738108634949,-0.26106488704681396,0.00046713234041817486,0.00044156794319860637,0.0,0.0,0.16771961748600006,0.008105400949716568,0.16843350231647491,0.0022473980206996202,0.5,0.5,0.16771961748600006,0.007947131060063839,0.0,168
-0.506767213344574,-0.2920527458190918,-0.5021938681602478,-0.26360031962394714,-0.5011799931526184,-0.2601352632045746,0.0004705293395090848,0.0004530833102762699,0.0,0.0,0.1005830392241478,0.009364448487758636,0.10455766320228577,0.0006471503875218332,0.5,0.5,0.1005830392241478,0.009343352168798447,0.0,169
-0.5099725723266602,-0.2874182462692261,-0.5020153522491455,-0.26244300603866577,-0.5011047720909119,-0.2596646249294281,0.0004728252242784947,0.00046097877202555537,0.0,0.0,0.1584307998418808,0.004774005152285099,0.15302306413650513,0.011710097081959248,0.5,0.5,0.1584307998418808,0.004766019526869059,0.0,170
-0.5143291354179382,-0.2846167981624603,-0.501797616481781,-0.26154476404190063,-0.5009196400642395,-0.25889432430267334,0.0004373155243229121,0.00044804165372624993,0.0,0.0,0.2358795404434204,0.007946142926812172,0.23780009150505066,0.009242546744644642,0.5,0.5,0.2358795404434204,0.007922322489321232,0.0,171
-0.5242204070091248,-0.2833295166492462,-0.5015355348587036,-0.2609037458896637,-0.5006460547447205,-0.2582353949546814,0.0004501521761994809,0.0004575295024551451,0.0,0.0,0.3935702443122864,0.0072244941256940365,0.388130247592926,0.006925202906131744,0.5,0.5,0.3935702443122864,0.007134856656193733,0.0,172
-0.5205419659614563,-0.2791137099266052,-0.501366376876831,-0.26044362783432007,-0.5003542304039001,-0.257466584444046,0.00045897485688328743,0.0004457916074898094,0.0,0.0,0.36280351877212524,0.008227295242249966,0.35226351022720337,0.004902358632534742,0.5,0.5,0.36280351877212524,0.008223401382565498,0.0,173
-0.5067725777626038,-0.27192947268486023,-0.501366376876831,-0.26044362783432007,-0.5003542304039001,-0.257466584444046,0.0004649947804864496,0.00043809766066260636,0.0,0.0,0.36337369680404663,0.0,0.3515793979167938,0.0,0.5,0.5,0.36337369680404663,0.0,0.0,174
-0.5009739995002747,-0.2792506515979767,-0.5012879371643066,-0.25892457365989685,-0.5003065466880798,-0.2567153573036194,0.00046908200602047145,0.00043302305857650936,0.0,0.0,0.017951922491192818,0.00800000037997961,0.051579397171735764,0.015210849232971668,0.5,0.5,0.06337369978427887,0.007527461741119623,0.0,175
-0.5083774924278259,-0.27594906091690063,-0.5011870265007019,-0.2583244740962982,-0.5001827478408813,-0.2559625506401062,0.0004718476557172835,0.0004296623810660094,0.0,0.0,0.16297101974487305,0.00766706420108676,0.16659215092658997,0.006085203029215336,0.5,0.5,0.16297101974487305,0.007629068568348885,0.0,176
-0.5147201418876648,-0.27088937163352966,-0.5011870265007019,-0.2583244740962982,-0.5001827478408813,-0.2559625506401062,0.0004367101064417511,0.0004448557738214731,0.0,0.0,0.16552196443080902,0.0,0.16932186484336853,0.0,0.5,0.5,0.16552196443080902,0.0,0.0,177
-0.5107262134552002,-0.2799098789691925,-0.501112163066864,-0.25796231627464294,-0.500029444694519,-0.25517767667770386,0.0004497341869864613,0.0004553438338916749,0.0,0.0,0.19291281700134277,0.00800000037997961,0.20381183922290802,0.003698165761306882,0.5,0.5,0.19291281700134277,0.007996998727321625,0.0,178
-0.5139343738555908,-0.26851320266723633,-0.501112163066864,-0.25796231627464294,-0.500029444694519,-0.25517767667770386,0.0004229192854836583,0.00044436330790631473,0.0,0.0,0.19270767271518707,0.0,0.20319649577140808,0.0,0.5,0.5,0.19270767271518707,0.0,0.0,179
-0.5115994811058044,-0.24999482929706573,-0.501112163066864,-0.25796231627464294,-0.500029444694519,-0.25517767667770386,0.0004401664191391319,0.00043715749052353203,0.0,0.0,0.19538705050945282,0.0,0.19729697704315186,0.0,0.5,0.5,0.19538705050945282,0.0,0.0,180
-0.48588332533836365,-0.25291743874549866,-0.501112163066864,-0.25796231627464294,-0.500029444694519,-0.25517767667770386,0.0004168951418250799,0.0004411941336002201,0.0,0.0,0.19236835837364197,0.0,0.19466033577919006,0.0,0.5,0.5,0.19236835837364197,0.0,0.0,181
-0.4789195656776428,-0.2639335095882416,-0.501112163066864,-0.25796231627464294,-0.500029444694519,-0.25517767667770386,0.0004189086612313986,0.0004350683593656868,0.0,0.0,0.18955254554748535,0.0,0.19405031204223633,0.0,0.5,0.5,0.18955254554748535,0.0,0.0,182
-0.5034761428833008,-0.2723233103752136,-0.501112163066864,-0.25796231627464294,-0.500029444694519,-0.25517767667770386,0.0004202573327347636,0.00043101818300783634,0.0,0.0,0.19291599094867706,0.0,0.18704858422279358,0.0,0.5,0.5,0.19291599094867706,0.0,0.0,183
-0.5173197388648987,-0.25336718559265137,-0.501112163066864,-0.25796231627464294,-0.500029444694519,-0.25517767667770386,0.0004383093328215182,0.0004283316375222057,0.0,0.0,0.1872427761554718,0.0,0.18200911581516266,0.0,0.5,0.5,0.1872427761554718,0.0,0.0,184
-0.517757773399353,-0.25344493985176086,-0.501112163066864,-0.25796231627464294,-0.500029444694519,-0.25517767667770386,0.0004508379497565329,0.0004439320182427764,0.0,0.0,0.18524673581123352,0.0,0.1844370812177658,0.0,0.5,0.5,0.18524673581123352,0.0,0.0,185
-0.5141703486442566,-0.25499168038368225,-0.501112163066864,-0.25796231627464294,-0.500029444694519,-0.25517767667770386,0.00045944403973408043,0.0004368734371382743,0.0,0.0,0.18545670807361603,0.0,0.16166745126247406,0.0,0.5,0.5,0.18545670807361603,0.0,0.0,186
-0.508145272731781,-0.2681620121002197,-0.501112163066864,-0.25796231627464294,-0.500029444694519,-0.25517767667770386,0.00042899735854007304,0.0004498469643294811,0.0,0.0,0.17470423877239227,0.0,0.1885177195072174,0.0,0.5,0.5,0.17470423877239227,0.0,0.0,187
-0.518320620059967,-0.26477816700935364,-0.501112163066864,-0.25796231627464294,-0.500029444694519,-0.25517767667770386,0.00044439424527809024,0.00044076237827539444,0.0,0.0,0.17394554615020752,0.0,0.16716088354587555,0.0,0.5,0.5,0.17394554615020752,0.0,0.0,188
-0.5107869505882263,-0.27303147315979004,-0.501112163066864,-0.25796231627464294,-0.500029444694519,-0.25517767667770386,0.0004550268058665097,0.00045252867857925594,0.0,0.0,0.17429479956626892,0.0,0.17810173332691193,0.0,0.5,0.5,0.17429479956626892,0.0,0.0,189
-0.49921083450317383,-0.27335232496261597,-0.501112163066864,-0.25796231627464294,-0.500029444694519,-0.25517767667770386,0.00042623671470209956,0.0004605998983606696,0.0,0.0,0.1784287989139557,0.0,0.19563575088977814,0.0,0.5,0.5,0.1784287989139557,0.0,0.0,190
-0.4860425889492035,-0.26534685492515564,-0.501112163066864,-0.25796231627464294,-0.500029444694519,-0.25517767667770386,0.00042515096720308065,0.000447794736828655,0.0,0.0,0.1823510080575943,0.0,0.21084555983543396,0.0,0.5,0.5,0.1823510080575943,0.0,0.0,191
-0.4689852297306061,-0.27100831270217896,-0.501112163066864,-0.25796231627464294,-0.500029444694519,-0.25517767667770386,0.0004417207674123347,0.0004573602636810392,0.0,0.0,-0.5931395888328552,0.0,-0.0891544371843338,0.0,0.5,0.5,-0.11764898896217346,0.0,0.0,192
-0.4739513397216797,-0.26716509461402893,-0.501112163066864,-0.25796231627464294,-0.500029444694519,-0.25517767667770386,0.00043541580089367926,0.0004638957616407424,0.0,0.0,-0.10283607989549637,0.0,-0.0934624969959259,0.0,0.5,0.5,-0.10283607989549637,0.0,0.0,193
-0.476863831281662,-0.26245108246803284,-0.501112163066864,-0.25796231627464294,-0.500029444694519,-0.25517767667770386,0.00044884003000333905,0.0004499406204558909,0.0,0.0,-0.09674269706010818,0.0,-0.09356550127267838,0.0,0.5,0.5,-0.09674269706010818,0.0,0.0,194
-0.47631362080574036,-0.2525402903556824,-0.501112163066864,-0.25796231627464294,-0.500029444694519,-0.25517767667770386,0.000458076479844749,0.0004588300653267652,0.0,0.0,-0.09067251533269882,0.0,-0.07840210944414139,0.0,0.5,0.5,-0.09067251533269882,0.0,0.0,195
-0.47737327218055725,-0.2516525983810425,-0.501112163066864,-0.25796231627464294,-0.500029444694519,-0.25517767667770386,0.00044614876969717443,0.00044664059532806277,0.0,0.0,-0.09319935739040375,0.0,-0.0902787297964096,0.0,0.5,0.5,-0.09319935739040375,0.0,0.0,196
-0.4906280040740967,-0.26215583086013794,-0.501112163066864,-0.25796231627464294,-0.500029444694519,-0.25517767667770386,0.0004383325867820531,0.0004565688723232597,0.0,0.0,-0.0905533879995346,0.0,-0.09155916422605515,0.0,0.5,0.5,-0.0905533879995346,0.0,0.0,197
-0.48826077580451965,-0.26718875765800476,-0.501112163066864,-0.25796231627464294,-0.500029444694519,-0.25517767667770386,0.00045085398596711457,0.0004633566422853619,0.0,0.0,-0.08655004948377609,0.0,-0.0851123258471489,0.0,0.5,0.5,-0.08655004948377609,0.0,0.0,198
-0.4800441265106201,-0.2591586709022522,-0.501112163066864,-0.25796231627464294,-0.500029444694519,-0.25517767667770386,0.00044142300612293184,0.00046797143295407295,0.0,0.0,-0.08578190952539444,0.0,-0.09056717902421951,0.0,0.5,0.5,-0.08578190952539444,0.0,0.0,199
-0.48357605934143066,-0.2511317729949951,-0.501112163066864,-0.25796231627464294,-0.500029444694519,-0.25517767667770386,0.00045298354234546423,0.00047109692241065204,0.0,0.0,-0.08403624594211578,0.0,-0.0959920883178711,0.0,0.5,0.5,-0.08403624594211578,0.0,0.0,200
-0.4775983691215515,-0.25444912910461426,-0.501112163066864,-0.25796231627464294,-0.500029444694519,-0.25517767667770386,0.00044281865120865405,0.0004732083179987967,0.0,0.0,-0.08287405967712402,0.0,-0.08984894305467606,0.0,0.5,0.5,-0.08287405967712402,0.0,0.0,201
-0.4760769307613373,-0.2623544931411743,-0.501112163066864,-0.25796231627464294,-0.500029444694519,-0.25517767667770386,0.00045394382323138416,0.00045597966527566314,0.0,0.0,-0.08339006453752518,0.0,-0.08637036383152008,0.0,0.5,0.5,-0.08339006453752518,0.0,0.0,202
-0.4830503761768341,-0.2666131854057312,-0.501112163066864,-0.25796231627464294,-0.500029444694519,-0.25517767667770386,0.00044344738125801086,0.0004447790270205587,0.0,0.0,-0.08433070778846741,0.0,-0.10173705220222473,0.0,0.5,0.5,-0.08433070778846741,0.0,0.0,203
-0.4785507023334503,-0.25668609142303467,-0.501112163066864,-0.25796231627464294,-0.500029444694519,-0.25517767667770386,0.0004365541390143335,0.0004374312120489776,0.0,0.0,-0.08825837820768356,0.0,-0.10205592215061188,0.0,0.5,0.5,-0.08825837820768356,0.0,0.0,204
-0.4884239435195923,-0.24838300049304962,-0.501112163066864,-0.25796231627464294,-0.500029444694519,-0.25517767667770386,0.0004496264737099409,0.00045023203711025417,0.0,0.0,-0.08800452202558517,0.0,-0.09100805968046188,0.0,0.5,0.5,-0.08800452202558517,0.0,0.0,205
-0.48275309801101685,-0.25948047637939453,-0.501112163066864,-0.25796231627464294,-0.500029444694519,-0.25517767667770386,0.00044061767403036356,0.00044999460806138813,0.0,0.0,-0.09053134173154831,0.0,-0.08578526973724365,0.0,0.5,0.5,-0.09053134173154831,0.0,0.0,206
-0.486779123544693,-0.26460933685302734,-0.501112163066864,-0.25796231627464294,-0.500029444694519,-0.25517767667770386,0.0004346878849901259,0.00045886702719144523,0.0,0.0,-0.09853921085596085,0.0,-0.09182704985141754,0.0,0.5,0.5,-0.09853921085596085,0.0,0.0,207
-0.4864598214626312,-0.27899178862571716,-0.5013381242752075,-0.2570619285106659,-0.5002219676971436,-0.2544100880622864,0.00043076611473225057,0.00044666469329968095,0.0,0.0,-0.24571456015110016,0.00800000037997961,-0.24585819244384766,0.009282953105866909,0.5,0.5,-0.24571456015110016,0.007913514040410519,0.0,208
-0.48084601759910583,-0.28111597895622253,-0.501782238483429,-0.2557275891304016,-0.50041264295578,-0.25385144352912903,0.0004456212918739766,0.00045658540329895914,0.0,0.0,-0.32892879843711853,0.005923538468778133,-0.32131361961364746,0.014063187874853611,0.5,0.5,-0.32892879843711853,0.005903041455894709,0.0,209
-0.47890084981918335,-0.28113579750061035,-0.5019428730010986,-0.25530609488487244,-0.5007410049438477,-0.2529778480529785,0.0004379855818115175,0.0004451748973224312,0.0,0.0,-0.359523743391037,0.009337073192000389,-0.3641509711742401,0.0045105828903615475,0.5,0.5,-0.359523743391037,0.009332703426480293,0.0,210
-0.4842492938041687,-0.26641955971717834,-0.5019428730010986,-0.25530609488487244,-0.5007410049438477,-0.2529778480529785,0.00045061460696160793,0.0004376918077468872,0.0,0.0,-0.35568684339523315,0.0,-0.3617807626724243,0.0,0.5,0.5,-0.35568684339523315,0.0,0.0,211
-0.49258536100387573,-0.2697165310382843,-0.5019428730010986,-0.25530609488487244,-0.5007410049438477,-0.2529778480529785,0.0004592912446241826,0.0004327546921558678,0.0,0.0,-0.3532417416572571,0.0,-0.3623071312904358,0.0,0.5,0.5,-0.3532417416572571,0.0,0.0,212
-0.48628291487693787,-0.2674313485622406,-0.5019428730010986,-0.25530609488487244,-0.5007410049438477,-0.2529778480529785,0.00046521000331267715,0.0004469990963116288,0.0,0.0,-0.3538988530635834,0.0,-0.3387816548347473,0.0,0.5,0.5,-0.3538988530635834,0.0,0.0,213
-0.4933922588825226,-0.2500337064266205,-0.5019428730010986,-0.25530609488487244,-0.5007410049438477,-0.2529778480529785,0.0004507950507104397,0.00045681477058678865,0.0,0.0,-0.3566738963127136,0.0,-0.36492154002189636,0.0,0.5,0.5,-0.3566738963127136,0.0,0.0,214
-0.509466290473938,-0.2579342722892761,-0.5019428730010986,-0.25530609488487244,-0.5007410049438477,-0.2529778480529785,0.00045941470307298005,0.0004635241930373013,0.0,0.0,-0.3558015525341034,0.0,-0.3484242558479309,0.0,0.5,0.5,-0.3558015525341034,0.0,0.0,215
-0.5052112340927124,-0.25505930185317993,-0.5019428730010986,-0.25530609488487244,-0.5007410049438477,-0.2529778480529785,0.0004652939678635448,0.0004496989131439477,0.0,0.0,-0.35882994532585144,0.0,-0.37209823727607727,0.0,0.5,0.5,-0.35882994532585144,0.0,0.0,216
-0.5017455220222473,-0.24274075031280518,-0.5019428730010986,-0.25530609488487244,-0.5007410049438477,-0.2529778480529785,0.0004692847141996026,0.00045866461005061865,0.0,0.0,-0.3619156777858734,0.0,-0.374601274728775,0.0,0.5,0.5,-0.3619156777858734,0.0,0.0,217
-0.5162564516067505,-0.2512333393096924,-0.5019428730010986,-0.25530609488487244,-0.5007410049438477,-0.2529778480529785,0.0004719846183434129,0.00045563079765997827,0.0,0.0,-0.3582187294960022,0.0,-0.3602961301803589,0.0,0.5,0.5,-0.3582187294960022,0.0,0.0,218
-0.5228229761123657,-0.25762739777565,-0.5019428730010986,-0.25530609488487244,-0.5007410049438477,-0.2529778480529785,0.00043679497321136296,0.00046271723113022745,0.0,0.0,-0.36017265915870667,0.0,-0.3575165271759033,0.0,0.5,0.5,-0.36017265915870667,0.0,0.0,219
-0.5250037312507629,-0.2652050852775574,-0.5019428730010986,-0.25530609488487244,-0.5007410049438477,-0.2529778480529785,0.00044979280210100114,0.00044917382183484733,0.0,0.0,-0.36045461893081665,0.0,-0.3557679355144501,0.0,0.5,0.5,-0.36045461893081665,0.0,0.0,220
-0.5141937136650085,-0.2583441436290741,-0.5019428730010986,-0.25530609488487244,-0.5007410049438477,-0.2529778480529785,0.0004587288713082671,0.0004583050904329866,0.0,0.0,-0.3613857626914978,0.0,-0.37833651900291443,0.0,0.5,0.5,-0.3613857626914978,0.0,0.0,221
-0.5193393230438232,-0.25526610016822815,-0.5019428730010986,-0.25530609488487244,-0.5007410049438477,-0.2529778480529785,0.0004648274334613234,0.0004462979850359261,0.0,0.0,-0.3683225214481354,0.0,-0.36579635739326477,0.0,0.5,0.5,-0.3683225214481354,0.0,0.0,222
-0.5214323401451111,-0.26058661937713623,-0.5019428730010986,-0.25530609488487244,-0.5007410049438477,-0.2529778480529785,0.0004323518951423466,0.00045633382978849113,0.0,0.0,-0.3641137182712555,0.0,-0.3619263768196106,0.0,0.5,0.5,-0.3641137182712555,0.0,0.0,223
-0.5057073831558228,-0.26800620555877686,-0.5019428730010986,-0.25530609488487244,-0.5007410049438477,-0.2529778480529785,0.00044672019430436194,0.0004450105188880116,0.0,0.0,-0.3599129319190979,0.0,-0.3508221209049225,0.0,0.5,0.5,-0.3599129319190979,0.0,0.0,224
-0.5274960994720459,-0.2665557861328125,-0.5019428730010986,-0.25530609488487244,-0.5007410049438477,-0.2529778480529785,0.00045662347110919654,0.00043758359970524907,0.0,0.0,-0.3533410131931305,0.0,-0.3455604612827301,0.0,0.5,0.5,-0.3533410131931305,0.0,0.0,225
-0.5268497467041016,-0.2666260004043579,-0.5019428730010986,-0.25530609488487244,-0.5007410049438477,-0.2529778480529785,0.00046339386608451605,0.0004503372183535248,0.0,0.0,-0.35676109790802,0.0,-0.35469818115234375,0.0,0.5,0.5,-0.35676109790802,0.0,0.0,226
-0.5389711856842041,-0.2735854983329773,-0.5019428730010986,-0.25530609488487244,-0.5007410049438477,-0.2529778480529785,0.00046799666597507894,0.00044108403380960226,0.0,0.0,0.676029622554779,0.0,-0.05469818040728569,0.0,0.5,0.5,-0.05676109716296196,0.0,0.0,227
-0.5354176759719849,-0.27132633328437805,-0.5019428730010986,-0.25530609488487244,-0.5007410049438477,-0.2529778480529785,0.0004711139772552997,0.0004349956871010363,0.0,0.0,0.676029622554779,0.0,0.24530181288719177,0.0,0.5,0.5,0.2432388961315155,0.0,0.0,228
-0.5364222526550293,-0.2534995973110199,-0.5019428730010986,-0.25530609488487244,-0.5007410049438477,-0.2529778480529785,0.0004732198140118271,0.0004485496028792113,0.0,0.0,0.25724661350250244,0.0,0.2646437883377075,0.0,0.5,0.5,0.25724661350250244,0.0,0.0,229
-0.5355212688446045,-0.2624189257621765,-0.5017887949943542,-0.2550628185272217,-0.5004088282585144,-0.2524448037147522,0.0004375598218757659,0.0004578775551635772,0.0,0.0,0.759387195110321,0.007165165152400732,0.5646438002586365,0.0028796519618481398,0.5,0.5,0.5572466254234314,0.006280655972659588,0.0,230
-0.5210843086242676,-0.2710348069667816,-0.5017887949943542,-0.2550628185272217,-0.5004088282585144,-0.2524448037147522,0.0004503208037931472,0.00044601887930184603,0.0,0.0,0.5536502003669739,0.0,0.5340514183044434,0.0,0.5,0.5,0.5536502003669739,0.0,0.0,231
-0.5244431495666504,-0.271439790725708,-0.5012732744216919,-0.25405630469322205,-0.5000371336936951,-0.251738578081131,0.0004590902244672179,0.0004382471670396626,0.0,0.0,0.4844973385334015,0.00800000037997961,0.47332343459129333,0.011308480054140091,0.5,0.5,0.4844973385334015,0.00798087939620018,0.0,232
-0.5171099305152893,-0.27625253796577454,-0.5012732744216919,-0.25405630469322205,-0.5000371336936951,-0.251738578081131,0.0004650732735171914,0.00045079507981427014,0.0,0.0,0.4847819209098816,0.0,0.4719577431678772,0.0,0.5,0.5,0.4847819209098816,0.0,0.0,233
-0.5135633945465088,-0.2540115714073181,-0.5012732744216919,-0.25405630469322205,-0.5000371336936951,-0.251738578081131,0.0004691351787187159,0.00045941470307298005,0.0,0.0,0.4851205050945282,0.0,0.4932543635368347,0.0,0.5,0.5,0.4851205050945282,0.0,0.0,234
-0.5131325721740723,-0.26144564151763916,-0.5012732744216919,-0.25405630469322205,-0.5000371336936951,-0.251738578081131,0.00047188359894789755,0.0004652939678635448,0.0,0.0,0.49018508195877075,0.0,0.49672234058380127,0.0,0.5,0.5,0.49018508195877075,0.0,0.0,235
-0.5113734602928162,-0.26430898904800415,-0.5012732744216919,-0.25405630469322205,-0.5000371336936951,-0.251738578081131,0.0004737390554510057,0.00045084962039254606,0.0,0.0,0.4850601255893707,0.0,0.48661917448043823,0.0,0.5,0.5,0.4850601255893707,0.0,0.0,236
-0.5160256028175354,-0.26363635063171387,-0.5012732744216919,-0.25405630469322205,-0.5000371336936951,-0.251738578081131,0.0004749897343572229,0.0004594520141836256,0.0,0.0,0.4875888526439667,0.0,0.4957888722419739,0.0,0.5,0.5,0.4875888526439667,0.0,0.0,237
-0.506375253200531,-0.24176089465618134,-0.5012732744216919,-0.25405630469322205,-0.5000371336936951,-0.251738578081131,0.0004758319118991494,0.0004470463318284601,0.0,0.0,0.4927375614643097,0.0,0.4852767586708069,0.0,0.5,0.5,0.4927375614643097,0.0,0.0,238
-0.5126665234565735,-0.22310994565486908,-0.5012732744216919,-0.25405630469322205,-0.5000371336936951,-0.251738578081131,0.00043917540460824966,0.00044785725185647607,0.0,0.0,0.48942112922668457,0.0,0.4889797866344452,0.0,0.5,0.5,0.48942112922668457,0.0,0.0,239
-0.49624285101890564,-0.21327748894691467,-0.5012732744216919,-0.25405630469322205,-0.4999053180217743,-0.25105103850364685,0.00041626914753578603,0.0004484017554204911,0.0,0.0,-0.015766702592372894,0.00800000037997961,0.18897978961467743,0.0,0.5,0.5,0.1894211322069168,0.007000668905675411,0.0,240
-0.5049225687980652,-0.2233116626739502,-0.5012458562850952,-0.25240522623062134,-0.4998740553855896,-0.24947430193424225,0.0004355207202024758,0.00044876718311570585,0.0,0.0,0.01982150599360466,0.01600000075995922,0.016588302329182625,0.016513019800186157,0.5,0.5,0.01982150599360466,0.01577043905854225,0.0,241
-0.48613396286964417,-0.22307349741458893,-0.5014188885688782,-0.2494020164012909,-0.5000076293945312,-0.24708490073680878,0.00041395745938643813,0.00044901238288730383,0.0,0.0,-0.055836815387010574,0.024000000208616257,-0.05755589157342911,0.030081847682595253,0.5,0.5,-0.055836815387010574,0.023931343108415604,0.0,242
-0.49749937653541565,-0.22697210311889648,-0.5014508366584778,-0.24574626982212067,-0.5000393390655518,-0.24388843774795532,0.00043390088831074536,0.00044917684863321483,0.0,0.0,-0.009923920035362244,0.03200000151991844,-0.0087334169074893,0.03655891865491867,0.5,0.5,-0.009923920035362244,0.031966276466846466,0.0,243
-0.4875071048736572,-0.22176645696163177,-0.5015889406204224,-0.24283669888973236,-0.5001772046089172,-0.24116581678390503,0.0004477924376260489,0.00044928715215064585,0.0,0.0,-0.05058321729302406,0.02728356048464775,-0.04742962867021561,0.02912847325205803,0.5,0.5,-0.05058321729302406,0.02726101130247116,0.0,244
-0.5079073905944824,-0.22044293582439423,-0.5014805197715759,-0.23894967138767242,-0.500067412853241,-0.23775841295719147,0.00045735869207419455,0.0004493611631914973,0.0,0.0,0.03220566734671593,0.03420885279774666,0.02789180725812912,0.03888540714979172,0.5,0.5,0.03220566734671593,0.034091684967279434,0.0,245
-0.5181186199188232,-0.2093534916639328,-0.5012453198432922,-0.23584991693496704,-0.4998597204685211,-0.23507189750671387,0.0004638946847990155,0.0004494107561185956,0.0,0.0,0.07715975493192673,0.02697257697582245,0.07573648542165756,0.031086597591638565,0.5,0.5,0.07715975493192673,0.0269453264772892,0.0,246
-0.5273933410644531,-0.193569153547287,-0.5008049607276917,-0.23265290260314941,-0.4995071589946747,-0.2322588860988617,0.000431771477451548,0.0004494440509006381,0.0,0.0,0.12468011677265167,0.028382251039147377,0.136887788772583,0.03227207809686661,0.5,0.5,0.12468011677265167,0.028350209817290306,0.0,247
-0.5105261206626892,-0.18888628482818604,-0.5006795525550842,-0.22983276844024658,-0.49937307834625244,-0.22953416407108307,0.0004463180957827717,0.00044946634443476796,0.0,0.0,0.04917383939027786,0.02735809236764908,0.04444544017314911,0.02822924219071865,0.5,0.5,0.04917383939027786,0.027280142530798912,0.0,248
-0.5089018940925598,-0.21246758103370667,-0.500561535358429,-0.22756989300251007,-0.49926912784576416,-0.2267613559961319,0.0004207724123261869,0.0004494813038036227,0.0,0.0,0.03746933117508888,0.027749404311180115,0.052110280841588974,0.022659439593553543,0.5,0.5,0.03746933117508888,0.02774750255048275,0.0,249
-0.5035278797149658,-0.232025608420372,-0.5004875063896179,-0.2234167605638504,-0.499220073223114,-0.22318775951862335,0.0004386689397506416,0.0004494913446251303,0.0,0.0,0.01372488308697939,0.0357494056224823,0.01782997138798237,0.04153788462281227,0.5,0.5,0.01372488308697939,0.03573932871222496,0.0,250
-0.4912891387939453,-0.22445502877235413,-0.5006017088890076,-0.22038035094738007,-0.49931973218917847,-0.22033382952213287,0.0004510859725996852,0.0004494980676099658,0.0,0.0,-0.03490534797310829,0.02859054133296013,-0.03758852928876877,0.030385617166757584,0.5,0.5,-0.03490534797310829,0.028556741774082184,0.0,251
-0.484002947807312,-0.21542935073375702,-0.5008649826049805,-0.21664288640022278,-0.4995144009590149,-0.21740801632404327,0.00045961368596181273,0.0004495025787036866,0.0,0.0,-0.06643746048212051,0.029337432235479355,-0.07032563537359238,0.037467245012521744,0.5,0.5,-0.06643746048212051,0.029322849586606026,0.0,252
-0.48999154567718506,-0.21071438491344452,-0.5009987950325012,-0.21327152848243713,-0.4996514320373535,-0.21418097615242004,0.00044715177500620484,0.0004495056055020541,0.0,0.0,-0.04243463650345802,0.03230876475572586,-0.03966643661260605,0.033740103244781494,0.5,0.5,-0.04243463650345802,0.0322994589805603,0.0,253
-0.4938785135746002,-0.20979754626750946,-0.5010281801223755,-0.21060998737812042,-0.4997231364250183,-0.2114308476448059,0.00043899216689169407,0.00044950764277018607,0.0,0.0,-0.026065481826663017,0.02751428633928299,-0.011036227457225323,0.026617025956511497,0.5,0.5,-0.026065481826663017,0.02751060016453266,0.0,254
-0.49970585107803345,-0.2131517380475998,-0.5010042190551758,-0.20729105174541473,-0.49972715973854065,-0.20816798508167267,0.0004336143028922379,0.0004495089815463871,0.0,0.0,-0.0012350886827334762,0.03263865411281586,0.0072144088335335255,0.03319018334150314,0.5,0.5,-0.0012350886827334762,0.03262859210371971,0.0,255
-0.4827460050582886,-0.19763275980949402,-0.501224160194397,-0.20380748808383942,-0.49994057416915894,-0.20541414618492126,0.0004475941532291472,0.0004495099128689617,0.0,0.0,-0.07734525203704834,0.027701184153556824,-0.06304885447025299,0.03490506485104561,0.5,0.5,-0.07734525203704834,0.027620989829301834,0.0,256
-0.4958760440349579,-0.18978466093540192,-0.5013355016708374,-0.20065438747406006,-0.49999213218688965,-0.20272935926914215,0.00043928291415795684,0.0004495105240494013,0.0,0.0,-0.01919807307422161,0.026898296549916267,-0.03529120609164238,0.03155066445469856,0.5,0.5,-0.01919807307422161,0.026852836832404137,0.0,257
-0.4944559633731842,-0.18509146571159363,-0.5013933181762695,-0.1978391706943512,-0.5000565648078918,-0.200288787484169,0.00045150931691750884,0.0004495109315030277,0.0,0.0,-0.026382626965641975,0.0244147926568985,-0.0205369982868433,0.028158096596598625,0.5,0.5,-0.026382626965641975,0.02441416308283806,0.0,258
-0.5051427483558655,-0.1856917291879654,-0.5013151168823242,-0.19450923800468445,-0.49998825788497925,-0.19749009609222412,0.00044185269507579505,0.0004495111934375018,0.0,0.0,0.024404074996709824,0.028031369671225548,0.023485910147428513,0.03330850601196289,0.5,0.5,0.024404074996709824,0.02799522690474987,0.0,259
-0.48573392629623413,-0.1947382241487503,-0.5014902353286743,-0.191572904586792,-0.5001599192619324,-0.19484573602676392,0.00045327929547056556,0.000449511397164315,0.0,0.0,-0.06483209878206253,0.02660519629716873,-0.059559740126132965,0.029415519908070564,0.5,0.5,-0.06483209878206253,0.02649933658540249,0.0,260
-0.48545610904693604,-0.20069542527198792,-0.5017479062080383,-0.18787100911140442,-0.5003349781036377,-0.19212943315505981,0.00044301230809651315,0.0004495115135796368,0.0,0.0,-0.06435131281614304,0.027219446375966072,-0.06948521733283997,0.037108443677425385,0.5,0.5,-0.06435131281614304,0.027219442650675774,0.0,261
-0.4906918406486511,-0.20186017453670502,-0.5019023418426514,-0.18504948914051056,-0.5004513263702393,-0.18929345905780792,0.00045407700235955417,0.0004495116008911282,0.0,0.0,-0.04100741446018219,0.028391297906637192,-0.05467914417386055,0.02825741469860077,0.5,0.5,-0.04100741446018219,0.028383562341332436,0.0,262
-0.4786214530467987,-0.1785082370042801,-0.5021496415138245,-0.1826649308204651,-0.500686764717102,-0.18705211579799652,0.0004435345472302288,0.0004495116590987891,0.0,0.0,-0.1046660915017128,0.022582465782761574,-0.10334079712629318,0.023973485454916954,0.5,0.5,-0.1046660915017128,0.02253672294318676,0.0,263
-0.47157222032546997,-0.16962584853172302,-0.5025575757026672,-0.1800757795572281,-0.5010704398155212,-0.18442536890506744,0.00045443602721206844,0.00045853640767745674,0.0,0.0,-0.1450381726026535,0.026567861437797546,-0.15627796947956085,0.026211000978946686,0.5,0.5,-0.1450381726026535,0.026546211913228035,0.0,264
-0.4745157063007355,-0.1647976189851761,-0.5029581785202026,-0.17755335569381714,-0.5013501644134521,-0.18234188854694366,0.00044376947334967554,0.0004555453488137573,0.0,0.0,-0.13347254693508148,0.021023139357566833,-0.15750332176685333,0.025540322065353394,0.5,0.5,-0.13347254693508148,0.021021733060479164,0.0,265
-0.488865464925766,-0.1553005427122116,-0.5031123161315918,-0.1752588152885437,-0.5014834403991699,-0.1801837682723999,0.000436766364146024,0.0004535495536401868,0.0,0.0,-0.061677053570747375,0.0216781385242939,-0.06708630919456482,0.022997070103883743,0.5,0.5,-0.061677053570747375,0.021622290834784508,0.0,266
-0.5083343386650085,-0.14723749458789825,-0.5029175877571106,-0.17195983231067657,-0.5013636946678162,-0.1777089685201645,0.000449773040600121,0.0004522156959865242,0.0,0.0,0.048350974917411804,0.024927685037255287,0.058965813368558884,0.033047255128622055,0.5,0.5,0.048350974917411804,0.024776946753263474,0.0,267
-0.5147295594215393,-0.1386052966117859,-0.5027194619178772,-0.16966763138771057,-0.5011721253395081,-0.17558087408542633,0.00042294367449358106,0.0004603860143106431,0.0,0.0,0.08978881686925888,0.021385367959737778,0.08620989322662354,0.023007510229945183,0.5,0.5,0.08978881686925888,0.021367011591792107,0.0,268
-0.5112812519073486,-0.14159512519836426,-0.5026083588600159,-0.16797304153442383,-0.501037061214447,-0.1735866516828537,0.00044018341577611864,0.0004567775467876345,0.0,0.0,0.06761347502470016,0.01999286375939846,0.06545308977365494,0.016982298344373703,0.5,0.5,0.06761347502470016,0.01998794823884964,0.0,269
-0.5120056867599487,-0.1479533165693283,-0.5024518370628357,-0.16552594304084778,-0.5008701086044312,-0.17118145525455475,0.0004521298978943378,0.0004543722025118768,0.0,0.0,0.06930457800626755,0.024109847843647003,0.063878633081913,0.02452094852924347,0.5,0.5,0.06930457800626755,0.024109812453389168,0.0,270
-0.5072616338729858,-0.14974604547023773,-0.5023368000984192,-0.16321265697479248,-0.5007880926132202,-0.16920757293701172,0.0004603273991961032,0.0004527657001744956,0.0,0.0,0.04153146222233772,0.019763439893722534,0.04967615008354187,0.023161502555012703,0.5,0.5,0.04153146222233772,0.01975581794977188,0.0,271
-0.5225832462310791,-0.15467588603496552,-0.5020207762718201,-0.16082949936389923,-0.5005078315734863,-0.16697798669338226,0.0004659145197365433,0.00045169133227318525,0.0,0.0,0.12503311038017273,0.022549835965037346,0.13183121383190155,0.024040235206484795,0.5,0.5,0.12503311038017273,0.022471267729997635,0.0,272
-0.52651047706604,-0.14293116331100464,-0.5018420815467834,-0.15969648957252502,-0.5002142190933228,-0.1651182770729065,0.0004697050026152283,0.0004509722057264298,0.0,0.0,0.156573086977005,0.018836846575140953,0.1564093381166458,0.011470109224319458,0.5,0.5,0.156573086977005,0.01882747747004032,0.0,273
-0.5254215598106384,-0.1335822194814682,-0.5015516877174377,-0.157850980758667,-0.4998537600040436,-0.16286973655223846,0.00043538189493119717,0.0004504905955400318,0.0,0.0,0.1589530110359192,0.02277253195643425,0.15606510639190674,0.01868215575814247,0.5,0.5,0.1589530110359192,0.022772466763854027,0.0,274
-0.5320663452148438,-0.13216927647590637,-0.501187801361084,-0.15611402690410614,-0.49946022033691406,-0.16094081103801727,0.0004488165723159909,0.00045016789226792753,0.0,0.0,0.20126210153102875,0.01970425434410572,0.20649832487106323,0.01774652488529682,0.5,0.5,0.20126210153102875,0.01968662068247795,0.0,275
-0.5270006656646729,-0.13385766744613647,-0.5008408427238464,-0.15394136309623718,-0.49913451075553894,-0.15902452170848846,0.00045806041453033686,0.00045898559619672596,0.0,0.0,0.16835887730121613,0.019448310136795044,0.15836775302886963,0.022001948207616806,0.5,0.5,0.16835887730121613,0.01943778432905674,0.0,276
-0.5239306688308716,-0.14020489156246185,-0.5005672574043274,-0.15204483270645142,-0.49883103370666504,-0.15692955255508423,0.0004643725114874542,0.0004558447399176657,0.0,0.0,0.14385373890399933,0.021174749359488487,0.1432524174451828,0.0191616490483284,0.5,0.5,0.14385373890399933,0.021168392151594162,0.0,277
-0.5323437452316284,-0.15613150596618652,-0.5001237392425537,-0.14984016120433807,-0.4984196424484253,-0.15462563931941986,0.0004686602624133229,0.00045374949695542455,0.0,0.0,0.17670273780822754,0.023416118696331978,0.1985340267419815,0.022488396614789963,0.5,0.5,0.17670273780822754,0.023403486236929893,0.0,278
-0.5162991285324097,-0.14229309558868408,-0.4998619258403778,-0.14702777564525604,-0.49823087453842163,-0.1526881754398346,0.0004715626419056207,0.00045234939898364246,0.0,0.0,0.09712214022874832,0.019528158009052277,0.09282370656728745,0.02824539877474308,0.5,0.5,0.09712214022874832,0.019466353580355644,0.0,279
-0.5273183584213257,-0.14191868901252747,-0.49951356649398804,-0.1448201835155487,-0.4978887140750885,-0.1505974680185318,0.00047352255205623806,0.0004514127504080534,0.0,0.0,0.16222435235977173,0.021230142563581467,0.156514972448349,0.022349147126078606,0.5,0.5,0.16222435235977173,0.021185168996453285,0.0,280
-0.516755223274231,-0.13561178743839264,-0.4993700087070465,-0.14355966448783875,-0.4976998567581177,-0.14878709614276886,0.00047484386595897377,0.00045078565017320216,0.0,0.0,0.10394512861967087,0.01823287457227707,0.11340213567018509,0.012686659581959248,0.5,0.5,0.10394512861967087,0.018201919272542,0.0,281
-0.5168989896774292,-0.1277257651090622,-0.4990876317024231,-0.14115555584430695,-0.4974859952926636,-0.14685435593128204,0.0004757337155751884,0.0004503655945882201,0.0,0.0,0.1102011501789093,0.019445711746811867,0.1169259324669838,0.02420632913708687,0.5,0.5,0.1102011501789093,0.019445329904556274,0.0,282
-0.5215066075325012,-0.13960334658622742,-0.49888792634010315,-0.13949069380760193,-0.4972535967826843,-0.145075723528862,0.00047633255599066615,0.00045008413144387305,0.0,0.0,0.1299210786819458,0.017940958961844444,0.11937674880027771,0.016767973080277443,0.5,0.5,0.1299210786819458,0.017937472090125084,0.0,283
-0.5187737345695496,-0.12884722650051117,-0.49854791164398193,-0.1369602382183075,-0.49701184034347534,-0.1430944949388504,0.0004767353239003569,0.0004498954804148525,0.0,0.0,0.12142821401357651,0.019960014149546623,0.13357210159301758,0.025531940162181854,0.5,0.5,0.12142821401357651,0.01995929330587387,0.0,284
-0.5108140707015991,-0.13102921843528748,-0.49835968017578125,-0.13458292186260223,-0.4968644678592682,-0.14096827805042267,0.00047700616414658725,0.000449769024271518,0.0,0.0,0.0691973865032196,0.021342257037758827,0.07900723814964294,0.02384760044515133,0.5,0.5,0.0691973865032196,0.021313151344656944,0.0,285
-0.5026769638061523,-0.12753482162952423,-0.4983536899089813,-0.13358640670776367,-0.4968360364437103,-0.13934822380542755,0.0004771882377099246,0.000449684273917228,0.0,0.0,0.017547961324453354,0.016224633902311325,0.006017513107508421,0.009965270757675171,0.5,0.5,0.017547961324453354,0.01620299741625786,0.0,286
-0.5002777576446533,-0.12682569026947021,-0.49836230278015137,-0.13141553103923798,-0.4968327581882477,-0.1375531107187271,0.0004773105902131647,0.000449627434136346,0.0,0.0,0.001829276792705059,0.017953384667634964,-0.003963816910982132,0.0217088982462883,0.5,0.5,0.001829276792705059,0.01795116625726223,0.0,287
-0.4965539872646332,-0.10449501127004623,-0.4984322488307953,-0.1291726529598236,-0.4968748986721039,-0.13596981763839722,0.0004400888574309647,0.0004586156574077904,0.0,0.0,-0.026604805141687393,0.01584499329328537,-0.031172705814242363,0.02243969962000847,0.5,0.5,-0.026604805141687393,0.015838589519262314,0.0,288
-0.5040375590324402,-0.09259018301963806,-0.4984149634838104,-0.1287262737751007,-0.4968329071998596,-0.13474692404270172,0.0004343387554399669,0.00045559817226603627,0.0,0.0,0.034322503954172134,0.012258948758244514,0.03869626298546791,0.00446713250130415,0.5,0.5,0.034322503954172134,0.01223620306700468,0.0,289
-0.5013629198074341,-0.11112380772829056,-0.49839842319488525,-0.12633691728115082,-0.49681374430656433,-0.1328323632478714,0.00044809532118961215,0.00045358482748270035,0.0,0.0,0.010012087412178516,0.019152197986841202,0.006923373322933912,0.023894160985946655,0.5,0.5,0.010012087412178516,0.019146539270877838,0.0,290
-0.5019868612289429,-0.12631413340568542,-0.498371958732605,-0.1236828863620758,-0.49678710103034973,-0.13080216944217682,0.00045756628969684243,0.00045223929919302464,0.0,0.0,0.013129823841154575,0.020303860306739807,0.009965520352125168,0.026541661471128464,0.5,0.5,0.013129823841154575,0.020303761586546898,0.0,291
-0.4970186948776245,-0.12111078202724457,-0.4984240233898163,-0.12116668373346329,-0.4968138039112091,-0.12949371337890625,0.0004278247070033103,0.0004513390304055065,0.0,0.0,-0.020401569083333015,0.013094655238091946,-0.020684199407696724,0.025167392566800117,0.5,0.5,-0.020401569083333015,0.013087294064462185,0.0,292
-0.50467449426651,-0.1251671314239502,-0.4983556270599365,-0.11923056840896606,-0.49674826860427856,-0.12738806009292603,0.00042620839667506516,0.00045073629007674754,0.0,0.0,0.031118422746658325,0.021094655618071556,0.035305481404066086,0.019373223185539246,0.5,0.5,0.031118422746658325,0.021066665649414062,0.0,293
-0.5107002258300781,-0.10270456969738007,-0.49828770756721497,-0.11851506680250168,-0.49664604663848877,-0.1261681467294693,0.00044245645403862,0.0004548467695713043,0.0,0.0,0.08359342068433762,0.012258827686309814,0.09463654458522797,0.007187151350080967,0.5,0.5,0.08359342068433762,0.012241953052580357,0.0,294
-0.5255791544914246,-0.12070682644844055,-0.4979485273361206,-0.11662039160728455,-0.4962971806526184,-0.12418089061975479,0.0004536946944426745,0.00045308287371881306,0.0,0.0,0.17378154397010803,0.02025882713496685,0.17713595926761627,0.019247906282544136,0.5,0.5,0.17378154397010803,0.020176490768790245,0.0,295
-0.5211670398712158,-0.10944472998380661,-0.49766814708709717,-0.11476505547761917,-0.49606573581695557,-0.12271092087030411,0.0004613962664734572,0.0004564342671073973,0.0,0.0,0.15615849196910858,0.014883114956319332,0.1499888151884079,0.018764061853289604,0.5,0.5,0.15615849196910858,0.014880803413689137,0.0,296
-0.5149013996124268,-0.11600081622600555,-0.49749550223350525,-0.113377146422863,-0.49589109420776367,-0.12105832993984222,0.00046664077672176063,0.0004541430971585214,0.0,0.0,0.10529212653636932,0.016639478504657745,0.12374594807624817,0.013986027799546719,0.5,0.5,0.10529212653636932,0.01661795750260353,0.0,297
-0.5310279130935669,-0.10885436087846756,-0.4968946576118469,-0.11074008047580719,-0.49553170800209045,-0.11950794607400894,0.00047019668272696435,0.00045261255581863225,0.0,0.0,0.22778046131134033,0.01603507064282894,0.22402088344097137,0.027046512812376022,0.5,0.5,0.22778046131134033,0.015914930030703545,0.0,298
-0.5232229828834534,-0.09977039694786072,-0.49651437997817993,-0.10871224850416183,-0.4951781928539276,-0.11760867387056351,0.0004726006300188601,0.0004515888576861471,0.0,0.0,0.18402011692523956,0.01933741569519043,0.1853734254837036,0.020631814375519753,0.5,0.5,0.18402011692523956,0.019318904727697372,0.0,299
-0.5110384821891785,-0.1048901230096817,-0.49632972478866577,-0.10667301714420319,-0.4950348138809204,-0.11592141538858414,0.0004742225573863834,0.00045542384032160044,0.0,0.0,0.08477968722581863,0.017017148435115814,0.09031109511852264,0.020475734025239944,0.5,0.5,0.08477968722581863,0.016933418810367584,0.0,300
-0.5164510607719421,-0.10862067341804504,-0.49603769183158875,-0.10433944314718246,-0.4947991371154785,-0.11400710046291351,0.0004753153771162033,0.00045346838305704296,0.0,0.0,0.12250103801488876,0.01930142380297184,0.12449219077825546,0.023517759516835213,0.5,0.5,0.12250103801488876,0.01928769424557686,0.0,301
-0.5144996643066406,-0.11914211511611938,-0.49583935737609863,-0.10271590948104858,-0.49464893341064453,-0.1125139445066452,0.0004760510637424886,0.0004521614173427224,0.0,0.0,0.10025554895401001,0.015010640025138855,0.12155461311340332,0.016356054693460464,0.5,0.5,0.10025554895401001,0.015006925910711288,0.0,302
-0.5183404088020325,-0.13302724063396454,-0.49556654691696167,-0.10041069239377975,-0.4943961501121521,-0.1103358194231987,0.0004765460325870663,0.0004558111832011491,0.0,0.0,0.11554175615310669,0.021929997950792313,0.11779940873384476,0.023213034495711327,0.5,0.5,0.11554175615310669,0.02192743681371212,0.0,303
-0.5164395570755005,-0.13932892680168152,-0.49532848596572876,-0.09781515598297119,-0.49420157074928284,-0.10839085280895233,0.0004396166477818042,0.00045372708700597286,0.0,0.0,0.09970876574516296,0.01954919844865799,0.09146308153867722,0.02606433443725109,0.5,0.5,0.09970876574516296,0.01954674907028675,0.0,304
-0.5256463885307312,-0.11496186256408691,-0.4950699806213379,-0.09642200171947479,-0.49391505122184753,-0.10682722926139832,0.00045173935359343886,0.00045233441051095724,0.0,0.0,0.18122802674770355,0.01594950072467327,0.18345963954925537,0.014169291593134403,0.5,0.5,0.18122802674770355,0.01589653454720974,0.0,305
-0.5383123755455017,-0.11470138281583786,-0.49458298087120056,-0.09450867027044296,-0.4933648705482483,-0.10482104867696762,0.00046006045886315405,0.00045592820970341563,0.0,0.0,0.2676639258861542,0.020880529657006264,0.2492428421974182,0.019743366166949272,0.5,0.5,0.2676639258861542,0.020802577957510948,0.0,306
-0.5335592031478882,-0.1212117150425911,-0.4941605031490326,-0.09263253957033157,-0.4929530620574951,-0.1030268669128418,0.00046573305735364556,0.0004583559057209641,0.0,0.0,0.22561711072921753,0.01842465251684189,0.2214883714914322,0.01923111267387867,0.5,0.5,0.22561711072921753,0.01840836927294731,0.0,307
-0.5191876292228699,-0.11101213097572327,-0.4941605031490326,-0.09263253957033157,-0.4927626848220825,-0.1016772910952568,0.00046958212624303997,0.0004554250044748187,0.0,0.0,0.140147864818573,0.013679340481758118,0.15110090374946594,0.0,0.5,0.5,0.140147864818573,0.013629406690597534,0.0,308
-0.5178343057632446,-0.12098432332277298,-0.49390050768852234,-0.09063255041837692,-0.49250590801239014,-0.09957539290189743,0.000435305671999231,0.0004580163222271949,0.0,0.0,0.12156350910663605,0.021178895607590675,0.12927424907684326,0.020168159157037735,0.5,0.5,0.12156350910663605,0.021175237372517586,0.0,309
-0.5171722769737244,-0.1017490029335022,-0.49370747804641724,-0.08926428109407425,-0.49232202768325806,-0.09821808338165283,0.00044876389438286424,0.0004551986057776958,0.0,0.0,0.13466262817382812,0.013698290102183819,0.14015021920204163,0.013818146660923958,0.5,0.5,0.13466262817382812,0.013697114773094654,0.0,310
-0.5233792662620544,-0.09857866168022156,-0.49337875843048096,-0.08755651116371155,-0.49202731251716614,-0.0966603234410286,0.0004580243257805705,0.0004533179453574121,0.0,0.0,0.18697556853294373,0.015875672921538353,0.19015248119831085,0.017391148954629898,0.5,0.5,0.18697556853294373,0.01585395447909832,0.0,311
-0.5163114666938782,-0.1065317839384079,-0.49319836497306824,-0.08560621738433838,-0.49183210730552673,-0.09508614242076874,0.00046434791875071824,0.00045206077629700303,0.0,0.0,0.12338176369667053,0.015894558280706406,0.09223667532205582,0.01958617940545082,0.5,0.5,0.12338176369667053,0.01586242951452732,0.0,312
-0.5086575150489807,-0.1112489253282547,-0.49309301376342773,-0.08405008167028427,-0.491721510887146,-0.09334560483694077,0.0004686436150223017,0.0004512195591814816,0.0,0.0,0.0634564533829689,0.017471831291913986,0.06759080290794373,0.015596958808600903,0.5,0.5,0.0634564533829689,0.017440468072891235,0.0,313
-0.49571311473846436,-0.10119510442018509,-0.4931536018848419,-0.08213825523853302,-0.49177417159080505,-0.09179581701755524,0.00043472330435179174,0.0004506562545429915,0.0,0.0,-0.033957287669181824,0.015580670908093452,-0.03168149292469025,0.019127899780869484,0.5,0.5,-0.033957287669181824,0.015506803058087826,0.0,314
-0.4891994297504425,-0.0973479226231575,-0.49323299527168274,-0.08114589005708694,-0.49190497398376465,-0.09031394869089127,0.0004483612719923258,0.0004547925782389939,0.0,0.0,-0.08804916590452194,0.01489812508225441,-0.07982926070690155,0.009955352172255516,0.5,0.5,-0.08804916590452194,0.014876334927976131,0.0,315
-0.4845258295536041,-0.10998303443193436,-0.4933125972747803,-0.08045163005590439,-0.49210599064826965,-0.08856051415205002,0.00045774850877933204,0.0004530466685537249,0.0,0.0,-0.11413951963186264,0.017655227333307266,-0.1141432598233223,0.006988063920289278,0.5,0.5,-0.11413951963186264,0.017649218440055847,0.0,316
-0.47177669405937195,-0.09508931636810303,-0.4937039911746979,-0.07885385304689407,-0.4924245774745941,-0.0872049480676651,0.0004641601408366114,0.0004518793139141053,0.0,0.0,-0.23083023726940155,0.014020374044775963,-0.24022406339645386,0.016450120136141777,0.5,0.5,-0.23083023726940155,0.01392502710223198,0.0,317
-0.46152636408805847,-0.10167749226093292,-0.4940953850746155,-0.07752569019794464,-0.4929463565349579,-0.08548694103956223,0.0004685163148678839,0.0004510980797931552,0.0,0.0,-0.29485994577407837,0.017991814762353897,-0.28658586740493774,0.013846366666257381,0.5,0.5,-0.29485994577407837,0.01795494556427002,0.0,318
-0.46441033482551575,-0.10739710927009583,-0.4945203959941864,-0.07598498463630676,-0.4933924078941345,-0.08382753282785416,0.0004714653186965734,0.0004505748802330345,0.0,0.0,-0.2626023292541504,0.017192069441080093,-0.26916056871414185,0.0159824937582016,0.5,0.5,-0.2626023292541504,0.017183125019073486,0.0,319
-0.4612328112125397,-0.1119406595826149,-0.4948778450489044,-0.07474899291992188,-0.4938795566558838,-0.08210670202970505,0.00047345689381472766,0.0004547374846879393,0.0,0.0,-0.2758762240409851,0.01788613758981228,-0.2815181314945221,0.012866411358118057,0.5,0.5,-0.2758762240409851,0.01788456365466118,0.0,320
-0.46676355600357056,-0.10890556871891022,-0.4952855706214905,-0.07312034070491791,-0.4942922592163086,-0.08044393360614777,0.00047479962813667953,0.0004530098522081971,0.0,0.0,-0.24329152703285217,0.017141317948698997,-0.245303675532341,0.01678910106420517,0.5,0.5,-0.24329152703285217,0.017132217064499855,0.0,321
-0.46296215057373047,-0.0891997367143631,-0.49542316794395447,-0.07271692901849747,-0.49476757645606995,-0.07897838950157166,0.0004570080491248518,0.0004518546920735389,0.0,0.0,-0.3136214017868042,0.015445128083229065,-0.32873430848121643,0.004262360278517008,0.5,0.5,-0.3136214017868042,0.01540694572031498,0.0,322
-0.48027440905570984,-0.09271383285522461,-0.49576646089553833,-0.07047174870967865,-0.4950578212738037,-0.07724629342556,0.00046365585876628757,0.0004510815779212862,0.0,0.0,-0.16602976620197296,0.017755478620529175,-0.15173284709453583,0.022712761536240578,0.5,0.5,-0.16602976620197296,0.017562441527843475,0.0,323
-0.4720984399318695,-0.09191687405109406,-0.49595582485198975,-0.06961996108293533,-0.4954008162021637,-0.0758090391755104,0.00044978459482081234,0.00045508050243370235,0.0,0.0,-0.23426292836666107,0.014810597524046898,-0.21876484155654907,0.008725832216441631,0.5,0.5,-0.23426292836666107,0.014776133932173252,0.0,324
-0.481114000082016,-0.0737951323390007,-0.49595582485198975,-0.06961996108293533,-0.49562516808509827,-0.07463546842336655,0.0004407214291859418,0.0004532390448730439,0.0,0.0,-0.18888451159000397,0.011960497125983238,-0.1930268555879593,0.0,0.5,0.5,-0.18888451159000397,0.011948184110224247,0.0,325
-0.46850457787513733,-0.06929244101047516,-0.49644944071769714,-0.06809812784194946,-0.4960348308086395,-0.07340902090072632,0.0004525005060713738,0.00045200801105238497,0.0,0.0,-0.3223670423030853,0.013046614825725555,-0.31365346908569336,0.01599891297519207,0.5,0.5,-0.3223670423030853,0.012930558063089848,0.0,326
-0.4772520065307617,-0.07310459762811661,-0.4968411326408386,-0.0663706511259079,-0.49629688262939453,-0.07227881997823715,0.00046058063162490726,0.0004511842271313071,0.0,0.0,-0.22784826159477234,0.011653867550194263,-0.22297993302345276,0.0177132748067379,0.5,0.5,-0.22784826159477234,0.01160184945911169,0.0,327
-0.46999478340148926,-0.06403090804815292,-0.4974067211151123,-0.06475236266851425,-0.4967152178287506,-0.07103756815195084,0.0004660866397898644,0.00045515000238083303,0.0,0.0,-0.32506492733955383,0.013160637579858303,-0.33621951937675476,0.017142748460173607,0.5,0.5,-0.32506492733955383,0.01309849601238966,0.0,328
-0.4694441258907318,-0.058404576033353806,-0.4976015090942383,-0.06421119719743729,-0.49708303809165955,-0.07003357261419296,0.0004513645835686475,0.00045783069799654186,0.0,0.0,-0.35117217898368835,0.010696199722588062,-0.345522940158844,0.005751546006649733,0.5,0.5,-0.35117217898368835,0.010692554526031017,0.0,329
-0.4741712808609009,-0.050145916640758514,-0.4980296194553375,-0.06291816383600235,-0.4973028898239136,-0.06939397752285004,0.00044175778748467565,0.0004573550831992179,0.0,0.0,-0.33106404542922974,0.006764593068510294,-0.3197232484817505,0.013620594516396523,0.5,0.5,-0.33106404542922974,0.0067632258869707584,0.0,330
-0.48034727573394775,-0.06457869708538055,-0.4983670115470886,-0.061400532722473145,-0.4975587725639343,-0.06822770833969116,0.00043544021900743246,0.00045475756633095443,0.0,0.0,-0.21596887707710266,0.012019593268632889,-0.21875891089439392,0.015546840615570545,0.5,0.5,-0.21596887707710266,0.011940069496631622,0.0,331
-0.48244184255599976,-0.06844132393598557,-0.4985966384410858,-0.06022593379020691,-0.4977325201034546,-0.06730304658412933,0.00044885691022500396,0.000457568938145414,0.0,0.0,-0.18573972582817078,0.009412750601768494,-0.1930612176656723,0.011968336068093777,0.5,0.5,-0.18573972582817078,0.009408450685441494,0.0,332
-0.48410922288894653,-0.06363453716039658,-0.4987354278564453,-0.05938365310430527,-0.49797528982162476,-0.06594887375831604,0.0004580880340654403,0.00045490023330785334,0.0,0.0,-0.17739950120449066,0.013758123852312565,-0.16330426931381226,0.008536383509635925,0.5,0.5,-0.17739950120449066,0.013757645152509212,0.0,333
-0.49511006474494934,-0.055775560438632965,-0.4987955093383789,-0.05848866328597069,-0.49803414940834045,-0.06497682631015778,0.0004643913125619292,0.0004553886246867478,0.0,0.0,-0.06046362593770027,0.009805264882743359,-0.06703910231590271,0.008970053866505623,0.5,0.5,-0.06046362593770027,0.009738302789628506,0.0,334
-0.49993640184402466,-0.04958237335085869,-0.49878183007240295,-0.057542238384485245,-0.49803486466407776,-0.06412934511899948,0.000468673009891063,0.0004557166248559952,0.0,0.0,-0.0008528351900167763,0.008489926345646381,0.014452512376010418,0.00946522131562233,0.5,0.5,-0.0008528351900167763,0.008474847301840782,0.0,335
-0.5080970525741577,-0.05693453922867775,-0.4987531900405884,-0.057284969836473465,-0.49791935086250305,-0.06296060234308243,0.0004715712566394359,0.0004559368535410613,0.0,0.0,0.09850380569696426,0.011802548542618752,0.11084982752799988,0.002588555682450533,0.5,0.5,0.09850380569696426,0.01174433995038271,0.0,336
-0.49071168899536133,-0.07442060112953186,-0.49884071946144104,-0.056257229298353195,-0.498050719499588,-0.06155449524521828,0.00047352834371849895,0.0004538109933491796,0.0,0.0,-0.09315411001443863,0.0143857067450881,-0.08495227992534637,0.010314606130123138,0.5,0.5,-0.09315411001443863,0.014122300781309605,0.0,337
-0.5026401877403259,-0.07305899262428284,-0.4988333284854889,-0.05602196231484413,-0.4980124235153198,-0.06013203039765358,0.00045618656440638006,0.0004523905226960778,0.0,0.0,0.026917995885014534,0.014332987368106842,0.03146315738558769,0.0023538200184702873,0.5,0.5,0.026917995885014534,0.014229790307581425,0.0,338
-0.49191322922706604,-0.07179704308509827,-0.4989766478538513,-0.05445610731840134,-0.49811655282974243,-0.058885566890239716,0.0004269622440915555,0.00045144028263166547,0.0,0.0,-0.08335012942552567,0.012584480457007885,-0.09128119796514511,0.015724021941423416,0.5,0.5,-0.08335012942552567,0.012508050538599491,0.0,339
-0.4981747567653656,-0.0817129835486412,-0.49901503324508667,-0.052227992564439774,-0.49814292788505554,-0.05734408274292946,0.0004256342363078147,0.0004553232865873724,0.0,0.0,-0.01710260659456253,0.015450977720320225,-0.01723167859017849,0.022284438833594322,0.5,0.5,-0.01710260659456253,0.015417085029184818,0.0,340
-0.4901615381240845,-0.07503598928451538,-0.49914923310279846,-0.05094745010137558,-0.49825170636177063,-0.056238140910863876,0.00042474950896576047,0.00045794766629114747,0.0,0.0,-0.09803405404090881,0.011149261146783829,-0.10440950840711594,0.012875547632575035,0.5,0.5,-0.09803405404090881,0.011112767271697521,0.0,341
-0.4932320713996887,-0.073220394551754,-0.49924200773239136,-0.04906456172466278,-0.4983597993850708,-0.05466955527663231,0.0004414413415361196,0.0004551527963485569,0.0,0.0,-0.06879686564207077,0.015729788690805435,-0.049232061952352524,0.01885172352194786,0.5,0.5,-0.06879686564207077,0.01572306640446186,0.0,342
-0.5064997673034668,-0.06651341915130615,-0.49914759397506714,-0.04754279926419258,-0.498290479183197,-0.05369341000914574,0.0004352314572315663,0.00045328735723160207,0.0,0.0,0.07090652734041214,0.009882315993309021,0.06195543333888054,0.01524688582867384,0.5,0.5,0.07090652734041214,0.009786035865545273,0.0,343
-0.5211200714111328,-0.06548772007226944,-0.49904459714889526,-0.047095123678445816,-0.49802809953689575,-0.05256926640868187,0.000413774250773713,0.00045204031630419195,0.0,0.0,0.22929759323596954,0.011689892038702965,0.2261205017566681,0.00459368946030736,0.5,0.5,0.22929759323596954,0.011543561704456806,0.0,344
-0.5045828223228455,-0.04713927209377289,-0.4989928901195526,-0.046261779963970184,-0.49798280000686646,-0.05185604467988014,0.00043377242400310934,0.0004512058512773365,0.0,0.0,0.06344223022460938,0.007246042601764202,0.06195416674017906,0.008349457755684853,0.5,0.5,0.06344223022460938,0.007146609015762806,0.0,345
-0.4898257851600647,-0.04882942885160446,-0.49925655126571655,-0.044361621141433716,-0.4981182813644409,-0.05087294057011604,0.00044770355452783406,0.00045290414709597826,0.0,0.0,-0.13694463670253754,0.010126572102308273,-0.13788017630577087,0.01918364316225052,0.5,0.5,-0.13694463670253754,0.009923935867846012,0.0,346
-0.4891442656517029,-0.06557755172252655,-0.4993738532066345,-0.04350391775369644,-0.49827736616134644,-0.049545638263225555,0.00045729774865321815,0.00045178396976552904,0.0,0.0,-0.11928104609251022,0.013370079919695854,-0.13590706884860992,0.008656848222017288,0.5,0.5,-0.11928104609251022,0.01336799468845129,0.0,347
-0.48819220066070557,-0.07055065780878067,-0.49947720766067505,-0.04263880103826523,-0.4984269440174103,-0.04833526909351349,0.0004456402675714344,0.0004510342550929636,0.0,0.0,-0.12295310199260712,0.012195846997201443,-0.11890699714422226,0.00871269591152668,0.5,0.5,-0.12295310199260712,0.012195764109492302,0.0,348
-0.5017369985580444,-0.0842537060379982,-0.4994341731071472,-0.04097924008965492,-0.4984067380428314,-0.047064997255802155,0.0004379980673547834,0.0004550484591163695,0.0,0.0,0.01589745283126831,0.012827778235077858,0.025918355211615562,0.01660120114684105,0.5,0.5,0.01589745283126831,0.012704321183264256,0.0,349
-0.5027941465377808,-0.07419644296169281,-0.49942177534103394,-0.04058964550495148,-0.498369425535202,-0.04574037343263626,0.00041552502079866827,0.00045321762445382774,0.0,0.0,0.028160467743873596,0.013252480886876583,0.03180122375488281,0.0038979314267635345,0.5,0.5,0.028160467743873596,0.013251484371721745,0.0,350
-0.4962405562400818,-0.07111259549856186,-0.4994535446166992,-0.0399574376642704,-0.4984111189842224,-0.0446748249232769,0.0004349995870143175,0.00045199369196780026,0.0,0.0,-0.03909515216946602,0.010687805712223053,-0.05020749941468239,0.006330051459372044,0.5,0.5,-0.03909515216946602,0.010663642548024654,0.0,351
-0.4830643832683563,-0.07405537366867065,-0.4995367228984833,-0.039446763694286346,-0.49865150451660156,-0.043268825858831406,0.0004485523095354438,0.00045117465197108686,0.0,0.0,-0.16933400928974152,0.014385830610990524,-0.16148599982261658,0.005174070596694946,0.5,0.5,-0.16933400928974152,0.014263994991779327,0.0,352
-0.4748271703720093,-0.06885726004838943,-0.5000618100166321,-0.0375002920627594,-0.49898460507392883,-0.04202687367796898,0.000457879388704896,0.0004506261902861297,0.0,0.0,-0.2620365023612976,0.012913892976939678,-0.26349103450775146,0.02016051858663559,0.5,0.5,-0.2620365023612976,0.012858442962169647,0.0,353
-0.4778081476688385,-0.07058917731046677,-0.5002710819244385,-0.036595284938812256,-0.4992237687110901,-0.040996722877025604,0.0004642492567654699,0.00045025875442661345,0.0,0.0,-0.22811758518218994,0.010581579059362411,-0.22726434469223022,0.009288927540183067,0.5,0.5,-0.22811758518218994,0.0105754928663373,0.0,354
-0.4766058623790741,-0.060375556349754333,-0.5008803009986877,-0.03432757407426834,-0.49959897994995117,-0.039627451449632645,0.00045017051161266863,0.0004500125360209495,0.0,0.0,-0.2674497365951538,0.014208435080945492,-0.2624448537826538,0.02348111756145954,0.5,0.5,-0.2674497365951538,0.014197446405887604,0.0,355
-0.48843511939048767,-0.055818263441324234,-0.5010371804237366,-0.03322619944810867,-0.4996686577796936,-0.0391404815018177,0.00044097466161474586,0.0004521003575064242,0.0,0.0,-0.14213258028030396,0.004958181641995907,-0.1414802223443985,0.01112491637468338,0.5,0.5,-0.14213258028030396,0.004919299855828285,0.0,356
-0.48415571451187134,-0.05636243149638176,-0.501319169998169,-0.03174910321831703,-0.49991604685783386,-0.03787015751004219,0.0004349235096015036,0.00045350624714046717,0.0,0.0,-0.19233013689517975,0.012958182021975517,-0.188637837767601,0.01503772009164095,0.5,0.5,-0.19233013689517975,0.012941858731210232,0.0,357
-0.49194303154945374,-0.05862642452120781,-0.5013557076454163,-0.031374432146549225,-0.5000272989273071,-0.03671550750732422,0.00044849971891380847,0.0004521867376752198,0.0,0.0,-0.09604844450950623,0.011653943918645382,-0.09726964682340622,0.0037645066622644663,0.5,0.5,-0.09604844450950623,0.011599969118833542,0.0,358
-0.4938960075378418,-0.05997622758150101,-0.5013954043388367,-0.030817732214927673,-0.5000795722007751,-0.03598751872777939,0.00045784335816279054,0.0004535643965937197,0.0,0.0,-0.07170870900154114,0.00730080297216773,-0.0712260827422142,0.00558114517480135,0.5,0.5,-0.07170870900154114,0.007298640441149473,0.0,359
-0.4968229830265045,-0.06743397563695908,-0.5014480948448181,-0.029490621760487556,-0.5001212358474731,-0.034774910658597946,0.0004459965566638857,0.00045222562039270997,0.0,0.0,-0.034357115626335144,0.012141727842390537,-0.03967706859111786,0.013281555846333504,0.5,0.5,-0.034357115626335144,0.012133259326219559,0.0,360
-0.5038273930549622,-0.05601305514574051,-0.5013811588287354,-0.02841654047369957,-0.5000808238983154,-0.033920083194971085,0.0004561270179692656,0.0004513298918027431,0.0,0.0,0.04720934480428696,0.008586346171796322,0.06222204491496086,0.010761638171970844,0.5,0.5,0.04720934480428696,0.008557799272239208,0.0,361
-0.5088062882423401,-0.041775431483983994,-0.5013423562049866,-0.02812456525862217,-0.4999901056289673,-0.03323211893439293,0.00046305550495162606,0.0004507301782723516,0.0,0.0,0.13112270832061768,0.00696370517835021,0.13209503889083862,0.0029454086907207966,0.5,0.5,0.13112270832061768,0.006939202547073364,0.0,362
-0.5032603740692139,-0.021340616047382355,-0.5013423562049866,-0.02812456525862217,-0.4999901056289673,-0.03323211893439293,0.0004677671240642667,0.000452583801234141,0.0,0.0,0.12430208176374435,0.0,0.12578000128269196,0.0,0.5,0.5,0.12430208176374435,0.0,0.0,363
-0.48864448070526123,-0.023721417412161827,-0.5013779401779175,-0.02792252041399479,-0.5001208186149597,-0.03249594196677208,0.0004709587665274739,0.0004515696200542152,0.0,0.0,-0.22898255288600922,0.007969052530825138,-0.1742199957370758,0.002051498042419553,0.5,0.5,-0.175697922706604,0.007476894650608301,0.0,364
-0.4835919737815857,-0.02503041923046112,-0.5015987753868103,-0.027261340990662575,-0.5003094673156738,-0.0319206602871418,0.0004731150693260133,0.00045201944885775447,0.0,0.0,-0.3169079124927521,0.006115160882472992,-0.3223665952682495,0.006970878224819899,0.5,0.5,-0.3169079124927521,0.006054293364286423,0.0,365
-0.48422470688819885,-0.01771087944507599,-0.5015987753868103,-0.027261340990662575,-0.5003094673156738,-0.0319206602871418,0.00045591939124278724,0.00045232143020257354,0.0,0.0,-0.3172297179698944,0.0,-0.3039478659629822,0.0,0.5,0.5,-0.3172297179698944,0.0,0.0,366
-0.495792955160141,-0.018804768100380898,-0.5015987753868103,-0.027261340990662575,-0.5003094673156738,-0.0319206602871418,0.00046291397302411497,0.0004525240801740438,0.0,0.0,-0.31374838948249817,0.0,-0.30339401960372925,0.0,0.5,0.5,-0.31374838948249817,0.0,0.0,367
-0.4974077343940735,-0.019434945657849312,-0.5015987753868103,-0.027261340990662575,-0.5003094673156738,-0.0319206602871418,0.00044930187868885696,0.0004515296604949981,0.0,0.0,-0.31350967288017273,0.0,-0.30110710859298706,0.0,0.5,0.5,-0.31350967288017273,0.0,0.0,368
-0.5009749531745911,-0.014654990285634995,-0.5015987753868103,-0.027261340990662575,-0.5003094673156738,-0.0319206602871418,0.0004404046048875898,0.00045199261512607336,0.0,0.0,-0.3121502697467804,0.0,-0.31184181571006775,0.0,0.5,0.5,-0.3121502697467804,0.0,0.0,369
-0.5121511816978455,-0.0164205189794302,-0.5015987753868103,-0.027261340990662575,-0.5003094673156738,-0.0319206602871418,0.0004522822564467788,0.00045173856779001653,0.0,0.0,-0.31220996379852295,0.0,-0.3270459473133087,0.0,0.5,0.5,-0.31220996379852295,0.0,0.0,370
-0.5170261263847351,-0.022485146299004555,-0.5015987753868103,-0.027261340990662575,-0.5003094673156738,-0.0319206602871418,0.0004604315327014774,0.00045213286648504436,0.0,0.0,0.3442779779434204,0.0,-0.027045946568250656,0.0,0.5,0.5,-0.012209963984787464,0.0,0.0,371
-0.5017481446266174,-0.03266867250204086,-0.5015987753868103,-0.027261340990662575,-0.5003094673156738,-0.0319206602871418,0.00042961351573467255,0.00045239756582304835,0.0,0.0,0.3442779779434204,0.0,0.2729540467262268,0.0,0.5,0.5,0.2877900302410126,0.0,0.0,372
-0.49080222845077515,-0.023355402052402496,-0.5015987753868103,-0.027261340990662575,-0.5003094673156738,-0.0319206602871418,0.00044482183875516057,0.00045370624866336584,0.0,0.0,0.2757865786552429,0.0,0.2766290009021759,0.0,0.5,0.5,0.2757865786552429,0.0,0.0,373
-0.4969949424266815,-0.026643190532922745,-0.5016241073608398,-0.026176702231168747,-0.5003277659416199,-0.031165067106485367,0.0004374594136606902,0.0004534529580269009,0.0,0.0,-0.05812317878007889,0.00800000037997961,-0.023370999842882156,0.010849344544112682,0.5,0.5,-0.02421342208981514,0.007558145560324192,0.0,374
-0.48962679505348206,-0.007364986464381218,-0.5016241073608398,-0.026176702231168747,-0.5003277659416199,-0.031165067106485367,0.0004502515075728297,0.0004532831662800163,0.0,0.0,-0.02166670747101307,0.0,-0.01162972766906023,0.0,0.5,0.5,-0.02166670747101307,0.0,0.0,375
-0.5053446292877197,-0.010729948058724403,-0.5016241073608398,-0.026176702231168747,-0.5003277659416199,-0.031165067106485367,0.00044102780520915985,0.00045288624824024737,0.0,0.0,-0.02549782209098339,0.0,-0.009725300595164299,0.0,0.5,0.5,-0.02549782209098339,0.0,0.0,376
-0.5091347098350525,0.0025327352341264486,-0.5016241073608398,-0.026176702231168747,-0.5003277659416199,-0.031165067106485367,0.0004527114797383547,0.00045290307025425136,0.0,0.0,-0.01966187357902527,0.0,-0.025184236466884613,0.0,0.5,0.5,-0.01966187357902527,0.0,0.0,377
-0.5230444669723511,-0.012845298275351524,-0.5016241073608398,-0.026176702231168747,-0.5003277659416199,-0.031165067106485367,0.00046072478289715946,0.0004527728888206184,0.0,0.0,-0.016841797158122063,0.0,-0.02005482278764248,0.0,0.5,0.5,-0.016841797158122063,0.0,0.0,378
-0.5320949554443359,-0.01729513704776764,-0.5016241073608398,-0.026176702231168747,-0.5003277659416199,-0.031165067106485367,0.00042979640420526266,0.0004528270219452679,0.0,0.0,0.6491300463676453,0.0,0.27994516491889954,0.0,0.5,0.5,0.28315821290016174,0.0,0.0,379
-0.5308817625045776,-0.01611330918967724,-0.5016241073608398,-0.026176702231168747,-0.5003277659416199,-0.031165067106485367,0.0004449487605597824,0.00045286331442184746,0.0,0.0,0.6491300463676453,0.0,0.5799451470375061,0.0,0.5,0.5,0.5831581950187683,0.0,0.0,380
-0.5304060578346252,-0.02160847932100296,-0.5015692114830017,-0.026091575622558594,-0.49989065527915955,-0.030495047569274902,0.00045540768769569695,0.00045288767432793975,0.0,0.0,0.5780404806137085,0.00800000037997961,0.5729374885559082,0.00101303996052593,0.5,0.5,0.5780404806137085,0.007999895140528679,0.0,381
-0.5217149257659912,-0.027687393128871918,-0.5009748339653015,-0.02464025467634201,-0.4995650053024292,-0.029704919084906578,0.0004625651054084301,0.000452904001576826,0.0,0.0,0.3909337818622589,0.008697857148945332,0.38870397210121155,0.015683166682720184,0.5,0.5,0.3909337818622589,0.00854604970663786,0.0,382
-0.5192038416862488,-0.01676708646118641,-0.5009748339653015,-0.02464025467634201,-0.4995650053024292,-0.029704919084906578,0.0004674343508668244,0.00045291497372090816,0.0,0.0,0.38288095593452454,0.0,0.3703010678291321,0.0,0.5,0.5,0.38288095593452454,0.0,0.0,383
-0.5184224843978882,-0.011216691695153713,-0.5009748339653015,-0.02464025467634201,-0.4995650053024292,-0.029704919084906578,0.00043397245462983847,0.0004529223369900137,0.0,0.0,0.37926143407821655,0.0,0.36681652069091797,0.0,0.5,0.5,0.37926143407821655,0.0,0.0,384
-0.5068082213401794,-0.020552461966872215,-0.5009748339653015,-0.02464025467634201,-0.4995650053024292,-0.029704919084906578,0.0004478419432416558,0.0004529272555373609,0.0,0.0,0.3784847557544708,0.0,0.37183478474617004,0.0,0.5,0.5,0.3784847557544708,0.0,0.0,385
-0.5010103583335876,-0.024756934493780136,-0.5009748339653015,-0.02464025467634201,-0.4995650053024292,-0.029704919084906578,0.0004573926271405071,0.00045179942389950156,0.0,0.0,0.38030946254730225,0.0,0.38651949167251587,0.0,0.5,0.5,0.38030946254730225,0.0,0.0,386
-0.48039403557777405,-0.02546088583767414,-0.5009748339653015,-0.02464025467634201,-0.4995650053024292,-0.029704919084906578,0.00046391779324039817,0.0004521737282630056,0.0,0.0,-0.3705863356590271,0.0,0.08651949465274811,0.0,0.5,0.5,0.08030946552753448,0.0,0.0,387
-0.48984473943710327,-0.02191634476184845,-0.5009748339653015,-0.02464025467634201,-0.4995650053024292,-0.029704919084906578,0.0004683519946411252,0.0004524249816313386,0.0,0.0,0.07569857686758041,0.0,0.09088825434446335,0.0,0.5,0.5,0.07569857686758041,0.0,0.0,388
-0.49004656076431274,-0.03125332295894623,-0.5011294484138489,-0.02379797212779522,-0.49970003962516785,-0.0289418064057827,0.00045283487997949123,0.00045259358012117445,0.0,0.0,-0.1751270443201065,0.00800000037997961,-0.18151085078716278,0.008563497103750706,0.5,0.5,-0.1751270443201065,0.007749662734568119,0.0,389
-0.5016495585441589,-0.017671365290880203,-0.5011294484138489,-0.02379797212779522,-0.49970003962516785,-0.0289418064057827,0.00046080906759016216,0.0004527067067101598,0.0,0.0,-0.17723621428012848,0.0,-0.16800470650196075,0.0,0.5,0.5,-0.17723621428012848,0.0,0.0,390
-0.508531928062439,-0.01879058964550495,-0.5011294484138489,-0.02379797212779522,-0.49970003962516785,-0.0289418064057827,0.00046624187962152064,0.0004516518674790859,0.0,0.0,-0.1697828620672226,0.0,-0.1656714379787445,0.0,0.5,0.5,-0.1697828620672226,0.0,0.0,391
-0.5043789744377136,-0.024003399536013603,-0.5011294484138489,-0.02379797212779522,-0.49970003962516785,-0.0289418064057827,0.0004699266573879868,0.0004520746588241309,0.0,0.0,-0.17264418303966522,0.0,-0.15515609085559845,0.0,0.5,0.5,-0.17264418303966522,0.0,0.0,392
-0.505277693271637,-0.006794779561460018,-0.5011294484138489,-0.02379797212779522,-0.49970003962516785,-0.0289418064057827,0.0004724182654172182,0.00045235847937874496,0.0,0.0,-0.17259027063846588,0.0,-0.1600407510995865,0.0,0.5,0.5,-0.17259027063846588,0.0,0.0,393
-0.5064378380775452,-0.006100840866565704,-0.5011294484138489,-0.02379797212779522,-0.49970003962516785,-0.0289418064057827,0.0004740995937027037,0.00045226633665151894,0.0,0.0,-0.1666637361049652,0.0,-0.1622484028339386,0.0,0.5,0.5,-0.1666637361049652,0.0,0.0,394
-0.4978005290031433,-0.02343720756471157,-0.5011294484138489,-0.02379797212779522,-0.49970003962516785,-0.0289418064057827,0.00047523260582238436,0.0004522045492194593,0.0,0.0,-0.16764333844184875,0.0,-0.1471964567899704,0.0,0.5,0.5,-0.16764333844184875,0.0,0.0,395
-0.5005050897598267,-0.020626284182071686,-0.5011294484138489,-0.02379797212779522,-0.49970003962516785,-0.0289418064057827,0.0004572876787278801,0.000451315805548802,0.0,0.0,-0.16538545489311218,0.0,-0.17160123586654663,0.0,0.5,0.5,-0.16538545489311218,0.0,0.0,396
-0.5144811868667603,-0.031517431139945984,-0.5011054277420044,-0.023611927404999733,-0.4996018409729004,-0.02821672521531582,0.0004638463433366269,0.00045184901682659984,0.0,0.0,0.2508292496204376,0.00800000037997961,0.12839876115322113,0.0018758939113467932,0.5,0.5,0.13461454212665558,0.007317007053643465,0.0,397
-0.5203602910041809,-0.021593239158391953,-0.5011054277420044,-0.023611927404999733,-0.4996018409729004,-0.02821672521531582,0.00046830353676341474,0.0004522070230450481,0.0,0.0,0.13156597316265106,0.0,0.12039963901042938,0.0,0.5,0.5,0.13156597316265106,0.0,0.0,398
-0.5285993218421936,-0.00703631155192852,-0.5011054277420044,-0.023611927404999733,-0.4996018409729004,-0.02821672521531582,0.0004713214875664562,0.00045244733337312937,0.0,0.0,0.12953995168209076,0.0,0.1263248771429062,0.0,0.5,0.5,0.12953995168209076,0.0,0.0,399
-0.5290875434875488,-0.0035901255905628204,-0.5011054277420044,-0.023611927404999733,-0.4996018409729004,-0.02821672521531582,0.00047335983254015446,0.0004523259121924639,0.0,0.0,0.12930847704410553,0.0,0.13223189115524292,0.0,0.5,0.5,0.12930847704410553,0.0,0.0,400
-0.5224744081497192,-0.010446102358400822,-0.5011054277420044,-0.023611927404999733,-0.4996018409729004,-0.02821672521531582,0.0004747342609334737,0.00045238580787554383,0.0,0.0,0.1280534714460373,0.0,0.1107044517993927,0.0,0.5,0.5,0.1280534714460373,0.0,0.0,401
-0.5230870246887207,0.006753639783710241,-0.5011054277420044,-0.023611927404999733,-0.4996018409729004,-0.02821672521531582,0.0004756599373649806,0.000452567299362272,0.0,0.0,0.1213865876197815,0.0,0.12143030762672424,0.0,0.5,0.5,0.1213865876197815,0.0,0.0,402
-0.5157012343406677,0.01206230092793703,-0.5011054277420044,-0.023611927404999733,-0.4996018409729004,-0.02821672521531582,0.00047628290485590696,0.0004524063551798463,0.0,0.0,0.13055908679962158,0.0,0.12659113109111786,0.0,0.5,0.5,0.13055908679962158,0.0,0.0,403
-0.5212804079055786,0.015200385823845863,-0.5011054277420044,-0.023611927404999733,-0.4996018409729004,-0.02821672521531582,0.000476701941806823,0.0004525810945779085,0.0,0.0,1.6220554113388062,0.0,0.4265911281108856,0.0,0.5,0.5,0.43055909872055054,0.0,0.0,404
-0.5113531351089478,0.002117010997608304,-0.5011054277420044,-0.023611927404999733,-0.4996018409729004,-0.02821672521531582,0.00043971295235678554,0.00045269832480698824,0.0,0.0,1.6220554113388062,0.0,0.7265911102294922,0.0,0.5,0.5,0.7305591106414795,0.0,0.0,405
-0.5049768686294556,-0.01280814129859209,-0.5011054277420044,-0.023611927404999733,-0.4996018409729004,-0.02821672521531582,0.0004518057394307107,0.000452635606052354,0.0,0.0,1.6220554113388062,0.0,1.0265910625457764,0.0,0.5,0.5,1.0305590629577637,0.0,0.0,406
-0.49858519434928894,-0.016152167692780495,-0.5011054277420044,-0.023611927404999733,-0.4996018409729004,-0.02821672521531582,0.0004601058317348361,0.00045273490832187235,0.0,0.0,1.6220554113388062,0.0,1.3265910148620605,0.0,0.5,0.5,1.3305590152740479,0.0,0.0,407
-0.5170985460281372,-0.01988663710653782,-0.5011054277420044,-0.023611927404999733,-0.4996018409729004,-0.02821672521531582,0.0004657639074139297,0.0004528015269897878,0.0,0.0,1.6220554113388062,0.0,1.6164758205413818,0.0,0.5,0.5,1.6220554113388062,0.0,0.0,408
-0.5148866176605225,-0.018907364457845688,-0.4991171956062317,-0.023508019745349884,-0.49880895018577576,-0.02816500887274742,0.0004696030227933079,0.00045284623047336936,0.0,0.0,1.5056653022766113,0.00800000037997961,1.5185821056365967,0.019909361377358437,0.5,0.5,1.5056653022766113,0.007945874705910683,0.0,409
-0.5032181143760681,-0.021409573033452034,-0.49795764684677124,-0.023409150540828705,-0.49721378087997437,-0.028042256832122803,0.0004721996665466577,0.00045174520346336067,0.0,0.0,1.493995189666748,0.01600000075995922,1.4857368469238281,0.011637496761977673,0.5,0.5,1.493995189666748,0.01599891111254692,0.0,410
-0.4981568455696106,-0.010471165180206299,-0.4959057867527008,-0.023344827815890312,-0.494817316532135,-0.027950391173362732,0.0004739522119052708,0.0004521373484749347,0.0,0.0,1.5324811935424805,0.024000000208616257,1.5394580364227295,0.020528707653284073,0.5,0.5,1.5324811935424805,0.023982228711247444,0.0,411
-0.49505922198295593,-0.007811511866748333,-0.49306485056877136,-0.02323933318257332,-0.4916187822818756,-0.02785787358880043,0.000475133303552866,0.0004518355708569288,0.0,0.0,1.5418791770935059,0.03200000151991844,1.533679723739624,0.028428835794329643,0.5,0.5,1.5418791770935059,0.031998585909605026,0.0,412
-0.48847243189811707,0.007623123470693827,-0.48997339606285095,-0.02336864359676838,-0.4881826937198639,-0.027957290410995483,0.0004759285366162658,0.00045219800085760653,0.0,0.0,1.5997215509414673,0.03443295136094093,1.612600564956665,0.030941585078835487,0.5,0.5,1.5997215509414673,0.03437536582350731,0.0,413
-0.46709108352661133,-0.005500833969563246,-0.48765769600868225,-0.023326672613620758,-0.48534899950027466,-0.027892902493476868,0.0004577369836624712,0.0004524412506725639,0.0,0.0,1.5480780601501465,0.028381958603858948,1.5526736974716187,0.02316088229417801,0.5,0.5,1.5480780601501465,0.02834411896765232,0.0,414
-0.48351311683654785,-0.0016573579050600529,-0.4846288561820984,-0.02327377162873745,-0.4817977249622345,-0.027870135381817818,0.00046415231190621853,0.0004523218667600304,0.0,0.0,1.5643852949142456,0.03551814332604408,1.5533323287963867,0.03029295615851879,0.5,0.5,1.5643852949142456,0.03551341965794563,0.0,415
-0.4686202108860016,-0.013898034580051899,-0.4821229875087738,-0.02311994507908821,-0.479289174079895,-0.027727028355002403,0.00045010747271589935,0.0004523830721154809,0.0,0.0,1.513810157775879,0.025158366188406944,1.5094870328903198,0.025105932727456093,0.5,0.5,1.513810157775879,0.025126198306679726,0.0,416
-0.46569308638572693,-0.018123937770724297,-0.4794299900531769,-0.02292582578957081,-0.47628331184387207,-0.027500689029693604,0.00044093330507166684,0.0004520002694334835,0.0,0.0,1.4956392049789429,0.030148813501000404,1.4988374710083008,0.026999814435839653,0.5,0.5,1.4956392049789429,0.03014383651316166,0.0,417
-0.47825953364372253,-0.029279813170433044,-0.475818395614624,-0.022551191970705986,-0.4727281332015991,-0.027089670300483704,0.0004526464035734534,0.0004523085372056812,0.0,0.0,1.455695390701294,0.035817019641399384,1.4674347639083862,0.036309611052274704,0.5,0.5,1.455695390701294,0.03578845039010048,0.0,418
-0.47015079855918884,-0.04056647792458534,-0.4730743169784546,-0.022099241614341736,-0.4698811173439026,-0.026618557050824165,0.00044259781134314835,0.0004525154363363981,0.0,0.0,1.4068067073822021,0.028891971334815025,1.4075626134872437,0.02781062200665474,0.5,0.5,1.4068067073822021,0.028857450932264328,0.0,419
-0.4791657328605652,-0.02698517218232155,-0.46921008825302124,-0.02172926440834999,-0.46661823987960815,-0.026272132992744446,0.00043599418131634593,0.0004515238688327372,0.0,0.0,1.465021014213562,0.032867852598428726,1.4753433465957642,0.038819026201963425,0.5,0.5,1.465021014213562,0.03281217813491821,0.0,420
-0.4621758460998535,-0.024277379736304283,-0.46671977639198303,-0.021496763452887535,-0.4637812077999115,-0.025981733575463295,0.0004492396838031709,0.0004519887443166226,0.0,0.0,1.4687913656234741,0.02851874940097332,1.4777036905288696,0.025011355057358742,0.5,0.5,1.4687913656234741,0.028518546372652054,0.0,421
-0.4690663516521454,-0.018521366640925407,-0.4635370075702667,-0.021228032186627388,-0.4607471525669098,-0.025751488283276558,0.00045835020137019455,0.00045230082469061017,0.0,0.0,1.495054841041565,0.03043840266764164,1.486562728881836,0.03194083645939827,0.5,0.5,1.495054841041565,0.030427904799580574,0.0,422
-0.45706403255462646,-0.023153100162744522,-0.46023431420326233,-0.020949123427271843,-0.4578980505466461,-0.02546723186969757,0.00046456974814645946,0.0004513802414294332,0.0,0.0,1.4713550806045532,0.02864052914083004,1.4865472316741943,0.033144570887088776,0.5,0.5,1.4713550806045532,0.02863248623907566,0.0,423
-0.46791258454322815,-0.03626614809036255,-0.4570116400718689,-0.020485520362854004,-0.45480743050575256,-0.02500580996274948,0.00046879396541044116,0.000451892294222489,0.0,0.0,1.4225938320159912,0.03128597140312195,1.427919626235962,0.03255841135978699,0.5,0.5,1.4225938320159912,0.0312487855553627,0.0,424
-0.45425745844841003,-0.04776761308312416,-0.45478302240371704,-0.020026618614792824,-0.4521161615848541,-0.0244450606405735,0.0004531214653979987,0.0004533662286121398,0.0,0.0,1.3653773069381714,0.0275358147919178,1.3677220344543457,0.022753827273845673,0.5,0.5,1.3653773069381714,0.027490753680467606,0.0,425
-0.4570196866989136,-0.04758874326944351,-0.4519728720188141,-0.01944216713309288,-0.4492294490337372,-0.02385297790169716,0.0004610048490576446,0.00045209308154881,0.0,0.0,1.3684955835342407,0.029468154534697533,1.3657408952713013,0.02870282717049122,0.5,0.5,1.3684955835342407,0.029468011111021042,0.0,426
-0.4725121259689331,-0.05162249878048897,-0.4486880302429199,-0.018803700804710388,-0.445807546377182,-0.023139288648962975,0.00044805865036323667,0.0004535013868007809,0.0,0.0,1.3651784658432007,0.034955453127622604,1.3788223266601562,0.03346313163638115,0.5,0.5,1.3651784658432007,0.034955259412527084,0.0,427
-0.48332130908966064,-0.03182392939925194,-0.44571396708488464,-0.018463468179106712,-0.44266173243522644,-0.022751739248633385,0.0004575411439873278,0.00045444860006682575,0.0,0.0,1.448218822479248,0.031805530190467834,1.456891655921936,0.029934599995613098,0.5,0.5,1.448218822479248,0.031695932149887085,0.0,428
-0.4735749661922455,-0.027580685913562775,-0.44298702478408813,-0.01817154511809349,-0.4396762549877167,-0.022420484572649002,0.00044579923269338906,0.00045281677739694715,0.0,0.0,1.460293173789978,0.030040238052606583,1.4641506671905518,0.027425089851021767,0.5,0.5,1.460293173789978,0.030038047581911087,0.0,429
-0.46315887570381165,-0.030320066958665848,-0.4391556978225708,-0.017687562853097916,-0.4366390109062195,-0.02203381061553955,0.0004381026665214449,0.0004528564459178597,0.0,0.0,1.4441672563552856,0.030621640384197235,1.4451401233673096,0.03861789032816887,0.5,0.5,1.4441672563552856,0.03061765991151333,0.0,430
-0.4621531665325165,-0.040967535227537155,-0.43647500872612,-0.017206499353051186,-0.4338313937187195,-0.0215488038957119,0.00043302634730935097,0.0004528830759227276,0.0,0.0,1.3997373580932617,0.028520118445158005,1.3932312726974487,0.027235135436058044,0.5,0.5,1.3997373580932617,0.028491973876953125,0.0,431
-0.4634275734424591,-0.027739165350794792,-0.4345757067203522,-0.01698976755142212,-0.430914968252182,-0.02120950073003769,0.0004471871943678707,0.00045403282274492085,0.0,0.0,1.454974889755249,0.0294057484716177,1.457176923751831,0.019116390496492386,0.5,0.5,1.454974889755249,0.029360897839069366,0.0,432
-0.4666181802749634,-0.022930243983864784,-0.4311576783657074,-0.016629990190267563,-0.4278092384338379,-0.020914757624268532,0.0004569437587633729,0.0004536719061434269,0.0,0.0,1.4761768579483032,0.031203962862491608,1.46592378616333,0.03436911851167679,0.5,0.5,1.4761768579483032,0.031196950003504753,0.0,433
-0.45949992537498474,-0.011943420395255089,-0.42807236313819885,-0.01644272729754448,-0.4250353276729584,-0.020773477852344513,0.00044540903763845563,0.00045342996600084007,0.0,0.0,1.5199089050292969,0.027801567688584328,1.5101754665374756,0.030909821391105652,0.5,0.5,1.5199089050292969,0.027774985879659653,0.0,434
-0.43087249994277954,-0.028149299323558807,-0.42604437470436096,-0.016176002100110054,-0.42286500334739685,-0.020476724952459335,0.0004378459125291556,0.0004532677121460438,0.0,0.0,1.43490731716156,0.02198467031121254,1.4400252103805542,0.020454589277505875,0.5,0.5,1.43490731716156,0.02190529555082321,0.0,435
-0.42147156596183777,-0.022735292091965675,-0.4232043921947479,-0.015871956944465637,-0.420197993516922,-0.020168103277683258,0.00043285658466629684,0.00045202719047665596,0.0,0.0,1.4555907249450684,0.026853840798139572,1.4641435146331787,0.02856205590069294,0.5,0.5,1.4555907249450684,0.026848098263144493,0.0,436
-0.4099554717540741,-0.015344011597335339,-0.42155495285987854,-0.01571977511048317,-0.4183221757411957,-0.02001248300075531,0.0004470696731004864,0.00045119706192053854,0.0,0.0,1.4880253076553345,0.018832672387361526,1.4787936210632324,0.016564419493079185,0.5,0.5,1.4880253076553345,0.018822766840457916,0.0,437
-0.4173174798488617,-0.02792869508266449,-0.41844165325164795,-0.015245883725583553,-0.41567176580429077,-0.019627586007118225,0.00043893817928619683,0.0004512051527854055,0.0,0.0,1.42658269405365,0.026832671836018562,1.4197404384613037,0.03149154782295227,0.5,0.5,1.42658269405365,0.026782039552927017,0.0,438
-0.40753960609436035,-0.030936336144804955,-0.4168611466884613,-0.014951972290873528,-0.41358840465545654,-0.019274501129984856,0.00045127165503799915,0.0004517747147474438,0.0,0.0,1.4029141664505005,0.021136749535799026,1.3869354724884033,0.016075976192951202,0.5,0.5,1.4029141664505005,0.02113083004951477,0.0,439
-0.41111889481544495,-0.029189582914114,-0.4140848219394684,-0.014555785804986954,-0.4111253321170807,-0.018888210877776146,0.00045974066597409546,0.00045102802687324584,0.0,0.0,1.4152305126190186,0.024933647364377975,1.4290509223937988,0.028044389560818672,0.5,0.5,1.4152305126190186,0.024931756779551506,0.0,440
-0.3972904086112976,-0.01813538558781147,-0.41195017099380493,-0.014302212744951248,-0.4089794158935547,-0.018662331625819206,0.00044723457540385425,0.0004516557673923671,0.0,0.0,1.4659219980239868,0.02160540781915188,1.4525610208511353,0.021496539935469627,0.5,0.5,1.4659219980239868,0.021577656269073486,0.0,441
-0.40168359875679016,-0.025706885382533073,-0.4098799228668213,-0.013999558985233307,-0.40695226192474365,-0.01836738921701908,0.00043904659105464816,0.00045207730727270246,0.0,0.0,1.4263134002685547,0.020500944927334785,1.4256325960159302,0.02092253603041172,0.5,0.5,1.4263134002685547,0.020484866574406624,0.0,442
-0.40617361664772034,-0.02957087941467762,-0.4075619876384735,-0.013617388904094696,-0.40441304445266724,-0.017952941358089447,0.0004336502752266824,0.0004523602547124028,0.0,0.0,1.40900456905365,0.025732042267918587,1.4073922634124756,0.02349243313074112,0.5,0.5,1.40900456905365,0.025728188455104828,0.0,443
-0.40532171726226807,-0.016873233020305634,-0.4058280289173126,-0.013474768958985806,-0.4022984206676483,-0.017755068838596344,0.0004476190370041877,0.000452550157206133,0.0,0.0,1.4774950742721558,0.021288588643074036,1.4887300729751587,0.01739814132452011,0.5,0.5,1.4774950742721558,0.021238675341010094,0.0,444
-0.400542289018631,1.51106378325494e-05,-0.40408116579055786,-0.013501099310815334,-0.40013131499290466,-0.017755255103111267,0.0004392992705106735,0.0004526775737758726,0.0,0.0,1.5708824396133423,0.021765774115920067,1.585868239402771,0.01747063547372818,0.5,0.5,1.5708824396133423,0.021670931950211525,0.0,445
-0.39882493019104004,-0.005281785503029823,-0.40114304423332214,-0.013386990875005722,-0.3980165421962738,-0.01769099570810795,0.0004515205800998956,0.0004526166885625571,0.0,0.0,1.5404200553894043,0.021167343482375145,1.531978726387024,0.02940336987376213,0.5,0.5,1.5404200553894043,0.0211575236171484,0.0,446
-0.3973354995250702,-0.008597598411142826,-0.39903151988983154,-0.013277431949973106,-0.395933598279953,-0.017587080597877502,0.0004599108942784369,0.0004524395044427365,0.0,0.0,1.520948886871338,0.020859243348240852,1.5189566612243652,0.0211435928940773,0.5,0.5,1.520948886871338,0.020855288952589035,0.0,447
-0.40130937099456787,-0.013873969204723835,-0.3964661955833435,-0.01305491290986538,-0.3933703303337097,-0.017385374754667282,0.00046563136857002974,0.0004520380753092468,0.0,0.0,1.49226713180542,0.025722377002239227,1.4842722415924072,0.025749657303094864,0.5,0.5,1.49226713180542,0.025711799040436745,0.0,448
-0.39510300755500793,-0.017089402303099632,-0.3940410315990448,-0.012765595689415932,-0.3914072811603546,-0.01718815602362156,0.00046951326658017933,0.00045176903950050473,0.0,0.0,1.4706672430038452,0.019734062254428864,1.4520601034164429,0.024423738941550255,0.5,0.5,1.4706672430038452,0.019729457795619965,0.0,449
-0.39087221026420593,-0.02480328269302845,-0.3915281295776367,-0.012373748235404491,-0.3894398510456085,-0.016893958672881126,0.000453587737865746,0.00045215332647785544,0.0,0.0,1.4223636388778687,0.019916405901312828,1.4161086082458496,0.02543279342353344,0.5,0.5,1.4223636388778687,0.01989317499101162,0.0,450
-0.3845919370651245,-0.014813204295933247,-0.3897753059864044,-0.012196501716971397,-0.38741686940193176,-0.016706187278032303,0.0004432142886798829,0.0004524112737271935,0.0,0.0,1.47824227809906,0.020348412916064262,1.470017671585083,0.017617488279938698,0.5,0.5,1.47824227809906,0.020316652953624725,0.0,451
-0.40489137172698975,-0.004388629924505949,-0.3874819874763489,-0.012110752984881401,-0.38518160581588745,-0.016651656478643417,0.00045421585673466325,0.0004520191578194499,0.0,0.0,1.5464051961898804,0.022411342710256577,1.5334229469299316,0.02294916845858097,0.5,0.5,1.5464051961898804,0.022359298542141914,0.0,452
-0.41086554527282715,-0.005919975694268942,-0.38494640588760376,-0.012046732008457184,-0.38275328278541565,-0.01657431200146675,0.00046175203169696033,0.00045203877380117774,0.0,0.0,1.5389562845230103,0.024296164512634277,1.5455526113510132,0.025363778695464134,0.5,0.5,1.5389562845230103,0.024295490235090256,0.0,453
-0.40268802642822266,-0.014731163159012794,-0.3819805085659027,-0.011785580776631832,-0.3805202543735504,-0.016389183700084686,0.0004485453828237951,0.0004523343814071268,0.0,0.0,1.4880808591842651,0.022435853257775307,1.4829713106155396,0.02977369911968708,0.5,0.5,1.4880808591842651,0.022406823933124542,0.0,454
-0.3918554186820984,-0.011182117275893688,-0.38010239601135254,-0.011671796441078186,-0.37845686078071594,-0.01625090092420578,0.0004578746447805315,0.00045253278221935034,0.0,0.0,1.5038795471191406,0.020682787522673607,1.5102858543395996,0.018815509974956512,0.5,0.5,1.5038795471191406,0.020680205896496773,0.0,455
-0.39106860756874084,0.00620540464296937,-0.37834516167640686,-0.01173306442797184,-0.376377671957016,-0.016328591853380203,0.00044601698755286634,0.0004526659322436899,0.0,0.0,1.6081454753875732,0.020919907838106155,1.6056485176086426,0.017582988366484642,0.5,0.5,1.6081454753875732,0.020806297659873962,0.0,456
-0.3994962275028229,0.01440920028835535,-0.3766051232814789,-0.011881240643560886,-0.37401771545410156,-0.016523467376828194,0.00043824591557495296,0.00045247250818647444,0.0,0.0,1.6531853675842285,0.023704003542661667,1.6557480096817017,0.017463386058807373,0.5,0.5,1.6531853675842285,0.023679964244365692,0.0,457
-0.3948393166065216,0.0071669272147119045,-0.3748319149017334,-0.011931061744689941,-0.37196967005729675,-0.01660989224910736,0.00045079420669935644,0.00045262547791935503,0.0,0.0,1.6129696369171143,0.020515328273177147,1.598885416984558,0.01773909665644169,0.5,0.5,1.6129696369171143,0.020498741418123245,0.0,458
-0.3782811760902405,0.014176673255860806,-0.37382665276527405,-0.012014515697956085,-0.370286762714386,-0.016765542328357697,0.0004413838032633066,0.0004527280980255455,0.0,0.0,1.6630220413208008,0.016922177746891975,1.653623342514038,0.010087253525853157,0.5,0.5,1.6630220413208008,0.016900984570384026,0.0,459
-0.3936740458011627,-0.0007552428287453949,-0.37106770277023315,-0.012048007920384407,-0.3679513931274414,-0.016755085438489914,0.00043519350583665073,0.0004522314702626318,0.0,0.0,1.5663188695907593,0.023463495075702667,1.5829352140426636,0.02759159728884697,0.5,0.5,1.5663188695907593,0.02335387095808983,0.0,460
-0.39087924361228943,-0.004809445235878229,-0.3693239986896515,-0.011990746483206749,-0.3661990165710449,-0.01670427806675434,0.0004486863617785275,0.00045228711678646505,0.0,0.0,1.5418107509613037,0.017536543309688568,1.5379688739776611,0.017446378245949745,0.5,0.5,1.5418107509613037,0.017531275749206543,0.0,461
-0.3921135365962982,0.005679577123373747,-0.3665330111980438,-0.012043144553899765,-0.3638928532600403,-0.01678265631198883,0.00044000043999403715,0.00045221848995424807,0.0,0.0,1.6047695875167847,0.023120878264307976,1.5895681381225586,0.02791491337120533,0.5,0.5,1.6047695875167847,0.02307507023215294,0.0,462
-0.3909485638141632,0.0017733387649059296,-0.3649788796901703,-0.012028939090669155,-0.36194637417793274,-0.016803456470370293,0.00045200384920462966,0.0004521724476944655,0.0,0.0,1.5814820528030396,0.0194710623472929,1.5616564750671387,0.015542109496891499,0.5,0.5,1.5814820528030396,0.01946578174829483,0.0,463
-0.39433592557907104,0.01896161586046219,-0.362268328666687,-0.012400910258293152,-0.35984379053115845,-0.017038894817233086,0.0004421768244355917,0.0004522122035268694,0.0,0.0,1.6823081970214844,0.021265121176838875,1.7071757316589355,0.027359474450349808,0.5,0.5,1.6823081970214844,0.021157123148441315,0.0,464
-0.3989940583705902,0.0014627317432314157,-0.3605671525001526,-0.012418809346854687,-0.35772788524627686,-0.01705668307840824,0.0004535023181233555,0.0004524507967289537,0.0,0.0,1.5792028903961182,0.02127288468182087,1.581317663192749,0.017012592405080795,0.5,0.5,1.5792028903961182,0.021159911528229713,0.0,465
-0.37315401434898376,-0.004241583403199911,-0.35876908898353577,-0.01235679816454649,-0.35621678829193115,-0.017013421282172203,0.000461264920886606,0.0004524695686995983,0.0,0.0,1.5421745777130127,0.015127619728446007,1.5363222360610962,0.01799129694700241,0.5,0.5,1.5421745777130127,0.015117249451577663,0.0,466
-0.3543764650821686,0.007517986930906773,-0.3565928041934967,-0.01248498260974884,-0.35467004776000977,-0.017103301361203194,0.00046655157348141074,0.0004523408424574882,0.0,0.0,1.628840446472168,0.015551959164440632,1.6296288967132568,0.02180054970085621,0.5,0.5,1.628840446472168,0.01549359131604433,0.0,467
-0.34805482625961304,0.0049500069580972195,-0.35397329926490784,-0.012585802935063839,-0.35298189520835876,-0.017171207815408707,0.00047013629227876663,0.0004522545204963535,0.0,0.0,1.611000657081604,0.016897734254598618,1.6092654466629028,0.026214584708213806,0.5,0.5,1.611000657081604,0.016895044595003128,0.0,468
-0.35213908553123474,-0.004076648037880659,-0.3521612584590912,-0.012517556548118591,-0.3514896035194397,-0.017123358324170113,0.0004539914370980114,0.00045219663297757506,0.0,0.0,1.5387427806854248,0.014969597570598125,1.5331510305404663,0.0181331317871809,0.5,0.5,1.5387427806854248,0.014930535107851028,0.0,469
-0.34791862964630127,0.005138511303812265,-0.3505798280239105,-0.012550374493002892,-0.3500090539455414,-0.017185252159833908,0.00046159885823726654,0.0004524403193499893,0.0,0.0,1.6125761270523071,0.014858895912766457,1.5915454626083374,0.01581762544810772,0.5,0.5,1.6125761270523071,0.014818414114415646,0.0,470
-0.35330861806869507,0.01163697149604559,-0.3494274914264679,-0.012648576870560646,-0.3482586741447449,-0.017344003543257713,0.0004667783505283296,0.00045232122647576034,0.0,0.0,1.6612440347671509,0.017596445977687836,1.6558116674423218,0.011565087363123894,0.5,0.5,1.6612440347671509,0.017575612291693687,0.0,471
-0.35612115263938904,0.00996364839375019,-0.34745657444000244,-0.012814403511583805,-0.34673091769218445,-0.017460094764828682,0.0004518137429840863,0.00045252396375872195,0.0,0.0,1.6466386318206787,0.015323197469115257,1.6547356843948364,0.019778713583946228,0.5,0.5,1.6466386318206787,0.015321562997996807,0.0,472
-0.3562580645084381,0.01888861320912838,-0.3468039631843567,-0.01290481723845005,-0.3451088070869446,-0.017693523317575455,0.00046011130325496197,0.0004520946822594851,0.0,0.0,1.7137194871902466,0.01642514206469059,1.7084619998931885,0.006588394287973642,0.5,0.5,1.7137194871902466,0.016388200223445892,0.0,473
-0.33838722109794617,-0.0051295021548867226,-0.3458300530910492,-0.01285877637565136,-0.34407877922058105,-0.017646927386522293,0.00044747625361196697,0.00045237192534841597,0.0,0.0,1.5255883932113647,0.010495882481336594,1.5235570669174194,0.00974994245916605,0.5,0.5,1.5255883932113647,0.010310688056051731,0.0,474
-0.3562670350074768,-0.008749281987547874,-0.34514063596725464,-0.012806073762476444,-0.34223371744155884,-0.01752394810318947,0.00045714195584878325,0.00045227535883896053,0.0,0.0,1.504242181777954,0.01849588192999363,1.4944982528686523,0.006914212834089994,0.5,0.5,1.504242181777954,0.01849166862666607,0.0,475
-0.34077587723731995,-0.005656213033944368,-0.34414535760879517,-0.012752153910696507,-0.34107130765914917,-0.017467157915234566,0.00046374707017093897,0.0004524931719060987,0.0,0.0,1.5219802856445312,0.011639837175607681,1.5166734457015991,0.009967293590307236,0.5,0.5,1.5219802856445312,0.011638006195425987,0.0,476
-0.3213194012641907,-0.015002294443547726,-0.34296897053718567,-0.012570100836455822,-0.339898943901062,-0.017284557223320007,0.00044984390842728317,0.00045235667494125664,0.0,0.0,1.4162821769714355,0.011931496672332287,1.4172565937042236,0.011903795413672924,0.5,0.5,1.4162821769714355,0.01186490897089243,0.0,477
-0.33632397651672363,-0.01565699279308319,-0.341888964176178,-0.01240901555866003,-0.3383218050003052,-0.01706274412572384,0.0004587638541124761,0.0004525477415882051,0.0,0.0,1.4310693740844727,0.015928206965327263,1.4227339029312134,0.01091943122446537,0.5,0.5,1.4310693740844727,0.015926465392112732,0.0,478
-0.3432524800300598,-0.011183476075530052,-0.3409985899925232,-0.012330228462815285,-0.337135374546051,-0.016950538381934166,0.0004465973761398345,0.000452675943961367,0.0,0.0,1.4765039682388306,0.011929700151085854,1.4825372695922852,0.008938400074839592,0.5,0.5,1.4765039682388306,0.011917388997972012,0.0,479
-0.3466082215309143,-0.012865579687058926,-0.3393979072570801,-0.012192241847515106,-0.33546218276023865,-0.01677352376282215,0.00043862767051905394,0.0004527619748841971,0.0,0.0,1.46539306640625,0.016826260834932327,1.4848051071166992,0.016066325828433037,0.5,0.5,1.46539306640625,0.016825223341584206,0.0,480
-0.34274524450302124,-0.023390598595142365,-0.33791878819465637,-0.01189198438078165,-0.33407673239707947,-0.016498297452926636,0.0004510575090534985,0.0004528196877799928,0.0,0.0,1.374695062637329,0.014183585532009602,1.370522141456604,0.015093005262315273,0.5,0.5,1.374695062637329,0.014125287532806396,0.0,481
-0.3287680149078369,-0.025699172168970108,-0.33679792284965515,-0.011609205044806004,-0.33298254013061523,-0.01622730679810047,0.0004415564762894064,0.00045172745012678206,0.0,0.0,1.3280214071273804,0.011284892447292805,1.3236645460128784,0.011559765785932541,0.5,0.5,1.3280214071273804,0.011272603645920753,0.0,482
-0.3301824629306793,-0.005936443340033293,-0.33480092883110046,-0.011509529314935207,-0.33155113458633423,-0.016146518290042877,0.0004353074182290584,0.00045212541590444744,0.0,0.0,1.5144166946411133,0.01458966638892889,1.5209245681762695,0.01999472640454769,0.5,0.5,1.5144166946411133,0.014336952939629555,0.0,483
-0.33867013454437256,0.0037811114452779293,-0.33316123485565186,-0.011553730815649033,-0.33008959889411926,-0.016195135191082954,0.0004311765660531819,0.0004521100490819663,0.0,0.0,1.6040480136871338,0.014682404696941376,1.597746729850769,0.016403034329414368,0.5,0.5,1.6040480136871338,0.01462346687912941,0.0,484
-0.3323625922203064,-0.0069449483416974545,-0.33101901412010193,-0.011389477178454399,-0.32878443598747253,-0.016110708937048912,0.00042843681876547635,0.00045224095811136067,0.0,0.0,1.5061994791030884,0.013141698203980923,1.4942717552185059,0.021485093981027603,0.5,0.5,1.5061994791030884,0.013078836724162102,0.0,485
-0.3396422863006592,-0.006752277258783579,-0.32944807410240173,-0.011298383586108685,-0.32729390263557434,-0.01602291874587536,0.0004440050688572228,0.00045247009256854653,0.0,0.0,1.5119656324386597,0.014931502752006054,1.5128743648529053,0.01573575660586357,0.5,0.5,1.5119656324386597,0.014931254088878632,0.0,486
-0.34587982296943665,-0.008587401360273361,-0.3276413381099701,-0.011184516362845898,-0.32602328062057495,-0.015932653099298477,0.0004547593998722732,0.00045234119170345366,0.0,0.0,1.4998747110366821,0.012739158235490322,1.5078561305999756,0.0181033406406641,0.5,0.5,1.4998747110366821,0.012738226912915707,0.0,487
-0.33562204241752625,-0.015021479688584805,-0.32695403695106506,-0.011086368933320045,-0.324780136346817,-0.015763845294713974,0.0004621229018084705,0.00045253735152073205,0.0,0.0,1.43583083152771,0.01257124450057745,1.4289565086364746,0.00694282865151763,0.5,0.5,1.43583083152771,0.012545472010970116,0.0,488
-0.33340051770210266,-0.03062971867620945,-0.3247644901275635,-0.010457927361130714,-0.3232140839099884,-0.015321345068514347,0.0004671342030633241,0.00045266898814588785,0.0,0.0,1.2954148054122925,0.016435297206044197,1.2912898063659668,0.022779431194067,0.5,0.5,1.2954148054122925,0.016273539513349533,0.0,489
-0.3095879554748535,-0.021243838593363762,-0.3243943750858307,-0.010366629809141159,-0.32255226373672485,-0.015155135653913021,0.00045204474008642137,0.0004527572891674936,0.0,0.0,1.3247402906417847,0.006826541852205992,1.328945279121399,0.003811997128650546,0.5,0.5,1.3247402906417847,0.006823606789112091,0.0,490
-0.30366337299346924,-0.023516912013292313,-0.32344067096710205,-0.010088617913424969,-0.32142430543899536,-0.014817928895354271,0.00046026919153518975,0.0004528165445663035,0.0,0.0,1.2802972793579102,0.011784376576542854,1.2871519327163696,0.009934104047715664,0.5,0.5,1.2802972793579102,0.011772740632295609,0.0,491
-0.30309829115867615,-0.037377648055553436,-0.32344067096710205,-0.010088617913424969,-0.3204558789730072,-0.014354445040225983,0.00044757919386029243,0.0004528563003987074,0.0,0.0,1.1244168281555176,0.01086796261370182,1.119187593460083,0.0,0.5,0.5,1.1244168281555176,0.010736190713942051,0.0,492
-0.31927940249443054,-0.04783795773983002,-0.32200121879577637,-0.009341470897197723,-0.3191313147544861,-0.013682346791028976,0.0004572125035338104,0.00045175195555202663,0.0,0.0,1.1012412309646606,0.014857337810099125,1.0920219421386719,0.016217948868870735,0.5,0.5,1.1012412309646606,0.014853348024189472,0.0,493
-0.31280407309532166,-0.045270971953868866,-0.32173675298690796,-0.009205994196236134,-0.3183194100856781,-0.013263736851513386,0.00044558459194377065,0.00045101280556991696,0.0,0.0,1.0947539806365967,0.00913486909121275,1.097373366355896,0.002971409121528268,0.5,0.5,1.0947539806365967,0.009134676307439804,0.0,494
-0.30949118733406067,-0.044409871101379395,-0.32044774293899536,-0.008514967747032642,-0.31724217534065247,-0.012697532773017883,0.0004379614256322384,0.0004505177785176784,0.0,0.0,1.0868669748306274,0.012169972993433475,1.0786975622177124,0.01462562382221222,0.5,0.5,1.0868669748306274,0.012169593945145607,0.0,495
-0.3377220034599304,-0.03255568817257881,-0.31969618797302246,-0.00830079149454832,-0.316200852394104,-0.012396780773997307,0.0004505979304667562,0.00045018611126579344,0.0,0.0,1.2896332740783691,0.011065665632486343,1.2931748628616333,0.007814678363502026,0.5,0.5,1.2896332740783691,0.010838965885341167,0.0,496
-0.323682963848114,-0.035003382712602615,-0.31859052181243896,-0.007908615283668041,-0.3148317337036133,-0.01191114541143179,0.0004412550770211965,0.00044996384531259537,0.0,0.0,1.2299357652664185,0.01455292385071516,1.229947566986084,0.011731711216270924,0.5,0.5,1.2299357652664185,0.014526999555528164,0.0,497
-0.3176710605621338,-0.036395363509655,-0.3172220289707184,-0.007361730094999075,-0.3138484060764313,-0.011524951085448265,0.0004528679419308901,0.000452067528385669,0.0,0.0,1.1965667009353638,0.010570471175014973,1.1906116008758545,0.014737186022102833,0.5,0.5,1.1965667009353638,0.010564586147665977,0.0,498
-0.31230947375297546,-0.03349301218986511,-0.3163529932498932,-0.007023831829428673,-0.31273797154426575,-0.011098972521722317,0.00046083168126642704,0.00045348418643698096,0.0,0.0,1.2044963836669922,0.011893784627318382,1.1999679803848267,0.009324222803115845,0.5,0.5,1.2044963836669922,0.011893411166965961,0.0,499
-0.31331130862236023,-0.030262019485235214,-0.31505998969078064,-0.0065938811749219894,-0.3118497431278229,-0.010794601403176785,0.00044794578570872545,0.0004544370458461344,0.0,0.0,1.2406625747680664,0.009395387955009937,1.249780297279358,0.013626265339553356,0.5,0.5,1.2406625747680664,0.009389244019985199,0.0,500
-0.3081725537776947,-0.031197035685181618,-0.31338265538215637,-0.005987329874187708,-0.31074103713035583,-0.010378734208643436,0.00045746381510980427,0.00045394283370114863,0.0,0.0,1.2119483947753906,0.011846357956528664,1.2238099575042725,0.017836324870586395,0.5,0.5,1.2119483947753906,0.01184147410094738,0.0,501
-0.32118862867355347,-0.04237790033221245,-0.3124200701713562,-0.005556024145334959,-0.309739351272583,-0.009937422350049019,0.00044574870844371617,0.0004536115739028901,0.0,0.0,1.1558113098144531,0.010963141918182373,1.1495457887649536,0.010547900572419167,0.5,0.5,1.1558113098144531,0.010945872403681278,0.0,502
-0.3183883726596832,-0.025376934558153152,-0.3111957907676697,-0.005226941779255867,-0.308657705783844,-0.009643499739468098,0.0004380694299470633,0.00045225716894492507,0.0,0.0,1.3054676055908203,0.011335422284901142,1.3082053661346436,0.012677325867116451,0.5,0.5,1.3054676055908203,0.011208719573915005,0.0,503
-0.30670514702796936,-0.020162101835012436,-0.30992594361305237,-0.0049070147797465324,-0.30782219767570496,-0.009437327273190022,0.00045067243627272546,0.00045248097740113735,0.0,0.0,1.3288631439208984,0.008607923053205013,1.3239926099777222,0.013095349073410034,0.5,0.5,1.3288631439208984,0.00860556773841381,0.0,504
-0.30418282747268677,-0.026085013523697853,-0.30900123715400696,-0.004605158232152462,-0.30670738220214844,-0.009070075117051601,0.00045933082583360374,0.0004526311531662941,0.0,0.0,1.2525650262832642,0.011771765537559986,1.2552672624588013,0.009727285243570805,0.5,0.5,1.2525650262832642,0.011737518012523651,0.0,505
-0.2947739362716675,-0.028338856995105743,-0.3082560896873474,-0.004295594524592161,-0.3058345317840576,-0.008715562522411346,0.0004652369243558496,0.0004527319106273353,0.0,0.0,1.184997320175171,0.009442562237381935,1.1770583391189575,0.008069055154919624,0.5,0.5,1.184997320175171,0.009421016089618206,0.0,506
-0.29458513855934143,-0.018615929409861565,-0.3069111406803131,-0.003913221415132284,-0.30493658781051636,-0.00847533904016018,0.00046924606431275606,0.0004527995188254863,0.0,0.0,1.3093905448913574,0.009367546997964382,1.293799638748169,0.013982363976538181,0.5,0.5,1.3093905448913574,0.009295165538787842,0.0,507
-0.30068889260292053,-0.012126630172133446,-0.3066708743572235,-0.003876427421346307,-0.3042595386505127,-0.008366862311959267,0.00045341457007452846,0.0004528448625933379,0.0,0.0,1.411929726600647,0.006893175654113293,1.418845295906067,0.0024307831190526485,0.5,0.5,1.411929726600647,0.006856969092041254,0.0,508
-0.2981078624725342,0.0016185037093237042,-0.3045252561569214,-0.003933735657483339,-0.30302301049232483,-0.008394237607717514,0.00044310090015642345,0.00045287530519999564,0.0,0.0,1.5929312705993652,0.012573853135108948,1.5974993705749512,0.021463751792907715,0.5,0.5,1.5929312705993652,0.012368445284664631,0.0,509
-0.3127688765525818,0.009870457462966442,-0.30354636907577515,-0.00404572207480669,-0.30205023288726807,-0.008503635413944721,0.0004541379166767001,0.00045275429147295654,0.0,0.0,1.6827853918075562,0.009828721173107624,1.684702754020691,0.009852735325694084,0.5,0.5,1.6827853918075562,0.00978907011449337,0.0,510
-0.3023056089878082,-0.0032863570377230644,-0.3010251522064209,-0.00392563920468092,-0.300992876291275,-0.008458685129880905,0.0004616988298948854,0.000452814536402002,0.0,0.0,1.5283106565475464,0.010710777714848518,1.5232034921646118,0.02524086833000183,0.5,0.5,1.5283106565475464,0.010583238676190376,0.0,511
-0.30879658460617065,0.0006987432716414332,-0.3006976544857025,-0.003924612887203693,-0.29975858330726624,-0.00846897717565298,0.0004485107201617211,0.00045271351700648665,0.0,0.0,1.5791347026824951,0.012359349057078362,1.5676624774932861,0.0032750554382801056,0.5,0.5,1.5791347026824951,0.01234338991343975,0.0,512
-0.30769938230514526,-0.01204722374677658,-0.2992110252380371,-0.003718259511515498,-0.2985691726207733,-0.00829570833593607,0.0004398851015139371,0.00045261046034283936,0.0,0.0,1.426138997077942,0.01216183789074421,1.432870864868164,0.01500877644866705,0.5,0.5,1.426138997077942,0.012019774876534939,0.0,513
-0.2923339307308197,-0.011989246122539043,-0.2992110252380371,-0.003718259511515498,-0.2980816662311554,-0.008208907209336758,0.00043420420843176544,0.0004521526279859245,0.0,0.0,1.394586443901062,0.004954085219651461,1.4155068397521973,0.0,0.5,0.5,1.394586443901062,0.004951619077473879,0.0,514
-0.3004269301891327,-0.019297316670417786,-0.29769599437713623,-0.0033421616535633802,-0.29691940546035767,-0.00791154894977808,0.00044800227624364197,0.00045241080806590617,0.0,0.0,1.320327639579773,0.012030256912112236,1.3274719715118408,0.015610236674547195,0.5,0.5,1.320327639579773,0.0119971027597785,0.0,515
-0.3117675185203552,-0.025992969051003456,-0.296683132648468,-0.003041262738406658,-0.29582610726356506,-0.007584027945995331,0.00045750249410048127,0.0004525840631686151,0.0,0.0,1.2797337770462036,0.011422473005950451,1.2820239067077637,0.010566171258687973,0.5,0.5,1.2797337770462036,0.011413062922656536,0.0,516
-0.2982407808303833,-0.011367452330887318,-0.2966480553150177,-0.003035643370822072,-0.2952359616756439,-0.007492435164749622,0.00046399261918850243,0.00045270033297128975,0.0,0.0,1.4168182611465454,0.006028554402291775,1.4120001792907715,0.00035536917857825756,0.5,0.5,1.4168182611465454,0.005971998441964388,0.0,517
-0.29204437136650085,-0.01865524984896183,-0.2965036928653717,-0.002997580450028181,-0.29422274231910706,-0.007210505660623312,0.0004500036302488297,0.0004527783312369138,0.0,0.0,1.299409031867981,0.01058998703956604,1.3130210638046265,0.0014930771430954337,0.5,0.5,1.299409031867981,0.010517079383134842,0.0,518
-0.3015918731689453,-0.030907826498150826,-0.2953762710094452,-0.0025252208579331636,-0.2932283282279968,-0.006809225305914879,0.0004588731680996716,0.000452830659924075,0.0,0.0,1.1872426271438599,0.01079097855836153,1.1740447282791138,0.012223860248923302,0.5,0.5,1.1872426271438599,0.010723167099058628,0.0,519
-0.2987190783023834,-0.01889651268720627,-0.2946939170360565,-0.0023468127474188805,-0.2922542095184326,-0.006559531670063734,0.000446668709628284,0.00045286575914360583,0.0,0.0,1.3198676109313965,0.010145066305994987,1.3150582313537598,0.007052835077047348,0.5,0.5,1.3198676109313965,0.010055974125862122,0.0,520
-0.3013163208961487,-0.012040281668305397,-0.29381829500198364,-0.0022205926943570375,-0.29124513268470764,-0.006400330923497677,0.0004565881681628525,0.0004528893041424453,0.0,0.0,1.4143179655075073,0.010261367075145245,1.4276350736618042,0.008846823126077652,0.5,0.5,1.4143179655075073,0.010215630754828453,0.0,521
-0.3001834452152252,-0.018183983862400055,-0.29381829500198364,-0.0022205926943570375,-0.2904512882232666,-0.006208331324160099,0.0004451767017599195,0.0004523394745774567,0.0,0.0,1.3334919214248657,0.008194036781787872,1.3335199356079102,0.0,0.5,0.5,1.3334919214248657,0.008167286403477192,0.0,522
-0.30054906010627747,-0.009767629206180573,-0.2925386130809784,-0.002053887350484729,-0.28942427039146423,-0.006075548008084297,0.00043769300100393593,0.0004525361873675138,0.0,0.0,1.4422210454940796,0.010417304933071136,1.441253662109375,0.012904832139611244,0.5,0.5,1.4422210454940796,0.010355789214372635,0.0,523
-0.31465354561805725,-0.001067435136064887,-0.2916956841945648,-0.002048698253929615,-0.28833144903182983,-0.006062536500394344,0.00045041271368972957,0.0004526682023424655,0.0,0.0,1.558890700340271,0.011003750376403332,1.5646402835845947,0.008429434150457382,0.5,0.5,1.558890700340271,0.010928944684565067,0.0,524
-0.3055817782878876,0.003236130578443408,-0.2905069887638092,-0.002106010913848877,-0.28729507327079773,-0.006104156840592623,0.0004411335685290396,0.000452615407994017,0.0,0.0,1.6109343767166138,0.010386129841208458,1.6189732551574707,0.01190090924501419,0.5,0.5,1.6109343767166138,0.010372067801654339,0.0,525
-0.29656505584716797,0.005953672807663679,-0.29019734263420105,-0.0021285901311784983,-0.2863207757472992,-0.006185210309922695,0.00045278429752215743,0.00045257998863235116,0.0,0.0,1.6537976264953613,0.009785506874322891,1.6435837745666504,0.003104815259575844,0.5,0.5,1.6537976264953613,0.009776518680155277,0.0,526
-0.3131089508533478,-0.0009182837093248963,-0.28884756565093994,-0.002111440757289529,-0.2851576805114746,-0.0061730882152915,0.00046077452134341,0.00045269756810739636,0.0,0.0,1.5603746175765991,0.011682622134685516,1.5580917596817017,0.013498885557055473,0.5,0.5,1.5603746175765991,0.0116316769272089,0.0,527
-0.2971402704715729,-0.010004453361034393,-0.28862687945365906,-0.0020788670517504215,-0.2843504548072815,-0.006061142310500145,0.00046621839283034205,0.0004526351112872362,0.0,0.0,1.4329947233200073,0.008216047659516335,1.4242589473724365,0.002230875426903367,0.5,0.5,1.4329947233200073,0.008149482309818268,0.0,528
-0.2944028079509735,-0.0060910386964678764,-0.287293940782547,-0.0019660708494484425,-0.28352025151252747,-0.005988280288875103,0.0004514501488301903,0.00045273455907590687,0.0,0.0,1.4832570552825928,0.00834454596042633,1.486375093460083,0.013377012684941292,0.5,0.5,1.4832570552825928,0.008334007114171982,0.0,529
-0.2920198440551758,-0.003898278810083866,-0.285930335521698,-0.0018930762307718396,-0.2826535701751709,-0.005937868729233742,0.000459862727439031,0.00045251852134242654,0.0,0.0,1.5126957893371582,0.008685259148478508,1.517316222190857,0.013655445538461208,0.5,0.5,1.5126957893371582,0.008681496605277061,0.0,530
-0.2817748486995697,0.004034400451928377,-0.2855500280857086,-0.0019238675013184547,-0.28202399611473083,-0.005982607137411833,0.0004655986267607659,0.0004525149997789413,0.0,0.0,1.6417367458343506,0.006364667322486639,1.6515811681747437,0.003815665142610669,0.5,0.5,1.6417367458343506,0.006311750039458275,0.0,531
-0.2859174907207489,0.0009985554497689009,-0.2843385934829712,-0.0019597404170781374,-0.2814485728740692,-0.005992039572447538,0.0004694910894613713,0.0004523712850641459,0.0,0.0,1.5871868133544922,0.005763592664152384,1.6003996133804321,0.012119654566049576,0.5,0.5,1.5871868133544922,0.005755019374191761,0.0,532
-0.2786200940608978,0.0018633865984156728,-0.2827285826206207,-0.0020179455168545246,-0.28069165349006653,-0.006018343847244978,0.0004721240547951311,0.0004524162504822016,0.0,0.0,1.6055339574813843,0.007575059309601784,1.6069326400756836,0.01611061580479145,0.5,0.5,1.6055339574813843,0.007573784328997135,0.0,533
-0.2734805941581726,0.004513708408921957,-0.2827285826206207,-0.0020179455168545246,-0.28069165349006653,-0.006018343847244978,0.0004552783793769777,0.00045244640205055475,0.0,0.0,1.6077324151992798,0.0,1.6011306047439575,0.0,0.5,0.5,1.6077324151992798,0.0,0.0,534
-0.2705344259738922,0.01259718555957079,-0.2827285826206207,-0.0020179455168545246,-0.28069165349006653,-0.006018343847244978,0.0004443204961717129,0.0004526079574134201,0.0,0.0,1.6047767400741577,0.0,1.6103665828704834,0.0,0.5,0.5,1.6047767400741577,0.0,0.0,535
-0.2891235053539276,0.01451796293258667,-0.2822558879852295,-0.0021239733323454857,-0.27992525696754456,-0.0061918627470731735,0.00043712928891181946,0.00045271634007804096,0.0,0.0,1.793448805809021,0.00800000037997961,1.7914484739303589,0.0048444150015711784,0.5,0.5,1.793448805809021,0.007858033291995525,0.0,536
-0.26416486501693726,0.011811180971562862,-0.2822558879852295,-0.0021239733323454857,-0.27992525696754456,-0.0061918627470731735,0.0004323825996834785,0.00045278907055035233,0.0,0.0,1.7979438304901123,0.0,1.7860608100891113,0.0,0.5,0.5,1.7979438304901123,0.0,0.0,537
-0.2804010808467865,0.01830831728875637,-0.28178614377975464,-0.0022688794415444136,-0.27916887402534485,-0.006441823672503233,0.00042923743603751063,0.0004528378776740283,0.0,0.0,1.889966368675232,0.00800000037997961,1.8700110912322998,0.004915905650705099,0.5,0.5,1.889966368675232,0.007966151461005211,0.0,538
-0.2833297848701477,0.01188214123249054,-0.28178614377975464,-0.0022688794415444136,-0.2783448398113251,-0.006609687115997076,0.000427148217568174,0.00045287059037946165,0.0,0.0,1.7717530727386475,0.008468798361718655,1.7723244428634644,0.0,0.5,0.5,1.7717530727386475,0.008409693837165833,0.0,539
-0.2815481722354889,0.014669538475573063,-0.28052929043769836,-0.002601045183837414,-0.27764561772346497,-0.006791078485548496,0.0004257580731064081,0.0004528925637714565,0.0,0.0,1.824617862701416,0.007233840879052877,1.8291748762130737,0.012999940663576126,0.5,0.5,1.824617862701416,0.007223735097795725,0.0,540
-0.2782350182533264,0.024929678067564964,-0.28052929043769836,-0.002601045183837414,-0.27764561772346497,-0.006791078485548496,0.0004248320183251053,0.0004529072903096676,0.0,0.0,1.8256866931915283,0.0,1.831685185432434,0.0,0.5,0.5,1.8256866931915283,0.0,0.0,541
-0.28335246443748474,0.021615348756313324,-0.2799135744571686,-0.002837641164660454,-0.27689915895462036,-0.007067583035677671,0.000424214726081118,0.0004529171565081924,0.0,0.0,1.9255520105361938,0.00800000037997961,1.9376628398895264,0.006596073508262634,0.5,0.5,1.9255520105361938,0.007960140705108643,0.0,542
-0.27125611901283264,0.03697235882282257,-0.2792935073375702,-0.003325731959193945,-0.27641645073890686,-0.00743816839531064,0.00044106895802542567,0.00045292379218153656,0.0,0.0,2.245108127593994,0.006409996189177036,2.2376627922058105,0.00789118092507124,0.5,0.5,2.2255520820617676,0.006085489876568317,0.0,543
-0.25224727392196655,0.040987882763147354,-0.2792935073375702,-0.003325731959193945,-0.27641645073890686,-0.00743816839531064,0.0004527397977653891,0.0004517971246968955,0.0,0.0,2.2309136390686035,0.0,2.210334062576294,0.0,0.5,0.5,2.2309136390686035,0.0,0.0,544
-0.2559390664100647,0.00730019249022007,-0.2792935073375702,-0.003325731959193945,-0.27641645073890686,-0.00743816839531064,0.00044265901669859886,0.000453302200185135,0.0,0.0,2.231951951980591,0.0,2.210264205932617,0.0,0.5,0.5,2.231951951980591,0.0,0.0,545
-0.25523650646209717,-0.0028089440893381834,-0.2792935073375702,-0.003325731959193945,-0.27641645073890686,-0.00743816839531064,0.00043603451922535896,0.00045318203046917915,0.0,0.0,2.2377851009368896,0.0,2.225139617919922,0.0,0.5,0.5,2.2377851009368896,0.0,0.0,546
-0.2625143229961395,0.01243099570274353,-0.2792935073375702,-0.003325731959193945,-0.27641645073890686,-0.00743816839531064,0.00044926756527274847,0.0004529599682427943,0.0,0.0,2.2375707626342773,0.0,2.2396442890167236,0.0,0.5,0.5,2.2375707626342773,0.0,0.0,547
-0.26769766211509705,0.01043255627155304,-0.2792935073375702,-0.003325731959193945,-0.27641645073890686,-0.00743816839531064,0.00045836929348297417,0.0004529524885583669,0.0,0.0,2.235272169113159,0.0,2.233616352081299,0.0,0.5,0.5,2.235272169113159,0.0,0.0,548
-0.27015793323516846,0.014561024494469166,-0.2792935073375702,-0.003325731959193945,-0.27641645073890686,-0.00743816839531064,0.0004463398945517838,0.0004529475118033588,0.0,0.0,2.235323905944824,0.0,2.243791103363037,0.0,0.5,0.5,2.235323905944824,0.0,0.0,549
-0.2853972911834717,0.024099569767713547,-0.2783474326133728,-0.0037213375326246023,-0.2757033705711365,-0.00772270280867815,0.0004563625843729824,0.0004529441357590258,0.0,0.0,1.9504553079605103,0.00800000037997961,1.9668506383895874,0.010254665277898312,0.5,0.5,1.9504553079605103,0.007677588611841202,0.0,550
-0.28445103764533997,0.02010507881641388,-0.27752694487571716,-0.004000511020421982,-0.27494534850120544,-0.007979048416018486,0.00046321607078425586,0.00045294189476408064,0.0,0.0,1.8969014883041382,0.008013398386538029,1.8987648487091064,0.008666740730404854,0.5,0.5,1.8969014883041382,0.008001909591257572,0.0,551
-0.2972952127456665,0.01997395046055317,-0.2768901288509369,-0.004182303324341774,-0.2739673852920532,-0.008249247446656227,0.00044949844595976174,0.0004529403813648969,0.0,0.0,1.8403551578521729,0.010162414982914925,1.8488678932189941,0.006622635759413242,0.5,0.5,1.8403551578521729,0.010146171785891056,0.0,552
-0.29390135407447815,0.011388936080038548,-0.2768901288509369,-0.004182303324341774,-0.27299681305885315,-0.00840967707335949,0.00045852738549001515,0.0004529393627308309,0.0,0.0,1.73460853099823,0.009892691858112812,1.7190966606140137,0.0,0.5,0.5,1.73460853099823,0.009837431833148003,0.0,553
-0.26972657442092896,0.014577293768525124,-0.2768901288509369,-0.004182303324341774,-0.27299681305885315,-0.00840967707335949,0.0004646903253160417,0.0004529386933427304,0.0,0.0,1.7380491495132446,0.0,1.7343087196350098,0.0,0.5,0.5,1.7380491495132446,0.0,0.0,554
-0.26054367423057556,0.007145840674638748,-0.2768901288509369,-0.004182303324341774,-0.27299681305885315,-0.00840967707335949,0.00046887568896636367,0.0004529382276814431,0.0,0.0,1.733178734779358,0.0,1.7416484355926514,0.0,0.5,0.5,1.733178734779358,0.0,0.0,555
-0.26640585064888,0.0074476925656199455,-0.2768901288509369,-0.004182303324341774,-0.27299681305885315,-0.00840967707335949,0.0004717082192655653,0.0004526550474110991,0.0,0.0,1.735791563987732,0.0,1.741706371307373,0.0,0.5,0.5,1.735791563987732,0.0,0.0,556
-0.2702501118183136,-0.015556219965219498,-0.2768901288509369,-0.004182303324341774,-0.27299681305885315,-0.00840967707335949,0.0004550092853605747,0.0004524652031250298,0.0,0.0,1.7325106859207153,0.0,1.7381656169891357,0.0,0.5,0.5,1.7325106859207153,0.0,0.0,557
-0.2534770369529724,-0.013817607425153255,-0.2768901288509369,-0.004182303324341774,-0.27299681305885315,-0.00840967707335949,0.00046229339204728603,0.00045205530477687716,0.0,0.0,1.7380484342575073,0.0,1.7142815589904785,0.0,0.5,0.5,1.7380484342575073,0.0,0.0,558
-0.24430306255817413,-0.022347748279571533,-0.2768901288509369,-0.004182303324341774,-0.27299681305885315,-0.00840967707335949,0.00044889788841828704,0.00045234549907036126,0.0,0.0,1.7312754392623901,0.0,1.728277564048767,0.0,0.5,0.5,1.7312754392623901,0.0,0.0,559
-0.24749219417572021,-0.02990010567009449,-0.2768901288509369,-0.004182303324341774,-0.27299681305885315,-0.00840967707335949,0.00044910007272846997,0.00045254023279994726,0.0,0.0,1.7342967987060547,0.0,1.7198748588562012,0.0,0.5,0.5,1.7342967987060547,0.0,0.0,560
-0.25155261158943176,-0.03324498236179352,-0.2768901288509369,-0.004182303324341774,-0.27299681305885315,-0.00840967707335949,0.0004492356674745679,0.000452670908998698,0.0,0.0,1.7330434322357178,0.0,1.7128677368164062,0.0,0.5,0.5,1.7330434322357178,0.0,0.0,561
-0.2646406292915344,-0.039307158440351486,-0.2768901288509369,-0.004182303324341774,-0.27299681305885315,-0.00840967707335949,0.00044036112376488745,0.0004538901266641915,0.0,0.0,0.789621889591217,0.0,1.412867784500122,0.0,0.5,0.5,1.4330434799194336,0.0,0.0,562
-0.2512003779411316,-0.03759470582008362,-0.2768901288509369,-0.004182303324341774,-0.27299681305885315,-0.00840967707335949,0.00045225233770906925,0.00045244343345984817,0.0,0.0,1.4298924207687378,0.0,1.4044171571731567,0.0,0.5,0.5,1.4298924207687378,0.0,0.0,563
-0.2632703185081482,-0.02399744838476181,-0.2768901288509369,-0.004182303324341774,-0.27299681305885315,-0.00840967707335949,0.0004604110727086663,0.00045147567288950086,0.0,0.0,1.4315522909164429,0.0,1.4216426610946655,0.0,0.5,0.5,1.4315522909164429,0.0,0.0,564
-0.2552524209022522,-0.0188333410769701,-0.2768901288509369,-0.004182303324341774,-0.27299681305885315,-0.00840967707335949,0.00046597138862125576,0.0004519563808571547,0.0,0.0,1.4323991537094116,0.0,1.430274248123169,0.0,0.5,0.5,1.4323991537094116,0.0,0.0,565
-0.24508504569530487,-0.031628672033548355,-0.2768901288509369,-0.004182303324341774,-0.27299681305885315,-0.00840967707335949,0.00046974350698292255,0.000452279084129259,0.0,0.0,1.4343212842941284,0.0,1.4496980905532837,0.0,0.5,0.5,1.4343212842941284,0.0,0.0,566
-0.24385316669940948,-0.02924916334450245,-0.2768901288509369,-0.004182303324341774,-0.27299681305885315,-0.00840967707335949,0.00046298879897221923,0.00045362653327174485,0.0,0.0,1.4382268190383911,0.0,1.4408409595489502,0.0,0.5,0.5,1.4382268190383911,0.0,0.0,567
-0.25243711471557617,-0.01500366348773241,-0.2768901288509369,-0.004182303324341774,-0.27299681305885315,-0.00840967707335949,0.0004585089918691665,0.0004533995233941823,0.0,0.0,1.4432177543640137,0.0,1.4296108484268188,0.0,0.5,0.5,1.4432177543640137,0.0,0.0,568
-0.2397105097770691,-0.012575767002999783,-0.2768901288509369,-0.004182303324341774,-0.27299681305885315,-0.00840967707335949,0.0004646778106689453,0.00045268124085851014,0.0,0.0,1.4407522678375244,0.0,1.4500164985656738,0.0,0.5,0.5,1.4407522678375244,0.0,0.0,569
-0.2535986602306366,-0.006823359522968531,-0.2768901288509369,-0.004182303324341774,-0.27299681305885315,-0.00840967707335949,0.0004596310027409345,0.00045220006722956896,0.0,0.0,1.4409009218215942,0.0,1.440551519393921,0.0,0.5,0.5,1.4409009218215942,0.0,0.0,570
-0.25432854890823364,-0.006154485512524843,-0.2768901288509369,-0.004182303324341774,-0.27299681305885315,-0.00840967707335949,0.0004654410877265036,0.00045216010767035186,0.0,0.0,1.4397209882736206,0.0,1.4517728090286255,0.0,0.5,0.5,1.4397209882736206,0.0,0.0,571
-0.25317901372909546,-0.0012799932155758142,-0.2768901288509369,-0.004182303324341774,-0.27299681305885315,-0.00840967707335949,0.00046938436571508646,0.0004524158139247447,0.0,0.0,1.4444347620010376,0.0,1.4235416650772095,0.0,0.5,0.5,1.4444347620010376,0.0,0.0,572
-0.2490716576576233,0.01907045766711235,-0.2768901288509369,-0.004182303324341774,-0.27299681305885315,-0.00840967707335949,0.00047205196460708976,0.0004524461110122502,0.0,0.0,1.4379863739013672,0.0,1.4631670713424683,0.0,0.5,0.5,1.4379863739013672,0.0,0.0,573
-0.2708708345890045,0.008547196164727211,-0.2768901288509369,-0.004182303324341774,-0.27299681305885315,-0.00840967707335949,0.00046451526577584445,0.0004526077536866069,0.0,0.0,1.4437847137451172,0.0,1.4378074407577515,0.0,0.5,0.5,1.4437847137451172,0.0,0.0,574
-0.28034406900405884,0.007627763785421848,-0.27625858783721924,-0.0042749796994030476,-0.2722317576408386,-0.00851512048393488,0.00046875703264959157,0.00045271622366271913,0.0,0.0,1.707757830619812,0.00800000037997961,1.7165021896362305,0.006383066531270742,0.5,0.5,1.707757830619812,0.007722887210547924,0.0,575
-0.29736030101776123,0.01056909654289484,-0.275895893573761,-0.004330874420702457,-0.271194189786911,-0.008666669018566608,0.0004530975129455328,0.00045250621042214334,0.0,0.0,1.7158328294754028,0.010486054234206676,1.7237001657485962,0.0036698225885629654,0.5,0.5,1.7158328294754028,0.010485712438821793,0.0,576
-0.29921621084213257,-0.002993497997522354,-0.2746087610721588,-0.004300299100577831,-0.27016139030456543,-0.008625011891126633,0.0004609884927049279,0.0004526480915956199,0.0,0.0,1.530483365058899,0.01051644142717123,1.5470460653305054,0.012874902226030827,0.5,0.5,1.530483365058899,0.01033631432801485,0.0,577
-0.2933793067932129,0.00328363967128098,-0.27388060092926025,-0.004329162649810314,-0.26947832107543945,-0.008657814003527164,0.00046636376646347344,0.0004526019038166851,0.0,0.0,1.6187803745269775,0.006865448784083128,1.6104148626327515,0.007287254091352224,0.5,0.5,1.6187803745269775,0.006838703062385321,0.0,578
-0.2932601273059845,0.006753337103873491,-0.2733737528324127,-0.004384689964354038,-0.26857346296310425,-0.008747335523366928,0.0004700091667473316,0.0004525709373410791,0.0,0.0,1.6694107055664062,0.009104342199862003,1.6799120903015137,0.005098944064229727,0.5,0.5,1.6694107055664062,0.009092675521969795,0.0,579
-0.2901636064052582,0.002552714664489031,-0.2733737528324127,-0.004384689964354038,-0.26857346296310425,-0.008747335523366928,0.00047247399925254285,0.00045240879990160465,0.0,0.0,1.6687573194503784,0.0,1.6804510354995728,0.0,0.5,0.5,1.6687573194503784,0.0,0.0,580
-0.2932257354259491,-0.004513835068792105,-0.27263596653938293,-0.004345255438238382,-0.2677859365940094,-0.00869523175060749,0.00047413716674782336,0.0004524413961917162,0.0,0.0,1.5047322511672974,0.00800000037997961,1.517397403717041,0.007388414349406958,0.5,0.5,1.5047322511672974,0.007892624475061893,0.0,581
-0.2805708944797516,-0.020245546475052834,-0.272502064704895,-0.004296714905649424,-0.267365038394928,-0.008541889488697052,0.00047525789705105126,0.00045232195407152176,0.0,0.0,1.2214223146438599,0.004665619693696499,1.2230459451675415,0.0014243745245039463,0.5,0.5,1.2214223146438599,0.004479626659303904,0.0,582
-0.26811471581459045,-0.02613331936299801,-0.272502064704895,-0.004296714905649424,-0.267365038394928,-0.008541889488697052,0.0004760123847518116,0.00045252442942000926,0.0,0.0,1.2206732034683228,0.0,1.2115942239761353,0.0,0.5,0.5,1.2206732034683228,0.0,0.0,583
-0.24368396401405334,-0.02390090748667717,-0.272502064704895,-0.004296714905649424,-0.267365038394928,-0.008541889488697052,0.00047652001376263797,0.00045152989332564175,0.0,0.0,1.2124814987182617,0.0,1.2235218286514282,0.0,0.5,0.5,1.2124814987182617,0.0,0.0,584
-0.2456841766834259,-0.020688550546765327,-0.272502064704895,-0.004296714905649424,-0.267365038394928,-0.008541889488697052,0.00046746330917812884,0.0004519927897490561,0.0,0.0,1.2157037258148193,0.0,1.2221356630325317,0.0,0.5,0.5,1.2157037258148193,0.0,0.0,585
-0.2515678405761719,-0.011438693851232529,-0.272502064704895,-0.004296714905649424,-0.267365038394928,-0.008541889488697052,0.0004614787467289716,0.00045230353134684265,0.0,0.0,1.2179635763168335,0.0,1.2275711297988892,0.0,0.5,0.5,1.2179635763168335,0.0,0.0,586
-0.2595885396003723,-0.013559467159211636,-0.272502064704895,-0.004296714905649424,-0.267365038394928,-0.008541889488697052,0.0004483673837967217,0.0004525120893958956,0.0,0.0,1.2214828729629517,0.0,1.2285747528076172,0.0,0.5,0.5,1.2214828729629517,0.0,0.0,587
-0.2619995176792145,-0.010941865853965282,-0.272502064704895,-0.004296714905649424,-0.267365038394928,-0.008541889488697052,0.0004397909506224096,0.0004526520206127316,0.0,0.0,1.2257760763168335,0.0,1.217332363128662,0.0,0.5,0.5,1.2257760763168335,0.0,0.0,588
-0.2741917371749878,-0.002484078984707594,-0.272502064704895,-0.004296714905649424,-0.267365038394928,-0.008541889488697052,0.0004341420135460794,0.000452745909569785,0.0,0.0,1.2259641885757446,0.0,1.2189817428588867,0.0,0.5,0.5,1.2259641885757446,0.0,0.0,589
-0.27640366554260254,-0.009643404744565487,-0.27170050144195557,-0.004157320596277714,-0.2665887176990509,-0.008396251127123833,0.00044795923167839646,0.00045266750385053456,0.0,0.0,1.3853503465652466,0.00800000037997961,1.3986166715621948,0.008136008866131306,0.5,0.5,1.3853503465652466,0.007898598909378052,0.0,590
-0.28505414724349976,-0.0037554088048636913,-0.27073022723197937,-0.004095990210771561,-0.26587042212486267,-0.008351334370672703,0.0004574730119202286,0.0004527563287410885,0.0,0.0,1.5083439350128174,0.007251621223986149,1.5076704025268555,0.00972201582044363,0.5,0.5,1.5083439350128174,0.007196841295808554,0.0,591
-0.27503421902656555,-0.0046550375409424305,-0.27073022723197937,-0.004095990210771561,-0.26587042212486267,-0.008351334370672703,0.0004457547329366207,0.0004526744887698442,0.0,0.0,1.5063061714172363,0.0,1.516112208366394,0.0,0.5,0.5,1.5063061714172363,0.0,0.0,592
-0.2671929895877838,-0.00836087204515934,-0.27073022723197937,-0.004095990210771561,-0.26587042212486267,-0.008351334370672703,0.00045596103882417083,0.0004524782416410744,0.0,0.0,1.517455816268921,0.0,1.542568564414978,0.0,0.5,0.5,1.517455816268921,0.0,0.0,593
-0.27759039402008057,0.0017222643364220858,-0.26915717124938965,-0.004148201551288366,-0.2650738060474396,-0.008377422578632832,0.00046294237836264074,0.0004520640359260142,0.0,0.0,1.6035332679748535,0.00800000037997961,1.6039749383926392,0.01573934778571129,0.5,0.5,1.6035332679748535,0.00797038059681654,0.0,594
-0.2681249976158142,-0.010157669894397259,-0.26915717124938965,-0.004148201551288366,-0.2650738060474396,-0.008377422578632832,0.0004676903772633523,0.00045221010805107653,0.0,0.0,1.6053799390792847,0.0,1.5895185470581055,0.0,0.5,0.5,1.6053799390792847,0.0,0.0,595
-0.2679925858974457,-0.01654127612709999,-0.26915717124938965,-0.004148201551288366,-0.2650738060474396,-0.008377422578632832,0.0004524056566879153,0.00045244937064126134,0.0,0.0,1.6086312532424927,0.0,1.6099662780761719,0.0,0.5,0.5,1.6086312532424927,0.0,0.0,596
-0.25644007325172424,-0.013233218342065811,-0.26915717124938965,-0.004148201551288366,-0.2650738060474396,-0.008377422578632832,0.00046051584649831057,0.0004526099655777216,0.0,0.0,1.6093999147415161,0.0,1.6111282110214233,0.0,0.5,0.5,1.6093999147415161,0.0,0.0,597
-0.24110789597034454,0.00305828545242548,-0.26915717124938965,-0.004148201551288366,-0.2650738060474396,-0.008377422578632832,0.00044773996341973543,0.0004527177079580724,0.0,0.0,1.6057809591293335,0.0,1.603182315826416,0.0,0.5,0.5,1.6057809591293335,0.0,0.0,598
-0.23081782460212708,-0.01187933050096035,-0.26915717124938965,-0.004148201551288366,-0.2650738060474396,-0.008377422578632832,0.00045732271973975003,0.0004526485863607377,0.0,0.0,1.611763834953308,0.0,1.6181082725524902,0.0,0.5,0.5,1.611763834953308,0.0,0.0,599
-0.24707356095314026,-0.030598074197769165,-0.26915717124938965,-0.004148201551288366,-0.2650738060474396,-0.008377422578632832,0.00045473597128875554,0.0004527436103671789,0.0,0.0,-0.009575795382261276,0.0,1.318108320236206,0.0,0.5,0.5,1.311763882637024,0.0,0.0,600
-0.24895058572292328,-0.020812328904867172,-0.26915717124938965,-0.004148201551288366,-0.2650738060474396,-0.008377422578632832,0.00045300883357413113,0.00045167654752731323,0.0,0.0,-0.009575795382261276,0.0,1.0181083679199219,0.0,0.5,0.5,1.0117639303207397,0.0,0.0,601
-0.24901311099529266,-0.023474792018532753,-0.26915717124938965,-0.004148201551288366,-0.2650738060474396,-0.008377422578632832,0.00045185399358160794,0.00045209124800749123,0.0,0.0,-0.009575795382261276,0.0,0.7181083559989929,0.0,0.5,0.5,0.7117639183998108,0.0,0.0,602
-0.2561623752117157,-0.023366818204522133,-0.26915717124938965,-0.004148201551288366,-0.2650738060474396,-0.008377422578632832,0.0004601388063747436,0.0004523696261458099,0.0,0.0,-0.009575795382261276,0.0,0.41810834407806396,0.0,0.5,0.5,0.41176390647888184,0.0,0.0,603
-0.27332210540771484,-0.029893869534134865,-0.26915717124938965,-0.004148201551288366,-0.2650738060474396,-0.008377422578632832,0.0004474941815715283,0.00045255644363351166,0.0,0.0,-0.009575795382261276,0.0,0.1181083470582962,0.0,0.5,0.5,0.11176390945911407,0.0,0.0,604
-0.2752073109149933,-0.021714556962251663,-0.2691022455692291,-0.0035816156305372715,-0.2650061249732971,-0.007580584846436977,0.000457154237665236,0.0004515513137448579,0.0,0.0,0.08475128561258316,0.00800000037997961,0.09664411842823029,0.005692421458661556,0.5,0.5,0.08475128561258316,0.007997081615030766,0.0,605
-0.28124478459358215,-0.017432810738682747,-0.2690213918685913,-0.0028693361673504114,-0.2648361921310425,-0.00599001394584775,0.00044554652413353324,0.00045200716704130173,0.0,0.0,0.1064404845237732,0.01600000075995922,0.11304088681936264,0.0071685477159917355,0.5,0.5,0.1064404845237732,0.015996236354112625,0.0,606
-0.27978935837745667,-0.005705920979380608,-0.26866480708122253,0.0003895496774930507,-0.26458293199539185,-0.0036034160293638706,0.0004558181099127978,0.0004523131647147238,0.0,0.0,0.10572726279497147,0.024000000208616257,0.1089818924665451,0.032783351838588715,0.5,0.5,0.10572726279497147,0.02399999462068081,0.0,607
-0.28764608502388,-0.0002781028160825372,-0.26816803216934204,0.004359003156423569,-0.26414954662323,-0.0004343708569649607,0.00044467340921983123,0.00045237725134938955,0.0,0.0,0.1359134167432785,0.03200000151991844,0.12450137734413147,0.0400041788816452,0.5,0.5,0.1359134167432785,0.03198542073369026,0.0,608
-0.2762567400932312,0.02413845993578434,-0.2679177224636078,0.007251589093357325,-0.26382267475128174,0.002688533393666148,0.0004373616829980165,0.00045242023770697415,0.0,0.0,0.10428658872842789,0.031415343284606934,0.08631829917430878,0.029033957049250603,0.5,0.5,0.10428658872842789,0.03139963373541832,0.0,609
-0.2855207026004791,0.005488658789545298,-0.2672959268093109,0.012031004764139652,-0.2633613646030426,0.0061887349002063274,0.00043253632611595094,0.0004514603642746806,0.0,0.0,0.13104142248630524,0.03531734272837639,0.12937229871749878,0.048196934163570404,0.5,0.5,0.13104142248630524,0.035304706543684006,0.0,610
-0.2686195373535156,0.011310760863125324,-0.2670719027519226,0.01540191937237978,-0.26314088702201843,0.009311022236943245,0.00042933947406709194,0.00045194613630883396,0.0,0.0,0.07049467414617538,0.03135807439684868,0.0663573369383812,0.033783502876758575,0.5,0.5,0.07049467414617538,0.0313006155192852,0.0,611
-0.26912373304367065,0.029072605073451996,-0.26686784625053406,0.018651841208338737,-0.2628946006298065,0.012478163465857506,0.00042721605859696865,0.00045170739758759737,0.0,0.0,0.07760552316904068,0.0317678265273571,0.06270334124565125,0.032563209533691406,0.5,0.5,0.07760552316904068,0.03176702558994293,0.0,612
-0.2578466534614563,0.020299261435866356,-0.26678675413131714,0.021258292719721794,-0.26280924677848816,0.015248505398631096,0.0004431569832377136,0.0004532418097369373,0.0,0.0,0.03079758584499359,0.027746956795454025,0.03109835647046566,0.026077132672071457,0.5,0.5,0.03079758584499359,0.027716565877199173,0.0,613
-0.23761901259422302,0.02007978782057762,-0.26694050431251526,0.023774970322847366,-0.2629700303077698,0.018558798357844353,0.00043636278132908046,0.00045314154704101384,0.0,0.0,-0.04852993041276932,0.03324649855494499,-0.061015982180833817,0.025213690474629402,0.5,0.5,-0.04852993041276932,0.03314194455742836,0.0,614
-0.23441193997859955,0.01841382309794426,-0.2671132981777191,0.02651064284145832,-0.26317352056503296,0.021908219903707504,0.00044065676047466695,0.0004530742880888283,0.0,0.0,-0.060677189379930496,0.0335584357380867,-0.06307967007160187,0.027411235496401787,0.5,0.5,-0.060677189379930496,0.03355595842003822,0.0,615
-0.24875085055828094,0.03849256783723831,-0.26712697744369507,0.029004784300923347,-0.26318761706352234,0.024575941264629364,0.00044355689897201955,0.00045302920625545084,0.0,0.0,-0.0052815699018538,0.026718569919466972,-0.005487329326570034,0.024941781535744667,0.5,0.5,-0.0052815699018538,0.026677584275603294,0.0,616
-0.2522677183151245,0.03504807874560356,-0.2670757472515106,0.03348599746823311,-0.2631579041481018,0.027718892320990562,0.00044551098835654557,0.00045413110638037324,0.0,0.0,0.009450488723814487,0.0314343199133873,0.01143388170748949,0.044815074652433395,0.5,0.5,0.009450488723814487,0.03143090754747391,0.0,617
-0.25496333837509155,0.02744542621076107,-0.26703670620918274,0.03751130774617195,-0.2630953788757324,0.03083730861544609,0.00045579372090287507,0.0004548718861769885,0.0,0.0,0.020046794787049294,0.031192176043987274,0.009699375368654728,0.04025499150156975,0.5,0.5,0.020046794787049294,0.031190425157546997,0.0,618
-0.2530841529369354,0.02266426756978035,-0.26702725887298584,0.04048188030719757,-0.26306039094924927,0.033699337393045425,0.00044465746032074094,0.000454234192147851,0.0,0.0,0.012221848592162132,0.028623288497328758,0.0031808160711079836,0.029705870896577835,0.5,0.5,0.012221848592162132,0.02862241119146347,0.0,619
-0.23333318531513214,0.02709536999464035,-0.2672334909439087,0.043426964432001114,-0.2632756531238556,0.03690137341618538,0.00045520762796513736,0.0004526736738625914,0.0,0.0,-0.0671297237277031,0.03219393268227577,-0.0699123740196228,0.029522966593503952,0.5,0.5,-0.0671297237277031,0.0320926271378994,0.0,620
-0.2237594574689865,0.03460470587015152,-0.26743316650390625,0.04528376832604408,-0.26358267664909363,0.039714131504297256,0.00045332396985031664,0.0004527604323811829,0.0,0.0,-0.10872534662485123,0.028319133445620537,-0.1071217954158783,0.01867508888244629,0.5,0.5,-0.10872534662485123,0.028294637799263,0.0,621
-0.22578081488609314,0.043872568756341934,-0.267763614654541,0.04881922900676727,-0.2638801634311676,0.04255320504307747,0.000461143150459975,0.00045395034248940647,0.0,0.0,-0.10440612584352493,0.028546443209052086,-0.09319602698087692,0.035508714616298676,0.5,0.5,-0.10440612584352493,0.028546176850795746,0.0,622
-0.24830374121665955,0.04025460034608841,-0.26777082681655884,0.05085752531886101,-0.2639012932777405,0.04547850787639618,0.0004572815087158233,0.00045248368405736983,0.0,0.0,-0.0072258515283465385,0.029392482712864876,-0.003540152683854103,0.020383084192872047,0.5,0.5,-0.0072258515283465385,0.029253801330924034,0.0,623
-0.24577774107456207,0.03089309297502041,-0.2678482234477997,0.05433917045593262,-0.26395875215530396,0.04880039021372795,0.0004547084681689739,0.0004515026230365038,0.0,0.0,-0.017295032739639282,0.03322546184062958,-0.02222665399312973,0.03482503816485405,0.5,0.5,-0.017295032739639282,0.03322377800941467,0.0,624
-0.2684653401374817,0.05201238393783569,-0.26767459511756897,0.056917954236269,-0.2637811303138733,0.050945430994033813,0.00045299046905711293,0.00045310394489206374,0.0,0.0,0.08262033015489578,0.021631721407175064,0.06723026931285858,0.025846213102340698,0.5,0.5,0.08262033015489578,0.021523837000131607,0.0,625
-0.26313504576683044,0.05254190415143967,-0.26743099093437195,0.060301411896944046,-0.2636065185070038,0.053902626037597656,0.0004428231914062053,0.0004541821836028248,0.0,0.0,0.05897662788629532,0.02963172271847725,0.07187272608280182,0.033922139555215836,0.5,0.5,0.05897662788629532,0.02962343953549862,0.0,626
-0.2559623122215271,0.06987854093313217,-0.26732945442199707,0.06298744678497314,-0.26353853940963745,0.05624142661690712,0.00045394693734124303,0.0004526386910583824,0.0,0.0,0.029059015214443207,0.02340836264193058,0.037788208574056625,0.0268795695155859,0.5,0.5,0.029059015214443207,0.023397887125611305,0.0,627
-0.24528734385967255,0.07486429810523987,-0.2673722803592682,0.06480589509010315,-0.2635941207408905,0.05860202759504318,0.0004615684738382697,0.0004516063490882516,0.0,0.0,-0.023542921990156174,0.02364524081349373,-0.02354024350643158,0.018189525231719017,0.5,0.5,-0.023542921990156174,0.02361253648996353,0.0,628
-0.2496948540210724,0.0758814811706543,-0.26738905906677246,0.0673743337392807,-0.26359787583351135,0.061054665595293045,0.00045756451436318457,0.0004509153077378869,0.0,0.0,-0.0015325109707191586,0.024532334879040718,-0.006536631844937801,0.025684909895062447,0.5,0.5,-0.0015325109707191586,0.02452639304101467,0.0,629
-0.2556300461292267,0.07184603065252304,-0.26729193329811096,0.06990576535463333,-0.2635229229927063,0.06375978142023087,0.00045489726471714675,0.00045496795792132616,0.0,0.0,0.027706174179911613,0.02707311324775219,0.03834488242864609,0.025332972407341003,0.5,0.5,0.027706174179911613,0.027061540633440018,0.0,630
-0.2537299394607544,0.07008498907089233,-0.2672458291053772,0.07163572311401367,-0.2634759843349457,0.06633877754211426,0.00046221696538850665,0.0004531638405751437,0.0,0.0,0.018200431019067764,0.025795362889766693,0.02665201760828495,0.017305737361311913,0.5,0.5,0.018200431019067764,0.025794196873903275,0.0,631
-0.25506067276000977,0.06666067987680435,-0.2672114372253418,0.07362688332796097,-0.26341867446899414,0.06869815289974213,0.0004488481499720365,0.00045195771963335574,0.0,0.0,0.02428578957915306,0.02360112965106964,0.017275212332606316,0.01991458609700203,0.5,0.5,0.02428578957915306,0.023600691929459572,0.0,632
-0.2707674205303192,0.05297697335481644,-0.2668958008289337,0.07676711678504944,-0.26313385367393494,0.07174322754144669,0.0004401066980790347,0.0004511505539994687,0.0,0.0,0.0932658463716507,0.03065655380487442,0.10017478466033936,0.03156055137515068,0.5,0.5,0.0932658463716507,0.030583646148443222,0.0,633
-0.27806341648101807,0.07308024168014526,-0.26644009351730347,0.07986766844987869,-0.26282021403312683,0.07399994134902954,0.00045207704533822834,0.0004528669232968241,0.0,0.0,0.1380983591079712,0.02280694805085659,0.14593420922756195,0.0313386507332325,0.5,0.5,0.1380983591079712,0.022784030064940453,0.0,634
-0.2720436155796051,0.07121331989765167,-0.2660923898220062,0.0830008015036583,-0.262542724609375,0.076565220952034,0.00046029125223867595,0.00045175905688665807,0.0,0.0,0.10775114595890045,0.025814294815063477,0.11052687466144562,0.031523678451776505,0.5,0.5,0.10775114595890045,0.025802409276366234,0.0,635
-0.26774874329566956,0.06054005026817322,-0.2658596634864807,0.08569657802581787,-0.2623084783554077,0.07939556241035461,0.0004658899561036378,0.0004510175494942814,0.0,0.0,0.08257204294204712,0.028409210965037346,0.0861172154545784,0.027058035135269165,0.5,0.5,0.08257204294204712,0.028400206938385963,0.0,636
-0.2638906240463257,0.06293944269418716,-0.26570168137550354,0.08796822279691696,-0.2621518075466156,0.08178719878196716,0.0004696883843280375,0.00045052095083519816,0.0,0.0,0.06540969759225845,0.023971185088157654,0.06943972408771515,0.02277132123708725,0.5,0.5,0.06540969759225845,0.023967653512954712,0.0,637
-0.27981212735176086,0.05782339349389076,-0.2652719020843506,0.09133853763341904,-0.26176273822784424,0.08462157845497131,0.00047225732123479247,0.0004501882358454168,0.0,0.0,0.13641880452632904,0.028681892901659012,0.1268327385187149,0.03397603705525398,0.5,0.5,0.13641880452632904,0.028609611093997955,0.0,638
-0.2700841426849365,0.0647151991724968,-0.2650205194950104,0.09389205276966095,-0.2615198791027069,0.08716423064470291,0.000455364614026621,0.00045221956679597497,0.0,0.0,0.09522036463022232,0.025563951581716537,0.09813109785318375,0.02565857023000717,0.5,0.5,0.09522036463022232,0.025542259216308594,0.0,639
-0.2709134817123413,0.08265389502048492,-0.2647378444671631,0.0963643416762352,-0.26126551628112793,0.08950355648994446,0.0004625357105396688,0.0004513258463703096,0.0,0.0,0.10830295085906982,0.023533135652542114,0.11384256929159164,0.024883991107344627,0.5,0.5,0.10830295085906982,0.023531122133135796,0.0,640
-0.25944820046424866,0.08258131146430969,-0.264602929353714,0.09904228150844574,-0.26115337014198303,0.09178758412599564,0.0004674144147429615,0.00045524584129452705,0.0,0.0,0.04906287044286728,0.022907963022589684,0.050337646156549454,0.02681339718401432,0.5,0.5,0.04906287044286728,0.022867778316140175,0.0,641
-0.2537607252597809,0.0938468649983406,-0.264572411775589,0.10102878510951996,-0.26110729575157166,0.09400764852762222,0.0004522266099229455,0.0004533494939096272,0.0,0.0,0.020756909623742104,0.022214338183403015,0.015361378900706768,0.01986735127866268,0.5,0.5,0.020756909623742104,0.02220544032752514,0.0,642
-0.25454455614089966,0.11067058891057968,-0.2645261287689209,0.102727510035038,-0.26104918122291565,0.09610873460769653,0.0004423227801453322,0.00045208187657408416,0.0,0.0,0.027648132294416428,0.021019387990236282,0.027240457013249397,0.016993533819913864,0.5,0.5,0.027648132294416428,0.02101888880133629,0.0,643
-0.26303353905677795,0.10847663879394531,-0.26439693570137024,0.10465775430202484,-0.26089149713516235,0.09812352806329727,0.0004358128644526005,0.00045575739932246506,0.0,0.0,0.07810927927494049,0.020235298201441765,0.06683349609375,0.01934564672410488,0.5,0.5,0.07810927927494049,0.0202095415443182,0.0,644
-0.27002933621406555,0.11559770256280899,-0.26426246762275696,0.10573302954435349,-0.26065608859062195,0.09999693185091019,0.0004315112892072648,0.00045369117287918925,0.0,0.0,0.12499765306711197,0.018902141600847244,0.12439555674791336,0.010836509056389332,0.5,0.5,0.12499765306711197,0.018881365656852722,0.0,645
-0.2782626748085022,0.11934847384691238,-0.26368534564971924,0.1088210716843605,-0.26028311252593994,0.1020510196685791,0.0004461378266569227,0.00045231039985083044,0.0,0.0,0.1796196848154068,0.02090793289244175,0.18476040661334991,0.03141506761312485,0.5,0.5,0.1796196848154068,0.020876752212643623,0.0,646
-0.2820994555950165,0.12302718311548233,-0.26331186294555664,0.11061997711658478,-0.25987738370895386,0.1039719507098198,0.0004562239337246865,0.0004513866442721337,0.0,0.0,0.20815885066986084,0.0196410920470953,0.20471085608005524,0.0183726754039526,0.5,0.5,0.20815885066986084,0.0196330938488245,0.0,647
-0.28230175375938416,0.12694890797138214,-0.26278531551361084,0.11297368258237839,-0.2594144344329834,0.10609383136034012,0.00044493869063444436,0.00045076815877109766,0.0,0.0,0.21481353044509888,0.02171843685209751,0.2200881689786911,0.0241188183426857,0.5,0.5,0.21481353044509888,0.02171795628964901,0.0,648
-0.29106438159942627,0.12008006870746613,-0.262212336063385,0.11515740305185318,-0.2589578330516815,0.1078164279460907,0.00043753633508458734,0.0004503538948483765,0.0,0.0,0.2591097056865692,0.017838357016444206,0.2566017508506775,0.02257641777396202,0.5,0.5,0.2591097056865692,0.01782085932791233,0.0,649
-0.292316734790802,0.12827682495117188,-0.2615364193916321,0.11742965877056122,-0.2584109604358673,0.10971255600452423,0.0004503045929595828,0.00045007627340964973,0.0,0.0,0.28079211711883545,0.019738761708140373,0.28912463784217834,0.023706559091806412,0.5,0.5,0.28079211711883545,0.019734123721718788,0.0,650
-0.28093549609184265,0.1267249435186386,-0.26120132207870483,0.11906123161315918,-0.2580814063549042,0.11129211634397507,0.0004590791359078139,0.0004498902417253703,0.0,0.0,0.20568525791168213,0.0161813423037529,0.20257416367530823,0.016656314954161644,0.5,0.5,0.20568525791168213,0.016135724261403084,0.0,651
-0.2910996377468109,0.12050832808017731,-0.26061108708381653,0.1212504655122757,-0.25749337673187256,0.11350251734256744,0.0004650657356251031,0.00044976550270803273,0.0,0.0,0.26000916957855225,0.022906610742211342,0.2633490562438965,0.022674022242426872,0.5,0.5,0.26000916957855225,0.022872820496559143,0.0,652
-0.2703057825565338,0.12370870262384415,-0.2603302597999573,0.12327779829502106,-0.2572612166404724,0.11523216962814331,0.0004507012781687081,0.00044968188740313053,0.0,0.0,0.13341915607452393,0.017592400312423706,0.13764257729053497,0.020466869696974754,0.5,0.5,0.13341915607452393,0.017451629042625427,0.0,653
-0.26401716470718384,0.13647493720054626,-0.26013249158859253,0.12536536157131195,-0.2570606470108032,0.11721418052911758,0.0004593505582306534,0.00044962583342567086,0.0,0.0,0.10084543377161026,0.019931873306632042,0.09444969147443771,0.02096913941204548,0.5,0.5,0.10084543377161026,0.019921300932765007,0.0,654
-0.2694975733757019,0.13923147320747375,-0.26003628969192505,0.12607066333293915,-0.25687411427497864,0.11851315945386887,0.0004652503412216902,0.0004495882603805512,0.0,0.0,0.14263366162776947,0.013134532608091831,0.13557788729667664,0.007118393667042255,0.5,0.5,0.14263366162776947,0.013123066164553165,0.0,655
-0.2789514660835266,0.1336522251367569,-0.25974464416503906,0.12754620611667633,-0.2564612925052643,0.1205286756157875,0.0004508212732616812,0.0004495630564633757,0.0,0.0,0.20202994346618652,0.02060992456972599,0.1951371282339096,0.015040899626910686,0.5,0.5,0.20202994346618652,0.020573580637574196,0.0,656
-0.27724650502204895,0.1397818922996521,-0.2594277858734131,0.1290629357099533,-0.25618523359298706,0.12189868092536926,0.0004594326310325414,0.0004495461471378803,0.0,0.0,0.19883795082569122,0.013975497335195541,0.20594097673892975,0.01549476571381092,0.5,0.5,0.19883795082569122,0.013975425623357296,0.0,657
-0.27950969338417053,0.1417754888534546,-0.25902506709098816,0.13081900775432587,-0.2557958662509918,0.12365652620792389,0.0004653061623685062,0.00044953482574783266,0.0,0.0,0.21798385679721832,0.018007792532444,0.22543728351593018,0.018016614019870758,0.5,0.5,0.21798385679721832,0.018004493787884712,0.0,658
-0.2712255120277405,0.1329222023487091,-0.2587246596813202,0.13313814997673035,-0.25551292300224304,0.12555041909217834,0.0004508575366344303,0.00044952722964808345,0.0,0.0,0.1482967883348465,0.019195692613720894,0.12881946563720703,0.02338525466620922,0.5,0.5,0.1482967883348465,0.01914910040795803,0.0,659
-0.24679353833198547,0.13263845443725586,-0.25873520970344543,0.13474440574645996,-0.2555478811264038,0.12710297107696533,0.000459457456599921,0.0004495221364777535,0.0,0.0,-0.022519605234265327,0.015758775174617767,-0.006573901977390051,0.016062844544649124,0.5,0.5,-0.022519605234265327,0.01552942767739296,0.0,660
-0.23728521168231964,0.13420602679252625,-0.25887325406074524,0.13633501529693604,-0.2557333707809448,0.12915679812431335,0.00045615911949425936,0.0004495187022257596,0.0,0.0,-0.09006346017122269,0.020668920129537582,-0.08656667917966843,0.015965823084115982,0.5,0.5,-0.09006346017122269,0.02062178961932659,0.0,661
-0.25086674094200134,0.1219058483839035,-0.2588753402233124,0.13768452405929565,-0.2557249665260315,0.13063915073871613,0.0004539593937806785,0.00045854123891331255,0.0,0.0,0.005661505740135908,0.014891990460455418,-0.0015467667253687978,0.013495046645402908,0.5,0.5,0.005661505740135908,0.014823812991380692,0.0,662
-0.25566747784614563,0.1300126612186432,-0.2588382661342621,0.13874109089374542,-0.25564858317375183,0.13259318470954895,0.0004615769721567631,0.00045554855023510754,0.0,0.0,0.039069488644599915,0.01956615224480629,0.035067714750766754,0.010572236031293869,0.5,0.5,0.039069488644599915,0.019555235281586647,0.0,663
-0.25049880146980286,0.13391472399234772,-0.2588488459587097,0.14041252434253693,-0.2556418776512146,0.13448785245418549,0.00044843138311989605,0.0004535517073236406,0.0,0.0,0.003535341238602996,0.018958771601319313,-0.00632647005841136,0.016714703291654587,0.5,0.5,0.003535341238602996,0.018946802243590355,0.0,664
-0.26024046540260315,0.14367561042308807,-0.25871822237968445,0.1423487365245819,-0.2555178105831146,0.1360790878534317,0.00045779653009958565,0.0004522171220742166,0.0,0.0,0.07782090455293655,0.016004756093025208,0.06735549122095108,0.01940619759261608,0.5,0.5,0.07782090455293655,0.01596061699092388,0.0,665
-0.2638586461544037,0.14477795362472534,-0.25851014256477356,0.144330695271492,-0.2553466260433197,0.137687548995018,0.00046419285354204476,0.0004603870038408786,0.0,0.0,0.10602410137653351,0.01618187502026558,0.10460540652275085,0.019928449764847755,0.5,0.5,0.10602410137653351,0.016175439581274986,0.0,666
-0.2592063546180725,0.14706936478614807,-0.2583630681037903,0.14660251140594482,-0.25523683428764343,0.13921327888965607,0.00046853849198669195,0.00045677818707190454,0.0,0.0,0.07183979451656342,0.01530568115413189,0.06464824080467224,0.02276567928493023,0.5,0.5,0.07183979451656342,0.015296738594770432,0.0,667
-0.2562824487686157,0.15232530236244202,-0.25833195447921753,0.14713747799396515,-0.2551595866680145,0.14072144031524658,0.0004714803071692586,0.00045437263906933367,0.0,0.0,0.05116746574640274,0.015104666352272034,0.058070108294487,0.005358660127967596,0.5,0.5,0.05116746574640274,0.015101439319550991,0.0,668
-0.2591699957847595,0.14680926501750946,-0.2582639455795288,0.14820335805416107,-0.2550463080406189,0.14230483770370483,0.00047346699284389615,0.00045276599121280015,0.0,0.0,0.07141245156526566,0.015877654775977135,0.0637330636382103,0.010680418461561203,0.5,0.5,0.07141245156526566,0.015874400734901428,0.0,669
-0.24977873265743256,0.13138464093208313,-0.2582992911338806,0.1498107612133026,-0.2550489604473114,0.1440279334783554,0.000456146924989298,0.00045169153599999845,0.0,0.0,-0.0015407005557790399,0.017276987433433533,-0.021985378116369247,0.01607787050306797,0.5,0.5,-0.0015407005557790399,0.017231032252311707,0.0,670
-0.24872401356697083,0.14530049264431,-0.2583020329475403,0.15095196664333344,-0.25506463646888733,0.14562009274959564,0.0004539512738119811,0.0004509723512455821,0.0,0.0,-0.009837696328759193,0.015922972932457924,-0.002391667803749442,0.01141207106411457,0.5,0.5,-0.009837696328759193,0.01592242531478405,0.0,671
-0.24520239233970642,0.1575808823108673,-0.25833621621131897,0.15180467069149017,-0.2551209032535553,0.14699748158454895,0.0004524842952378094,0.00045049068285152316,0.0,0.0,-0.04083609580993652,0.013792070560157299,-0.04005594924092293,0.008533844724297523,0.5,0.5,-0.04083609580993652,0.013785445131361485,0.0,672
-0.246250182390213,0.15535028278827667,-0.25841107964515686,0.1536249816417694,-0.2551717460155487,0.1486193835735321,0.0004515030304901302,0.00045016795047558844,0.0,0.0,-0.031329695135354996,0.016227709129452705,-0.04109952971339226,0.01821853592991829,0.5,0.5,-0.031329695135354996,0.01622697524726391,0.0,673
-0.24479202926158905,0.16317793726921082,-0.2584926187992096,0.15518797934055328,-0.2552294135093689,0.1498573273420334,0.00045084612793289125,0.00044995167991146445,0.0,0.0,-0.046540096402168274,0.01239432580769062,-0.052130747586488724,0.015651164576411247,0.5,0.5,-0.046540096402168274,0.012392892502248287,0.0,674
-0.25293731689453125,0.16783516108989716,-0.25842151045799255,0.1574595868587494,-0.2551894187927246,0.15131616592407227,0.0004504061071202159,0.000449806684628129,0.0,0.0,0.027402520179748535,0.014633825980126858,0.03129935637116432,0.022727252915501595,0.5,0.5,0.027402520179748535,0.014593838714063168,0.0,675
-0.2460508495569229,0.16299942135810852,-0.2584739625453949,0.15907543897628784,-0.2552435100078583,0.15285030007362366,0.00045914860675111413,0.00045873838826082647,0.0,0.0,-0.035245537757873535,0.01538101863116026,-0.032442644238471985,0.016167042776942253,0.5,0.5,-0.035245537757873535,0.015350845642387867,0.0,676
-0.2659607529640198,0.1620907187461853,-0.258372038602829,0.15979807078838348,-0.25506147742271423,0.15413804352283478,0.00045595335541293025,0.00045567998313345015,0.0,0.0,0.14042869210243225,0.013208759017288685,0.14010508358478546,0.007297797128558159,0.5,0.5,0.14042869210243225,0.013005462475121021,0.0,677
-0.2580220401287079,0.15631771087646484,-0.25829750299453735,0.1610962301492691,-0.2549669146537781,0.15553712844848633,0.0004629371396731585,0.00045363945537246764,0.0,0.0,0.06748992204666138,0.01406022347509861,0.05735763534903526,0.013002951629459858,0.5,0.5,0.06748992204666138,0.01402283925563097,0.0,678
-0.2580847442150116,0.16181257367134094,-0.2581924498081207,0.16246643662452698,-0.25486570596694946,0.15695413947105408,0.00044931695447303355,0.00045227582450024784,0.0,0.0,0.07130688428878784,0.014206339605152607,0.07652812451124191,0.013742285780608654,0.5,0.5,0.07130688428878784,0.014206236228346825,0.0,679
-0.27336978912353516,0.17313319444656372,-0.25795885920524597,0.16353608667850494,-0.25463712215423584,0.15795046091079712,0.00045840308303013444,0.0004513635067269206,0.0,0.0,0.2255128175020218,0.010344773530960083,0.21499218046665192,0.010948581621050835,0.5,0.5,0.2255128175020218,0.010222019627690315,0.0,680
-0.2534572184085846,0.19209541380405426,-0.2579321265220642,0.16436907649040222,-0.2545982003211975,0.15888413786888123,0.00044636195525527,0.0004507526755332947,0.0,0.0,0.04167713224887848,0.009505091235041618,0.03207727521657944,0.008334248326718807,0.5,0.5,0.04167713224887848,0.00934492889791727,0.0,681
-0.2612290680408478,0.19728560745716095,-0.2577919065952301,0.16528797149658203,-0.2544556260108948,0.159870907664299,0.0004563777183648199,0.00045034350478090346,0.0,0.0,0.1434982866048813,0.010022020898759365,0.15144264698028564,0.009295403957366943,0.5,0.5,0.1434982866048813,0.009970114566385746,0.0,682
-0.25084394216537476,0.1908184438943863,-0.2577873468399048,0.16575050354003906,-0.2544436454772949,0.16106511652469635,0.000463226402644068,0.00045006931759417057,0.0,0.0,0.010024807415902615,0.012049929238855839,0.009853444062173367,0.004625528119504452,0.5,0.5,0.010024807415902615,0.01194275263696909,0.0,683
-0.25983983278274536,0.18064528703689575,-0.25757965445518494,0.16742654144763947,-0.2543022036552429,0.1624213457107544,0.00044950516894459724,0.00044988555600866675,0.0,0.0,0.10391008853912354,0.013696225360035896,0.12329255789518356,0.016888532787561417,0.5,0.5,0.10391008853912354,0.01363590732216835,0.0,684
-0.25507399439811707,0.17282086610794067,-0.2575138807296753,0.16853247582912445,-0.25425708293914795,0.16333015263080597,0.0004585319838952273,0.00044976238859817386,0.0,0.0,0.04961701110005379,0.009112678468227386,0.059406131505966187,0.011078858748078346,0.5,0.5,0.04961701110005379,0.00909925065934658,0.0,685
-0.2547822594642639,0.17900724709033966,-0.25744521617889404,0.16970527172088623,-0.2541903853416443,0.16466902196407318,0.0004646934394259006,0.00044967979192733765,0.0,0.0,0.04977773129940033,0.01340524759143591,0.0584808774292469,0.011747999116778374,0.5,0.5,0.04977773129940033,0.01340524759143591,0.0,686
-0.24690549075603485,0.1973545402288437,-0.2575034201145172,0.1711001694202423,-0.2542250156402588,0.16553767025470734,0.00046887778444215655,0.00044962443644180894,0.0,0.0,-0.03983321785926819,0.008728456683456898,-0.04170338436961174,0.013961096294224262,0.5,0.5,-0.03983321785926819,0.008693434298038483,0.0,687
-0.2567038834095001,0.21014483273029327,-0.25725555419921875,0.17340295016765594,-0.25415241718292236,0.16624006628990173,0.0004717096744570881,0.00044958729995414615,0.0,0.0,0.1030011996626854,0.007133984938263893,0.10722140222787857,0.023160748183727264,0.5,0.5,0.1030011996626854,0.007061335723847151,0.0,688
-0.25754085183143616,0.19896778464317322,-0.2572154700756073,0.17374759912490845,-0.254067987203598,0.1670914888381958,0.00045501021668314934,0.00044956241617910564,0.0,0.0,0.09885644167661667,0.008556127548217773,0.11582022905349731,0.003469782182946801,0.5,0.5,0.09885644167661667,0.008556053973734379,0.0,689
-0.26067137718200684,0.19315941631793976,-0.25699368119239807,0.17533844709396362,-0.25395187735557556,0.16798195242881775,0.0004622940032277256,0.00044954573968425393,0.0,0.0,0.12966087460517883,0.008984282612800598,0.13851745426654816,0.01606227643787861,0.5,0.5,0.12966087460517883,0.008980019949376583,0.0,690
-0.2642228603363037,0.18055886030197144,-0.2567042410373688,0.17723269760608673,-0.253745436668396,0.16935276985168457,0.0004488983249757439,0.00045855974894948304,0.0,0.0,0.149477019906044,0.013865537941455841,0.15162748098373413,0.01916239969432354,0.5,0.5,0.149477019906044,0.01386281568557024,0.0,691
-0.2827107012271881,0.18780206143856049,-0.25650596618652344,0.1777561455965042,-0.2533464729785919,0.17041634023189545,0.0004581164103001356,0.0004555608902592212,0.0,0.0,0.35888588428497314,0.01161306444555521,0.36210083961486816,0.0055974978022277355,0.5,0.5,0.35888588428497314,0.011359365656971931,0.0,692
-0.28562524914741516,0.1878872513771057,-0.2559439539909363,0.17912599444389343,-0.2529802918434143,0.17131175100803375,0.00046441060840152204,0.00045355994370765984,0.0,0.0,0.38820287585258484,0.009678047150373459,0.3893410861492157,0.014806588180363178,0.5,0.5,0.38820287585258484,0.009673887863755226,0.0,693
-0.30568695068359375,0.1838504672050476,-0.25549179315567017,0.1798793226480484,-0.2522951066493988,0.1724332720041275,0.0004686861066147685,0.0004522226226981729,0.0,0.0,0.5484251976013184,0.013313149102032185,0.5405879616737366,0.008786089718341827,0.5,0.5,0.5484251976013184,0.013142632320523262,0.0,694
-0.30439233779907227,0.18919315934181213,-0.2548128664493561,0.18092849850654602,-0.25158801674842834,0.17354874312877655,0.00045305152889341116,0.000451327912742272,0.0,0.0,0.5649687051773071,0.013208813965320587,0.5743361711502075,0.012496846728026867,0.5,0.5,0.5649687051773071,0.013207006268203259,0.0,695
-0.30058518052101135,0.18235962092876434,-0.2540724277496338,0.1822623908519745,-0.2509758770465851,0.17466981709003448,0.00044286318006925285,0.0004507288394961506,0.0,0.0,0.4997963011264801,0.01280025765299797,0.5067415237426758,0.015256126411259174,0.5,0.5,0.4997963011264801,0.012773082591593266,0.0,696
-0.2674753665924072,0.1800929307937622,-0.2539953589439392,0.18262983858585358,-0.2508276402950287,0.17540183663368225,0.00045397444046102464,0.0004503275267779827,0.0,0.0,0.1820918172597885,0.007862244732677937,0.20674152672290802,0.0037544246297329664,0.5,0.5,0.19979630410671234,0.007468779105693102,0.0,697
-0.26541203260421753,0.1767416000366211,-0.2536676526069641,0.18461893498897552,-0.2505913972854614,0.17690807580947876,0.0004615872458089143,0.0004500586073845625,0.0,0.0,0.15558429062366486,0.01526143029332161,0.16328482329845428,0.020159156993031502,0.5,0.5,0.15558429062366486,0.015246517024934292,0.0,698
-0.24451474845409393,0.17568376660346985,-0.25375428795814514,0.18625985085964203,-0.25063836574554443,0.17775829136371613,0.00046677046339027584,0.0004498783964663744,0.0,0.0,-0.05517406389117241,0.008707785047590733,-0.052752137184143066,0.01643199846148491,0.5,0.5,-0.05517406389117241,0.008515103720128536,0.0,699
-0.24217422306537628,0.17957308888435364,-0.2538270354270935,0.18729911744594574,-0.2507534921169281,0.17916226387023926,0.0004610194591805339,0.00044975755736231804,0.0,0.0,-0.08182496577501297,0.014091810211539268,-0.06987744569778442,0.010418083518743515,0.5,0.5,-0.08182496577501297,0.014086805284023285,0.0,700
-0.23892703652381897,0.18946224451065063,-0.25383931398391724,0.18738925457000732,-0.2508450746536255,0.17986972630023956,0.00045719920308329165,0.00044967656140215695,0.0,0.0,-0.1287352293729782,0.007141518406569958,-0.13538338243961334,0.0009096571593545377,0.5,0.5,-0.1287352293729782,0.0071336617693305016,0.0,701
-0.23979637026786804,0.19259804487228394,-0.2538619339466095,0.1875738799571991,-0.2509464621543884,0.1806885153055191,0.000463786069303751,0.00044962228275835514,0.0,0.0,-0.123200424015522,0.008250532671809196,-0.12191294133663177,0.001860118703916669,0.5,0.5,-0.123200424015522,0.008250406011939049,0.0,702
-0.24901030957698822,0.1966293752193451,-0.25386688113212585,0.18890951573848724,-0.25095754861831665,0.18156695365905762,0.0004590387688949704,0.0004495858447626233,0.0,0.0,-0.012627745978534222,0.008839007467031479,-0.003704340197145939,0.013356445357203484,0.5,0.5,-0.012627745978534222,0.008785028010606766,0.0,703
-0.24203167855739594,0.20333611965179443,-0.25389426946640015,0.18918408453464508,-0.25102630257606506,0.18218527734279633,0.00045588015927933156,0.00044956145575270057,0.0,0.0,-0.11073535680770874,0.006251446902751923,-0.09943321347236633,0.0027593800332397223,0.5,0.5,-0.11073535680770874,0.006221385672688484,0.0,704
-0.24017468094825745,0.21067725121974945,-0.25389426946640015,0.18918408453464508,-0.25115251541137695,0.1830115169286728,0.00045377315836958587,0.0004495450702961534,0.0,0.0,-0.15157869458198547,0.008365238085389137,-0.14291594922542572,0.0,0.5,0.5,-0.15157869458198547,0.008358261547982693,0.0,705
-0.24502521753311157,0.207571342587471,-0.2539498507976532,0.18993714451789856,-0.2512176036834717,0.18389356136322021,0.00045236520236358047,0.00044953409815207124,0.0,0.0,-0.07364501804113388,0.008871289901435375,-0.07365929335355759,0.007551033049821854,0.5,0.5,-0.07364501804113388,0.008844362571835518,0.0,706
-0.25716277956962585,0.21023282408714294,-0.2538921535015106,0.1904163658618927,-0.2511295676231384,0.18468956649303436,0.00045142334420233965,0.0004585517744999379,0.0,0.0,0.11014498025178909,0.008145785890519619,0.1198444589972496,0.0048268819227814674,0.5,0.5,0.11014498025178909,0.008008595556020737,0.0,707
-0.24360762536525726,0.21157847344875336,-0.2539525032043457,0.19102010130882263,-0.25122642517089844,0.18565058708190918,0.00045984439202584326,0.0004647196037694812,0.0,0.0,-0.10045251995325089,0.00987704936414957,-0.09963922202587128,0.006067417096346617,0.5,0.5,-0.10045251995325089,0.00965882744640112,0.0,708
-0.2563517093658447,0.196896031498909,-0.2539191246032715,0.19142267107963562,-0.25114381313323975,0.18666645884513855,0.0004564168630167842,0.0004596587677951902,0.0,0.0,0.08114524185657501,0.010362629778683186,0.08276090025901794,0.004039535764604807,0.5,0.5,0.08114524185657501,0.010192230343818665,0.0,709
-0.2607356905937195,0.19104403257369995,-0.25366392731666565,0.19337625801563263,-0.251029908657074,0.18755729496479034,0.00046325306175276637,0.000456293229945004,0.0,0.0,0.1271824985742569,0.008990422822535038,0.1298980712890625,0.019701844081282616,0.5,0.5,0.1271824985742569,0.008980897255241871,0.0,710
-0.2519107758998871,0.19556516408920288,-0.25366106629371643,0.1937403380870819,-0.25101152062416077,0.1883217990398407,0.00046790114720351994,0.0004540489462669939,0.0,0.0,0.024049967527389526,0.00768807390704751,0.007848615758121014,0.0036408891901373863,0.5,0.5,0.024049967527389526,0.007647223770618439,0.0,711
-0.2542557716369629,0.19844427704811096,-0.25357091426849365,0.19525852799415588,-0.2509394586086273,0.1896182745695114,0.0004525424155872315,0.00045254960423335433,0.0,0.0,0.055533312261104584,0.012991182506084442,0.05930852144956589,0.015208585187792778,0.5,0.5,0.055533312261104584,0.0129847452044487,0.0,712
-0.26235488057136536,0.1883796602487564,-0.25334078073501587,0.19677935540676117,-0.2507933974266052,0.190642312169075,0.00046060929889790714,0.0004515467444434762,0.0,0.0,0.14167700707912445,0.01038245391100645,0.15017570555210114,0.015381394885480404,0.5,0.5,0.14167700707912445,0.010343954898416996,0.0,713
-0.2572512924671173,0.1778016984462738,-0.25326547026634216,0.19786323606967926,-0.25067946314811707,0.19216957688331604,0.0004478008777368814,0.00045087537728250027,0.0,0.0,0.07446526736021042,0.015349692665040493,0.06937140226364136,0.01086487714201212,0.5,0.5,0.07446526736021042,0.015315035358071327,0.0,714
-0.24212689697742462,0.18847835063934326,-0.25331035256385803,0.19847944378852844,-0.25077444314956665,0.19321337342262268,0.000457364454632625,0.00045042572310194373,0.0,0.0,-0.09074583649635315,0.010625705122947693,-0.07268934696912766,0.006178330630064011,0.5,0.5,-0.09074583649635315,0.010481021367013454,0.0,715
-0.26257044076919556,0.18436391651630402,-0.25315141677856445,0.1997188776731491,-0.25063809752464294,0.19419637322425842,0.00045476382365450263,0.00045012441114522517,0.0,0.0,0.13781224191188812,0.010189048014581203,0.1275458186864853,0.012495790608227253,0.5,0.5,0.13781224191188812,0.00992407277226448,0.0,716
-0.24741758406162262,0.1796547770500183,-0.2531750500202179,0.2005133181810379,-0.25066301226615906,0.19511641561985016,0.0004439839394763112,0.00044992248876951635,0.0,0.0,-0.02707821875810623,0.00933034997433424,-0.02975788526237011,0.007947973906993866,0.5,0.5,-0.02707821875810623,0.009203796274960041,0.0,717
-0.2512418329715729,0.17741498351097107,-0.2531566023826599,0.20124688744544983,-0.2506479322910309,0.1963011473417282,0.00044579841778613627,0.0004497871268540621,0.0,0.0,0.012724882923066616,0.01185762882232666,0.025126278400421143,0.007337948773056269,0.5,0.5,0.012724882923066616,0.011848237365484238,0.0,718
-0.23327817022800446,0.19749365746974945,-0.2533746659755707,0.20220983028411865,-0.25087812542915344,0.19736811518669128,0.00045599101576954126,0.00044969641021452844,0.0,0.0,-0.21249085664749146,0.011197938583791256,-0.22270913422107697,0.00987329613417387,0.5,0.5,-0.21249085664749146,0.01091514527797699,0.0,719
-0.2393094301223755,0.21467065811157227,-0.2535589337348938,0.20323818922042847,-0.25098881125450134,0.19799275696277618,0.00045384716941043735,0.0004496355541050434,0.0,0.0,-0.17538291215896606,0.006348054390400648,-0.17731156945228577,0.010447314009070396,0.5,0.5,-0.17538291215896606,0.006343684624880552,0.0,720
-0.24409514665603638,0.21060647070407867,-0.25366097688674927,0.20442263782024384,-0.25107237696647644,0.19890399277210236,0.00045241470797918737,0.00044959477963857353,0.0,0.0,-0.091443732380867,0.009182961657643318,-0.08594077825546265,0.011888404376804829,0.5,0.5,-0.091443732380867,0.009150629863142967,0.0,721
-0.25375109910964966,0.21790269017219543,-0.25356826186180115,0.2056501805782318,-0.2510332465171814,0.19949981570243835,0.0004514564643613994,0.0004495674220379442,0.0,0.0,0.06560244411230087,0.0060454970225691795,0.07538474351167679,0.012310454621911049,0.5,0.5,0.06560244411230087,0.005971098318696022,0.0,722
-0.2604546844959259,0.21294744312763214,-0.2534532845020294,0.20631632208824158,-0.2509405016899109,0.2000502496957779,0.0004418180324137211,0.00044954908662475646,0.0,0.0,0.16691365838050842,0.005610683932900429,0.1709090918302536,0.006759933196008205,0.5,0.5,0.16691365838050842,0.005581914447247982,0.0,723
-0.2409396469593048,0.21000126004219055,-0.2536237835884094,0.20762966573238373,-0.25105851888656616,0.20093169808387756,0.00045325543032959104,0.0004585620481520891,0.0,0.0,-0.13850027322769165,0.009324580430984497,-0.12909090518951416,0.01324369851499796,0.5,0.5,-0.13308633863925934,0.008893062360584736,0.0,724
-0.24997907876968384,0.20429225265979767,-0.2536288797855377,0.2079337239265442,-0.2510586977005005,0.2015293836593628,0.0004610963515006006,0.0004555624327622354,0.0,0.0,-0.00029590140911750495,0.006029939744621515,-0.016805818304419518,0.00304093724116683,0.5,0.5,-0.00029590140911750495,0.005976853892207146,0.0,725
-0.24158120155334473,0.18552657961845398,-0.25369176268577576,0.20878463983535767,-0.2511826157569885,0.20284630358219147,0.0004572503676172346,0.0004535609623417258,0.0,0.0,-0.09381648153066635,0.013285474851727486,-0.07376768440008163,0.008532343432307243,0.5,0.5,-0.09381648153066635,0.01322741899639368,0.0,726
-0.2362513542175293,0.18492232263088226,-0.25374284386634827,0.20910561084747314,-0.25136107206344604,0.20401540398597717,0.0004638209065888077,0.0004522233211901039,0.0,0.0,-0.1514621078968048,0.011846120469272137,-0.1578148454427719,0.0032500848174095154,0.5,0.5,-0.1514621078968048,0.01182644348591566,0.0,727
-0.2656344175338745,0.1897408366203308,-0.2535746693611145,0.2102804034948349,-0.25121957063674927,0.20496094226837158,0.000459061935544014,0.00045132834929972887,0.0,0.0,0.1813603937625885,0.010115723125636578,0.14218515157699585,0.011867652647197247,0.5,0.5,0.14853788912296295,0.009560612961649895,0.0,728
-0.26950234174728394,0.18958252668380737,-0.25337913632392883,0.21109622716903687,-0.2509380280971527,0.20619401335716248,0.0004650540358852595,0.0004507291305344552,0.0,0.0,0.2244703620672226,0.01268450915813446,0.235247403383255,0.008389259688556194,0.5,0.5,0.2244703620672226,0.012647959403693676,0.0,729
-0.2643504738807678,0.19114696979522705,-0.25332149863243103,0.21141710877418518,-0.2507800757884979,0.2071169912815094,0.0004691221402026713,0.00045936962123960257,0.0,0.0,0.1694965362548828,0.00937817245721817,0.17776255309581757,0.003260264405980706,0.5,0.5,0.1694965362548828,0.00936400517821312,0.0,730
-0.25884810090065,0.20277158915996552,-0.2531953752040863,0.21244613826274872,-0.2506663203239441,0.20804554224014282,0.00047187478048726916,0.00045610059169121087,0.0,0.0,0.12189432978630066,0.009365507401525974,0.12194383889436722,0.01036723330616951,0.5,0.5,0.12189432978630066,0.00935489870607853,0.0,731
-0.26799294352531433,0.20060503482818604,-0.2529584765434265,0.21342936158180237,-0.25042009353637695,0.2090635597705841,0.00045511708594858646,0.0004539203364402056,0.0,0.0,0.23730027675628662,0.010543779470026493,0.23643487691879272,0.01011357270181179,0.5,0.5,0.23730027675628662,0.01047364342957735,0.0,732
-0.2722206115722656,0.20496445894241333,-0.2526944875717163,0.21427954733371735,-0.25012677907943726,0.2099880576133728,0.00046236690832301974,0.00045246363151818514,0.0,0.0,0.30723029375076294,0.009722935035824776,0.3010748326778412,0.008902328088879585,0.5,0.5,0.30723029375076294,0.009699170477688313,0.0,733
-0.2793129086494446,0.20196987688541412,-0.2520638406276703,0.21583566069602966,-0.24965640902519226,0.21115994453430176,0.00044894576421938837,0.00045148920617066324,0.0,0.0,0.3816964328289032,0.012662664987146854,0.3850454092025757,0.016790565103292465,0.5,0.5,0.3816964328289032,0.012627571821212769,0.0,734
-0.2588376998901367,0.20397913455963135,-0.25195035338401794,0.2168058604001999,-0.2495739459991455,0.21182258427143097,0.0004401707847137004,0.00045083684381097555,0.0,0.0,0.1238018199801445,0.006905918009579182,0.1164557933807373,0.009768116287887096,0.5,0.5,0.1238018199801445,0.006677533034235239,0.0,735
-0.2597561478614807,0.21276378631591797,-0.2518860101699829,0.21724800765514374,-0.24942457675933838,0.21277543902397156,0.000434392859460786,0.0004503999080043286,0.0,0.0,0.15549470484256744,0.009649823419749737,0.1444847732782364,0.004468019586056471,0.5,0.5,0.15549470484256744,0.009644977748394012,0.0,736
-0.2639554440975189,0.22252212464809418,-0.2518860101699829,0.21724800765514374,-0.24942457675933838,0.21277543902397156,0.00043057059519924223,0.00045010712346993387,0.0,0.0,0.15358801186084747,0.0,0.1590440273284912,0.0,0.5,0.5,0.15358801186084747,0.0,0.0,737
-0.26341092586517334,0.21386802196502686,-0.2515602111816406,0.21865980327129364,-0.24925348162651062,0.21355533599853516,0.0004280343127902597,0.00044991090544499457,0.0,0.0,0.21595540642738342,0.00800000037997961,0.22680476307868958,0.014489063061773777,0.5,0.5,0.21595540642738342,0.007984446361660957,0.0,738
-0.26323848962783813,0.23110073804855347,-0.2515602111816406,0.21865980327129364,-0.24925348162651062,0.21355533599853516,0.00044372552656568587,0.00044977935613133013,0.0,0.0,0.21722936630249023,0.0,0.2286340296268463,0.0,0.5,0.5,0.21722936630249023,0.0,0.0,739
-0.2610020041465759,0.2247772514820099,-0.25141024589538574,0.21940547227859497,-0.2490822970867157,0.2143367975950241,0.0004545672854874283,0.00044969117152504623,0.0,0.0,0.21565759181976318,0.00800000037997961,0.19847245514392853,0.007605982478708029,0.5,0.5,0.21565759181976318,0.00799999013543129,0.0,740
-0.25927457213401794,0.23541267216205597,-0.25141024589538574,0.21940547227859497,-0.2490822970867157,0.2143367975950241,0.0004619918472599238,0.0004496320616453886,0.0,0.0,0.21550795435905457,0.0,0.22357060015201569,0.0,0.5,0.5,0.21550795435905457,0.0,0.0,741
-0.25523215532302856,0.24661634862422943,-0.25141024589538574,0.21940547227859497,-0.2490822970867157,0.2143367975950241,0.0004487015539780259,0.00044959242222830653,0.0,0.0,0.2197359949350357,0.0,0.21869948506355286,0.0,0.5,0.5,0.2197359949350357,0.0,0.0,742
-0.2453744113445282,0.23836886882781982,-0.25141024589538574,0.21940547227859497,-0.2490822970867157,0.2143367975950241,0.0004400104226078838,0.00044956585043109953,0.0,0.0,0.2162856161594391,0.0,0.2187066525220871,0.0,0.5,0.5,0.2162856161594391,0.0,0.0,743
-0.24150918424129486,0.24435915052890778,-0.25141024589538574,0.21940547227859497,-0.2490822970867157,0.2143367975950241,0.0004431208944879472,0.00044954803888686,0.0,0.0,0.21651925146579742,0.0,0.21709980070590973,0.0,0.5,0.5,0.21651925146579742,0.0,0.0,744
-0.23681548237800598,0.23922042548656464,-0.25141024589538574,0.21940547227859497,-0.2490822970867157,0.2143367975950241,0.00044521744712255895,0.0004495360772125423,0.0,0.0,0.22215226292610168,0.0,0.2072935700416565,0.0,0.5,0.5,0.22215226292610168,0.0,0.0,745
-0.2507334351539612,0.23317790031433105,-0.25141024589538574,0.21940547227859497,-0.2490822970867157,0.2143367975950241,0.0004466281970962882,0.0004495280736591667,0.0,0.0,0.22392353415489197,0.0,0.22300493717193604,0.0,0.5,0.5,0.22392353415489197,0.0,0.0,746
-0.26322755217552185,0.2376832515001297,-0.25141024589538574,0.21940547227859497,-0.2490822970867157,0.2143367975950241,0.00045656037400476635,0.0004495226894505322,0.0,0.0,0.21991953253746033,0.0,0.23275037109851837,0.0,0.5,0.5,0.21991953253746033,0.0,0.0,747
-0.2530692517757416,0.24793057143688202,-0.25141024589538574,0.21940547227859497,-0.2490822970867157,0.2143367975950241,0.000445158570073545,0.00044951908057555556,0.0,0.0,0.2260134369134903,0.0,0.23696626722812653,0.0,0.5,0.5,0.2260134369134903,0.0,0.0,748
-0.24651449918746948,0.2400180995464325,-0.25141024589538574,0.21940547227859497,-0.2490822970867157,0.2143367975950241,0.00043768106843344867,0.00044951666495762765,0.0,0.0,0.2271755337715149,0.0,0.22731661796569824,0.0,0.5,0.5,0.2271755337715149,0.0,0.0,749
-0.24563203752040863,0.23147840797901154,-0.25141024589538574,0.21940547227859497,-0.2490822970867157,0.2143367975950241,0.0004415480070747435,0.00044951506424695253,0.0,0.0,0.224675714969635,0.0,0.2388753890991211,0.0,0.5,0.5,0.224675714969635,0.0,0.0,750
-0.25706037878990173,0.2390161156654358,-0.25141024589538574,0.21940547227859497,-0.2490822970867157,0.2143367975950241,0.00044415780575945973,0.00044951398740522563,0.0,0.0,0.23365527391433716,0.0,0.22348785400390625,0.0,0.5,0.5,0.23365527391433716,0.0,0.0,751
-0.24391621351242065,0.23446504771709442,-0.25141024589538574,0.21940547227859497,-0.2490822970867157,0.2143367975950241,0.00043702212860807776,0.0004495132598094642,0.0,0.0,0.23730845749378204,0.0,0.231692835688591,0.0,0.5,0.5,0.23730845749378204,0.0,0.0,752
-0.23380766808986664,0.2255803942680359,-0.2514258325099945,0.21963340044021606,-0.2491186112165451,0.2149152159690857,0.0004411026311572641,0.00044951276504434645,0.0,0.0,-0.31662672758102417,0.006814696826040745,-0.06830716133117676,0.0022846434731036425,0.5,0.5,-0.06269153952598572,0.005795634351670742,0.0,753
-0.24824869632720947,0.22530147433280945,-0.2514258325099945,0.21963340044021606,-0.2491186112165451,0.2149152159690857,0.00044385757064446807,0.00044951241579838097,0.0,0.0,-0.0698583722114563,0.0,-0.07850884646177292,0.0,0.5,0.5,-0.0698583722114563,0.0,0.0,754
-0.2527005076408386,0.23139598965644836,-0.2514258325099945,0.21963340044021606,-0.2491186112165451,0.2149152159690857,0.0004457133763935417,0.0004495122120715678,0.0,0.0,-0.0735313892364502,0.0,-0.06318505853414536,0.0,0.5,0.5,-0.0735313892364502,0.0,0.0,755
-0.24266308546066284,0.24713683128356934,-0.2514258325099945,0.21963340044021606,-0.2491186112165451,0.2149152159690857,0.00045593263348564506,0.0004495120665524155,0.0,0.0,-0.0648595318198204,0.0,-0.07208748906850815,0.0,0.5,0.5,-0.0648595318198204,0.0,0.0,756
-0.25074857473373413,0.2339809089899063,-0.2514258325099945,0.21963340044021606,-0.2491186112165451,0.2149152159690857,0.0004538081993814558,0.00044951195013709366,0.0,0.0,-0.06591417640447617,0.0,-0.06717170029878616,0.0,0.5,0.5,-0.06591417640447617,0.0,0.0,757
-0.25278982520103455,0.22107663750648499,-0.25140637159347534,0.2201613485813141,-0.24907755851745605,0.2157086282968521,0.00044335858547128737,0.00044951189192943275,0.0,0.0,0.05169059708714485,0.00800000037997961,0.036867570132017136,0.0052831280045211315,0.5,0.5,0.05169059708714485,0.007944740355014801,0.0,758
-0.24523261189460754,0.22720268368721008,-0.25140637159347534,0.2201613485813141,-0.24907755851745605,0.2157086282968521,0.00045431507169269025,0.0004495118628256023,0.0,0.0,0.04893220588564873,0.0,0.04563076049089432,0.0,0.5,0.5,0.04893220588564873,0.0,0.0,759
-0.2284042090177536,0.23552574217319489,-0.25140637159347534,0.2201613485813141,-0.24907755851745605,0.2157086282968521,0.00045272751594893634,0.000458536553196609,0.0,0.0,0.045895062386989594,0.0,0.05447492375969887,0.0,0.5,0.5,0.045895062386989594,0.0,0.0,760
-0.23453779518604279,0.23624949157238007,-0.25140637159347534,0.2201613485813141,-0.24907755851745605,0.2157086282968521,0.0004516658082138747,0.00046469655353575945,0.0,0.0,0.05129776522517204,0.0,0.04304465278983116,0.0,0.5,0.5,0.05129776522517204,0.0,0.0,761
-0.22490422427654266,0.23084045946598053,-0.2514866590499878,0.22046691179275513,-0.2492118924856186,0.21623757481575012,0.0004509551217779517,0.00045964345918037,0.0,0.0,-0.5167830586433411,0.00647432217374444,-0.2569553554058075,0.0031593407038599253,0.5,0.5,-0.24870222806930542,0.0054574329406023026,0.0,762
-0.24204568564891815,0.2179432213306427,-0.2516059875488281,0.22129300236701965,-0.2493440955877304,0.2171858251094818,0.00045047912863083184,0.0004654495569411665,0.0,0.0,-0.1385178416967392,0.009632608853280544,-0.1434633880853653,0.00834658369421959,0.5,0.5,-0.1385178416967392,0.009574195370078087,0.0,763
-0.24964798986911774,0.21521985530853271,-0.25160694122314453,0.22207854688167572,-0.24934683740139008,0.21765261888504028,0.00045016020885668695,0.00046014325926080346,0.0,0.0,-0.005888379644602537,0.004709308501332998,-0.0012201700592413545,0.007855384610593319,0.5,0.5,-0.005888379644602537,0.0046679493971168995,0.0,764
-0.24519404768943787,0.21284817159175873,-0.2516780495643616,0.22300782799720764,-0.249435156583786,0.21879473328590393,0.0004499464703258127,0.0004566159041132778,0.0,0.0,-0.07717239111661911,0.011484462767839432,-0.07636155933141708,0.009319938719272614,0.5,0.5,-0.07717239111661911,0.011455296538770199,0.0,765
-0.23530004918575287,0.1987486481666565,-0.25190016627311707,0.22420728206634521,-0.24953585863113403,0.21931710839271545,0.00044980322127230465,0.00045426434371620417,0.0,0.0,-0.19044648110866547,0.005354305263608694,-0.1830970197916031,0.01219848170876503,0.5,0.5,-0.19044648110866547,0.005319991614669561,0.0,766
-0.24546237289905548,0.19062401354312897,-0.25199416279792786,0.22615274786949158,-0.24959929287433624,0.2204965204000473,0.00044970717863179743,0.00045269360998645425,0.0,0.0,-0.053726907819509506,0.01192239299416542,-0.04828387498855591,0.019477345049381256,0.5,0.5,-0.053726907819509506,0.011811139062047005,0.0,767
-0.23900654911994934,0.184031680226326,-0.2521283030509949,0.2273162454366684,-0.24976766109466553,0.2218897044658661,0.00044964280095882714,0.00045164310722611845,0.0,0.0,-0.12026603519916534,0.014064256101846695,-0.11479594558477402,0.011712061241269112,0.5,0.5,-0.12026603519916534,0.014033133164048195,0.0,768
-0.2529314160346985,0.19644010066986084,-0.25205183029174805,0.2290349006652832,-0.24974463880062103,0.22250661253929138,0.00044959961087442935,0.0004599946259986609,0.0,0.0,0.037297144532203674,0.006250795908272266,0.04446811228990555,0.01720348745584488,0.5,0.5,0.037297144532203674,0.006173364818096161,0.0,769
-0.2593904435634613,0.21161119639873505,-0.25197795033454895,0.22947680950164795,-0.2496015876531601,0.2234722226858139,0.0004406000371091068,0.00045651692198589444,0.0,0.0,0.14707092940807343,0.009820564649999142,0.16565336287021637,0.004480421077460051,0.5,0.5,0.14707092940807343,0.009761453606188297,0.0,770
-0.24299627542495728,0.21241866052150726,-0.2520109713077545,0.22975246608257294,-0.24968110024929047,0.22418265044689178,0.0004524168907664716,0.0004541982780210674,0.0,0.0,-0.11145027726888657,0.007394394837319851,-0.11918191611766815,0.0027762288227677345,0.5,0.5,-0.11145027726888657,0.0071486723609268665,0.0,771
-0.24845750629901886,0.2183658480644226,-0.25202998518943787,0.23045779764652252,-0.24970397353172302,0.22502264380455017,0.00045145791955292225,0.0004526494303718209,0.0,0.0,-0.027229318395256996,0.008432879112660885,-0.026944436132907867,0.007055884692817926,0.5,0.5,-0.027229318395256996,0.008402988314628601,0.0,772
-0.2498805969953537,0.21185335516929626,-0.2520345151424408,0.2324984222650528,-0.24970555305480957,0.22586113214492798,0.00045081591815687716,0.00046068240772001445,0.0,0.0,-0.0018908625934273005,0.00838762428611517,-0.0022134101018309593,0.02040635608136654,0.5,0.5,-0.0018908625934273005,0.008384931832551956,0.0,773
-0.2367727905511856,0.21261073648929596,-0.2523307502269745,0.23396360874176025,-0.24989278614521027,0.22674426436424255,0.00045038587995804846,0.00045697487075813115,0.0,0.0,-0.20891740918159485,0.0092246625572443,-0.1994844675064087,0.014948301948606968,0.5,0.5,-0.20891740918159485,0.009027683176100254,0.0,774
-0.22103241086006165,0.2148287445306778,-0.2528339922428131,0.23504820466041565,-0.25021517276763916,0.22741395235061646,0.00045009772293269634,0.0004545038682408631,0.0,0.0,-0.4486726224422455,0.007651349995285273,-0.43442481756210327,0.0119565324857831,0.5,0.5,-0.4486726224422455,0.007432491518557072,0.0,775
-0.23398883640766144,0.22057096660137177,-0.25304579734802246,0.2357323169708252,-0.25038909912109375,0.22800517082214355,0.00044990458991378546,0.00045285371015779674,0.0,0.0,-0.28609591722488403,0.006245048251003027,-0.30025091767311096,0.007161485962569714,0.5,0.5,-0.28609591722488403,0.0061626979149878025,0.0,776
-0.22683139145374298,0.23521509766578674,-0.25304579734802246,0.2357323169708252,-0.25038909912109375,0.22800517082214355,0.0004497751360759139,0.0004517502384260297,0.0,0.0,-0.29232126474380493,0.0,-0.3056733310222626,0.0,0.5,0.5,-0.29232126474380493,0.0,0.0,777
-0.22172752022743225,0.23898082971572876,-0.25304579734802246,0.2357323169708252,-0.25038909912109375,0.22800517082214355,0.0004496883484534919,0.0004510116414166987,0.0,0.0,-0.29807618260383606,0.0,-0.30721086263656616,0.0,0.5,0.5,-0.29807618260383606,0.0,0.0,778
-0.2223310023546219,0.22277072072029114,-0.25326094031333923,0.23614197969436646,-0.2507569193840027,0.22869950532913208,0.0004496301698964089,0.0004595628415700048,0.0,0.0,-0.487171471118927,0.00800000037997961,-0.48355257511138916,0.004627151880413294,0.5,0.5,-0.487171471118927,0.007857397198677063,0.0,779
-0.23058228194713593,0.22660338878631592,-0.25370848178863525,0.2372395247220993,-0.25104957818984985,0.22942893207073212,0.00044959114165976644,0.00045622934703715146,0.0,0.0,-0.3815580904483795,0.007903513498604298,-0.3871762454509735,0.01185284461826086,0.5,0.5,-0.3815580904483795,0.00785947497934103,0.0,780
-0.2584579288959503,0.2380344718694687,-0.25370848178863525,0.2372395247220993,-0.25104957818984985,0.22942893207073212,0.0004495650064200163,0.0004540062800515443,0.0,0.0,-0.37772107124328613,0.0,-0.4013184905052185,0.0,0.5,0.5,-0.37772107124328613,0.0,0.0,781
-0.2616666853427887,0.23190999031066895,-0.25370848178863525,0.2372395247220993,-0.25104957818984985,0.22942893207073212,0.00044057730701752007,0.0004616089863702655,0.0,0.0,-0.3759714961051941,0.0,-0.36929792165756226,0.0,0.5,0.5,-0.3759714961051941,0.0,0.0,782
-0.25137776136398315,0.23961298167705536,-0.25370848178863525,0.2372395247220993,-0.25104957818984985,0.22942893207073212,0.000434661254985258,0.0004575914645101875,0.0,0.0,-0.3803060054779053,0.0,-0.37610551714897156,0.0,0.5,0.5,-0.3803060054779053,0.0,0.0,783
-0.27132290601730347,0.2432016283273697,-0.25370848178863525,0.2372395247220993,-0.25104957818984985,0.22942893207073212,0.00044831837294623256,0.000454915250884369,0.0,0.0,-0.37903276085853577,0.0,-0.3808368742465973,0.0,0.5,0.5,-0.37903276085853577,0.0,0.0,784
-0.2661265730857849,0.24859970808029175,-0.25370848178863525,0.2372395247220993,-0.25104957818984985,0.22942893207073212,0.00043975876178592443,0.00045312862494029105,0.0,0.0,-0.3819768726825714,0.0,-0.3783915042877197,0.0,0.5,0.5,-0.3819768726825714,0.0,0.0,785
-0.2513273060321808,0.2501230239868164,-0.25370848178863525,0.2372395247220993,-0.25104957818984985,0.22942893207073212,0.0004341207386460155,0.0004519341455306858,0.0,0.0,-0.38068684935569763,0.0,-0.3808319568634033,0.0,0.5,0.5,-0.38068684935569763,0.0,0.0,786
-0.2629087269306183,0.2604764401912689,-0.25370848178863525,0.2372395247220993,-0.25104957818984985,0.22942893207073212,0.0004303902678657323,0.0004421311314217746,0.0,0.0,-0.38212886452674866,0.0,-0.3817264437675476,0.0,0.5,0.5,-0.38212886452674866,0.0,0.0,787
-0.2639267146587372,0.2530364692211151,-0.253802627325058,0.2383887618780136,-0.25110915303230286,0.23015256226062775,0.00044536066707223654,0.00045347088598646224,0.0,0.0,0.051163285970687866,0.00800000037997961,-0.08172644674777985,0.011530797928571701,0.5,0.5,-0.0821288675069809,0.0072607072070240974,0.0,788
-0.25024473667144775,0.2531806528568268,-0.25376227498054504,0.2401348352432251,-0.25110772252082825,0.23174704611301422,0.00043781407293863595,0.00044313777470961213,0.0,0.0,0.0009003420709632337,0.01600000075995922,0.023105885833501816,0.0174653809517622,0.5,0.5,0.0009003420709632337,0.01594488136470318,0.0,789
-0.25264230370521545,0.24507030844688416,-0.2536967098712921,0.24307745695114136,-0.2510850727558136,0.234146848320961,0.00045049627078697085,0.0004363501211628318,0.0,0.0,0.009438851848244667,0.024000000208616257,0.02227960340678692,0.029433583840727806,0.5,0.5,0.009438851848244667,0.023999124765396118,0.0,790
-0.2480955272912979,0.24735930562019348,-0.25373223423957825,0.24694029986858368,-0.25110700726509094,0.237346351146698,0.00045921027776785195,0.0004406482039485127,0.0,0.0,-0.006859403569251299,0.03200000151991844,-0.009197038598358631,0.03863013535737991,0.5,0.5,-0.006859403569251299,0.0319957509636879,0.0,791
-0.24998703598976135,0.24506472051143646,-0.253793329000473,0.25091177225112915,-0.25110718607902527,0.24093693494796753,0.00045599445002153516,0.0004524500691331923,0.0,0.0,-4.6327571908477694e-05,0.035906706005334854,-0.015383332967758179,0.03971955180168152,0.5,0.5,-4.6327571908477694e-05,0.035905871540308,0.0,792
-0.25799494981765747,0.24079838395118713,-0.25369855761528015,0.25468793511390686,-0.2510107457637787,0.2443646937608719,0.00045384946861304343,0.00045148012577556074,0.0,0.0,0.028123823925852776,0.03430469334125519,0.02509465627372265,0.03777351230382919,0.5,0.5,0.028123823925852776,0.03429108113050461,0.0,793
-0.26538294553756714,0.255334734916687,-0.25350967049598694,0.258287250995636,-0.25083762407302856,0.2473994940519333,0.0004433856229297817,0.0004508307611104101,0.0,0.0,0.056982822716236115,0.030409978702664375,0.05243397131562233,0.03604254499077797,0.5,0.5,0.056982822716236115,0.030397316440939903,0.0,794
-0.27049797773361206,0.25932392477989197,-0.25317198038101196,0.26242825388908386,-0.2505933344364166,0.2505657374858856,0.00045433363993652165,0.00045943912118673325,0.0,0.0,0.07700150460004807,0.03176289424300194,0.08136928081512451,0.04154762253165245,0.5,0.5,0.07700150460004807,0.031756527721881866,0.0,795
-0.26340222358703613,0.2641501724720001,-0.25305572152137756,0.2650582194328308,-0.2504308819770813,0.25372740626335144,0.00046183241647668183,0.0004653105861507356,0.0,0.0,0.0513339526951313,0.03166888654232025,0.04417521506547928,0.026325350627303123,0.5,0.5,0.0513339526951313,0.03165845572948456,0.0,796
-0.2661694884300232,0.2636772096157074,-0.25288552045822144,0.26788899302482605,-0.2502467632293701,0.2567027807235718,0.00044859774061478674,0.0004508604179136455,0.0,0.0,0.061796773225069046,0.029812423512339592,0.06005117669701576,0.02835880033671856,0.5,0.5,0.061796773225069046,0.029810791835188866,0.0,797
-0.25201019644737244,0.2752174735069275,-0.2528379261493683,0.2704961597919464,-0.25022247433662415,0.2597206234931946,0.0004579105298034847,0.0004594594065565616,0.0,0.0,0.008047607727348804,0.030223071575164795,0.01825176365673542,0.026075975969433784,0.5,0.5,0.008047607727348804,0.030179426074028015,0.0,798
-0.2533600926399231,0.28349679708480835,-0.252749502658844,0.27390095591545105,-0.2501789331436157,0.26284918189048767,0.0004642704443540424,0.0004653243813663721,0.0,0.0,0.013912327587604523,0.031289130449295044,0.02596455253660679,0.034059420228004456,0.5,0.5,0.013912327587604523,0.031288594007492065,0.0,799
-0.26138195395469666,0.2822169363498688,-0.2526860237121582,0.27616778016090393,-0.2500438690185547,0.26573044061660767,0.00045018427772447467,0.0004508693818934262,0.0,0.0,0.04684692248702049,0.028859930112957954,0.027992818504571915,0.02267724648118019,0.5,0.5,0.04684692248702049,0.028844278305768967,0.0,800
-0.24575403332710266,0.2830887734889984,-0.2526927888393402,0.27937352657318115,-0.2501010000705719,0.26898595690727234,0.00045899683027528226,0.0004414331051521003,0.0,0.0,-0.01754995435476303,0.03262782096862793,-0.002111346460878849,0.03205754607915878,0.5,0.5,-0.01754995435476303,0.032560188323259354,0.0,801
-0.25253695249557495,0.28399428725242615,-0.2526620030403137,0.28152814507484436,-0.25007081031799316,0.27185502648353577,0.00045585219049826264,0.0004529904981609434,0.0,0.0,0.010526076890528202,0.028703458607196808,0.014294055290520191,0.021548302844166756,0.5,0.5,0.010526076890528202,0.028692146763205528,0.0,802
-0.2583399713039398,0.2687409520149231,-0.2525627911090851,0.2850622534751892,-0.2499578893184662,0.2753245234489441,0.0004628681926988065,0.0004609153838828206,0.0,0.0,0.03253355622291565,0.03472185879945755,0.02806747704744339,0.035354942083358765,0.5,0.5,0.03253355622291565,0.03471345081925392,0.0,803
-0.25375035405158997,0.29384341835975647,-0.25254517793655396,0.2869962155818939,-0.24991847574710846,0.2777542471885681,0.0004676400276366621,0.0004663140862248838,0.0,0.0,0.01622290350496769,0.02430359274148941,0.00910356268286705,0.019340496510267258,0.5,0.5,0.01622290350496769,0.024300359189510345,0.0,804
-0.2599394619464874,0.2940828204154968,-0.25240692496299744,0.28964027762413025,-0.2497924566268921,0.28068187832832336,0.00045237300219014287,0.0004515123146120459,0.0,0.0,0.04301679506897926,0.029313968494534492,0.052240703254938126,0.026476677507162094,0.5,0.5,0.04301679506897926,0.029303446412086487,0.0,805
-0.255876362323761,0.30560216307640076,-0.252363920211792,0.29269570112228394,-0.24971874058246613,0.28343406319618225,0.0004424187063705176,0.00045990521903149784,0.0,0.0,0.026777710765600204,0.027535440400242805,0.014071039855480194,0.030557114630937576,0.5,0.5,0.026777710765600204,0.027531810104846954,0.0,806
-0.2553856670856476,0.2973324656486511,-0.2522701323032379,0.295492559671402,-0.249650239944458,0.28632989525794983,0.0004536687338259071,0.00046562752686440945,0.0,0.0,0.023651469498872757,0.02896646223962307,0.03352101147174835,0.02798433043062687,0.5,0.5,0.023651469498872757,0.028966320678591728,0.0,807
-0.25170251727104187,0.286298543214798,-0.25229117274284363,0.2976418137550354,-0.2496284395456314,0.2893863320350647,0.00046137854224070907,0.00046951064723543823,0.0,0.0,0.007132242433726788,0.030569396913051605,-0.009785476140677929,0.02149367891252041,0.5,0.5,0.007132242433726788,0.030565226450562477,0.0,808
-0.26051926612854004,0.2979671061038971,-0.2521710693836212,0.30033543705940247,-0.24950896203517914,0.2919648587703705,0.00044830210390500724,0.00045358604984357953,0.0,0.0,0.046300552785396576,0.025832822546362877,0.044561244547367096,0.026963088661432266,0.5,0.5,0.046300552785396576,0.025813009589910507,0.0,809
-0.2519921660423279,0.2934954762458801,-0.2521617114543915,0.3037775754928589,-0.24948301911354065,0.29497987031936646,0.0004577079671435058,0.00044321318273432553,0.0,0.0,0.008605124428868294,0.030172647908329964,0.002714774338528514,0.03442138060927391,0.5,0.5,0.008605124428868294,0.030151214450597763,0.0,810
-0.25086402893066406,0.30469605326652527,-0.2521388828754425,0.305735319852829,-0.24947313964366913,0.2974996864795685,0.0004641325504053384,0.0004542151000350714,0.0,0.0,0.0039219362661242485,0.02519860491156578,0.011655101552605629,0.019578631967306137,0.5,0.5,0.0039219362661242485,0.025198329240083694,0.0,811
-0.2628694772720337,0.32035964727401733,-0.2519427537918091,0.30838873982429504,-0.24931763112545013,0.2999725043773651,0.00045009460882283747,0.0004617515078280121,0.0,0.0,0.06280557811260223,0.024819940328598022,0.07378126680850983,0.026606649160385132,0.5,0.5,0.06280557811260223,0.024776922538876534,0.0,812
-0.25369152426719666,0.3093537390232086,-0.2519248127937317,0.3100132346153259,-0.24926753342151642,0.30289918184280396,0.0004409248649608344,0.0004485450335778296,0.0,0.0,0.01711673103272915,0.029301708564162254,0.011036282405257225,0.016245881095528603,0.5,0.5,0.01711673103272915,0.02927112951874733,0.0,813
-0.25698280334472656,0.29490622878074646,-0.25185897946357727,0.3118826746940613,-0.24918140470981598,0.30573728680610657,0.0004526405828073621,0.00045787441194988787,0.0,0.0,0.030338305979967117,0.02839655429124832,0.03519969433546066,0.01870589144527912,0.5,0.5,0.030338305979967117,0.028394071385264397,0.0,814
-0.2595828175544739,0.3132437765598297,-0.2517722249031067,0.3142685294151306,-0.24907001852989197,0.30819860100746155,0.00046067635412327945,0.00044601684203371406,0.0,0.0,0.045223161578178406,0.024640953168272972,0.036349184811115265,0.023874346166849136,0.5,0.5,0.045223161578178406,0.02463822439312935,0.0,815
-0.2333580106496811,0.3213295340538025,-0.25194597244262695,0.31605643033981323,-0.2492750883102417,0.31070831418037415,0.0004661516868509352,0.0004382458282634616,0.0,0.0,-0.08152923732995987,0.02538452483713627,-0.09687556326389313,0.017963174730539322,0.5,0.5,-0.08152923732995987,0.025180881842970848,0.0,816
-0.2293069064617157,0.32509246468544006,-0.2521700859069824,0.3182995021343231,-0.2495429366827011,0.313295841217041,0.00046060909517109394,0.0004331210220698267,0.0,0.0,-0.10314596444368362,0.026019588112831116,-0.09958716481924057,0.02254236862063408,0.5,0.5,-0.10314596444368362,0.026013508439064026,0.0,817
-0.2275896817445755,0.30737683176994324,-0.25252625346183777,0.3217148184776306,-0.24984271824359894,0.31620699167251587,0.00046610599383711815,0.00044725273619405925,0.0,0.0,-0.10261593014001846,0.029265526682138443,-0.10391081869602203,0.03433828800916672,0.5,0.5,-0.10261593014001846,0.029265522956848145,0.0,818
-0.22886031866073608,0.31810638308525085,-0.25285804271698,0.32463639974594116,-0.25012829899787903,0.31900203227996826,0.0004605787980835885,0.0004569886950775981,0.0,0.0,-0.10182321816682816,0.028096044436097145,-0.11308219283819199,0.02940351702272892,0.5,0.5,-0.10182321816682816,0.0280960351228714,0.0,819
-0.24416376650333405,0.3250346779823303,-0.2528989017009735,0.32721278071403503,-0.25019630789756775,0.3213324546813965,0.00045690586557611823,0.00046364267473109066,0.0,0.0,-0.0291779562830925,0.023375794291496277,-0.01585627906024456,0.025767073035240173,0.5,0.5,-0.0291779562830925,0.023314140737056732,0.0,820
-0.2537156045436859,0.33344534039497375,-0.252817302942276,0.3298746943473816,-0.25014835596084595,0.32380521297454834,0.0004635862715076655,0.0004497760091908276,0.0,0.0,0.0193946436047554,0.024761322885751724,0.030643174424767494,0.026631662622094154,0.5,0.5,0.0193946436047554,0.024732118472456932,0.0,821
-0.2711417078971863,0.3292025625705719,-0.2524634897708893,0.3326376974582672,-0.24988937377929688,0.32620370388031006,0.00044973930926062167,0.0004407157830428332,0.0,0.0,0.10756076127290726,0.024218477308750153,0.12735958397388458,0.02785559743642807,0.5,0.5,0.10756076127290726,0.02412441000342369,0.0,822
-0.2592746913433075,0.3173026144504547,-0.25231876969337463,0.3351147472858429,-0.2497830092906952,0.328585684299469,0.0004406917141750455,0.0004347526701167226,0.0,0.0,0.044625233858823776,0.02389087714254856,0.0583563931286335,0.024812785908579826,0.5,0.5,0.044625233858823776,0.02384357713162899,0.0,823
-0.2637474536895752,0.3146081864833832,-0.2521943747997284,0.33735623955726624,-0.24960492551326752,0.33131104707717896,0.00043473675032146275,0.00043080904288217425,0.0,0.0,0.06524942815303802,0.02731742151081562,0.055442698299884796,0.022449299693107605,0.5,0.5,0.06524942815303802,0.02731161192059517,0.0,824
-0.256446897983551,0.33219996094703674,-0.2521166205406189,0.33900657296180725,-0.2495296597480774,0.3335617184638977,0.00044837058521807194,0.0004456510650925338,0.0,0.0,0.03342577442526817,0.022530777379870415,0.04708535224199295,0.016521640121936798,0.5,0.5,0.03342577442526817,0.022519368678331375,0.0,825
-0.2570810914039612,0.33165955543518066,-0.25197911262512207,0.3419542610645294,-0.24943247437477112,0.3362151086330414,0.00045775488251820207,0.0004558898799587041,0.0,0.0,0.03660866618156433,0.02655188739299774,0.04661169648170471,0.029509054496884346,0.5,0.5,0.03660866618156433,0.026551753282546997,0.0,826
-0.25815850496292114,0.34990814328193665,-0.2518746554851532,0.3447612524032593,-0.24934075772762299,0.3381834924221039,0.0004459387855604291,0.00046289386227726936,0.0,0.0,0.04656188189983368,0.019706029444932938,0.037197455763816833,0.028089288622140884,0.5,0.5,0.04656188189983368,0.01970505341887474,0.0,827
-0.2585759162902832,0.35346081852912903,-0.2517513930797577,0.34698280692100525,-0.24924178421497345,0.3401632010936737,0.0004560873785521835,0.0004676574608311057,0.0,0.0,0.04995233938097954,0.01982189528644085,0.0554320327937603,0.022249633446335793,0.5,0.5,0.04995233938097954,0.019821779802441597,0.0,828
-0.2558820843696594,0.36168432235717773,-0.25169607996940613,0.3495287299156189,-0.24917204678058624,0.3420993685722351,0.00044484942918643355,0.00045238432358019054,0.0,0.0,0.03600107133388519,0.01937609165906906,0.02172420173883438,0.025465141981840134,0.5,0.5,0.03600107133388519,0.01937420666217804,0.0,829
-0.24554412066936493,0.3672737181186676,-0.251761257648468,0.3512021005153656,-0.24922606348991394,0.34401118755340576,0.00043747754534706473,0.0004424261278472841,0.0,0.0,-0.02824317291378975,0.019165216013789177,-0.03893003612756729,0.016746291890740395,0.5,0.5,-0.02824317291378975,0.0191256795078516,0.0,830
-0.228992760181427,0.3648982048034668,-0.2519528567790985,0.35264936089515686,-0.24948419630527496,0.3459784984588623,0.000441410462372005,0.00045367382699623704,0.0,0.0,-0.13046646118164062,0.019945845007896423,-0.13162143528461456,0.014598993584513664,0.5,0.5,-0.13046646118164062,0.019841723144054413,0.0,831
-0.2288566529750824,0.3605811297893524,-0.2522790729999542,0.35524287819862366,-0.24973131716251373,0.3479002118110657,0.00044406511005945504,0.0004432706336956471,0.0,0.0,-0.12789250910282135,0.019375476986169815,-0.1251278817653656,0.026139570400118828,0.5,0.5,-0.12789250910282135,0.01937541365623474,0.0,832
-0.2283475250005722,0.3552110493183136,-0.2526046335697174,0.35760295391082764,-0.25000354647636414,0.35003501176834106,0.00044585304567590356,0.0004542546230368316,0.0,0.0,-0.12684112787246704,0.021521037444472313,-0.13707484304904938,0.023824142292141914,0.5,0.5,-0.12684112787246704,0.02152102440595627,0.0,833
-0.21942907571792603,0.35553407669067383,-0.25295934081077576,0.35967499017715454,-0.2503252923488617,0.3518185019493103,0.00044705549953505397,0.0004436507588252425,0.0,0.0,-0.17847616970539093,0.018146933987736702,-0.1695469170808792,0.021021928638219833,0.5,0.5,-0.17847616970539093,0.018122747540473938,0.0,834
-0.21697980165481567,0.3593824803829193,-0.2534918189048767,0.36205345392227173,-0.25072765350341797,0.35383662581443787,0.0004478634218685329,0.00045451591722667217,0.0,0.0,-0.19679571688175201,0.02058199606835842,-0.22024065256118774,0.024373246356844902,0.5,0.5,-0.19679571688175201,0.020578542724251747,0.0,835
-0.22021961212158203,0.34759262204170227,-0.2537071704864502,0.3632943630218506,-0.25110718607902527,0.356097549200058,0.0004574073536787182,0.00046195677714422345,0.0,0.0,-0.16631384193897247,0.022936154156923294,-0.171823650598526,0.012594659812748432,0.5,0.5,-0.16631384193897247,0.022925499826669693,0.0,836
-0.2267429530620575,0.3524706959724426,-0.25394028425216675,0.36502140760421753,-0.2513909339904785,0.3582025170326233,0.0004547924327198416,0.00046702142572030425,0.0,0.0,-0.13399289548397064,0.02125113643705845,-0.13417407870292664,0.017427057027816772,0.5,0.5,-0.13399289548397064,0.02124003693461418,0.0,837
-0.23485100269317627,0.3618462085723877,-0.2541317045688629,0.36708295345306396,-0.25158408284187317,0.3602828085422516,0.00046214545727707446,0.0004704542807303369,0.0,0.0,-0.09258555620908737,0.0209103561937809,-0.09259334951639175,0.020704014226794243,0.5,0.5,-0.09258555620908737,0.02089243195950985,0.0,838
-0.23231060802936554,0.38173431158065796,-0.2542112469673157,0.36770719289779663,-0.2517915964126587,0.3619634211063385,0.00045794827747158706,0.00047277455450966954,0.0,0.0,-0.12285082787275314,0.016941368579864502,-0.12675152719020844,0.00629293592646718,0.5,0.5,-0.12285082787275314,0.016933610662817955,0.0,839
-0.22547031939029694,0.38363879919052124,-0.2544972598552704,0.3694438636302948,-0.25211188197135925,0.36380916833877563,0.00045515323290601373,0.00047433978761546314,0.0,0.0,-0.17181396484375,0.01875566691160202,-0.16322509944438934,0.017600731924176216,0.5,0.5,-0.17181396484375,0.0187331885099411,0.0,840
-0.22456440329551697,0.3766140937805176,-0.2548515498638153,0.3716021478176117,-0.2524585723876953,0.36583173274993896,0.0004532876191660762,0.0004753943358082324,0.0,0.0,-0.16976521909236908,0.020520629361271858,-0.16269852221012115,0.021871715784072876,0.5,0.5,-0.16976521909236908,0.020520586520433426,0.0,841
-0.22278644144535065,0.37486565113067627,-0.2551827132701874,0.37340131402015686,-0.2527967095375061,0.36769723892211914,0.0004520404909271747,0.0004761042073369026,0.0,0.0,-0.1793144792318344,0.018960006535053253,-0.18202298879623413,0.01829388178884983,0.5,0.5,-0.1793144792318344,0.01895914226770401,0.0,842
-0.2374466210603714,0.37343111634254456,-0.25542646646499634,0.3762826919555664,-0.25295504927635193,0.36960890889167786,0.0004512059676926583,0.0004578503721859306,0.0,0.0,-0.08263428509235382,0.019272267818450928,-0.08439891040325165,0.02891680784523487,0.5,0.5,-0.08263428509235382,0.019182268530130386,0.0,843
-0.22650852799415588,0.38692864775657654,-0.2556876242160797,0.37767502665519714,-0.2532207667827606,0.37117063999176025,0.000450647174147889,0.0004642294952645898,0.0,0.0,-0.1685262769460678,0.0159002635627985,-0.18541519343852997,0.014166264794766903,0.5,0.5,-0.1685262769460678,0.01584164798259735,0.0,844
-0.235664963722229,0.3796490728855133,-0.25580766797065735,0.37880197167396545,-0.25341227650642395,0.3731123208999634,0.00045027281157672405,0.00046856331755407155,0.0,0.0,-0.09830571711063385,0.01955922320485115,-0.10612951219081879,0.011333098635077477,0.5,0.5,-0.09830571711063385,0.019511021673679352,0.0,845
-0.2270231395959854,0.390285849571228,-0.25613346695899963,0.38070085644721985,-0.2536734640598297,0.3746436834335327,0.00045002196566201746,0.00047149710007943213,0.0,0.0,-0.16893446445465088,0.015573575161397457,-0.1699266880750656,0.01926635578274727,0.5,0.5,-0.16893446445465088,0.015534747391939163,0.0,846
-0.22943668067455292,0.38561517000198364,-0.25651922821998596,0.3832557499408722,-0.25396648049354553,0.37662991881370544,0.00044985380372963846,0.0004734783433377743,0.0,0.0,-0.14647258818149567,0.02008236199617386,-0.14985354244709015,0.025838369503617287,0.5,0.5,-0.14647258818149567,0.0200772974640131,0.0,847
-0.2504620850086212,0.39105725288391113,-0.256534218788147,0.38447365164756775,-0.2539612650871277,0.37814444303512573,0.00044974108459427953,0.0004561542300507426,0.0,0.0,0.0034499403554946184,0.015317244455218315,-0.012298478744924068,0.012179803103208542,0.5,0.5,0.0034499403554946184,0.01514542568475008,0.0,848
-0.257068008184433,0.39617449045181274,-0.25645628571510315,0.3857567012310028,-0.25386837124824524,0.3798375129699707,0.00045869348105043173,0.00044489314313977957,0.0,0.0,0.05480992794036865,0.016978617757558823,0.06067001447081566,0.012854081578552723,0.5,0.5,0.05480992794036865,0.016956230625510216,0.0,849
-0.2565073072910309,0.4055146872997284,-0.25640174746513367,0.38708946108818054,-0.2537907063961029,0.38126352429389954,0.0004648033354897052,0.00043750632903538644,0.0,0.0,0.054407406598329544,0.014281383715569973,0.04089905694127083,0.013338727876543999,0.5,0.5,0.054407406598329544,0.014281382784247398,0.0,850
-0.25207361578941345,0.39939868450164795,-0.2563672363758087,0.3890836834907532,-0.25376564264297485,0.38278254866600037,0.0004505307588260621,0.0004326320195104927,0.0,0.0,0.01650792919099331,0.015203363262116909,0.017299117520451546,0.019945213571190834,0.5,0.5,0.01650792919099331,0.015192445367574692,0.0,851
-0.24193181097507477,0.409965455532074,-0.2564432621002197,0.39017149806022644,-0.25386741757392883,0.38423383235931396,0.00044121098471805453,0.00044691417133435607,0.0,0.0,-0.07002241164445877,0.014603224582970142,-0.06976902484893799,0.01090475358068943,0.5,0.5,-0.07002241164445877,0.014548588544130325,0.0,852
-0.2271011769771576,0.39039185643196106,-0.2569184899330139,0.3927933871746063,-0.2542067766189575,0.38622865080833435,0.00044393062125891447,0.00045675653382204473,0.0,0.0,-0.168501615524292,0.020333366468548775,-0.17930291593074799,0.02664620615541935,0.5,0.5,-0.168501615524292,0.0202348493039608,0.0,853
-0.23372884094715118,0.3935868442058563,-0.2571294903755188,0.3945848047733307,-0.25439131259918213,0.38771897554397583,0.0004457625327631831,0.0004634844954125583,0.0,0.0,-0.12318984419107437,0.015032485127449036,-0.1172473207116127,0.018037980422377586,0.5,0.5,-0.12318984419107437,0.015017055906355381,0.0,854
-0.23805566132068634,0.3916171193122864,-0.25726789236068726,0.39610397815704346,-0.2545308768749237,0.3892774283885956,0.00045596639392897487,0.00046805813326500356,0.0,0.0,-0.08931105583906174,0.015655936673283577,-0.0908578634262085,0.015254726633429527,0.5,0.5,-0.08931105583906174,0.015646953135728836,0.0,855
-0.2537023425102234,0.4019998610019684,-0.2571982443332672,0.398072749376297,-0.25449058413505554,0.39061614871025085,0.0004538307257462293,0.00047115556662902236,0.0,0.0,0.030091259628534317,0.013489280827343464,0.035356953740119934,0.019700001925230026,0.5,0.5,0.030091259628534317,0.013393237255513668,0.0,856
-0.2504861652851105,0.39399558305740356,-0.25719356536865234,0.3992631435394287,-0.25448495149612427,0.39213675260543823,0.00044337334111332893,0.0004732478701043874,0.0,0.0,0.0037109311670064926,0.015211399644613266,0.003920531366020441,0.011903899721801281,0.5,0.5,0.0037109311670064926,0.015206106938421726,0.0,857
-0.2608312964439392,0.4110274612903595,-0.25704020261764526,0.4007416069507599,-0.2543593645095825,0.3934580981731415,0.000436505360994488,0.0004746587947010994,0.0,0.0,0.09474964439868927,0.013328195549547672,0.10335760563611984,0.014863955788314342,0.5,0.5,0.09474964439868927,0.013273000717163086,0.0,858
-0.2553698718547821,0.40902191400527954,-0.25697240233421326,0.40223389863967896,-0.25429847836494446,0.39477312564849854,0.0004319697036407888,0.0004756091511808336,0.0,0.0,0.04626770317554474,0.013179980218410492,0.04540526121854782,0.014938217587769032,0.5,0.5,0.04626770317554474,0.013164494186639786,0.0,859
-0.2584229111671448,0.41147303581237793,-0.25687655806541443,0.4035901427268982,-0.25419607758522034,0.39615315198898315,0.0004289634234737605,0.00047624873695895076,0.0,0.0,0.07405724376440048,0.013843433000147343,0.07055030763149261,0.013596328906714916,0.5,0.5,0.07405724376440048,0.013838088139891624,0.0,860
-0.2674650549888611,0.4086487591266632,-0.2566652297973633,0.4051852822303772,-0.2540116012096405,0.3973821997642517,0.00044437070027925074,0.00047667897888459265,0.0,0.0,0.14899402856826782,0.012463278137147427,0.13172276318073273,0.016090847551822662,0.5,0.5,0.14899402856826782,0.012428300455212593,0.0,861
-0.2634580135345459,0.3929315209388733,-0.25654467940330505,0.4062959849834442,-0.2538350820541382,0.3991144299507141,0.0004371623508632183,0.0004769682709593326,0.0,0.0,0.10155116021633148,0.01743161492049694,0.10810818523168564,0.011172273196280003,0.5,0.5,0.10155116021633148,0.01741199940443039,0.0,862
-0.26623398065567017,0.40106627345085144,-0.25640594959259033,0.40732619166374207,-0.25366997718811035,0.4003748893737793,0.0004324044566601515,0.0004771627427544445,0.0,0.0,0.1302475929260254,0.012717394158244133,0.1338549107313156,0.010395064018666744,0.5,0.5,0.1302475929260254,0.012712158262729645,0.0,863
-0.25228315591812134,0.4143544137477875,-0.25632303953170776,0.4102337658405304,-0.25363799929618835,0.40192487835884094,0.00044675657409243286,0.0004585333226714283,0.0,0.0,0.020631831139326096,0.015596655197441578,0.02850247174501419,0.029087651520967484,0.5,0.5,0.020631831139326096,0.015503047965466976,0.0,864
-0.2507335841655731,0.41157692670822144,-0.2563319504261017,0.4116872549057007,-0.2536306381225586,0.4030619263648987,0.0004387323569972068,0.0004646943707484752,0.0,0.0,0.006467720959335566,0.011371800675988197,-0.006136227864772081,0.014535189606249332,0.5,0.5,0.006467720959335566,0.011370660737156868,0.0,865
-0.2470240741968155,0.41489163041114807,-0.2563856542110443,0.41373440623283386,-0.25366103649139404,0.4041869640350342,0.00045112971565686166,0.0004688784247264266,0.0,0.0,-0.027020646259188652,0.011260670609772205,-0.026220623403787613,0.020478587597608566,0.5,0.5,-0.027020646259188652,0.011254357174038887,0.0,866
-0.24310946464538574,0.42806535959243774,-0.25645625591278076,0.4147365987300873,-0.2537391185760498,0.40528544783592224,0.00045059609692543745,0.00045317623880691826,0.0,0.0,-0.07096502929925919,0.011023148894309998,-0.070331871509552,0.010046793147921562,0.5,0.5,-0.07096502929925919,0.011012507602572441,0.0,867
-0.2564050555229187,0.427611380815506,-0.2563321590423584,0.4166605472564697,-0.2536761462688446,0.4062429964542389,0.00045023858547210693,0.0004610422474797815,0.0,0.0,0.0656733363866806,0.009686500765383244,0.06441494822502136,0.019279390573501587,0.5,0.5,0.0656733363866806,0.009596217423677444,0.0,868
-0.254615843296051,0.41894084215164185,-0.25625836849212646,0.41810065507888794,-0.2536180019378662,0.40757879614830017,0.00044101933599449694,0.00046640029177069664,0.0,0.0,0.04349382594227791,0.013373998925089836,0.051196299493312836,0.014420071616768837,0.5,0.5,0.04349382594227791,0.013370709493756294,0.0,869
-0.25452473759651184,0.4255974292755127,-0.25619882345199585,0.4194450080394745,-0.25355711579322815,0.40891608595848083,0.0004527056298684329,0.0004515682812780142,0.0,0.0,0.04548806697130203,0.01338663324713707,0.044265054166316986,0.0134566780179739,0.5,0.5,0.04548806697130203,0.013386606238782406,0.0,870
-0.25884750485420227,0.42975667119026184,-0.2560908794403076,0.42046380043029785,-0.2534448802471161,0.41012415289878845,0.0004607207956723869,0.00045994349056854844,0.0,0.0,0.09262783825397491,0.012146242894232273,0.10556533187627792,0.010244909673929214,0.5,0.5,0.09262783825397491,0.012132749892771244,0.0,871
-0.25599443912506104,0.42811119556427,-0.25599509477615356,0.4219522178173065,-0.25337544083595276,0.41124653816223145,0.00044787355000153184,0.00044736682320944965,0.0,0.0,0.06179053708910942,0.011250698938965797,0.0642687976360321,0.01491494569927454,0.5,0.5,0.06179053708910942,0.01124535035341978,0.0,872
-0.23840123414993286,0.42862576246261597,-0.25613895058631897,0.423204243183136,-0.2535644769668579,0.41281723976135254,0.0004574142803903669,0.0004391335241962224,0.0,0.0,-0.11977522820234299,0.016084669157862663,-0.11439573019742966,0.012602482922375202,0.5,0.5,-0.11977522820234299,0.015820272266864777,0.0,873
-0.2485242336988449,0.4240773320198059,-0.2561560273170471,0.4242004156112671,-0.2535812556743622,0.4139649569988251,0.0004547970602288842,0.000433707726188004,0.0,0.0,-0.014621715061366558,0.011542033404111862,-0.017136195674538612,0.009963315911591053,0.5,0.5,-0.014621715061366558,0.011478280648589134,0.0,874
-0.2501673996448517,0.42219963669776917,-0.2561366558074951,0.42595168948173523,-0.2535788118839264,0.41547346115112305,0.00045304963714443147,0.00044765876373276114,0.0,0.0,0.00162827642634511,0.0150869470089674,0.011058812029659748,0.017513884231448174,0.5,0.5,0.00162827642634511,0.015084954909980297,0.0,875
-0.25154823064804077,0.41829967498779297,-0.25612202286720276,0.4266405701637268,-0.2535600960254669,0.4167627692222595,0.0004428619286045432,0.00043932540575042367,0.0,0.0,0.014508967287838459,0.012895443476736546,0.02121780253946781,0.006890328601002693,0.5,0.5,0.014508967287838459,0.012894374318420887,0.0,876
-0.24255970120429993,0.42715758085250854,-0.25621116161346436,0.4276725947856903,-0.2536507844924927,0.41795533895492554,0.0004539735964499414,0.0004515385953709483,0.0,0.0,-0.07589766383171082,0.012009144760668278,-0.08616208285093307,0.010358640924096107,0.5,0.5,-0.07589766383171082,0.011960100382566452,0.0,877
-0.25671008229255676,0.4299774765968323,-0.25611793994903564,0.42907020449638367,-0.25356292724609375,0.4191995859146118,0.0004524992255028337,0.0004599232051987201,0.0,0.0,0.07049858570098877,0.012608385644853115,0.06660637259483337,0.014007143676280975,0.5,0.5,0.07049858570098877,0.012473516166210175,0.0,878
-0.27293887734413147,0.43194422125816345,-0.2559964656829834,0.4296282231807709,-0.2532998323440552,0.42026689648628235,0.000460579787613824,0.0004473536100704223,0.0,0.0,0.241688072681427,0.011155572719871998,0.21435709297657013,0.005710779223591089,0.5,0.5,0.241688072681427,0.010992509312927723,0.0,879
-0.2726915776729584,0.439314603805542,-0.25572383403778076,0.4306713342666626,-0.25295644998550415,0.4215635359287262,0.0004660860577132553,0.0004570578457787633,0.0,0.0,0.25888147950172424,0.013415277935564518,0.25563570857048035,0.010781326331198215,0.5,0.5,0.25888147950172424,0.013413295149803162,0.0,880
-0.2670534551143646,0.431534081697464,-0.2554154396057129,0.4323578178882599,-0.25272804498672485,0.42281535267829895,0.0004698211560025811,0.0004636897938326001,0.0,0.0,0.18047109246253967,0.012764187529683113,0.1808663308620453,0.017144499346613884,0.5,0.5,0.18047109246253967,0.012724969536066055,0.0,881
-0.27023833990097046,0.42792150378227234,-0.25531819462776184,0.43285104632377625,-0.2524589002132416,0.4241064190864563,0.0004537872737273574,0.0004681973659899086,0.0,0.0,0.20553003251552582,0.013192522339522839,0.1946488618850708,0.005027338396757841,0.5,0.5,0.20553003251552582,0.013188380748033524,0.0,882
-0.27508071064949036,0.42857176065444946,-0.25521379709243774,0.433266818523407,-0.2522289752960205,0.42499038577079773,0.0004433449066709727,0.0004712497175205499,0.0,0.0,0.25445905327796936,0.009144681505858898,0.2460145205259323,0.0042869229800999165,0.5,0.5,0.25445905327796936,0.009133737534284592,0.0,883
-0.2726286053657532,0.44050154089927673,-0.2549680769443512,0.4341784417629242,-0.25192561745643616,0.42612314224243164,0.00045430567115545273,0.00045471248449757695,0.0,0.0,0.2616594135761261,0.01172688603401184,0.2632919251918793,0.009441505186259747,0.5,0.5,0.2616594135761261,0.011726582422852516,0.0,884
-0.26981040835380554,0.42962509393692017,-0.25469970703125,0.43541741371154785,-0.25165969133377075,0.4274034798145294,0.00046181329526007175,0.00044395035365596414,0.0,0.0,0.2047986537218094,0.013097724877297878,0.2133171558380127,0.01267702504992485,0.5,0.5,0.2047986537218094,0.013076557777822018,0.0,885
-0.2764890789985657,0.4289318323135376,-0.25432920455932617,0.43675920367240906,-0.2512989938259125,0.4287116229534149,0.00044858528417535126,0.00045472182682715356,0.0,0.0,0.2690466642379761,0.013597779907286167,0.2694177031517029,0.013920112513005733,0.5,0.5,0.2690466642379761,0.01356972474604845,0.0,886
-0.26414114236831665,0.42530423402786255,-0.25407034158706665,0.4384974539279938,-0.25112468004226685,0.4299406409263611,0.00045790200238116086,0.00046209729043766856,0.0,0.0,0.14090299606323242,0.01251579262316227,0.14783546328544617,0.017574168741703033,0.5,0.5,0.14090299606323242,0.012413173913955688,0.0,887
-0.24632422626018524,0.4444289207458496,-0.2540912330150604,0.4388402998447418,-0.25115230679512024,0.43054646253585815,0.0004642646526917815,0.00044877020991407335,0.0,0.0,-0.04558997601270676,0.006171514745801687,-0.060851141810417175,0.0034348780754953623,0.5,0.5,-0.04558997601270676,0.0060645039193332195,0.0,888
-0.2453409731388092,0.4317777752876282,-0.2541431784629822,0.4400990307331085,-0.2512195408344269,0.43189191818237305,0.0004593566700350493,0.00045802866225130856,0.0,0.0,-0.04993614926934242,0.013471497222781181,-0.041249554604291916,0.012597920373082161,0.5,0.5,-0.04993614926934242,0.013471369631588459,0.0,889
-0.23564878106117249,0.4348709285259247,-0.2542570233345032,0.4409104287624359,-0.25135618448257446,0.43275004625320435,0.00045609197695739567,0.0004643508873414248,0.0,0.0,-0.1579039990901947,0.008740387856960297,-0.13940179347991943,0.00819345936179161,0.5,0.5,-0.1579039990901947,0.008689493872225285,0.0,890
-0.23401498794555664,0.4358082711696625,-0.25440675020217896,0.44179680943489075,-0.2515982985496521,0.4341009855270386,0.00045391457388177514,0.0004686456231866032,0.0,0.0,-0.17733801901340485,0.013727353885769844,-0.16735292971134186,0.008989525027573109,0.5,0.5,-0.17733801901340485,0.013724761083722115,0.0,891
-0.24891406297683716,0.4364927113056183,-0.2544233202934265,0.44351062178611755,-0.25160595774650574,0.4347250759601593,0.00045245978981256485,0.00047155271749943495,0.0,0.0,-0.012268895283341408,0.0063272942788898945,-0.009661389514803886,0.017138909548521042,0.5,0.5,-0.012268895283341408,0.00624128757044673,0.0,892
-0.2629169225692749,0.43176499009132385,-0.2542062997817993,0.4451591372489929,-0.25141412019729614,0.4361098110675812,0.0004605528083629906,0.00045490864431485534,0.0,0.0,0.13766521215438843,0.01413819007575512,0.13090172410011292,0.016627447679638863,0.5,0.5,0.13766521215438843,0.013979572802782059,0.0,893
-0.26767122745513916,0.4288673400878906,-0.25389182567596436,0.44685667753219604,-0.2512054145336151,0.43724510073661804,0.00046606772230006754,0.0004622247361112386,0.0,0.0,0.18179170787334442,0.011554501950740814,0.18317696452140808,0.01726415753364563,0.5,0.5,0.18179170787334442,0.011543255299329758,0.0,894
-0.2532065510749817,0.44117411971092224,-0.2538374066352844,0.44873160123825073,-0.25116801261901855,0.43822282552719116,0.00046980875777080655,0.00046720332466065884,0.0,0.0,0.03823370486497879,0.009885957464575768,0.029014401137828827,0.018757276237010956,0.5,0.5,0.03823370486497879,0.00978426355868578,0.0,895
-0.249705970287323,0.4409542977809906,-0.25383496284484863,0.4492218792438507,-0.2511709928512573,0.4390735626220703,0.0004723386373370886,0.00045208961819298565,0.0,0.0,-0.003498428501188755,0.008514825254678726,0.005001826211810112,0.004902806598693132,0.5,0.5,-0.003498428501188755,0.008507411926984787,0.0,896
-0.24677608907222748,0.45132976770401,-0.25385138392448425,0.44961705803871155,-0.2512080669403076,0.43992069363594055,0.0004647046735044569,0.00044223302393220365,0.0,0.0,-0.043733514845371246,0.008486414328217506,-0.04149534925818443,0.003955162595957518,0.5,0.5,-0.043733514845371246,0.008479545824229717,0.0,897
-0.2517782151699066,0.4479850232601166,-0.25384724140167236,0.45060834288597107,-0.2511831521987915,0.4410003125667572,0.00045964884338900447,0.0004535409971140325,0.0,0.0,0.023085232824087143,0.010823137126863003,0.00418687891215086,0.009912913665175438,0.5,0.5,0.023085232824087143,0.0107989851385355,0.0,898
-0.23530563712120056,0.4523959159851074,-0.25403380393981934,0.45156240463256836,-0.2513268291950226,0.4417101740837097,0.00046545322402380407,0.0004431836714502424,0.0,0.0,-0.19969293475151062,0.0074262130074203014,-0.1931246966123581,0.009721266105771065,0.5,0.5,-0.19969293475151062,0.007242692168802023,0.0,899
-0.22885285317897797,0.4437725245952606,-0.2541711926460266,0.4520937204360962,-0.2516658306121826,0.4430123567581177,0.0004601457039825618,0.00045419481466524303,0.0,0.0,-0.254690945148468,0.013476229272782803,-0.25304698944091797,0.00548796309158206,0.5,0.5,-0.254690945148468,0.013455853797495365,0.0,900
-0.23143011331558228,0.43103906512260437,-0.2543348968029022,0.452851265668869,-0.2518055737018585,0.44371941685676575,0.00045661753392778337,0.00044361164327710867,0.0,0.0,-0.19511958956718445,0.007220164407044649,-0.2128390371799469,0.007750233169645071,0.5,0.5,-0.19511958956718445,0.007207356858998537,0.0,901
-0.23385083675384521,0.43503570556640625,-0.254619836807251,0.4545997977256775,-0.2520744502544403,0.4452172517776489,0.00045426542055793107,0.0004366623761598021,0.0,0.0,-0.17761468887329102,0.015220164321362972,-0.16153571009635925,0.017715999856591225,0.5,0.5,-0.17761468887329102,0.015217832289636135,0.0,902
-0.23157553374767303,0.4390108585357666,-0.2547782361507416,0.4553735554218292,-0.25230318307876587,0.44628483057022095,0.00045269433758221567,0.0004320736334193498,0.0,0.0,-0.21107357740402222,0.01092422753572464,-0.20192641019821167,0.007898136042058468,0.5,0.5,-0.21107357740402222,0.01091811340302229,0.0,903
-0.23272335529327393,0.44925063848495483,-0.25480538606643677,0.45549505949020386,-0.25247877836227417,0.44705477356910706,0.00045164357288740575,0.000446527439635247,0.0,0.0,-0.2242407202720642,0.007897820323705673,-0.21985940635204315,0.0012449948117136955,0.5,0.5,-0.2242407202720642,0.00789713580161333,0.0,904
-0.22712740302085876,0.4539699852466583,-0.25525733828544617,0.456897109746933,-0.2528555393218994,0.448224812746048,0.00045094022061675787,0.0004564912524074316,0.0,0.0,-0.31152793765068054,0.012339171953499317,-0.3118349611759186,0.014731033705174923,0.5,0.5,-0.31152793765068054,0.012292196042835712,0.0,905
-0.2285645604133606,0.45713308453559875,-0.25525733828544617,0.456897109746933,-0.25311926007270813,0.44905978441238403,0.0004595140053424984,0.000463303760625422,0.0,0.0,-0.3059294521808624,0.0087565453723073,-0.3188959062099457,0.0,0.5,0.5,-0.3059294521808624,0.008756408467888832,0.0,906
-0.23133903741836548,0.46272727847099304,-0.25525733828544617,0.456897109746933,-0.25335755944252014,0.4498549997806549,0.00045619680895470083,0.0004679355479311198,0.0,0.0,-0.2911495566368103,0.008302530273795128,-0.2897346019744873,0.0,0.5,0.5,-0.2911495566368103,0.008301623165607452,0.0,907
-0.23154602944850922,0.4595061242580414,-0.25535690784454346,0.45723438262939453,-0.2536023259162903,0.45072370767593384,0.0004539845685940236,0.00045256473822519183,0.0,0.0,-0.27464592456817627,0.009026574902236462,-0.28708964586257935,0.003516743192449212,0.5,0.5,-0.27464592456817627,0.009025346487760544,0.0,908
-0.23287300765514374,0.4426893889904022,-0.2554992139339447,0.45793378353118896,-0.25378894805908203,0.4516206383705139,0.0004525065596681088,0.000460624520201236,0.0,0.0,-0.20515026152133942,0.009183716960251331,-0.20074650645256042,0.007137354463338852,0.5,0.5,-0.20515026152133942,0.009161548689007759,0.0,909
-0.22099262475967407,0.4501008093357086,-0.25559017062187195,0.4581780433654785,-0.2541804611682892,0.45263156294822693,0.00045151793165132403,0.0004661164712160826,0.0,0.0,-0.36949777603149414,0.010988914407789707,-0.3564828932285309,0.002606465946882963,0.5,0.5,-0.36949777603149414,0.010840842500329018,0.0,910
-0.21621251106262207,0.46104028820991516,-0.25592124462127686,0.458808958530426,-0.2544325590133667,0.4531087875366211,0.0004508561105467379,0.00045138393761590123,0.0,0.0,-0.4860008656978607,0.0054340367205441,-0.48322954773902893,0.007125083357095718,0.5,0.5,-0.4860008656978607,0.005397200118750334,0.0,911
-0.2312370240688324,0.4569166302680969,-0.25618553161621094,0.4597803056240082,-0.25466129183769226,0.4539388120174408,0.00045041280100122094,0.00044177050585858524,0.0,0.0,-0.2689129710197449,0.008816597051918507,-0.26564598083496094,0.010066471062600613,0.5,0.5,-0.2689129710197449,0.008609660901129246,0.0,912
-0.22436559200286865,0.45609262585639954,-0.25653207302093506,0.4607367217540741,-0.25506266951560974,0.45501774549484253,0.0004501157673075795,0.000435448600910604,0.0,0.0,-0.35614892840385437,0.011555529199540615,-0.34762996435165405,0.010172687470912933,0.5,0.5,-0.35614892840385437,0.011511588469147682,0.0,913
-0.21594703197479248,0.4630970358848572,-0.2570021152496338,0.4615616798400879,-0.2555481195449829,0.4559002220630646,0.00044991669710725546,0.00043127007666043937,0.0,0.0,-0.5029218792915344,0.01018126867711544,-0.5178986191749573,0.009494719095528126,0.5,0.5,-0.5029218792915344,0.010071801021695137,0.0,914
-0.22961999475955963,0.4590093791484833,-0.25730815529823303,0.46258407831192017,-0.25580450892448425,0.456730455160141,0.00044978325604461133,0.00042849889723584056,0.0,0.0,-0.29953956604003906,0.00887203123420477,-0.290838360786438,0.010672273114323616,0.5,0.5,-0.29953956604003906,0.008689169771969318,0.0,915
-0.2205996960401535,0.4516955316066742,-0.2580723464488983,0.4645002484321594,-0.2562108635902405,0.4577436149120331,0.00044969379086978734,0.00042665700311772525,0.0,0.0,-0.38142940402030945,0.010952780954539776,-0.3794858753681183,0.02062932774424553,0.5,0.5,-0.38142940402030945,0.01091607753187418,0.0,916
-0.2178819328546524,0.4411356449127197,-0.25848186016082764,0.46558383107185364,-0.2565065026283264,0.45851558446884155,0.000449633807875216,0.00044276838889345527,0.0,0.0,-0.3657452464103699,0.008267565630376339,-0.3613196611404419,0.011583906598389149,0.5,0.5,-0.3657452464103699,0.008266548626124859,0.0,917
-0.2340758740901947,0.4457549452781677,-0.25868672132492065,0.4665623903274536,-0.25674623250961304,0.459708571434021,0.0004495935863815248,0.00043610663851723075,0.0,0.0,-0.19830691814422607,0.01234107743948698,-0.2063605785369873,0.0099977757781744,0.5,0.5,-0.19830691814422607,0.012168485671281815,0.0,918
-0.24625122547149658,0.4435763657093048,-0.25874581933021545,0.46844083070755005,-0.2567780911922455,0.4604005515575409,0.00044956663623452187,0.0004493173910304904,0.0,0.0,-0.046007875353097916,0.007008140441030264,-0.03145812079310417,0.018793558701872826,0.5,0.5,-0.046007875353097916,0.0069270203821361065,0.0,919
-0.2554140090942383,0.4519611895084381,-0.25864970684051514,0.46989381313323975,-0.25670427083969116,0.4613964259624481,0.00044954856275580823,0.00045840340317226946,0.0,0.0,0.07398983091115952,0.010058346204459667,0.06605549156665802,0.014561702497303486,0.5,0.5,0.07398983091115952,0.009986015036702156,0.0,920
-0.24740852415561676,0.47514939308166504,-0.25864970684051514,0.46989381313323975,-0.25670427083969116,0.4613964259624481,0.0004405665094964206,0.00046460595331154764,0.0,0.0,0.06902546435594559,0.0,0.06383924931287766,0.0,0.5,0.5,0.06902546435594559,0.0,0.0,921
-0.2586194574832916,0.48224571347236633,-0.25864970684051514,0.46989381313323975,-0.25670427083969116,0.4613964259624481,0.00044349601375870407,0.0004504024109337479,0.0,0.0,0.06810833513736725,0.0,0.08440007269382477,0.0,0.5,0.5,0.06810833513736725,0.0,0.0,922
-0.27505865693092346,0.4905903935432434,-0.25864970684051514,0.46989381313323975,-0.25670427083969116,0.4613964259624481,0.0004544095427263528,0.0004591460747178644,0.0,0.0,0.06703709065914154,0.0,0.05971314385533333,0.0,0.5,0.5,0.06703709065914154,0.0,0.0,923
-0.29106026887893677,0.4923473000526428,-0.25864970684051514,0.46989381313323975,-0.25670427083969116,0.4613964259624481,0.0004618842212948948,0.0004651112831197679,0.0,0.0,0.8989655375480652,0.0,0.3597131371498108,0.0,0.5,0.5,0.3670370876789093,0.0,0.0,924
-0.28242427110671997,0.4795098602771759,-0.25864970684051514,0.46989381313323975,-0.25670427083969116,0.4613964259624481,0.00046697212383151054,0.0004507308767642826,0.0,0.0,0.8989655375480652,0.0,0.6597131490707397,0.0,0.5,0.5,0.6670370697975159,0.0,0.0,925
-0.2901115417480469,0.48233944177627563,-0.25864970684051514,0.46989381313323975,-0.25670427083969116,0.4613964259624481,0.00045193955884315073,0.0004593708144966513,0.0,0.0,0.8989655375480652,0.0,0.8928593397140503,0.0,0.5,0.5,0.8989655375480652,0.0,0.0,926
-0.2845202386379242,0.4776521623134613,-0.25804945826530457,0.4707050919532776,-0.25624990463256836,0.4620196223258972,0.00044213468208909035,0.00044699336285702884,0.0,0.0,0.6299753785133362,0.00800000037997961,0.6369860768318176,0.010092032141983509,0.5,0.5,0.6299753785133362,0.0077123180963099,0.0,927
-0.28915661573410034,0.47682419419288635,-0.2576547861099243,0.47118642926216125,-0.2557462751865387,0.4626392722129822,0.0004356887948233634,0.0004388880042824894,0.0,0.0,0.6824886202812195,0.007995972409844398,0.686801552772522,0.006224654149264097,0.5,0.5,0.6824886202812195,0.007984950207173824,0.0,928
-0.2795306146144867,0.48847582936286926,-0.2576547861099243,0.47118642926216125,-0.2557462751865387,0.4626392722129822,0.0004314291290938854,0.0004335455014370382,0.0,0.0,0.6879231333732605,0.0,0.6810710430145264,0.0,0.5,0.5,0.6879231333732605,0.0,0.0,929
-0.2767717242240906,0.49488547444343567,-0.2576547861099243,0.47118642926216125,-0.2557462751865387,0.4626392722129822,0.0004460808995645493,0.0004475465102586895,0.0,0.0,0.6856353282928467,0.0,0.7029673457145691,0.0,0.5,0.5,0.6856353282928467,0.0,0.0,930
-0.26770085096359253,0.4829298257827759,-0.2576547861099243,0.47118642926216125,-0.2557462751865387,0.4626392722129822,0.00045618487638421357,0.00043925162754021585,0.0,0.0,0.685004472732544,0.0,0.6772660613059998,0.0,0.5,0.5,0.685004472732544,0.0,0.0,931
-0.2806195914745331,0.47830528020858765,-0.2568826675415039,0.47235316038131714,-0.2553099989891052,0.4633046090602875,0.0004449131665751338,0.0004514877509791404,0.0,0.0,0.5803998112678528,0.00800000037997961,0.5846114158630371,0.013990843668580055,0.5,0.5,0.5803998112678528,0.007956271059811115,0.0,932
-0.2815019190311432,0.4701455533504486,-0.2565024495124817,0.472986102104187,-0.25487208366394043,0.46406713128089905,0.0004553832404781133,0.0004598884261213243,0.0,0.0,0.5212947726249695,0.008808515965938568,0.5409402847290039,0.0073837414383888245,0.5,0.5,0.5212947726249695,0.008793134242296219,0.0,933
-0.26766300201416016,0.47416260838508606,-0.2565024495124817,0.472986102104187,-0.25487208366394043,0.46406713128089905,0.0004443890939000994,0.0004473309381864965,0.0,0.0,0.5220659971237183,0.0,0.5278027653694153,0.0,0.5,0.5,0.5220659971237183,0.0,0.0,934
-0.26217415928840637,0.4738207757472992,-0.25612393021583557,0.4745384454727173,-0.2546946108341217,0.464813232421875,0.00045502325519919395,0.000439109920989722,0.0,0.0,0.2335328906774521,0.00800000037997961,0.2391761839389801,0.015978176146745682,0.5,0.5,0.2335328906774521,0.007669298443943262,0.0,935
-0.26346349716186523,0.47049805521965027,-0.2557508945465088,0.47602564096450806,-0.2545429766178131,0.4654270112514496,0.0004623029089998454,0.00045139004942029715,0.0,0.0,0.24217920005321503,0.006322590168565512,0.2457546889781952,0.015332515351474285,0.5,0.5,0.24217920005321503,0.006322354078292847,0.0,936
-0.2717779874801636,0.452879399061203,-0.25513264536857605,0.47812792658805847,-0.25423863530158997,0.4664348363876343,0.0004489041166380048,0.0004598216328304261,0.0,0.0,0.2932596206665039,0.01054151076823473,0.2860197424888611,0.02191319316625595,0.5,0.5,0.2932596206665039,0.010527760721743107,0.0,937
-0.2947433292865753,0.44794905185699463,-0.25465846061706543,0.47892993688583374,-0.25378134846687317,0.46722230315208435,0.00045812036842107773,0.00046557068708352745,0.0,0.0,0.526106059551239,0.0093584805727005,0.5339453220367432,0.009316977113485336,0.5,0.5,0.526106059551239,0.009105927310883999,0.0,938
-0.28197404742240906,0.4512471556663513,-0.25465846061706543,0.47892993688583374,-0.25337740778923035,0.46815404295921326,0.00044617740786634386,0.00045102942385710776,0.0,0.0,0.4090732932090759,0.010225404985249043,0.39805346727371216,0.0,0.5,0.5,0.4090732932090759,0.010155458003282547,0.0,939
-0.28452590107917786,0.45327094197273254,-0.25418516993522644,0.4799131453037262,-0.2529280185699463,0.469087690114975,0.0004562511167023331,0.00045957500697113574,0.0,0.0,0.4486066997051239,0.010369721800088882,0.44863250851631165,0.01091176737099886,0.5,0.5,0.4486066997051239,0.010361619293689728,0.0,940
-0.264787882566452,0.4615420997142792,-0.2541760802268982,0.4799501895904541,-0.2528270483016968,0.4695209264755249,0.00044495644397102296,0.00046540299081243575,0.0,0.0,0.22894836962223053,0.004557823296636343,0.2405465841293335,0.0003812998184002936,0.5,0.5,0.22894836962223053,0.004448307678103447,0.0,941
-0.25918611884117126,0.4579164981842041,-0.2540910840034485,0.48056498169898987,-0.2527190148830414,0.470309853553772,0.0004554129554890096,0.00046935855061747134,0.0,0.0,0.13608905673027039,0.007997477427124977,0.13736286759376526,0.006206374149769545,0.5,0.5,0.13608905673027039,0.007963021285831928,0.0,942
-0.2699660062789917,0.46621206402778625,-0.2537672519683838,0.48149582743644714,-0.25252386927604675,0.47088444232940674,0.00044440850615501404,0.0004534874751698226,0.0,0.0,0.32740476727485657,0.006180871743708849,0.33479756116867065,0.009855681098997593,0.5,0.5,0.32740476727485657,0.006068101152777672,0.0,943
-0.25613370537757874,0.46812888979911804,-0.25372034311294556,0.48188814520835876,-0.25242534279823303,0.4717978835105896,0.0004550366138573736,0.0004431486304383725,0.0,0.0,0.10743764042854309,0.00941421464085579,0.1189865916967392,0.003951218910515308,0.5,0.5,0.10743764042854309,0.009187376126646996,0.0,944
-0.27192696928977966,0.46936777234077454,-0.25372034311294556,0.48188814520835876,-0.2522430121898651,0.4722605049610138,0.00046231201849877834,0.0004541707457974553,0.0,0.0,0.37544578313827515,0.0051566981710493565,0.3676948547363281,0.0,0.5,0.5,0.37544578313827515,0.004972605500370264,0.0,945
-0.26717066764831543,0.47623318433761597,-0.2536740303039551,0.4820191264152527,-0.2519984543323517,0.4729551076889038,0.00046726258005946875,0.0004435958690010011,0.0,0.0,0.3385423719882965,0.007368893828243017,0.3397977650165558,0.001389235956594348,0.5,0.5,0.3385423719882965,0.007363876793533564,0.0,946
-0.2633873522281647,0.4775746166706085,-0.2536740303039551,0.4820191264152527,-0.2519984543323517,0.4729551076889038,0.000452128064353019,0.00045447819866240025,0.0,0.0,0.33010992407798767,0.0,0.32820194959640503,0.0,0.5,0.5,0.33010992407798767,0.0,0.0,947
-0.27066028118133545,0.4957580268383026,-0.2536740303039551,0.4820191264152527,-0.2519984543323517,0.4729551076889038,0.0004603261477313936,0.0004619310493580997,0.0,0.0,0.3314611315727234,0.0,0.32700759172439575,0.0,0.5,0.5,0.3314611315727234,0.0,0.0,948
-0.2731306850910187,0.49562591314315796,-0.2536740303039551,0.4820191264152527,-0.2519984543323517,0.4729551076889038,0.00044761630124412477,0.00044866197276860476,0.0,0.0,0.33380579948425293,0.0,0.33508455753326416,0.0,0.5,0.5,0.33380579948425293,0.0,0.0,949
-0.264762282371521,0.4844167232513428,-0.2536740303039551,0.4820191264152527,-0.2519984543323517,0.4729551076889038,0.0004392974660731852,0.00045795453479513526,0.0,0.0,0.33324310183525085,0.0,0.3435721695423126,0.0,0.5,0.5,0.33324310183525085,0.0,0.0,950
-0.2618236541748047,0.4895904064178467,-0.2536740303039551,0.4820191264152527,-0.2519984543323517,0.4729551076889038,0.000433816050644964,0.0004643003921955824,0.0,0.0,0.3336884379386902,0.0,0.34671875834465027,0.0,0.5,0.5,0.3336884379386902,0.0,0.0,951
-0.2660388648509979,0.48063409328460693,-0.2536740303039551,0.4820191264152527,-0.2519984543323517,0.4729551076889038,0.0004301882581785321,0.00046861139708198607,0.0,0.0,0.3309438228607178,0.0,0.3339133858680725,0.0,0.5,0.5,0.3309438228607178,0.0,0.0,952
-0.2650444209575653,0.4885108470916748,-0.2536740303039551,0.4820191264152527,-0.2519984543323517,0.4729551076889038,0.0004452205903362483,0.00045300310011953115,0.0,0.0,0.32972002029418945,0.0,0.3139544427394867,0.0,0.5,0.5,0.32972002029418945,0.0,0.0,953
-0.26268208026885986,0.47906121611595154,-0.2536740303039551,0.4820191264152527,-0.2519984543323517,0.4729551076889038,0.000437721872003749,0.0004609239986166358,0.0,0.0,0.3252888321876526,0.0,0.3358490467071533,0.0,0.5,0.5,0.3252888321876526,0.0,0.0,954
-0.25698378682136536,0.47531095147132874,-0.253659725189209,0.4821305572986603,-0.25188902020454407,0.47373369336128235,0.000450432620709762,0.0004663199360948056,0.0,0.0,0.13963523507118225,0.00800000037997961,0.12768132984638214,0.0011234780540689826,0.5,0.5,0.13963523507118225,0.007862526923418045,0.0,955
-0.2514522075653076,0.4880293607711792,-0.253659725189209,0.4821305572986603,-0.25188902020454407,0.47373369336128235,0.0004411466361489147,0.0004699795099440962,0.0,0.0,0.13936039805412292,0.0,0.13808536529541016,0.0,0.5,0.5,0.13936039805412292,0.0,0.0,956
-0.2527303099632263,0.48632705211639404,-0.253659725189209,0.4821305572986603,-0.25188902020454407,0.47373369336128235,0.00045279329060576856,0.0004724539758171886,0.0,0.0,0.13458643853664398,0.0,0.13921605050563812,0.0,0.5,0.5,0.13458643853664398,0.0,0.0,957
-0.2547394037246704,0.47487327456474304,-0.25362640619277954,0.4825356602668762,-0.25181376934051514,0.474529504776001,0.0004607806622516364,0.00047412366257049143,0.0,0.0,0.09426810592412949,0.00800000037997961,0.08206754177808762,0.004064567387104034,0.5,0.5,0.09426810592412949,0.00799349881708622,0.0,958
-0.25236260890960693,0.4843020439147949,-0.25362640619277954,0.4825356602668762,-0.25181376934051514,0.474529504776001,0.0004662225837819278,0.0004752487875521183,0.0,0.0,0.08720038831233978,0.0,0.09512893855571747,0.0,0.5,0.5,0.08720038831233978,0.0,0.0,959
-0.25974345207214355,0.47693780064582825,-0.25362640619277954,0.4825356602668762,-0.25181376934051514,0.474529504776001,0.0004699135897681117,0.00045729815610684454,0.0,0.0,0.09471005201339722,0.0,0.09228990226984024,0.0,0.5,0.5,0.09471005201339722,0.0,0.0,960
-0.2529585063457489,0.47477903962135315,-0.2535962164402008,0.48322126269340515,-0.25176674127578735,0.47532761096954346,0.0004724094469565898,0.0004456405295059085,0.0,0.0,0.058842018246650696,0.00800000037997961,0.0439993254840374,0.006862799171358347,0.5,0.5,0.058842018246650696,0.00799485482275486,0.0,961
-0.2642536759376526,0.46849092841148376,-0.2534351348876953,0.4838063418865204,-0.2515853941440582,0.47604653239250183,0.00047409365652129054,0.00043799824197776616,0.0,0.0,0.24708279967308044,0.007547751069068909,0.26864638924598694,0.006068461574614048,0.5,0.5,0.24708279967308044,0.007414419669657946,0.0,962
-0.25474813580513,0.47492510080337524,-0.2533736228942871,0.4845964312553406,-0.25150066614151,0.47694021463394165,0.0004565519338939339,0.0004329573130235076,0.0,0.0,0.09453806281089783,0.009082389064133167,0.07771269232034683,0.007924951612949371,0.5,0.5,0.09453806281089783,0.008976920507848263,0.0,963
-0.24448229372501373,0.4715757966041565,-0.2533736228942871,0.4845964312553406,-0.25150066614151,0.47694021463394165,0.000463345117168501,0.00044713940587826073,0.0,0.0,0.09274248033761978,0.0,0.11919572949409485,0.0,0.5,0.5,0.09274248033761978,0.0,0.0,964
-0.2511811852455139,0.46926045417785645,-0.2533736228942871,0.4845964312553406,-0.2514837682247162,0.47773799300193787,0.00045874580973759294,0.0004389840178191662,0.0,0.0,0.021187864243984222,0.00800000037997961,0.02246999740600586,0.0,0.5,0.5,0.021187864243984222,0.007979528047144413,0.0,965
-0.25179222226142883,0.4672071039676666,-0.2533496916294098,0.4857288897037506,-0.25146111845970154,0.4784688353538513,0.00046483895857818425,0.00045130326179787517,0.0,0.0,0.031001197174191475,0.00731224101036787,0.021138818934559822,0.011327059008181095,0.5,0.5,0.031001197174191475,0.007311888970434666,0.0,966
-0.2421414852142334,0.4759150445461273,-0.2533496916294098,0.4857288897037506,-0.25146111845970154,0.4784688353538513,0.00046897638821974397,0.0004417175950948149,0.0,0.0,0.03264972195029259,0.0,0.023933403193950653,0.0,0.5,0.5,0.03264972195029259,0.0,0.0,967
-0.24992096424102783,0.4840434789657593,-0.2533496916294098,0.4857288897037506,-0.25146111845970154,0.4784688353538513,0.0004624810244422406,0.0004531863087322563,0.0,0.0,0.03469331935048103,0.0,0.04373833164572716,0.0,0.5,0.5,0.03469331935048103,0.0,0.0,968
-0.24899855256080627,0.4869675934314728,-0.2533496916294098,0.4857288897037506,-0.25146111845970154,0.4784688353538513,0.00046737727825529873,0.00046104914508759975,0.0,0.0,0.038785066455602646,0.0,0.03182965889573097,0.0,0.5,0.5,0.038785066455602646,0.0,0.0,969
-0.25311365723609924,0.4904173016548157,-0.2533496916294098,0.4857288897037506,-0.25146111845970154,0.4784688353538513,0.00046142173232510686,0.0004664049774874002,0.0,0.0,0.04323328658938408,0.0,0.049497250467538834,0.0,0.5,0.5,0.04323328658938408,0.0,0.0,970
-0.2534445524215698,0.4850831627845764,-0.2533496916294098,0.4857288897037506,-0.25146111845970154,0.4784688353538513,0.0004483302473090589,0.0004515713080763817,0.0,0.0,0.04458768293261528,0.0,0.017248155549168587,0.0,0.5,0.5,0.04458768293261528,0.0,0.0,971
-0.24687588214874268,0.48949721455574036,-0.2533496916294098,0.4857288897037506,-0.25146111845970154,0.4784688353538513,0.0004577272629830986,0.00044189332402311265,0.0,0.0,0.03787607327103615,0.0,0.04124373570084572,0.0,0.5,0.5,0.03787607327103615,0.0,0.0,972
-0.2474900186061859,0.4794684946537018,-0.2533496916294098,0.4857288897037506,-0.25146111845970154,0.4784688353538513,0.00045500582200475037,0.0004533072642516345,0.0,0.0,0.04306604340672493,0.0,0.04480979964137077,0.0,0.5,0.5,0.04306604340672493,0.0,0.0,973
-0.25799500942230225,0.5006400346755981,-0.2533496916294098,0.4857288897037506,-0.25146111845970154,0.4784688353538513,0.0004531891318038106,0.0004611317126546055,0.0,0.0,0.043150655925273895,0.0,0.036429259926080704,0.0,0.5,0.5,0.043150655925273895,0.0,0.0,974
-0.2505490481853485,0.505740761756897,-0.2533496916294098,0.4857288897037506,-0.25146111845970154,0.4784688353538513,0.0004429532855283469,0.0004300501605030149,0.0,0.0,0.04330834373831749,0.0,0.014236992225050926,0.0,0.5,0.5,0.04330834373831749,0.0,0.0,975
-0.251555472612381,0.5018465518951416,-0.2533496916294098,0.4857288897037506,-0.25146111845970154,0.4784688353538513,0.00045403640251606703,0.0004104875260964036,0.0,0.0,1.5774731636047363,0.0,0.31423699855804443,0.0,0.5,0.5,0.34330832958221436,0.0,0.0,976
-0.24958361685276031,0.49697378277778625,-0.2533496916294098,0.4857288897037506,-0.25146111845970154,0.4784688353538513,0.00046162953367456794,0.00043146469397470355,0.0,0.0,1.5774731636047363,0.0,0.6142370104789734,0.0,0.5,0.5,0.6433083415031433,0.0,0.0,977
-0.2525638937950134,0.4964276850223541,-0.2533496916294098,0.4857288897037506,-0.25146111845970154,0.4784688353538513,0.00045760514331050217,0.0004286281473468989,0.0,0.0,1.5774731636047363,0.0,0.9142370223999023,0.0,0.5,0.5,0.9433083534240723,0.0,0.0,978
-0.25100499391555786,0.48656362295150757,-0.2533496916294098,0.4857288897037506,-0.25146111845970154,0.4784688353538513,0.00044584102579392493,0.0004441379278432578,0.0,0.0,1.5774731636047363,0.0,1.2142369747161865,0.0,0.5,0.5,1.2433083057403564,0.0,0.0,979
-0.25649315118789673,0.502587080001831,-0.2533496916294098,0.4857288897037506,-0.25146111845970154,0.4784688353538513,0.0004560202651191503,0.000454850698588416,0.0,0.0,1.5774731636047363,0.0,1.5142369270324707,0.0,0.5,0.5,1.5433082580566406,0.0,0.0,980
-0.255278617143631,0.5048004984855652,-0.2521499693393707,0.48571085929870605,-0.25066202878952026,0.47845515608787537,0.00046298274537548423,0.00046218521310947835,0.0,0.0,1.5879223346710205,0.00800000037997961,1.5858324766159058,0.011998460628092289,0.5,0.5,1.5879223346710205,0.007992039434611797,0.0,981
-0.22500737011432648,0.4777224361896515,-0.2504675090312958,0.4858601987361908,-0.24907729029655457,0.47859635949134827,0.00046771776396781206,0.00046717649092897773,0.0,0.0,1.4819234609603882,0.01600000075995922,1.4822661876678467,0.016890646889805794,0.5,0.5,1.4819234609603882,0.015910198912024498,0.0,982
-0.23448021709918976,0.50555819272995,-0.24781662225723267,0.4858092963695526,-0.24669241905212402,0.47854527831077576,0.00046164734521880746,0.00047055920003913343,0.0,0.0,1.5922136306762695,0.024000000208616257,1.5899990797042847,0.026513738557696342,0.5,0.5,1.5922136306762695,0.023854181170463562,0.0,983
-0.2301132082939148,0.5047107934951782,-0.24535387754440308,0.48573893308639526,-0.2434929758310318,0.47848621010780334,0.00045761698856949806,0.00047284539323300123,0.0,0.0,1.5892597436904907,0.03200000151991844,1.5993586778640747,0.02463754080235958,0.5,0.5,1.5892597436904907,0.0319998599588871,0.0,984
-0.22099611163139343,0.5060696005821228,-0.24351336061954498,0.48569953441619873,-0.24048075079917908,0.47841188311576843,0.0004549322766251862,0.00043732800986617804,0.0,0.0,1.5954649448394775,0.03013194352388382,1.5922006368637085,0.01840936951339245,0.5,0.5,1.5954649448394775,0.03013136424124241,0.0,985
-0.2277459055185318,0.5000783205032349,-0.2400449961423874,0.48571133613586426,-0.2372814565896988,0.47841089963912964,0.00045314000453799963,0.0004501607909332961,0.0,0.0,1.571106195449829,0.032002437859773636,1.5673975944519043,0.03468385711312294,0.5,0.5,1.571106195449829,0.031992942094802856,0.0,986
-0.23269547522068024,0.5016601085662842,-0.23618793487548828,0.48572972416877747,-0.23407477140426636,0.47839024662971497,0.000451941741630435,0.0004589807358570397,0.0,0.0,1.5772384405136108,0.03206811845302582,1.5660300254821777,0.03857105225324631,0.5,0.5,1.5772384405136108,0.03206751495599747,0.0,987
-0.2340712994337082,0.488363653421402,-0.2328101247549057,0.4859115779399872,-0.23077644407749176,0.4785383939743042,0.00045113987289369106,0.0004287081537768245,0.0,0.0,1.5259108543395996,0.033060044050216675,1.5170081853866577,0.03382705897092819,0.5,0.5,1.5259108543395996,0.03301650285720825,0.0,988
-0.2440517544746399,0.48215001821517944,-0.22926649451255798,0.48614710569381714,-0.2271282970905304,0.4787804186344147,0.0004506029072217643,0.0004441934870555997,0.0,0.0,1.5045493841171265,0.03656994551420212,1.5044256448745728,0.03551443666219711,0.5,0.5,1.5045493841171265,0.03656160458922386,0.0,989
-0.22710435092449188,0.4994911253452301,-0.22667396068572998,0.48618313670158386,-0.22431042790412903,0.4787861108779907,0.00045024315477348864,0.0004548888828139752,0.0,0.0,1.5687777996063232,0.02823697216808796,1.5568945407867432,0.025927867740392685,0.5,0.5,1.5687777996063232,0.028178749606013298,0.0,990
-0.22382983565330505,0.5058574676513672,-0.22383582592010498,0.48612162470817566,-0.22106218338012695,0.4787096381187439,0.00045000205864198506,0.0004440657503437251,0.0,0.0,1.594331979751587,0.03250204399228096,1.592461347579956,0.02838798426091671,0.5,0.5,1.594331979751587,0.03249143064022064,0.0,991
-0.23413023352622986,0.4939548671245575,-0.22050844132900238,0.4862065613269806,-0.21787883341312408,0.47878390550613403,0.00045887212036177516,0.0004548011056613177,0.0,0.0,1.5474721193313599,0.031877148896455765,1.5452775955200195,0.033284708857536316,0.5,0.5,1.5474721193313599,0.03184215724468231,0.0,992
-0.21256300806999207,0.49457645416259766,-0.21738077700138092,0.48634108901023865,-0.21502694487571716,0.47884902358055115,0.00045576909906230867,0.0004621513653546572,0.0,0.0,1.5479704141616821,0.028526289388537407,1.5278152227401733,0.031305503100156784,0.5,0.5,1.5479704141616821,0.02852628566324711,0.0,993
-0.2090207040309906,0.4953715205192566,-0.21432432532310486,0.48644471168518066,-0.21199016273021698,0.47890907526016235,0.00045369897270575166,0.00046715352800674736,0.0,0.0,1.5510207414627075,0.0303738284856081,1.5369107723236084,0.030582083389163017,0.5,0.5,1.5510207414627075,0.03037368878722191,0.0,994
-0.18178291618824005,0.49783581495285034,-0.21133403480052948,0.4864715337753296,-0.2095113843679428,0.47893503308296204,0.0004523156094364822,0.0004520572838373482,0.0,0.0,1.5603306293487549,0.024790164083242416,1.5618308782577515,0.029904166236519814,0.5,0.5,1.5603306293487549,0.02478908933699131,0.0,995
-0.1741902381181717,0.4795304238796234,-0.20940519869327545,0.4866377115249634,-0.20724676549434662,0.47916775941848755,0.0004513901367317885,0.00046027774806134403,0.0,0.0,1.4683918952941895,0.022862061858177185,1.4848498106002808,0.019359832629561424,0.5,0.5,1.4683918952941895,0.02276550605893135,0.0,996
-0.1859336793422699,0.4676688611507416,-0.2057926058769226,0.48712867498397827,-0.20433855056762695,0.4796135127544403,0.00045077051618136466,0.00046588078839704394,0.0,0.0,1.4187037944793701,0.02945813722908497,1.4357205629348755,0.03645806759595871,0.5,0.5,1.4187037944793701,0.02942177839577198,0.0,997
-0.18542218208312988,0.4843020439147949,-0.20302601158618927,0.48731479048728943,-0.20194269716739655,0.4797922372817993,0.0004503554664552212,0.00046968215610831976,0.0,0.0,1.4963321685791016,0.02409764938056469,1.503624439239502,0.027728525921702385,0.5,0.5,1.4963321685791016,0.024025078862905502,0.0,998
-0.18646885454654694,0.47929325699806213,-0.20066317915916443,0.4875141382217407,-0.19927069544792175,0.4800538718700409,0.00045911394408904016,0.0004536971973720938,0.0,0.0,1.473188877105713,0.026854949072003365,1.4866282939910889,0.023712322115898132,0.5,0.5,1.473188877105713,0.026847757399082184,0.0,999
-0.18831932544708252,0.49206826090812683,-0.1983427107334137,0.48762431740760803,-0.1967790126800537,0.48014652729034424,0.0004559302469715476,0.00046139798359945416,0.0,0.0,1.5336309671401978,0.02497965656220913,1.523348093032837,0.023230789229273796,0.5,0.5,1.5336309671401978,0.024934042245149612,0.0,1000
-0.19028599560260773,0.5042679905891418,-0.1944161355495453,0.48759567737579346,-0.19383563101291656,0.48008817434310913,0.00045380659867078066,0.0004483147640712559,0.0,0.0,1.590618371963501,0.029487507417798042,1.578092336654663,0.039266858249902725,0.5,0.5,1.590618371963501,0.029439639300107956,0.0,1001
-0.18374031782150269,0.497016966342926,-0.19225908815860748,0.48761823773384094,-0.1913631409406662,0.48012351989746094,0.0004523875832092017,0.0004577166691888124,0.0,0.0,1.556506633758545,0.024741830304265022,1.5603313446044922,0.02157168835401535,0.5,0.5,1.556506633758545,0.024727437645196915,0.0,1002
-0.1820835918188095,0.48478811979293823,-0.18950530886650085,0.48782554268836975,-0.18890200555324554,0.4803043007850647,0.0004514383035711944,0.0004459138435777277,0.0,0.0,1.4974703788757324,0.024720773100852966,1.4956603050231934,0.02761564962565899,0.5,0.5,1.4974703788757324,0.024677705019712448,0.0,1003
-0.18826152384281158,0.483144611120224,-0.18716877698898315,0.488008588552475,-0.18631769716739655,0.48050856590270996,0.0004508027632255107,0.0004560702363960445,0.0,0.0,1.4919240474700928,0.025924131274223328,1.4926105737686157,0.023436972871422768,0.5,0.5,1.4919240474700928,0.025923732668161392,0.0,1004
-0.1962779313325882,0.4829367697238922,-0.18434789776802063,0.4882768392562866,-0.1836068034172058,0.48071759939193726,0.00045037706149742007,0.0004630167968571186,0.0,0.0,1.4938364028930664,0.027189455926418304,1.4759907722473145,0.028335997834801674,0.5,0.5,1.4938364028930664,0.027189405634999275,0.0,1005
-0.19414055347442627,0.481454998254776,-0.1823965609073639,0.48843589425086975,-0.18098686635494232,0.4809393286705017,0.0004500918148551136,0.000449368788395077,0.0,0.0,1.486371397972107,0.026293806731700897,1.489467740058899,0.01957806386053562,0.5,0.5,1.486371397972107,0.0262930728495121,0.0,1006
-0.18040594458580017,0.47382867336273193,-0.1803813874721527,0.4886951446533203,-0.17851734161376953,0.481253981590271,0.00044990063179284334,0.000440448522567749,0.0,0.0,1.4440664052963257,0.02491714619100094,1.4428554773330688,0.02031775377690792,0.5,0.5,1.4440664052963257,0.024894852191209793,0.0,1007
-0.18503496050834656,0.47248461842536926,-0.1781354695558548,0.4889654219150543,-0.17561374604701996,0.48163437843322754,0.00044977248762734234,0.0004345762135926634,0.0,0.0,1.4405343532562256,0.029284276068210602,1.4510258436203003,0.022621188312768936,0.5,0.5,1.4405343532562256,0.029284093528985977,0.0,1008
-0.18616630136966705,0.4801329970359802,-0.17607225477695465,0.4891657829284668,-0.17307402193546295,0.4818733334541321,0.00044968657311983407,0.00044825958320870996,0.0,0.0,1.4769901037216187,0.025526423007249832,1.473984956741333,0.020729156211018562,0.5,0.5,1.4769901037216187,0.025509461760520935,0.0,1009
-0.16748860478401184,0.4803870618343353,-0.1733991950750351,0.489408940076828,-0.1703944355249405,0.48214635252952576,0.0004496289766393602,0.00043972014100290835,0.0,0.0,1.4692553281784058,0.026935385540127754,1.4800753593444824,0.026840902864933014,0.5,0.5,1.4692553281784058,0.026934579014778137,0.0,1010
-0.16753637790679932,0.4918689727783203,-0.1714707612991333,0.48947441577911377,-0.16834184527397156,0.48223304748535156,0.0004495903558563441,0.0004340952436905354,0.0,0.0,1.5285903215408325,0.020580371841788292,1.5368552207946777,0.01929544284939766,0.5,0.5,1.5285903215408325,0.020544154569506645,0.0,1011
-0.1705741137266159,0.4870685636997223,-0.16885924339294434,0.48962610960006714,-0.16589456796646118,0.48239487409591675,0.0004495644534472376,0.00043037335854023695,0.0,0.0,1.5047720670700073,0.024533139541745186,1.5127745866775513,0.026159269735217094,0.5,0.5,1.5047720670700073,0.024526182562112808,0.0,1012
-0.17192378640174866,0.48060083389282227,-0.16607123613357544,0.4898862838745117,-0.16342781484127045,0.482637882232666,0.0004495471075642854,0.0004453489382285625,0.0,0.0,1.472602128982544,0.024799706414341927,1.4777461290359497,0.028001243248581886,0.5,0.5,1.472602128982544,0.024786874651908875,0.0,1013
-0.18297043442726135,0.4831794202327728,-0.1633901596069336,0.4901316463947296,-0.16086435317993164,0.4828452169895172,0.0004495354660321027,0.0004378063604235649,0.0,0.0,1.490092396736145,0.02572229690849781,1.4795373678207397,0.026922771707177162,0.5,0.5,1.490092396736145,0.025718363001942635,0.0,1014
-0.18027524650096893,0.48917996883392334,-0.16073012351989746,0.4902322590351105,-0.15844281017780304,0.4829728603363037,0.00044952763710170984,0.00045049094478599727,0.0,0.0,1.5181350708007812,0.02425854653120041,1.5329866409301758,0.026619378477334976,0.5,0.5,1.5181350708007812,0.024249009788036346,0.0,1015
-0.16961024701595306,0.4980870485305786,-0.15842197835445404,0.4902556240558624,-0.15597456693649292,0.4829971194267273,0.0004495224275160581,0.00045920663978904486,0.0,0.0,1.560966968536377,0.024706320837140083,1.5606756210327148,0.023082595318555832,0.5,0.5,1.560966968536377,0.02468366175889969,0.0,1016
-0.15110094845294952,0.49711039662361145,-0.15610221028327942,0.490231990814209,-0.15364885330200195,0.48303529620170593,0.0004495189059525728,0.0004651524650398642,0.0,0.0,1.5543889999389648,0.02326083555817604,1.5809803009033203,0.023198897019028664,0.5,0.5,1.5543889999389648,0.02326033264398575,0.0,1017
-0.1409292221069336,0.5019079446792603,-0.1547810435295105,0.4902482330799103,-0.15170130133628845,0.4830129146575928,0.00045854138443246484,0.0004507576522883028,0.0,0.0,1.5822944641113281,0.019484318792819977,1.558509349822998,0.01321268081665039,0.5,0.5,1.5822944641113281,0.01947673410177231,0.0,1018
-0.14377160370349884,0.49440017342567444,-0.15282250940799713,0.4902762472629547,-0.14943283796310425,0.4830881953239441,0.0004555486375465989,0.0004593891208060086,0.0,0.0,1.5376286506652832,0.022719770669937134,1.5564907789230347,0.019587326794862747,0.5,0.5,1.5376286506652832,0.02269710972905159,0.0,1019
-0.13985705375671387,0.4802411198616028,-0.15071843564510345,0.49052610993385315,-0.14724314212799072,0.48335063457489014,0.0004535517655313015,0.0004470052954275161,0.0,0.0,1.4515106678009033,0.02213573455810547,1.4525924921035767,0.021188631653785706,0.5,0.5,1.4515106678009033,0.022053701803088188,0.0,1020
-0.15166309475898743,0.47432947158813477,-0.14864885807037354,0.49081480503082275,-0.14493870735168457,0.4836854934692383,0.0004522171802818775,0.00045681901974603534,0.0,0.0,1.4264984130859375,0.023293709382414818,1.4321987628936768,0.020896200090646744,0.5,0.5,1.4264984130859375,0.023286424577236176,0.0,1021
-0.14671385288238525,0.4719333052635193,-0.14637815952301025,0.491214394569397,-0.1428019255399704,0.4840347468852997,0.00045132424565963447,0.0004635270743165165,0.0,0.0,1.4087786674499512,0.021654721349477768,1.396597146987915,0.02305590733885765,0.5,0.5,1.4087786674499512,0.02165132202208042,0.0,1022
-0.1358470320701599,0.46949905157089233,-0.14472083747386932,0.49151211977005005,-0.14081931114196777,0.48441070318222046,0.00045072639477439225,0.0004680870333686471,0.0,0.0,1.3833942413330078,0.020185982808470726,1.3930583000183105,0.016838477924466133,0.5,0.5,1.3833942413330078,0.02017948031425476,0.0,1023
-0.14324751496315002,0.4673062860965729,-0.1426381915807724,0.49189791083335876,-0.13863401114940643,0.48483535647392273,0.00045032589696347713,0.00047117509529925883,0.0,0.0,1.3788690567016602,0.022261977195739746,1.3876279592514038,0.021180836483836174,0.5,0.5,1.3788690567016602,0.02226174809038639,0.0,1024
-0.14123862981796265,0.46389153599739075,-0.14087870717048645,0.4922778010368347,-0.13638068735599518,0.48532480001449585,0.0004500575305428356,0.00045466420124284923,0.0,0.0,1.3569101095199585,0.02306419424712658,1.358145833015442,0.018000368028879166,0.5,0.5,1.3569101095199585,0.023058634251356125,0.0,1025
-0.1390356868505478,0.47055545449256897,-0.13781648874282837,0.4928419589996338,-0.13440720736980438,0.485679030418396,0.0004498776397667825,0.0004439187759999186,0.0,0.0,1.3931869268417358,0.02006336860358715,1.3886059522628784,0.031137527897953987,0.5,0.5,1.3931869268417358,0.02005016803741455,0.0,1026
-0.12508651614189148,0.4783776104450226,-0.13569769263267517,0.4931667149066925,-0.13274526596069336,0.48591846227645874,0.00045878696255385876,0.00045470011536963284,0.0,0.0,1.4277147054672241,0.01680103875696659,1.4187020063400269,0.021435372531414032,0.5,0.5,1.4277147054672241,0.016791025176644325,0.0,1027
-0.12834036350250244,0.48006120324134827,-0.13403122127056122,0.493375301361084,-0.13096225261688232,0.4861502945423126,0.00045571234659291804,0.00044394226279109716,0.0,0.0,1.4414921998977661,0.017981888726353645,1.4462791681289673,0.016794731840491295,0.5,0.5,1.4414921998977661,0.01798018254339695,0.0,1028
-0.13875624537467957,0.4914211630821228,-0.13244156539440155,0.49349117279052734,-0.1288272887468338,0.48626214265823364,0.000453661079518497,0.00045471626799553633,0.0,0.0,1.5184563398361206,0.021442389115691185,1.498033881187439,0.015938665717840195,0.5,0.5,1.5184563398361206,0.021378913894295692,0.0,1029
-0.1542620211839676,0.49247822165489197,-0.1303074210882187,0.49358198046684265,-0.12624496221542358,0.4863705039024353,0.0004613733326550573,0.00044395282748155296,0.0,0.0,1.5288612842559814,0.025847388431429863,1.5282714366912842,0.021360820159316063,0.5,0.5,1.5288612842559814,0.02584598958492279,0.0,1030
-0.17009034752845764,0.497287392616272,-0.12784920632839203,0.49360084533691406,-0.1237696185708046,0.4864049255847931,0.0004574346821755171,0.00043688714504241943,0.0,0.0,1.5568928718566895,0.024765554815530777,1.5631256103515625,0.024582862854003906,0.5,0.5,1.5568928718566895,0.024755824357271194,0.0,1031
-0.16402843594551086,0.515109121799469,-0.12623177468776703,0.4934926927089691,-0.12160918861627579,0.4862322509288788,0.0004639464314095676,0.0004322223539929837,0.0,0.0,1.6505571603775024,0.021768638864159584,1.637571930885315,0.016210433095693588,0.5,0.5,1.6505571603775024,0.02167321927845478,0.0,1032
-0.1487501561641693,0.5022176504135132,-0.12433595955371857,0.4934643805027008,-0.11935322731733322,0.48620346188545227,0.0004591453180182725,0.00044663046719506383,0.0,0.0,1.5835591554641724,0.02261219173669815,1.5857353210449219,0.018960269168019295,0.5,0.5,1.5835591554641724,0.022561458870768547,0.0,1033
-0.13806433975696564,0.4921334683895111,-0.12303484231233597,0.4935419261455536,-0.11736582964658737,0.4862993359565735,0.00045595114352181554,0.000456561945611611,0.0,0.0,1.5225918292999268,0.019934145733714104,1.5112615823745728,0.013034254312515259,0.5,0.5,1.5225918292999268,0.019897108897566795,0.0,1034
-0.13938310742378235,0.4704475402832031,-0.1202656552195549,0.4940275549888611,-0.11543858051300049,0.48664581775665283,0.0004538205685093999,0.0004633519274648279,0.0,0.0,1.3929184675216675,0.019747290760278702,1.3971916437149048,0.028114447370171547,0.5,0.5,1.3929184675216675,0.019581496715545654,0.0,1035
-0.1543968766927719,0.4817012548446655,-0.11884487420320511,0.4941733777523041,-0.11321060359477997,0.486873060464859,0.0004523969255387783,0.00046796820242889225,0.0,0.0,1.4691463708877563,0.022460568696260452,1.4685176610946655,0.014282453805208206,0.5,0.5,1.4691463708877563,0.022395344451069832,0.0,1036
-0.1401604562997818,0.4943833649158478,-0.1175355315208435,0.4942157566547394,-0.11123526096343994,0.4869402348995209,0.0004514445608947426,0.00045258592581376433,0.0,0.0,1.5368021726608276,0.019810155034065247,1.5384427309036255,0.013100306503474712,0.5,0.5,1.5368021726608276,0.01976483315229416,0.0,1037
-0.13496626913547516,0.500679612159729,-0.1162026971578598,0.494207501411438,-0.10944986343383789,0.486932635307312,0.0004508069541770965,0.00044255820102989674,0.0,0.0,1.575044870376587,0.01786721684038639,1.5769861936569214,0.013328627683222294,0.5,0.5,1.575044870376587,0.017854152247309685,0.0,1038
-0.1264069527387619,0.5054134726524353,-0.11464160680770874,0.4941388666629791,-0.10759550333023071,0.4868663251399994,0.0004503798845689744,0.00045376468915492296,0.0,0.0,1.60653555393219,0.01856462098658085,1.6147246360778809,0.015625979751348495,0.5,0.5,1.60653555393219,0.0185554176568985,0.0,1039
-0.115506112575531,0.512643575668335,-0.1128813624382019,0.4939667284488678,-0.1058836579322815,0.4867122769355774,0.0004500937066040933,0.0004614440549630672,0.0,0.0,1.6605405807495117,0.01721273548901081,1.6682822704315186,0.017686402425169945,0.5,0.5,1.6605405807495117,0.017187640070915222,0.0,1040
-0.10657025128602982,0.5048421025276184,-0.11117983609437943,0.4939377009868622,-0.10431715101003647,0.4866546392440796,0.00044990191236138344,0.0004666732274927199,0.0,0.0,1.6075818538665771,0.015697654336690903,1.5878615379333496,0.017017710953950882,0.5,0.5,1.6075818538665771,0.01567564718425274,0.0,1041
-0.09267818927764893,0.5063896179199219,-0.10864998400211334,0.4938012361526489,-0.10281753540039062,0.4865732192993164,0.0004497733316384256,0.0004702186561189592,0.0,0.0,1.6250405311584473,0.015020512975752354,1.6246870756149292,0.025335293263196945,0.5,0.5,1.6250405311584473,0.015018223784863949,0.0,1042
-0.08718834817409515,0.5028762221336365,-0.10790838301181793,0.49376848340034485,-0.10157076269388199,0.4865412414073944,0.0004541945818345994,0.0004726154438685626,0.0,0.0,1.5964280366897583,0.01247693132609129,1.6149508953094482,0.007423237431794405,0.5,0.5,1.5964280366897583,0.012471824884414673,0.0,1043
-0.09628106653690338,0.496077299118042,-0.10596703737974167,0.4937934875488281,-0.09997712820768356,0.4865927994251251,0.000457185524282977,0.0004742325400002301,0.0,0.0,1.538463830947876,0.015971483662724495,1.5579181909561157,0.01941508986055851,0.5,0.5,1.538463830947876,0.01594466157257557,0.0,1044
-0.11186130344867706,0.48305970430374146,-0.10459652543067932,0.4939577877521515,-0.09827689826488495,0.486803263425827,0.0004592039040289819,0.00045664169010706246,0.0,0.0,1.447645664215088,0.01720292493700981,1.4514808654785156,0.013803278096020222,0.5,0.5,1.447645664215088,0.017132028937339783,0.0,1045
-0.11148077249526978,0.4748794436454773,-0.10350678861141205,0.49414724111557007,-0.09655509144067764,0.4871201813220978,0.0004605637222994119,0.0004452116845641285,0.0,0.0,1.3887741565704346,0.017537647858262062,1.398677110671997,0.011060788296163082,0.5,0.5,1.3887741565704346,0.017507266253232956,0.0,1046
-0.0987994521856308,0.4762907922267914,-0.10203402489423752,0.49443376064300537,-0.09517119079828262,0.48738521337509155,0.0004568958538584411,0.0004555882478598505,0.0,0.0,1.3815745115280151,0.014090857468545437,1.3786571025848389,0.015003739856183529,0.5,0.5,1.3815745115280151,0.014090492390096188,0.0,1047
-0.09999576956033707,0.4782334566116333,-0.09987030923366547,0.4948290288448334,-0.09363292902708054,0.48765307664871216,0.00045445116120390594,0.0004626882146112621,0.0,0.0,1.3983869552612305,0.015616332180798054,1.3901054859161377,0.021995214745402336,0.5,0.5,1.3983869552612305,0.01561412587761879,0.0,1048
-0.0905717983841896,0.48825013637542725,-0.09814579039812088,0.49498263001441956,-0.09233503043651581,0.4877850413322449,0.0004528184945229441,0.00046751790796406567,0.0,0.0,1.4694772958755493,0.01307890098541975,1.4819597005844116,0.01731344498693943,0.5,0.5,1.4694772958755493,0.013045866042375565,0.0,1049
-0.08849366009235382,0.49336323142051697,-0.0970519632101059,0.49503058195114136,-0.0911608338356018,0.4878537058830261,0.00045172666432335973,0.0004707901971414685,0.0,0.0,1.5123858451843262,0.011772855184972286,1.5269734859466553,0.010948777198791504,0.5,0.5,1.5123858451843262,0.011762019246816635,0.0,1050
-0.07575472444295883,0.49149414896965027,-0.09551625698804855,0.4951607286930084,-0.08996610343456268,0.4879545569419861,0.00045099586714059114,0.00047300130245275795,0.0,0.0,1.4865747690200806,0.01199376117438078,1.4862416982650757,0.015412136912345886,0.5,0.5,1.4865747690200806,0.011989765800535679,0.0,1051
-0.07108587771654129,0.4899943768978119,-0.09457823634147644,0.49523431062698364,-0.08865031599998474,0.4880915582180023,0.00045050642802380025,0.0004744926409330219,0.0,0.0,1.4670382738113403,0.013231544755399227,1.4925072193145752,0.009409012272953987,0.5,0.5,1.4670382738113403,0.013229019939899445,0.0,1052
-0.06996049731969833,0.49226027727127075,-0.09267136454582214,0.49537041783332825,-0.08743501454591751,0.488190621137619,0.0004546911222860217,0.00045680973562411964,0.0,0.0,1.4894713163375854,0.012196402065455914,1.499533772468567,0.019117256626486778,0.5,0.5,1.4894713163375854,0.012193333357572556,0.0,1053
-0.06995835900306702,0.4900088906288147,-0.09071936458349228,0.4955725371837616,-0.08613808453083038,0.4883270859718323,0.0004529788566287607,0.0004453214933164418,0.0,0.0,1.4659664630889893,0.013044459745287895,1.467624545097351,0.01962435059249401,0.5,0.5,1.4659664630889893,0.013040856458246708,0.0,1054
-0.07071670144796371,0.47150930762290955,-0.09054478257894516,0.4956252872943878,-0.08506626635789871,0.48864611983299255,0.00045183394104242325,0.0004377882869448513,0.0,0.0,1.2814909219741821,0.01137592364102602,1.2773957252502441,0.001823722617700696,0.5,0.5,1.2814909219741821,0.011182904243469238,0.0,1055
-0.08454659581184387,0.483264684677124,-0.08877802640199661,0.4958774149417877,-0.08318516612052917,0.4889335036277771,0.00045106769539415836,0.00045047845924273133,0.0,0.0,1.4191994667053223,0.01921113207936287,1.4290478229522705,0.017846575006842613,0.5,0.5,1.4191994667053223,0.01902926340699196,0.0,1056
-0.08478605002164841,0.4738776385784149,-0.08809290081262589,0.49604281783103943,-0.08193894475698471,0.48923003673553467,0.00045055453665554523,0.00045919811236672103,0.0,0.0,1.3372011184692383,0.01285333652049303,1.333916425704956,0.007048049010336399,0.5,0.5,1.3372011184692383,0.012810150161385536,0.0,1057
-0.10397542268037796,0.4904507100582123,-0.0859169065952301,0.4962053894996643,-0.08010875433683395,0.4893655478954315,0.0004502107622101903,0.0004651466733776033,0.0,0.0,1.4968914985656738,0.018588514998555183,1.4962284564971924,0.021820588037371635,0.5,0.5,1.4968914985656738,0.018352005630731583,0.0,1058
-0.10446926951408386,0.49624937772750854,-0.08392387628555298,0.49627622961997986,-0.07869051396846771,0.48940664529800415,0.00044998034718446434,0.00046918491716496646,0.0,0.0,1.5418351888656616,0.014202729798853397,1.5352691411972046,0.019942915067076683,0.5,0.5,1.5418351888656616,0.014188388362526894,0.0,1059
-0.10746712982654572,0.49238982796669006,-0.08126461505889893,0.4964706003665924,-0.07704763859510422,0.489501029253006,0.0004498259222600609,0.0004533749306574464,0.0,0.0,1.5134097337722778,0.016462480649352074,1.4978299140930176,0.026663588359951973,0.5,0.5,1.5134097337722778,0.01645583100616932,0.0,1060
-0.0958683043718338,0.5053980946540833,-0.08016990125179291,0.4964280426502228,-0.07592417299747467,0.4894508421421051,0.0004497223999351263,0.0004611779295373708,0.0,0.0,1.6154273748397827,0.01130461972206831,1.6096444129943848,0.010955422185361385,0.5,0.5,1.6154273748397827,0.011245843954384327,0.0,1061
-0.09246671944856644,0.5107488632202148,-0.07898543775081635,0.4963237941265106,-0.0744522362947464,0.4893161654472351,0.000449652987299487,0.0004664924636017531,0.0,0.0,1.6620479822158813,0.014796950854361057,1.6585761308670044,0.011890450492501259,0.5,0.5,1.6620479822158813,0.01478087343275547,0.0,1062
-0.08623023331165314,0.4894980490207672,-0.07731755077838898,0.49647435545921326,-0.0730406790971756,0.4894494414329529,0.0004496064502745867,0.0004700963036157191,0.0,0.0,1.4766590595245361,0.014425506815314293,1.4807699918746948,0.01674671657383442,0.5,0.5,1.4766590595245361,0.0141783207654953,0.0,1063
-0.055252768099308014,0.46574705839157104,-0.07691442221403122,0.49664008617401123,-0.07254994660615921,0.4896535277366638,0.00044957525096833706,0.0004725328180938959,0.0,0.0,1.1673909425735474,0.005579493008553982,1.1807700395584106,0.004358611069619656,0.5,0.5,1.176659107208252,0.005314782727509737,0.0,1064
-0.061135631054639816,0.46578091382980347,-0.07501663267612457,0.49740365147590637,-0.071288101375103,0.49015483260154724,0.0004518056521192193,0.0004741768352687359,0.0,0.0,1.1926459074020386,0.013579493388533592,1.1882680654525757,0.020456403493881226,0.5,0.5,1.1926459074020386,0.013577757403254509,0.0,1065
-0.06697900593280792,0.4708661735057831,-0.07489315420389175,0.49744337797164917,-0.07053298503160477,0.4903939962387085,0.000453307933639735,0.0004566056886687875,0.0,0.0,1.2640492916107178,0.007941112853586674,1.2596157789230347,0.001297066337428987,0.5,0.5,1.2640492916107178,0.007920878008008003,0.0,1066
-0.06185560300946236,0.4666258692741394,-0.07425748556852341,0.4976901412010193,-0.06931306421756744,0.49086275696754456,0.000452054082415998,0.0004633817297872156,0.0,0.0,1.203942060470581,0.01309245079755783,1.2004995346069336,0.0068189045414328575,0.5,0.5,1.203942060470581,0.013068807311356068,0.0,1067
-0.06333686411380768,0.4621753394603729,-0.07219009101390839,0.49858441948890686,-0.06806311756372452,0.4913979768753052,0.0004534751351457089,0.0004679884295910597,0.0,0.0,1.1662298440933228,0.01360680628567934,1.1625328063964844,0.022525228559970856,0.5,0.5,1.1662298440933228,0.013597131706774235,0.0,1068
-0.07177507132291794,0.46964746713638306,-0.0712813064455986,0.49886295199394226,-0.06713499873876572,0.4916890859603882,0.00045443096314556897,0.00047110841842368245,0.0,0.0,1.2668733596801758,0.009776418097317219,1.2733970880508423,0.009505137801170349,0.5,0.5,1.2668733596801758,0.00972694717347622,0.0,1069
-0.06032980605959892,0.4715222418308258,-0.06903619319200516,0.4996514916419983,-0.06604498624801636,0.4920528531074524,0.00045280499034561217,0.0004546210402622819,0.0,0.0,1.2486821413040161,0.011492996476590633,1.2330269813537598,0.023795682936906815,0.5,0.5,1.2486821413040161,0.011491094715893269,0.0,1070
-0.06515252590179443,0.48111626505851746,-0.06842777878046036,0.49978363513946533,-0.06517773866653442,0.4922344982624054,0.0004517176130320877,0.0004620285180862993,0.0,0.0,1.3643172979354858,0.008920238353312016,1.3569235801696777,0.006225991994142532,0.5,0.5,1.3643172979354858,0.008860666304826736,0.0,1071
-0.0642564594745636,0.5081455111503601,-0.06689874827861786,0.49965161085128784,-0.06410056352615356,0.4921362102031708,0.00045098981354385614,0.00046707011642865837,0.0,0.0,1.661803960800171,0.011313460767269135,1.656923532485962,0.015347200445830822,0.5,0.5,1.661803960800171,0.01081653032451868,0.0,1072
-0.04775124788284302,0.5055475831031799,-0.0655665174126625,0.49955782294273376,-0.06321290135383606,0.4920685291290283,0.00045050238259136677,0.00043374617234803736,0.0,0.0,1.646903157234192,0.00890335626900196,1.6410695314407349,0.013355307281017303,0.5,0.5,1.646903157234192,0.008902367204427719,0.0,1073
-0.045744284987449646,0.510803759098053,-0.06446390599012375,0.4993770122528076,-0.06233546882867813,0.49193453788757324,0.0004524303658399731,0.00044768539373762906,0.0,0.0,1.7223408222198486,0.00890136044472456,1.7333292961120605,0.011173360049724579,0.5,0.5,1.7223408222198486,0.008876044303178787,0.0,1074
-0.05252331495285034,0.5046703219413757,-0.06299816071987152,0.49927473068237305,-0.06138015538454056,0.4918769896030426,0.00045372830936685205,0.0004216322267893702,0.0,0.0,1.6309677362442017,0.009610536508262157,1.6404621601104736,0.014693089760839939,0.5,0.5,1.6309677362442017,0.00957044493407011,0.0,1075
-0.0507473424077034,0.5123180747032166,-0.061171986162662506,0.4989800751209259,-0.06053946167230606,0.49174028635025024,0.00045460116234607995,0.0004051254945807159,0.0,0.0,1.7320055961608887,0.008561037480831146,1.7307761907577515,0.018497953191399574,0.5,0.5,1.7320055961608887,0.008517376147210598,0.0,1076
-0.03714674711227417,0.5057204961776733,-0.0601709820330143,0.498890221118927,-0.05990622937679291,0.4916819930076599,0.0004529187281150371,0.0004276887630112469,0.0,0.0,1.662585973739624,0.006374449003487825,1.6603178977966309,0.010050270706415176,0.5,0.5,1.662585973739624,0.006359095685184002,0.0,1077
-0.03915753960609436,0.5058786869049072,-0.059638749808073044,0.49884870648384094,-0.05904466658830643,0.4916030466556549,0.0004517937486525625,0.00044348544906824827,0.0,0.0,1.6621699333190918,0.008651703596115112,1.6486512422561646,0.0053384797647595406,0.5,0.5,1.6621699333190918,0.008651702664792538,0.0,1078
-0.0428844653069973,0.5125284790992737,-0.05920039862394333,0.49877315759658813,-0.05824971944093704,0.4914563298225403,0.0004510407743509859,0.0004544022958725691,0.0,0.0,1.7532989978790283,0.008117388002574444,1.741437315940857,0.004448122810572386,0.5,0.5,1.7532989978790283,0.0080837057903409,0.0,1079
-0.041307028383016586,0.5053050518035889,-0.05810787156224251,0.49868589639663696,-0.05736203119158745,0.4913853108882904,0.000452792999567464,0.0004618792445398867,0.0,0.0,1.6506340503692627,0.008952378295361996,1.6504881381988525,0.010960050858557224,0.5,0.5,1.6506340503692627,0.008905240334570408,0.0,1080
-0.0520305335521698,0.502690315246582,-0.05698167532682419,0.4986337423324585,-0.056498728692531586,0.49135515093803406,0.0004539722576737404,0.000466968776891008,0.0,0.0,1.6057075262069702,0.008647007867693901,1.6170642375946045,0.01127401553094387,0.5,0.5,1.6057075262069702,0.008638283237814903,0.0,1081
-0.051204487681388855,0.5220544934272766,-0.055762533098459244,0.49828776717185974,-0.055826086550951004,0.49116048216819763,0.0004547651333268732,0.00047041865764185786,0.0,0.0,1.8525115251541138,0.007221275474876165,1.8473087549209595,0.01267281174659729,0.5,0.5,1.8525115251541138,0.00700245751067996,0.0,1082
-0.06469794362783432,0.5245157480239868,-0.054730795323848724,0.4980086386203766,-0.05450257658958435,0.4907987415790558,0.0004552978789433837,0.0004727504856418818,0.0,0.0,1.8375951051712036,0.013722045347094536,1.835002064704895,0.010688240639865398,0.5,0.5,1.8375951051712036,0.013720518909394741,0.0,1083
-0.08683790266513824,0.5377869606018066,-0.05231524258852005,0.4971597492694855,-0.05286238342523575,0.4902445673942566,0.00045338424388319254,0.00047432357678189874,0.0,0.0,1.8966268301010132,0.01734304055571556,1.9087389707565308,0.025603683665394783,0.5,0.5,1.8966268301010132,0.017312830314040184,0.0,1084
-0.07985154539346695,0.5276277661323547,-0.05036986619234085,0.4966680705547333,-0.05184430256485939,0.48997631669044495,0.0004521051305346191,0.00047538342187181115,0.0,0.0,1.8284342288970947,0.010552833788096905,1.8183488845825195,0.020065469667315483,0.5,0.5,1.8284342288970947,0.010528306476771832,0.0,1085
-0.07515408098697662,0.5265938639640808,-0.04951605945825577,0.49643784761428833,-0.05046835541725159,0.4896109700202942,0.00045124924508854747,0.0004760968731716275,0.0,0.0,1.8303368091583252,0.014236297458410263,1.8341834545135498,0.008843036368489265,0.5,0.5,1.8303368091583252,0.014236271381378174,0.0,1086
-0.061767593026161194,0.5139240622520447,-0.04914131760597229,0.4963742196559906,-0.04938245192170143,0.48943671584129333,0.0004506761615630239,0.00043933914275839925,0.0,0.0,1.7299152612686157,0.011053665541112423,1.7389811277389526,0.003801057580858469,0.5,0.5,1.7299152612686157,0.01099797710776329,0.0,1087
-0.05923536792397499,0.5095750689506531,-0.048496950417757034,0.4963001608848572,-0.04819430783390999,0.4893016517162323,0.00045254745054990053,0.0004515480832196772,0.0,0.0,1.68398118019104,0.01197059452533722,1.685226559638977,0.006486085243523121,0.5,0.5,1.68398118019104,0.011957967653870583,0.0,1088
-0.05889897793531418,0.48199987411499023,-0.04787834361195564,0.496416300535202,-0.047200314700603485,0.48948952555656433,0.00045154528925195336,0.0004599296662490815,0.0,0.0,1.359454870223999,0.010673065669834614,1.3852266073226929,0.006294144317507744,0.5,0.5,1.3839812278747559,0.010115951299667358,0.0,1089
-0.059758950024843216,0.4797249436378479,-0.04702632501721382,0.4966161251068115,-0.04623153433203697,0.48972126841545105,0.0004508744168560952,0.0004473578301258385,0.0,0.0,1.3359999656677246,0.009972603060305119,1.3404139280319214,0.00875142216682434,0.5,0.5,1.3359999656677246,0.009961125440895557,0.0,1090
-0.04564080387353897,0.47428542375564575,-0.046000443398952484,0.4969898462295532,-0.04496287927031517,0.4901830852031708,0.000452680978924036,0.00045706075616180897,0.0,0.0,1.2216874361038208,0.013589631766080856,1.2214436531066895,0.0109183294698596,0.5,0.5,1.2216874361038208,0.013500938192009926,0.0,1091
-0.03443581983447075,0.474420964717865,-0.046000443398952484,0.4969898462295532,-0.04496287927031517,0.4901830852031708,0.00045163463801145554,0.0004636917728930712,0.0,0.0,1.2195394039154053,0.0,1.223719835281372,0.0,0.5,0.5,1.2195394039154053,0.0,0.0,1092
-0.043635137379169464,0.4638909697532654,-0.0452888123691082,0.497354120016098,-0.0442611388862133,0.49055227637290955,0.00045093425433151424,0.0004681987047661096,0.0,0.0,1.0864864587783813,0.00800000037997961,1.097687005996704,0.007994434796273708,0.5,0.5,1.0864864587783813,0.007929292507469654,0.0,1093
-0.038712069392204285,0.47322002053260803,-0.04452450945973396,0.49766838550567627,-0.043369606137275696,0.4909270107746124,0.0004504651587922126,0.00045273546129465103,0.0,0.0,1.172889232635498,0.00970709789544344,1.1806727647781372,0.008263948373496532,0.5,0.5,1.172889232635498,0.00967088621109724,0.0,1094
-0.04226566478610039,0.47540193796157837,-0.043484725058078766,0.49804428219795227,-0.042755916714668274,0.4911514222621918,0.0004501508374232799,0.0004607411683537066,0.0,0.0,1.2202171087265015,0.006541678681969643,1.2238917350769043,0.011056476272642612,0.5,0.5,1.2202171087265015,0.006534353364259005,0.0,1095
-0.05148176848888397,0.470656156539917,-0.04256730526685715,0.49839308857917786,-0.04174647107720375,0.4915387034416199,0.0004499402130022645,0.00046619572094641626,0.0,0.0,1.2044453620910645,0.010813257656991482,1.2074626684188843,0.009814949706196785,0.5,0.5,1.2044453620910645,0.010811912827193737,0.0,1096
-0.034859076142311096,0.47964367270469666,-0.04146938771009445,0.4987698793411255,-0.041067205369472504,0.4917697012424469,0.00045205160859040916,0.00046989539987407625,0.0,0.0,1.2429941892623901,0.007180028595030308,1.2402054071426392,0.011607731692492962,0.5,0.5,1.2429941892623901,0.007174694444984198,0.0,1097
-0.02968098409473896,0.48869848251342773,-0.04056992754340172,0.4989549219608307,-0.04050908982753754,0.49188506603240967,0.0004534734762273729,0.0004723971651401371,0.0,0.0,1.3669852018356323,0.005743210669606924,1.367897391319275,0.00918297003954649,0.5,0.5,1.3669852018356323,0.005699119996279478,0.0,1098
-0.025678005069494247,0.4755782186985016,-0.040167707949876785,0.49914443492889404,-0.04000300168991089,0.4921289384365082,0.0004532969032879919,0.0004554550687316805,0.0,0.0,1.1217325925827026,0.005791173782199621,1.1304795742034912,0.0044463034719228745,0.5,0.5,1.1217325925827026,0.005617878865450621,0.0,1099
-0.0318438857793808,0.46835091710090637,-0.039576366543769836,0.49946847558021545,-0.03924359753727913,0.4925517439842224,0.00045317847980186343,0.00044448781409300864,0.0,0.0,1.0627686977386475,0.008706914260983467,1.069493293762207,0.006743122823536396,0.5,0.5,1.0627686977386475,0.00869178306311369,0.0,1100
-0.03775530308485031,0.48281392455101013,-0.03911412134766579,0.49960318207740784,-0.03855927288532257,0.49273914098739624,0.00045309908455237746,0.00043723947601392865,0.0,0.0,1.3034918308258057,0.007305881939828396,1.2872428894042969,0.004814726300537586,0.5,0.5,1.3034918308258057,0.00709522282704711,0.0,1101
-0.025554204359650612,0.49744606018066406,-0.03911412134766579,0.49960318207740784,-0.03855927288532257,0.49273914098739624,0.00045191438402980566,0.00043245547567494214,0.0,0.0,1.3003844022750854,0.0,1.301079511642456,0.0,0.5,0.5,1.3003844022750854,0.0,0.0,1102
-0.00918505247682333,0.4750159680843353,-0.03911412134766579,0.49960318207740784,-0.03855927288532257,0.49273914098739624,0.00045225091162137687,0.00044679190614260733,0.0,0.0,1.3002196550369263,0.0,1.2674976587295532,0.0,0.5,0.5,1.3002196550369263,0.0,0.0,1103
-0.007828880101442337,0.49386924505233765,-0.03911412134766579,0.49960318207740784,-0.03855927288532257,0.49273914098739624,0.0004524767573457211,0.0004566726856864989,0.0,0.0,1.295336127281189,0.0,1.2968676090240479,0.0,0.5,0.5,1.295336127281189,0.0,0.0,1104
-0.008852530270814896,0.5055783987045288,-0.03911412134766579,0.49960318207740784,-0.03855927288532257,0.49273914098739624,0.00045206304639577866,0.0004452319408301264,0.0,0.0,1.2881972789764404,0.0,1.2847414016723633,0.0,0.5,0.5,1.2881972789764404,0.0,0.0,1105
-0.011471804231405258,0.5009967088699341,-0.03911412134766579,0.49960318207740784,-0.03855927288532257,0.49273914098739624,0.00045235067955218256,0.0004556021303869784,0.0,0.0,1.2854454517364502,0.0,1.2764540910720825,0.0,0.5,0.5,1.2854454517364502,0.0,0.0,1106
-0.019092591479420662,0.5029398798942566,-0.03911412134766579,0.49960318207740784,-0.03855927288532257,0.49273914098739624,0.00045254372525960207,0.000462697702459991,0.0,0.0,1.288215160369873,0.0,1.289223551750183,0.0,0.5,0.5,1.288215160369873,0.0,0.0,1107
-0.030938077718019485,0.5035231113433838,-0.03839986398816109,0.4995900094509125,-0.03780665621161461,0.49272602796554565,0.000452673266408965,0.0004675243399105966,0.0,0.0,1.6336952447891235,0.00800000037997961,1.5892235040664673,0.007143804337829351,0.5,0.5,1.5882151126861572,0.007527303881943226,0.0,1108
-0.02465885691344738,0.49697181582450867,-0.03839986398816109,0.4995900094509125,-0.03780665621161461,0.49272602796554565,0.0004527601704467088,0.0004707945336122066,0.0,0.0,1.5905675888061523,0.0,1.5956659317016602,0.0,0.5,0.5,1.5905675888061523,0.0,0.0,1109
-0.04481470584869385,0.4997817277908325,-0.037101052701473236,0.4995952248573303,-0.03700686991214752,0.4927285313606262,0.00045281846541911364,0.0004730042419396341,0.0,0.0,1.5676697492599487,0.00800000037997961,1.5667887926101685,0.012988198548555374,0.5,0.5,1.5676697492599487,0.007997903041541576,0.0,1110
-0.037808436900377274,0.5202264189720154,-0.03602113947272301,0.4992659091949463,-0.03610143065452576,0.492451548576355,0.00045172663521952927,0.0004558477085083723,0.0,0.0,1.882343053817749,0.00995752401649952,1.8667887449264526,0.01129011157900095,0.5,0.5,1.867669701576233,0.00946858525276184,0.0,1111
-0.03586108610033989,0.5277755856513977,-0.03530530631542206,0.49893811345100403,-0.03548178821802139,0.49216875433921814,0.00045099586714059114,0.0004628651076927781,0.0,0.0,1.998940348625183,0.006870309356600046,2.000232696533203,0.007873198948800564,0.5,0.5,1.998940348625183,0.006811199709773064,0.0,1112
-0.03697392717003822,0.5197249054908752,-0.034292299300432205,0.4986265003681183,-0.034942347556352615,0.4919970631599426,0.00045050642802380025,0.0004676379612646997,0.0,0.0,1.8789355754852295,0.005702067632228136,1.8692278861999512,0.010598523542284966,0.5,0.5,1.8789355754852295,0.005661058705300093,0.0,1113
-0.03796949237585068,0.5140531063079834,-0.03347603604197502,0.49843448400497437,-0.03406914696097374,0.4918021857738495,0.00045017851516604424,0.0004708713968284428,0.0,0.0,1.7903717756271362,0.008982017636299133,1.8018407821655273,0.008385449647903442,0.5,0.5,1.7903717756271362,0.008946815505623817,0.0,1114
-0.031163986772298813,0.507744312286377,-0.032531265169382095,0.49829646944999695,-0.03335021063685417,0.491703063249588,0.00044995875214226544,0.000436105125118047,0.0,0.0,1.7078202962875366,0.007282195147126913,1.7158524990081787,0.009547988884150982,0.5,0.5,1.7078202962875366,0.007257395889610052,0.0,1115
-0.027695003896951675,0.5041889548301697,-0.032531265169382095,0.49829646944999695,-0.03335021063685417,0.491703063249588,0.00045093733933754265,0.00044931634329259396,0.0,0.0,1.7097102403640747,0.0,1.7116036415100098,0.0,0.5,0.5,1.7097102403640747,0.0,0.0,1116
-0.026682049036026,0.49029332399368286,-0.03219408541917801,0.498350590467453,-0.032601796090602875,0.4918246865272522,0.0004515948530752212,0.00045840267557650805,0.0,0.0,1.3851436376571655,0.00800000037997961,1.4116036891937256,0.0034149775747209787,0.5,0.5,1.4097102880477905,0.007582311984151602,0.0,1117
-0.02480149082839489,0.507999062538147,-0.03219408541917801,0.498350590467453,-0.032601796090602875,0.4918246865272522,0.0004520363872870803,0.0004463616933207959,0.0,0.0,1.4161580801010132,0.0,1.4063647985458374,0.0,0.5,0.5,1.4161580801010132,0.0,0.0,1118
-0.02065928652882576,0.5211941003799438,-0.03219408541917801,0.498350590467453,-0.03209013119339943,0.4917497932910919,0.0004523328098002821,0.00045637754374183714,0.0,0.0,2.0053794384002686,0.006220072507858276,1.7063647508621216,0.0,0.5,0.5,1.7161580324172974,0.005171204451471567,0.0,1119
-0.03627887740731239,0.5349259376525879,-0.031241051852703094,0.4979070723056793,-0.03130781650543213,0.4913763701915741,0.0004525317344814539,0.0004632262571249157,0.0,0.0,2.08882737159729,0.009307616390287876,2.0063648223876953,0.010511815547943115,0.5,0.5,2.016158103942871,0.008668730966746807,0.0,1120
-0.039693258702754974,0.5356498956680298,-0.030250050127506256,0.4973480999469757,-0.030769087374210358,0.49107950925827026,0.00045379649964161217,0.00046788298641331494,0.0,0.0,2.074453353881836,0.006161573808640242,2.084367275238037,0.011377809569239616,0.5,0.5,2.074453353881836,0.006151107139885426,0.0,1121
-0.035923391580581665,0.5223909616470337,-0.028836555778980255,0.49684959650039673,-0.029936695471405983,0.49077358841896057,0.00045238083112053573,0.00047103711403906345,0.0,0.0,1.9229992628097534,0.008971001021564007,1.9098527431488037,0.014988236129283905,0.5,0.5,1.9229992628097534,0.008868307806551456,0.0,1122
-0.026368459686636925,0.5174182653427124,-0.028836555778980255,0.49684959650039673,-0.029936695471405983,0.49077358841896057,0.0004536949854809791,0.0004731679509859532,0.0,0.0,1.9228922128677368,0.0,1.8994656801223755,0.0,0.5,0.5,1.9228922128677368,0.0,0.0,1123
-0.027454396709799767,0.5177902579307556,-0.027349570766091347,0.49635881185531616,-0.029179321601986885,0.490516722202301,0.0004534454201348126,0.00047460495261475444,0.0,0.0,1.8977789878845215,0.00800000037997961,1.8895848989486694,0.015658803284168243,0.5,0.5,1.8977789878845215,0.007997477427124977,0.0,1124
-0.005862121004611254,0.5230833888053894,-0.027349570766091347,0.49635881185531616,-0.029179321601986885,0.490516722202301,0.00045214605052024126,0.00047557285870425403,0.0,0.0,1.901213526725769,0.0,1.8986941576004028,0.0,0.5,0.5,1.901213526725769,0.0,0.0,1125
-0.006322886329144239,0.5259290933609009,-0.027349570766091347,0.49635881185531616,-0.029179321601986885,0.490516722202301,0.00045212387340143323,0.00043901530443690717,0.0,0.0,1.8999971151351929,0.0,1.913697361946106,0.0,0.5,0.5,1.8999971151351929,0.0,0.0,1126
-0.006620769388973713,0.5286580920219421,-0.027349570766091347,0.49635881185531616,-0.029179321601986885,0.490516722202301,0.00045239151222631335,0.0004161680117249489,0.0,0.0,1.9074434041976929,0.0,1.9138201475143433,0.0,0.5,0.5,1.9074434041976929,0.0,0.0,1127
-0.01826467365026474,0.5124346017837524,-0.027349570766091347,0.49635881185531616,-0.029179321601986885,0.490516722202301,0.0004522884846664965,0.00043544991058297455,0.0,0.0,1.9062654972076416,0.0,1.9054464101791382,0.0,0.5,0.5,1.9062654972076416,0.0,0.0,1128
-0.020325561985373497,0.5057463645935059,-0.027349570766091347,0.49635881185531616,-0.029179321601986885,0.490516722202301,0.0004525019903667271,0.00044886357500217855,0.0,0.0,1.9071711301803589,0.0,1.9082447290420532,0.0,0.5,0.5,1.9071711301803589,0.0,0.0,1129
-0.016461964696645737,0.5000225305557251,-0.027349570766091347,0.49635881185531616,-0.029179321601986885,0.490516722202301,0.0004526452685240656,0.00045809263247065246,0.0,0.0,1.9112467765808105,0.0,1.8884201049804688,0.0,0.5,0.5,1.9112467765808105,0.0,0.0,1130
-0.015308509580790997,0.5001538991928101,-0.027349570766091347,0.49635881185531616,-0.029179321601986885,0.490516722202301,0.00045274136937223375,0.0004643944266717881,0.0,0.0,1.9101698398590088,0.0,1.9280508756637573,0.0,0.5,0.5,1.9101698398590088,0.0,0.0,1131
-0.009118434973061085,0.5015085339546204,-0.027349570766091347,0.49635881185531616,-0.029179321601986885,0.490516722202301,0.00045280586346052587,0.00046867510536685586,0.0,0.0,1.911213755607605,0.0,1.9179679155349731,0.0,0.5,0.5,1.911213755607605,0.0,0.0,1132
-0.014375753700733185,0.4965008795261383,-0.027349570766091347,0.49635881185531616,-0.029179321601986885,0.490516722202301,0.00045284914085641503,0.00047157268272712827,0.0,0.0,1.916184902191162,0.0,1.919005274772644,0.0,0.5,0.5,1.916184902191162,0.0,0.0,1133
-0.012939541600644588,0.49672481417655945,-0.027349570766091347,0.49635881185531616,-0.029179321601986885,0.490516722202301,0.0004528781573753804,0.000473529304144904,0.0,0.0,1.9137083292007446,0.0,1.8933522701263428,0.0,0.5,0.5,1.9137083292007446,0.0,0.0,1134
-0.010976451449096203,0.5031647086143494,-0.027349570766091347,0.49635881185531616,-0.029179321601986885,0.490516722202301,0.00045289762783795595,0.00047484843526035547,0.0,0.0,1.9116897583007812,0.0,1.9009766578674316,0.0,0.5,0.5,1.9116897583007812,0.0,0.0,1135
-0.018165942281484604,0.5013189911842346,-0.027349570766091347,0.49635881185531616,-0.029179321601986885,0.490516722202301,0.00045234503340907395,0.0004757368005812168,0.0,0.0,1.905246376991272,0.0,1.9037925004959106,0.0,0.5,0.5,1.905246376991272,0.0,0.0,1136
-0.018001871183514595,0.5002616047859192,-0.027349570766091347,0.49635881185531616,-0.029179321601986885,0.490516722202301,0.0004525399417616427,0.0004763346223626286,0.0,0.0,1.9009733200073242,0.0,1.8976924419403076,0.0,0.5,0.5,1.9009733200073242,0.0,0.0,1137
-0.026003586128354073,0.48849189281463623,-0.027083784341812134,0.4963516592979431,-0.02859504334628582,0.4904990792274475,0.0004526707052718848,0.0004394860297907144,0.0,0.0,1.3488789796829224,0.006865453440696001,1.5976924896240234,0.0026588274631649256,0.5,0.5,1.60097336769104,0.005845438688993454,0.0,1138
-0.007328233681619167,0.490955114364624,-0.027083784341812134,0.4963516592979431,-0.02859504334628582,0.4904990792274475,0.00045275845332071185,0.0004516493354458362,0.0,0.0,1.5978493690490723,0.0,1.5913084745407104,0.0,0.5,0.5,1.5978493690490723,0.0,0.0,1139
-0.0036334428004920483,0.49677732586860657,-0.027083784341812134,0.4963516592979431,-0.02859504334628582,0.4904990792274475,0.00045253452844917774,0.00045999890426173806,0.0,0.0,1.5990358591079712,0.0,1.6032345294952393,0.0,0.5,0.5,1.5990358591079712,0.0,0.0,1140
-0.024097878485918045,0.5018153786659241,-0.027083784341812134,0.4963516592979431,-0.02859504334628582,0.4904990792274475,0.0004525257390923798,0.0004474029701668769,0.0,0.0,1.5988401174545288,0.0,1.5990978479385376,0.0,0.5,0.5,1.5988401174545288,0.0,0.0,1141
-0.015795329585671425,0.49850010871887207,-0.027083784341812134,0.4963516592979431,-0.02859504334628582,0.4904990792274475,0.00045266118831932545,0.0004214546934235841,0.0,0.0,1.594527244567871,0.0,1.5991754531860352,0.0,0.5,0.5,1.594527244567871,0.0,0.0,1142
0.0008961647399701178,0.4873724579811096,-0.027083784341812134,0.4963516592979431,-0.02859504334628582,0.4904990792274475,0.0004527520795818418,0.00042196016875095665,0.0,0.0,1.5963244438171387,0.0,1.592681884765625,0.0,0.5,0.5,1.5963244438171387,0.0,0.0,1143
0.00702850054949522,0.48899221420288086,-0.027083784341812134,0.4963516592979431,-0.02859504334628582,0.4904990792274475,0.0004526716365944594,0.00043949770042672753,0.0,0.0,1.5913467407226562,0.0,1.5710327625274658,0.0,0.5,0.5,1.5913467407226562,0.0,0.0,1144
0.013953148387372494,0.4900861382484436,-0.02628590166568756,0.4963834285736084,-0.02779698744416237,0.4905293881893158,0.0004527590936049819,0.0004339482984505594,0.0,0.0,1.5328372716903687,0.00800000037997961,1.5310081243515015,0.00798514112830162,0.5,0.5,1.5328372716903687,0.007986310869455338,0.0,1145
1.7811466022976674e-05,0.48927244544029236,-0.025002852082252502,0.49641960859298706,-0.02619820460677147,0.49059176445007324,0.0004528177378233522,0.00043027594801969826,0.0,0.0,1.5318043231964111,0.01600000075995922,1.5426141023635864,0.01283558364957571,0.5,0.5,1.5318043231964111,0.015999991446733475,0.0,1146
-0.0009612202411517501,0.5037977695465088,-0.022143468260765076,0.49636757373809814,-0.0238017700612545,0.49055877327919006,0.0004527156997937709,0.0004452813882380724,0.0,0.0,1.5845574140548706,0.024000000208616257,1.5889893770217896,0.02859857678413391,0.5,0.5,1.5845574140548706,0.023966612294316292,0.0,1147
-0.010187484323978424,0.5156161189079285,-0.01903003640472889,0.4962306618690491,-0.020609233528375626,0.49038395285606384,0.00045264724758453667,0.0004556360945571214,0.0,0.0,1.6254991292953491,0.03200000151991844,1.6147428750991821,0.031164400279521942,0.5,0.5,1.6254991292953491,0.031973183155059814,0.0,1148
-0.0020157478284090757,0.5094661116600037,-0.015249546617269516,0.4960770606994629,-0.01708858832716942,0.4902636408805847,0.00045274270814843476,0.0004627208400052041,0.0,0.0,1.604954719543457,0.03523442894220352,1.6114007234573364,0.03783608600497246,0.5,0.5,1.604954719543457,0.03522699326276779,0.0,1149
-0.020741833373904228,0.5220832824707031,-0.012395468540489674,0.49585455656051636,-0.013406693004071712,0.4899887144565582,0.0004526653792709112,0.00046754005597904325,0.0,0.0,1.6453288793563843,0.03695157170295715,1.6485965251922607,0.02862737327814102,0.5,0.5,1.6453288793563843,0.036921460181474686,0.0,1150
-0.018479708582162857,0.5115376114845276,-0.00873457919806242,0.49570220708847046,-0.009786203503608704,0.4898463785648346,0.00045275487354956567,0.0004708051565103233,0.0,0.0,1.6100893020629883,0.0362553708255291,1.6123913526535034,0.03664058446884155,0.5,0.5,1.6100893020629883,0.03623286262154579,0.0,1151
-0.01185580249875784,0.4955812692642212,-0.0053150709718465805,0.49576932191848755,-0.006089209113270044,0.4899033308029175,0.00045224945642985404,0.00047301140148192644,0.0,0.0,1.5553935766220093,0.037029702216386795,1.5511692762374878,0.034201670438051224,0.5,0.5,1.5553935766220093,0.03697432950139046,0.0,1152
-0.020223811268806458,0.5008965134620667,-0.0019898724276572466,0.49573612213134766,-0.002372834598645568,0.48989203572273254,0.00045247579691931605,0.00045585233601741493,0.0,0.0,1.5738329887390137,0.03717023506760597,1.5807788372039795,0.03325364366173744,0.5,0.5,1.5738329887390137,0.03716391697525978,0.0,1153
-0.008868665434420109,0.5152254700660706,0.0014470212627202272,0.49554821848869324,0.0012430023634806275,0.4896981120109558,0.0004526276607066393,0.0004628682800102979,0.0,0.0,1.6243805885314941,0.03625665232539177,1.6254165172576904,0.03442026674747467,0.5,0.5,1.6243805885314941,0.03621034324169159,0.0,1154
-0.006517861038446426,0.529194176197052,0.00458213035017252,0.4952014982700348,0.00480580423027277,0.48932865262031555,0.00045272958232089877,0.00046764008584432304,0.0,0.0,1.674129605293274,0.03586345538496971,1.6809370517730713,0.03154221549630165,0.5,0.5,1.674129605293274,0.03581908345222473,0.0,1155
-0.011471109464764595,0.5030004978179932,0.008430003188550472,0.4951871633529663,0.008432271890342236,0.48929065465927124,0.0004526565608102828,0.00047087285201996565,0.0,0.0,1.5812698602676392,0.036423590034246445,1.574525237083435,0.03847899287939072,0.5,0.5,1.5812698602676392,0.03626666218042374,0.0,1156
-0.0032852196600288153,0.5155611634254456,0.012936976738274097,0.494930237531662,0.011833522468805313,0.48910045623779297,0.00045274902367964387,0.00047305706539191306,0.0,0.0,1.626656174659729,0.03410075232386589,1.627741813659668,0.04514291137456894,0.5,0.5,1.626656174659729,0.03406563773751259,0.0,1157
0.004312917124480009,0.5192821621894836,0.01652642898261547,0.4946450889110565,0.015186871401965618,0.4888615906238556,0.000452665175544098,0.00047453021397814155,0.0,0.0,1.641910433769226,0.0336223766207695,1.6500732898712158,0.03600761294364929,0.5,0.5,1.641910433769226,0.033618465065956116,0.0,1158
0.006427625194191933,0.5285349488258362,0.01922003924846649,0.49436748027801514,0.018536090850830078,0.4885057508945465,0.00045275475713424385,0.0004755225672852248,0.0,0.0,1.6766459941864014,0.03370102122426033,1.673500895500183,0.027078792452812195,0.5,0.5,1.6766459941864014,0.033680692315101624,0.0,1159
0.021395057439804077,0.5196846127510071,0.023109523579478264,0.4940957725048065,0.021724283695220947,0.4882582724094391,0.00045281482744030654,0.00047619050019420683,0.0,0.0,1.6482603549957275,0.03199071064591408,1.6405400037765503,0.03898962214589119,0.5,0.5,1.6482603549957275,0.0319778248667717,0.0,1160
0.03007926419377327,0.5261861681938171,0.02631399780511856,0.49378281831741333,0.02458435855805874,0.48795247077941895,0.0004528551362454891,0.0004766398051287979,0.0,0.0,1.6773086786270142,0.0287758968770504,1.6681536436080933,0.03219721466302872,0.5,0.5,1.6773086786270142,0.028763756155967712,0.0,1161
0.02849229983985424,0.5244755148887634,0.029410071671009064,0.4934273064136505,0.0278769563883543,0.4876255393028259,0.00045175119885243475,0.00047694193199276924,0.0,0.0,1.669761061668396,0.03308882191777229,1.685120940208435,0.031164174899458885,0.5,0.5,1.669761061668396,0.03308787941932678,0.0,1162
0.050827473402023315,0.5199219584465027,0.0322251059114933,0.4931568503379822,0.030345071107149124,0.4874061942100525,0.00045101228170096874,0.0004771450476255268,0.0,0.0,1.6594324111938477,0.024779731407761574,1.666573405265808,0.028279948979616165,0.5,0.5,1.6594324111938477,0.02477840892970562,0.0,1163
0.0500790998339653,0.519875705242157,0.03561485931277275,0.4927959740161896,0.03344351425766945,0.48713240027427673,0.0004505174292717129,0.00043998664477840066,0.0,0.0,1.6589349508285522,0.03110515885055065,1.6768567562103271,0.03408908471465111,0.5,0.5,1.6589349508285522,0.031105155125260353,0.0,1164
0.050923801958560944,0.5014017820358276,0.038029640913009644,0.4928120970726013,0.03602585569024086,0.4871162474155426,0.0004524405230768025,0.0004519943322520703,0.0,0.0,1.5770519971847534,0.025910738855600357,1.564117431640625,0.02414833754301071,0.5,0.5,1.5770519971847534,0.025823924690485,0.0,1165
0.05792463198304176,0.5022118091583252,0.04104229807853699,0.49274688959121704,0.03930531442165375,0.487082839012146,0.0004537351487670094,0.000460234732599929,0.0,0.0,1.5809850692749023,0.03279653936624527,1.5924333333969116,0.03013361245393753,0.5,0.5,1.5809850692749023,0.032796282321214676,0.0,1166
0.06102917715907097,0.49751660227775574,0.0434219054877758,0.49274811148643494,0.04158010333776474,0.4871092438697815,0.00045233979471959174,0.0004658515390474349,0.0,0.0,1.5591906309127808,0.02275482378900051,1.570279598236084,0.0237960796803236,0.5,0.5,1.5591906309127808,0.022749420255422592,0.0,1167
0.06660803407430649,0.5014466047286987,0.045112885534763336,0.4927162528038025,0.04430336877703667,0.4870903491973877,0.00045140631846152246,0.0004696623655036092,0.0,0.0,1.577737808227539,0.027237985283136368,1.5896281003952026,0.016912812367081642,0.5,0.5,1.577737808227539,0.027233300730586052,0.0,1168
0.07857204973697662,0.4986010193824768,0.04673470929265022,0.49275103211402893,0.04670344293117523,0.48710745573043823,0.00045078134280629456,0.0004722397425211966,0.0,0.0,1.5636744499206543,0.024003706872463226,1.5493526458740234,0.01622198522090912,0.5,0.5,1.5636744499206543,0.024001333862543106,0.0,1169
0.06888273358345032,0.484720379114151,0.05005425587296486,0.4930589199066162,0.04959871619939804,0.4873220920562744,0.000454877270385623,0.0004553532344289124,0.0,0.0,1.4968008995056152,0.029097214341163635,1.478309988975525,0.03333795443177223,0.5,0.5,1.4968008995056152,0.029032176360487938,0.0,1170
0.06569328159093857,0.47732409834861755,0.05231156572699547,0.493306040763855,0.052071187645196915,0.487589955329895,0.0004531032464001328,0.0004443694488145411,0.0,0.0,1.4628791809082031,0.024883707985281944,1.461750864982605,0.022707965224981308,0.5,0.5,1.4628791809082031,0.024869393557310104,0.0,1171
0.0417432002723217,0.4722508490085602,0.055402517318725586,0.4936637878417969,0.05521192401647568,0.48796358704566956,0.0004519171779975295,0.0004371615359559655,0.0,0.0,1.452388882637024,0.03163057193160057,1.4555660486221313,0.031115848571062088,0.5,0.5,1.452388882637024,0.03162883222103119,0.0,1172
0.044001851230859756,0.47429051995277405,0.0583525113761425,0.49397167563438416,0.05784446373581886,0.488256573677063,0.0004533829924184829,0.0004500458890106529,0.0,0.0,1.4599552154541016,0.02648869901895523,1.466799259185791,0.02966020442545414,0.5,0.5,1.4599552154541016,0.026487940922379494,0.0,1173
0.05052768811583519,0.4695940613746643,0.06196729093790054,0.4944945275783539,0.06072892248630524,0.4886472821235657,0.0004543690010905266,0.0004589020973071456,0.0,0.0,1.4361605644226074,0.029116259887814522,1.4271533489227295,0.036523934453725815,0.5,0.5,1.4361605644226074,0.029108017683029175,0.0,1174
0.058402352035045624,0.48955434560775757,0.06449799239635468,0.49462398886680603,0.06320690363645554,0.48876678943634033,0.00045276357559487224,0.0004649452748708427,0.0,0.0,1.522607684135437,0.024901576340198517,1.5196800231933594,0.025340091437101364,0.5,0.5,1.522607684135437,0.02480858750641346,0.0,1175
0.05704973265528679,0.4821493327617645,0.06716062873601913,0.49487602710723877,0.06596255302429199,0.48899248242378235,0.0004516899061854929,0.00045062301796860993,0.0,0.0,1.4890762567520142,0.02766428515315056,1.4764207601547241,0.026745401322841644,0.5,0.5,1.4890762567520142,0.02764873392879963,0.0,1176
0.04821678623557091,0.4958840608596802,0.06981298327445984,0.49491748213768005,0.06882216781377792,0.4890443682670593,0.0004532300226856023,0.000459297007182613,0.0,0.0,1.5526491403579712,0.02865874394774437,1.5551716089248657,0.026526786386966705,0.5,0.5,1.5526491403579712,0.028600851073861122,0.0,1177
0.042185839265584946,0.4915534555912018,0.07393660396337509,0.49502032995224,0.07169117778539658,0.48914846777915955,0.00045200198655948043,0.0004469452251214534,0.0,0.0,1.534532070159912,0.028713660314679146,1.5458602905273438,0.04124903678894043,0.5,0.5,1.534532070159912,0.02870894782245159,0.0,1178
0.052593935281038284,0.49065184593200684,0.07589508593082428,0.49512290954589844,0.07431409507989883,0.48925870656967163,0.00045118018169887364,0.0004567778087221086,0.0,0.0,1.5287890434265137,0.026252757757902145,1.5184659957885742,0.01961168833076954,0.5,0.5,1.5287890434265137,0.026252325624227524,0.0,1179
0.0526285320520401,0.4938567578792572,0.07857362926006317,0.4952283501625061,0.07723550498485565,0.4893394112586975,0.0004528868885245174,0.0004453006258700043,0.0,0.0,1.5431772470474243,0.02922828309237957,1.5314562320709229,0.0268061812967062,0.5,0.5,1.5431772470474243,0.02922525629401207,0.0,1180
0.06036827340722084,0.47816160321235657,0.08144212514162064,0.49548831582069397,0.07945530861616135,0.48956528306007385,0.0004517724155448377,0.0004377745499368757,0.0,0.0,1.4693970680236816,0.022373542189598083,1.4804199934005737,0.02880251221358776,0.5,0.5,1.4693970680236816,0.022312674671411514,0.0,1181
0.04745704308152199,0.4802841544151306,0.08466755598783493,0.4957396686077118,0.08248098939657211,0.4898274540901184,0.0004510265134740621,0.0004504690004978329,0.0,0.0,1.484365463256836,0.03037354163825512,1.4930254220962524,0.03235207870602608,0.5,0.5,1.484365463256836,0.030370138585567474,0.0,1182
0.06190425157546997,0.4923394024372101,0.08728119730949402,0.49586427211761475,0.08487473428249359,0.4899134933948517,0.00045278339530341327,0.00044117047218605876,0.0,0.0,1.5348626375198364,0.023983469232916832,1.5231611728668213,0.02616611309349537,0.5,0.5,1.5348626375198364,0.023952897638082504,0.0,1183
0.08047453314065933,0.492323637008667,0.08958986401557922,0.4959564507007599,0.08749812841415405,0.49001702666282654,0.0004562318208627403,0.00045280970516614616,0.0,0.0,1.5313547849655151,0.026254529133439064,1.530890941619873,0.023105086758732796,0.5,0.5,1.5313547849655151,0.02625436708331108,0.0,1184
0.09884774684906006,0.49046534299850464,0.09271172434091568,0.4961601495742798,0.08950930833816528,0.4901258945465088,0.00045400793896988034,0.0004427047970239073,0.0,0.0,1.5167217254638672,0.020143404603004456,1.5056387186050415,0.03128497675061226,0.5,0.5,1.5167217254638672,0.020141247659921646,0.0,1185
0.09665781259536743,0.5051729083061218,0.09543459117412567,0.49606218934059143,0.09174543619155884,0.49006104469299316,0.00045705941738560796,0.0004538655048236251,0.0,0.0,1.5997936725616455,0.02244809828698635,1.60676109790802,0.02724625915288925,0.5,0.5,1.5997936725616455,0.022370686754584312,0.0,1186
0.11090452969074249,0.501025378704071,0.09623909741640091,0.4960523843765259,0.09347962588071823,0.49005019664764404,0.0004545603005681187,0.00046151288552209735,0.0,0.0,1.5770448446273804,0.017346713691949844,1.5829944610595703,0.008045682683587074,0.5,0.5,1.5770448446273804,0.017342224717140198,0.0,1187
0.11937425285577774,0.4872571527957916,0.09836947172880173,0.4962327480316162,0.09562641382217407,0.49022597074508667,0.00045289142872206867,0.0004667199682444334,0.0,0.0,1.489097237586975,0.021623313426971436,1.486341118812561,0.021379923447966576,0.5,0.5,1.489097237586975,0.02153974212706089,0.0,1188
0.1088133230805397,0.49878600239753723,0.10090518742799759,0.49621883034706116,0.09753374010324478,0.4902399182319641,0.0004563048714771867,0.00047025029198266566,0.0,0.0,1.5634913444519043,0.01912667788565159,1.5762828588485718,0.025357527658343315,0.5,0.5,1.5634913444519043,0.01907377317547798,0.0,1189
0.11084447801113129,0.5002071261405945,0.10203137248754501,0.4962206780910492,0.09952660650014877,0.49023741483688354,0.0004586100112646818,0.0004726368060801178,0.0,0.0,1.572058081626892,0.019929397851228714,1.569144368171692,0.011261864565312862,0.5,0.5,1.572058081626892,0.019928665831685066,0.0,1190
0.11503816395998001,0.48973348736763,0.10325609147548676,0.4962899386882782,0.1012645736336708,0.4903489649295807,0.00045559441787190735,0.00047424694639630616,0.0,0.0,1.5067031383514404,0.017452655360102654,1.5143160820007324,0.012266721576452255,0.5,0.5,1.5067031383514404,0.017415395006537437,0.0,1191
0.11519584059715271,0.4814523458480835,0.10556615144014359,0.49656081199645996,0.10352404415607452,0.49061119556427,0.00045358232455328107,0.00047533182078041136,0.0,0.0,1.455248475074768,0.022776516154408455,1.4540657997131348,0.023258915171027184,0.5,0.5,1.455248475074768,0.0227463711053133,0.0,1192
0.11462227255105972,0.48750948905944824,0.10694584995508194,0.49665358662605286,0.10520850121974945,0.49074238538742065,0.00045677184243686497,0.0004760621231980622,0.0,0.0,1.493071436882019,0.016907697543501854,1.5036466121673584,0.013828125782310963,0.5,0.5,1.493071436882019,0.016895605251193047,0.0,1193
0.11851407587528229,0.4833967089653015,0.10891316086053848,0.49684351682662964,0.10729420185089111,0.4909636676311493,0.00045436841901391745,0.0004578232183121145,0.0,0.0,1.4650908708572388,0.020982269197702408,1.4745551347732544,0.019764548167586327,0.5,0.5,1.4650908708572388,0.02097405679523945,0.0,1194
0.12104453891515732,0.4887753129005432,0.11088239401578903,0.49701541662216187,0.10956759005784988,0.49112942814826965,0.00045276316814124584,0.00046421101433224976,0.0,0.0,1.498016357421875,0.02280658856034279,1.4837223291397095,0.019767241552472115,0.5,0.5,1.498016357421875,0.022794228047132492,0.0,1195
0.11378297209739685,0.4818129539489746,0.11342836171388626,0.4972757399082184,0.11143152415752411,0.49133971333503723,0.00045168964425101876,0.0004501456278376281,0.0,0.0,1.4584603309631348,0.018772229552268982,1.4689061641693115,0.025592394173145294,0.5,0.5,1.4584603309631348,0.018757544457912445,0.0,1196
0.12031062692403793,0.4779716432094574,0.11605092883110046,0.4976256489753723,0.11361931264400482,0.4916512668132782,0.000450971070677042,0.00044095833436585963,0.0,0.0,1.4293434619903564,0.02210795134305954,1.4381599426269531,0.026458092033863068,0.5,0.5,1.4293434619903564,0.02209858037531376,0.0,1197
0.11353496462106705,0.4844013452529907,0.1179867759346962,0.49777752161026,0.11548216640949249,0.4918312430381775,0.0004504898388404399,0.0004526636330410838,0.0,0.0,1.4744882583618164,0.01873433031141758,1.4925084114074707,0.01941796950995922,0.5,0.5,1.4744882583618164,0.01871524192392826,0.0,1198
0.10501124709844589,0.4760640859603882,0.11967243999242783,0.4980115294456482,0.11794041842222214,0.49217739701271057,0.00045016739750280976,0.00046069209929555655,0.0,0.0,1.4309072494506836,0.02484859898686409,1.4328604936599731,0.017018310725688934,0.5,0.5,1.4309072494506836,0.02482500486075878,0.0,1199
0.11487807333469391,0.479238897562027,0.12157206982374191,0.49828678369522095,0.11999126523733139,0.4924432933330536,0.00045446152216754854,0.0004661623970605433,0.0,0.0,1.4418575763702393,0.020681386813521385,1.4268953800201416,0.019194714725017548,0.5,0.5,1.4418575763702393,0.020680146291851997,0.0,1200
0.11267711222171783,0.49434608221054077,0.12420100718736649,0.4983864426612854,0.121958427131176,0.4925118088722229,0.00045282539213076234,0.0004698728444054723,0.0,0.0,1.535979151725769,0.019771024584770203,1.5329011678695679,0.026308227330446243,0.5,0.5,1.535979151725769,0.019683513790369034,0.0,1201
0.09619050472974777,0.49338504672050476,0.1273890882730484,0.4984442889690399,0.12450633943080902,0.4926060736179352,0.00045626022620126605,0.0004538207722362131,0.0,0.0,1.5338188409805298,0.025496644899249077,1.55265474319458,0.03188599646091461,0.5,0.5,1.5338188409805298,0.0254965852946043,0.0,1202
0.11304933577775955,0.4866626262664795,0.1293724775314331,0.49860695004463196,0.12615849077701569,0.4927421510219574,0.0004585798888001591,0.0004614823265001178,0.0,0.0,1.4886271953582764,0.0165944192558527,1.488966941833496,0.01990041881799698,0.5,0.5,1.4886271953582764,0.016577478498220444,0.0,1203
0.12787196040153503,0.4959573745727539,0.131376713514328,0.4986672103404999,0.12786278128623962,0.49278897047042847,0.00046014352119527757,0.00046669921721331775,0.0,0.0,1.5433262586593628,0.0170748308300972,1.5407445430755615,0.020051343366503716,0.5,0.5,1.5433262586593628,0.017049292102456093,0.0,1204
0.11930457502603531,0.4819689095020294,0.13316570222377777,0.49886879324913025,0.12999604642391205,0.49303603172302246,0.00045661607873626053,0.00045176237472333014,0.0,0.0,1.4554998874664307,0.021558305248618126,1.4585957527160645,0.01800304278731346,0.5,0.5,1.4554998874664307,0.021475212648510933,0.0,1205
0.1239297091960907,0.4974181354045868,0.13482321798801422,0.4988885223865509,0.13176803290843964,0.49306631088256836,0.00045881993719376624,0.0004600761749316007,0.0,0.0,1.5537075996398926,0.017808277159929276,1.558888554573059,0.016576280817389488,0.5,0.5,1.5537075996398926,0.017722466960549355,0.0,1206
0.13197223842144012,0.48853230476379395,0.13711844384670258,0.49908989667892456,0.13348059356212616,0.49320361018180847,0.00045573431998491287,0.00046574376756325364,0.0,0.0,1.4907894134521484,0.0172145776450634,1.4832897186279297,0.023040352389216423,0.5,0.5,1.4907894134521484,0.017180515453219414,0.0,1207
0.1307831108570099,0.47880059480667114,0.13879668712615967,0.4993232190608978,0.135224848985672,0.4934599995613098,0.000462787807919085,0.0004511418519541621,0.0,0.0,1.4248449802398682,0.01766837015748024,1.4326508045196533,0.016943873837590218,0.5,0.5,1.4248449802398682,0.017629968002438545,0.0,1208
0.14386959373950958,0.4866102337837219,0.139499232172966,0.4993846118450165,0.1368228793144226,0.49362316727638245,0.0004583754052873701,0.0004596518992912024,0.0,0.0,1.469038724899292,0.016079094260931015,1.4836232662200928,0.007052284199744463,0.5,0.5,1.469038724899292,0.016063394024968147,0.0,1209
0.15589573979377747,0.483000785112381,0.1413966417312622,0.49963846802711487,0.13837257027626038,0.4938443601131439,0.00045543801388703287,0.0004471766878850758,0.0,0.0,1.4290283918380737,0.01566644199192524,1.4378023147583008,0.01914314553141594,0.5,0.5,1.4290283918380737,0.015653904527425766,0.0,1210
0.13785938918590546,0.4701404571533203,0.1436927616596222,0.500163733959198,0.14028982818126678,0.49426180124282837,0.0004534778418019414,0.00045693654101341963,0.0,0.0,1.3564128875732422,0.0196736641228199,1.3458950519561768,0.02355431579053402,0.5,0.5,1.3564128875732422,0.019621815532445908,0.0,1211
0.13549019396305084,0.4696432948112488,0.14504820108413696,0.5004665851593018,0.1420833021402359,0.49465206265449524,0.00045216773287393153,0.00046360716805793345,0.0,0.0,1.3565406799316406,0.0183543898165226,1.3509531021118164,0.013888678513467312,0.5,0.5,1.3565406799316406,0.0183543898165226,0.0,1212
0.15383079648017883,0.4883648455142975,0.14613622426986694,0.5005636215209961,0.14325928688049316,0.4947649836540222,0.00045129115460440516,0.00046814134111627936,0.0,0.0,1.47506582736969,0.011897345073521137,1.4818466901779175,0.01092339213937521,0.5,0.5,1.47506582736969,0.01181387435644865,0.0,1213
0.15315255522727966,0.48935192823410034,0.14715136587619781,0.5006563067436218,0.14477281272411346,0.4948972463607788,0.0004507042176555842,0.0004712118243332952,0.0,0.0,1.4836292266845703,0.015193447470664978,1.4797396659851074,0.01019365806132555,0.5,0.5,1.4836292266845703,0.015192890539765358,0.0,1214
0.14506582915782928,0.49282607436180115,0.1488962173461914,0.5007678866386414,0.14640577137470245,0.4949873983860016,0.0004503110540099442,0.00047328585060313344,0.0,0.0,1.515640377998352,0.016362857073545456,1.5069289207458496,0.017484121024608612,0.5,0.5,1.515640377998352,0.016354473307728767,0.0,1215
0.15437011420726776,0.47570598125457764,0.15035036206245422,0.5010685920715332,0.14796657860279083,0.4953017234802246,0.0004500475770328194,0.00045602978207170963,0.0,0.0,1.3720617294311523,0.016087019816040993,1.3668639659881592,0.01484921108931303,0.5,0.5,1.3720617294311523,0.015921490266919136,0.0,1216
0.14801762998104095,0.480720579624176,0.15272952616214752,0.501450777053833,0.1495252251625061,0.4955383837223053,0.00044987097498960793,0.0004629892355296761,0.0,0.0,1.4201194047927856,0.01578335277736187,1.4115203619003296,0.024096697568893433,0.5,0.5,1.4201194047927856,0.015765130519866943,0.0,1217
0.1356324851512909,0.47267305850982666,0.154358372092247,0.5017945170402527,0.1511009782552719,0.49584734439849854,0.0004497526097111404,0.00044935086043551564,0.0,0.0,1.3771744966506958,0.016072437167167664,1.3628125190734863,0.01664721593260765,0.5,0.5,1.3771744966506958,0.01605761982500553,0.0,1218
0.14994938671588898,0.48036718368530273,0.15571613609790802,0.5020095109939575,0.15264156460762024,0.49608922004699707,0.0004496732435654849,0.0004584263078868389,0.0,0.0,1.4150686264038086,0.015605826862156391,1.4137729406356812,0.013746700249612331,0.5,0.5,1.4150686264038086,0.015594623982906342,0.0,1219
0.1450587958097458,0.49068406224250793,0.15680192410945892,0.5020778775215149,0.15412598848342896,0.49619564414024353,0.00044962004176340997,0.00046462155296467245,0.0,0.0,1.4992252588272095,0.01493516843765974,1.5079197883605957,0.010879374109208584,0.5,0.5,1.4992252588272095,0.014882311224937439,0.0,1220
0.14296671748161316,0.5087884068489075,0.15829557180404663,0.5019544959068298,0.15561330318450928,0.4960966408252716,0.00044958436046727,0.0004504125681705773,0.0,0.0,1.6372603178024292,0.015049210749566555,1.6532292366027832,0.01498741190880537,0.5,0.5,1.6372603178024292,0.01490606740117073,0.0,1221
0.15223675966262817,0.5283852815628052,0.15938645601272583,0.5016951560974121,0.15694350004196167,0.4957890808582306,0.0004495604371186346,0.00042334507452324033,0.0,0.0,1.7980231046676636,0.01383132766932249,1.8041819334030151,0.011212819255888462,0.5,0.5,1.7980231046676636,0.013652978464961052,0.0,1222
0.16404612362384796,0.5302278399467468,0.16060712933540344,0.501368522644043,0.15816809237003326,0.49545544385910034,0.0004495444009080529,0.00044046316179446876,0.0,0.0,1.8367774486541748,0.012701829895377159,1.8322604894638062,0.012636246159672737,0.5,0.5,1.8367774486541748,0.012692293152213097,0.0,1223
0.16728001832962036,0.5411232113838196,0.162380188703537,0.50069659948349,0.15941496193408966,0.4949794411659241,0.0004495336615946144,0.00045232262345962226,0.0,0.0,1.9354807138442993,0.01341167651116848,1.9330435991287231,0.018961075693368912,0.5,0.5,1.9354807138442993,0.013346398249268532,0.0,1224
0.151864156126976,0.5256423950195312,0.16455219686031342,0.5002090930938721,0.16082856059074402,0.4946850538253784,0.0004495264438446611,0.00046045909402891994,0.0,0.0,1.776106834411621,0.014624533243477345,1.7915918827056885,0.02226053923368454,0.5,0.5,1.776106834411621,0.014439194463193417,0.0,1225
0.15397076308727264,0.5103964805603027,0.167069211602211,0.499979704618454,0.16220241785049438,0.49456703662872314,0.0004495216126088053,0.0004660040431190282,0.0,0.0,1.6564863920211792,0.013888460583984852,1.6616851091384888,0.025274425745010376,0.5,0.5,1.6564863920211792,0.013789214193820953,0.0,1226
0.15565820038318634,0.5173757672309875,0.16901521384716034,0.49964919686317444,0.1635240912437439,0.4943746030330658,0.00044951835297979414,0.00046976562589406967,0.0,0.0,1.7153773307800293,0.013379334472119808,1.739030361175537,0.019738642498850822,0.5,0.5,1.7153773307800293,0.013356140814721584,0.0,1227
0.1531171351671219,0.5023388862609863,0.1710076630115509,0.49961715936660767,0.16489137709140778,0.4943483769893646,0.00044951619929634035,0.0004723095044028014,0.0,0.0,1.5899838209152222,0.013783561997115612,1.5868773460388184,0.019927047193050385,0.5,0.5,1.5899838209152222,0.013675340451300144,0.0,1228
0.16121235489845276,0.5007703304290771,0.17237159609794617,0.49960917234420776,0.16632159054279327,0.4943386912345886,0.0004585395217873156,0.0004740262811537832,0.0,0.0,1.577566146850586,0.014303568750619888,1.5766512155532837,0.013639499433338642,0.5,0.5,1.577566146850586,0.014302466064691544,0.0,1229
0.16920773684978485,0.48918622732162476,0.17372769117355347,0.49977242946624756,0.16772809624671936,0.49448245763778687,0.00045554741518571973,0.00043805886525660753,0.0,0.0,1.4689332246780396,0.014222243800759315,1.450992226600647,0.01365891844034195,0.5,0.5,1.4689332246780396,0.014138407073915005,0.0,1230
0.146627739071846,0.4786360263824463,0.17613466084003448,0.500174343585968,0.16966061294078827,0.4948040843009949,0.00045355092152021825,0.000432997418101877,0.0,0.0,1.4058855772018433,0.0196299459785223,1.405334234237671,0.024402976036071777,0.5,0.5,1.4058855772018433,0.019590945914387703,0.0,1231
0.15172681212425232,0.4718918204307556,0.17773589491844177,0.500560998916626,0.1708967089653015,0.4950859248638153,0.0004522165982052684,0.00044716717093251646,0.0,0.0,1.3466137647628784,0.012700504623353481,1.3338569402694702,0.01647263951599598,0.5,0.5,1.3466137647628784,0.01267820131033659,0.0,1232
0.157353475689888,0.47755810618400574,0.17934703826904297,0.500882625579834,0.1725163459777832,0.49539488554000854,0.00045132386730983853,0.00043900226592086256,0.0,0.0,1.3823038339614868,0.01649893820285797,1.3737709522247314,0.016429217532277107,0.5,0.5,1.3823038339614868,0.01648843102157116,0.0,1233
0.15677455067634583,0.4777875244617462,0.1803152710199356,0.5010783076286316,0.17396201193332672,0.49566650390625,0.00045072613283991814,0.00043362099677324295,0.0,0.0,1.385079026222229,0.014709709212183952,1.3713570833206177,0.009878072887659073,0.5,0.5,1.385079026222229,0.0147096524015069,0.0,1234
0.17026002705097198,0.49588102102279663,0.18172931671142578,0.5011396408081055,0.1752343326807022,0.49571654200553894,0.0004503257223404944,0.0004300589207559824,0.0,0.0,1.531490683555603,0.012870782054960728,1.5274624824523926,0.014153752475976944,0.5,0.5,1.531490683555603,0.012733076699078083,0.0,1235
0.17353831231594086,0.518614649772644,0.18344032764434814,0.5008158683776855,0.1764162927865982,0.49549970030784607,0.00045005741412751377,0.00044513086322695017,0.0,0.0,1.752243161201477,0.012315817177295685,1.7578288316726685,0.017413806170225143,0.5,0.5,1.752243161201477,0.01201694831252098,0.0,1236
0.1725659966468811,0.5092185139656067,0.18558542430400848,0.5006239414215088,0.17764168977737427,0.4953894317150116,0.00045890998444519937,0.00042002525879070163,0.0,0.0,1.660549521446228,0.012355395592749119,1.6600223779678345,0.021536702290177345,0.5,0.5,1.660549521446228,0.012303491123020649,0.0,1237
0.1816771924495697,0.5192203521728516,0.18678881227970123,0.5003843903541565,0.17893023788928986,0.49512404203414917,0.00045579433208331466,0.00043814725358970463,0.0,0.0,1.773911714553833,0.013240947388112545,1.7672719955444336,0.012269945815205574,0.5,0.5,1.773911714553833,0.013155958615243435,0.0,1238
0.18439693748950958,0.5178917646408081,0.1880776733160019,0.5001429319381714,0.17991012334823608,0.49493053555488586,0.00045371585292741656,0.00041561934631317854,0.0,0.0,1.7657623291015625,0.00998847745358944,1.7560023069381714,0.013112833723425865,0.5,0.5,1.7657623291015625,0.009988145902752876,0.0,1239
0.19822615385055542,0.5170212388038635,0.18833355605602264,0.5000858306884766,0.18048974871635437,0.4948020279407501,0.0004523269017226994,0.0004350656527094543,0.0,0.0,1.7889732122421265,0.00593864731490612,1.790342092514038,0.00262179272249341,0.5,0.5,1.7889732122421265,0.005937047768384218,0.0,1240
0.1887841820716858,0.5099354982376099,0.1894182711839676,0.49995046854019165,0.18186704814434052,0.49464330077171326,0.0004513976746238768,0.0004136692441534251,0.0,0.0,1.6855300664901733,0.01393864769488573,1.6949537992477417,0.01093135867267847,0.5,0.5,1.6855300664901733,0.013864138163626194,0.0,1241
0.17978820204734802,0.5036216378211975,0.19080929458141327,0.4998903274536133,0.1830025315284729,0.4946001172065735,0.00045077558024786413,0.0004000278713647276,0.0,0.0,1.6088156700134277,0.011396611109375954,1.6140061616897583,0.013923182152211666,0.5,0.5,1.6088156700134277,0.011363091878592968,0.0,1242
0.20072397589683533,0.5188956260681152,0.19114215672016144,0.4998047947883606,0.18364080786705017,0.4944377541542053,0.00045035884249955416,0.00042408620356582105,0.0,0.0,1.819909691810608,0.006735564675182104,1.822350025177002,0.003436863422393799,0.5,0.5,1.819909691810608,0.006586050149053335,0.0,1243
0.207994744181633,0.5019997358322144,0.19196167588233948,0.4997846782207489,0.1845732033252716,0.4944099187850952,0.00045007962035015225,0.0004409794637467712,0.0,0.0,1.6006323099136353,0.009556878358125687,1.5953443050384521,0.008197624236345291,0.5,0.5,1.6006323099136353,0.00932803750038147,0.0,1244
0.20159316062927246,0.48242664337158203,0.19258169829845428,0.49994030594825745,0.1855190396308899,0.4946363568305969,0.000449892453616485,0.0004526781849563122,0.0,0.0,1.3358218669891357,0.01007681805640459,1.3248889446258545,0.00639252969995141,0.5,0.5,1.3358218669891357,0.009725561365485191,0.0,1245
0.2043125331401825,0.49676939845085144,0.19307999312877655,0.4999566972255707,0.18605954945087433,0.4946610629558563,0.000449766987003386,0.00044261864968575537,0.0,0.0,1.52512526512146,0.0055091772228479385,1.5379092693328857,0.0049856845289468765,0.5,0.5,1.52512526512146,0.005410758778452873,0.0,1246
0.19371001422405243,0.5060290694236755,0.19432899355888367,0.49985620379447937,0.18719987571239471,0.49457648396492004,0.0004496829060371965,0.0004538062494248152,0.0,0.0,1.644828200340271,0.011516992002725601,1.6510872840881348,0.012530355714261532,0.5,0.5,1.644828200340271,0.011434578336775303,0.0,1247
0.19197489321231842,0.49632689356803894,0.1948760598897934,0.4998767375946045,0.1880578249692917,0.49461445212364197,0.00044962650281377137,0.0004614724311977625,0.0,0.0,1.5265843868255615,0.008648204617202282,1.5332685708999634,0.005474576260894537,0.5,0.5,1.5265843868255615,0.00858781673014164,0.0,1248
0.19940097630023956,0.4881961941719055,0.19605311751365662,0.5000362992286682,0.18880806863307953,0.494731605052948,0.00044958869693800807,0.00046669249422848225,0.0,0.0,1.415910005569458,0.007640086580067873,1.4360437393188477,0.01187819056212902,0.5,0.5,1.415910005569458,0.007593343034386635,0.0,1249
0.18253009021282196,0.4956968128681183,0.19716499745845795,0.5000718832015991,0.18997406959533691,0.494785875082016,0.00044956334750168025,0.00045175800914876163,0.0,0.0,1.5242937803268433,0.011741580441594124,1.5387942790985107,0.01112454105168581,0.5,0.5,1.5242937803268433,0.011672683991491795,0.0,1250
0.17014572024345398,0.4939320385456085,0.1992969810962677,0.5002049207687378,0.1913539618253708,0.4948657155036926,0.0004495463508646935,0.0004420157056301832,0.0,0.0,1.5129903554916382,0.013822848908603191,1.5084638595581055,0.021361250430345535,0.5,0.5,1.5129903554916382,0.013821966014802456,0.0,1251
0.15601444244384766,0.4891543388366699,0.20106664299964905,0.5003684759140015,0.19293542206287384,0.4950098693370819,0.00044953497126698494,0.00043561033089645207,0.0,0.0,1.4798964262008667,0.015888825058937073,1.4786248207092285,0.01777210459113121,0.5,0.5,1.4798964262008667,0.015880124643445015,0.0,1252
0.18201838433742523,0.4911051392555237,0.20251505076885223,0.5005132555961609,0.19391091167926788,0.4951031804084778,0.0004495273169595748,0.0004489744605962187,0.0,0.0,1.4754239320755005,0.009799465537071228,1.4711759090423584,0.01455627754330635,0.5,0.5,1.4754239320755005,0.009799367748200893,0.0,1253
0.1841956228017807,0.5039147138595581,0.20458626747131348,0.5004125833511353,0.1953866183757782,0.49503955245018005,0.00044952219468541443,0.0004401896439958364,0.0,0.0,1.6138814687728882,0.014913422055542469,1.6193633079528809,0.020736563950777054,0.5,0.5,1.6138814687728882,0.014770700596272945,0.0,1254
0.18329115211963654,0.5077861547470093,0.2053639441728592,0.5003387331962585,0.19601990282535553,0.49498578906059265,0.00044951876043342054,0.0004521341761574149,0.0,0.0,1.655494213104248,0.006361065432429314,1.6654945611953735,0.007811828050762415,0.5,0.5,1.655494213104248,0.0063555589877069,0.0,1255
0.18955951929092407,0.5210772752761841,0.20678052306175232,0.4999876320362091,0.1971942037343979,0.49469611048698425,0.000458541268017143,0.0004603303095791489,0.0,0.0,1.812657117843628,0.01224603597074747,1.8137538433074951,0.014594366773962975,0.5,0.5,1.812657117843628,0.012095106765627861,0.0,1256
0.21561236679553986,0.5149087309837341,0.20678052306175232,0.4999876320362091,0.19785955548286438,0.4945290684700012,0.000455548579338938,0.0004295503895264119,0.0,0.0,1.8167544603347778,0.006860000547021627,1.8200488090515137,0.0,0.5,0.5,1.8167544603347778,0.006859942805022001,0.0,1257
0.22883599996566772,0.5204225182533264,0.20678052306175232,0.4999876320362091,0.19785955548286438,0.4945290684700012,0.0004535517073236406,0.0004101699450984597,0.0,0.0,1.817565679550171,0.0,1.8054457902908325,0.0,0.5,0.5,1.817565679550171,0.0,0.0,1258
0.24464522302150726,0.5330540537834167,0.20678052306175232,0.4999876320362091,0.19785955548286438,0.4945290684700012,0.0004522171220742166,0.00043124143849126995,0.0,0.0,1.8120704889297485,0.0,1.8051038980484009,0.0,0.5,0.5,1.8120704889297485,0.0,0.0,1259
0.231901615858078,0.5220175385475159,0.20678052306175232,0.4999876320362091,0.19785955548286438,0.4945290684700012,0.000451324216555804,0.00044595080544240773,0.0,0.0,1.8098560571670532,0.0,1.8122217655181885,0.0,0.5,0.5,1.8098560571670532,0.0,0.0,1260
0.21656514704227448,0.526631772518158,0.2081240862607956,0.49937576055526733,0.19857461750507355,0.4942031800746918,0.0004507263656705618,0.00042054132791236043,0.0,0.0,1.9984232187271118,0.00800000037997961,1.9981321096420288,0.014763317070901394,0.5,0.5,1.9984232187271118,0.007858190685510635,0.0,1261
0.22666823863983154,0.5222718119621277,0.2081240862607956,0.49937576055526733,0.19857461750507355,0.4942031800746918,0.0004503258678596467,0.0004385076172184199,0.0,0.0,1.996970534324646,0.0,1.9941027164459229,0.0,0.5,0.5,1.996970534324646,0.0,0.0,1262
0.23312604427337646,0.5077481865882874,0.2081240862607956,0.49937576055526733,0.19857461750507355,0.4942031800746918,0.00045005750143900514,0.0004158471419941634,0.0,0.0,1.9950040578842163,0.0,1.9906020164489746,0.0,0.5,0.5,1.9950040578842163,0.0,0.0,1263
0.22642984986305237,0.5066100358963013,0.2081240862607956,0.49937576055526733,0.19857461750507355,0.4942031800746918,0.0004498776397667825,0.0004352251999080181,0.0,0.0,1.9928779602050781,0.0,1.9801448583602905,0.0,0.5,0.5,1.9928779602050781,0.0,0.0,1264
0.22297710180282593,0.5135012269020081,0.20897579193115234,0.4991535544395447,0.19933804869651794,0.4940050542354584,0.0004497570625972003,0.0004487082769628614,0.0,0.0,1.8247190713882446,0.00800000037997961,1.82600998878479,0.008802203461527824,0.5,0.5,1.8247190713882446,0.007887156680226326,0.0,1265
0.2300902158021927,0.5054256916046143,0.20897579193115234,0.4991535544395447,0.19933804869651794,0.4940050542354584,0.0004496762412600219,0.00045798622886650264,0.0,0.0,1.824952483177185,0.0,1.8206422328948975,0.0,0.5,0.5,1.824952483177185,0.0,0.0,1266
0.22377967834472656,0.5013343095779419,0.2099599838256836,0.49912217259407043,0.2001170665025711,0.49398475885391235,0.0004496220499277115,0.0004643219872377813,0.0,0.0,1.5968410968780518,0.00800000037997961,1.6026793718338013,0.009846980683505535,0.5,0.5,1.5968410968780518,0.007792762015014887,0.0,1267
0.222584530711174,0.49275118112564087,0.2099599838256836,0.49912217259407043,0.2001170665025711,0.49398475885391235,0.000449585699243471,0.0004686260363087058,0.0,0.0,1.5989084243774414,0.0,1.593431830406189,0.0,0.5,0.5,1.5989084243774414,0.0,0.0,1268
0.20722322165966034,0.49820998311042786,0.2101639211177826,0.4991261065006256,0.2009156048297882,0.49400585889816284,0.00044956133933737874,0.0004715395043604076,0.0,0.0,1.5443918704986572,0.00800000037997961,1.5514448881149292,0.0020397729240357876,0.5,0.5,1.5443918704986572,0.007988114841282368,0.0,1269
0.1858527958393097,0.5015825629234314,0.21143031120300293,0.49911025166511536,0.20238205790519714,0.493979811668396,0.0004495450120884925,0.0004735069232992828,0.0,0.0,1.5885465145111084,0.014681180939078331,1.5833064317703247,0.012664929032325745,0.5,0.5,1.5885465145111084,0.014666872099041939,0.0,1270
0.18437199294567108,0.5074918866157532,0.21288204193115234,0.499022901058197,0.2036602944135666,0.49387413263320923,0.0004495340690482408,0.0004748333594761789,0.0,0.0,1.6532751321792603,0.01285293698310852,1.6308906078338623,0.01454360131174326,0.5,0.5,1.6532751321792603,0.012826020829379559,0.0,1271
0.16191574931144714,0.5077144503593445,0.2147408127784729,0.49889445304870605,0.20512962341308594,0.4937739074230194,0.00044952670577913523,0.0004757266433443874,0.0,0.0,1.6389093399047852,0.014728937298059464,1.6397875547409058,0.018632015213370323,0.5,0.5,1.6389093399047852,0.014727417379617691,0.0,1272
0.16807565093040466,0.5058759450912476,0.21640771627426147,0.4988075792789459,0.20642338693141937,0.49370279908180237,0.00044952178723178804,0.00047632778296247125,0.0,0.0,1.6256951093673706,0.012958301231265068,1.6228662729263306,0.01669158786535263,0.5,0.5,1.6256951093673706,0.012957170605659485,0.0,1273
0.18051236867904663,0.5040517449378967,0.21810269355773926,0.4987339973449707,0.20761805772781372,0.4936515688896179,0.00044951849849894643,0.00047673212247900665,0.0,0.0,1.6136513948440552,0.011958525516092777,1.6141753196716309,0.01696576178073883,0.5,0.5,1.6136513948440552,0.01195765845477581,0.0,1274
0.19032391905784607,0.49285823106765747,0.21979260444641113,0.49887192249298096,0.2087884247303009,0.49375027418136597,0.00044951625750400126,0.0004397316079121083,0.0,0.0,1.4866533279418945,0.01184054370969534,1.4893516302108765,0.016955282539129257,0.5,0.5,1.4866533279418945,0.011745186522603035,0.0,1275
0.19097106158733368,0.5067195892333984,0.22108247876167297,0.49877697229385376,0.20993900299072266,0.49365827441215515,0.00044951477320864797,0.0004341028106864542,0.0,0.0,1.6505941152572632,0.01169938687235117,1.6442784070968628,0.012933643534779549,0.5,0.5,1.6505941152572632,0.011542518623173237,0.0,1276
0.19819088280200958,0.5048962235450745,0.22120043635368347,0.498770147562027,0.21073029935359955,0.4936078190803528,0.00044951378367841244,0.00044793213601224124,0.0,0.0,1.6344558000564575,0.007930036634206772,1.6285814046859741,0.0011815347243100405,0.5,0.5,1.6344558000564575,0.007929003797471523,0.0,1277
0.2048642337322235,0.5052028894424438,0.22272606194019318,0.4986196458339691,0.2117294818162918,0.4935337007045746,0.00044951311429031193,0.0004574544436763972,0.0,0.0,1.6448439359664917,0.010019795037806034,1.6691278219223022,0.01533032301813364,0.5,0.5,1.6448439359664917,0.010019254870712757,0.0,1278
0.21608516573905945,0.4907103478908539,0.22386322915554047,0.49878913164138794,0.2122688889503479,0.49361875653266907,0.0004495126777328551,0.0004277548287063837,0.0,0.0,1.4144045114517212,0.005609060171991587,1.422852873802185,0.011497315019369125,0.5,0.5,1.4144045114517212,0.005460790824145079,0.0,1279
0.20937736332416534,0.507572591304779,0.2251112312078476,0.4986545443534851,0.21317635476589203,0.4935140311717987,0.0004495123866945505,0.000443531374912709,0.0,0.0,1.6856844425201416,0.009481595829129219,1.6782134771347046,0.012552368454635143,0.5,0.5,1.6856844425201416,0.009134841151535511,0.0,1280
0.20926061272621155,0.5170870423316956,0.2253517061471939,0.49859172105789185,0.21368947625160217,0.49338066577911377,0.0004495121829677373,0.0004544338444247842,0.0,0.0,1.8250902891159058,0.005353650078177452,1.8263028860092163,0.0024853642098605633,0.5,0.5,1.8250902891159058,0.005301712546497583,0.0,1281
0.21222993731498718,0.5209136009216309,0.22695744037628174,0.49803924560546875,0.21472133696079254,0.4930368661880493,0.00044951203744858503,0.0004619007813744247,0.0,0.0,1.8924068212509155,0.01090087927877903,1.902167797088623,0.01698112115263939,0.5,0.5,1.8924068212509155,0.010876189917325974,0.0,1282
0.22807995975017548,0.5057281255722046,0.22695744037628174,0.49803924560546875,0.21472133696079254,0.4930368661880493,0.00045853666961193085,0.0004305295879021287,0.0,0.0,1.8950181007385254,0.0,1.8794310092926025,0.0,0.5,0.5,1.8950181007385254,0.0,0.0,1283
0.23200596868991852,0.5100855827331543,0.22695744037628174,0.49803924560546875,0.21472133696079254,0.4930368661880493,0.00045554552343674004,0.0004454572917893529,0.0,0.0,1.8993314504623413,0.0,1.888180136680603,0.0,0.5,0.5,1.8993314504623413,0.0,0.0,1284
0.23048223555088043,0.5310347676277161,0.22739408910274506,0.49773821234703064,0.21535199880599976,0.49259722232818604,0.0004535496700555086,0.0004557568463496864,0.0,0.0,2.179595470428467,0.00800000037997961,2.1743955612182617,0.005303619895130396,0.5,0.5,2.179595470428467,0.007687859702855349,0.0,1285
0.21689072251319885,0.5324835777282715,0.22744959592819214,0.49770650267601013,0.21601085364818573,0.4922289252281189,0.00045221575419418514,0.0004628031747415662,0.0,0.0,2.08052921295166,0.007585376501083374,2.089766263961792,0.000639153178781271,0.5,0.5,2.08052921295166,0.0075481850653886795,0.0,1286
0.21704408526420593,0.5183148980140686,0.22791114449501038,0.49755728244781494,0.21695773303508759,0.49192970991134644,0.00045132331433705986,0.0004675959353335202,0.0,0.0,1.876879334449768,0.010139962658286095,1.883515477180481,0.004850779194384813,0.5,0.5,1.876879334449768,0.009930419735610485,0.0,1287
0.2260380983352661,0.5194771885871887,0.22891630232334137,0.49714070558547974,0.21760503947734833,0.49167221784591675,0.00045977599802426994,0.0004708429623860866,0.0,0.0,1.9494069814682007,0.006984831299632788,1.9636932611465454,0.010880566202104092,0.5,0.5,1.9494069814682007,0.006966468412429094,0.0,1288
0.24187296628952026,0.5276739001274109,0.22891630232334137,0.49714070558547974,0.21760503947734833,0.49167221784591675,0.0004563713155221194,0.000473036925541237,0.0,0.0,1.952874779701233,0.0,1.9560123682022095,0.0,0.5,0.5,1.952874779701233,0.0,0.0,1289
0.23707285523414612,0.5155460238456726,0.22891630232334137,0.49714070558547974,0.21760503947734833,0.49167221784591675,0.0004541010712273419,0.00047451662248931825,0.0,0.0,1.9536709785461426,0.0,1.9547888040542603,0.0,0.5,0.5,1.9536709785461426,0.0,0.0,1290
0.22000452876091003,0.5145058035850525,0.23080825805664062,0.49665236473083496,0.21837255358695984,0.49146977066993713,0.0004525844706222415,0.0004755134286824614,0.0,0.0,1.8286863565444946,0.00800000037997961,1.8233951330184937,0.019539646804332733,0.5,0.5,1.8286863565444946,0.0079375971108675,0.0,1291
0.21551598608493805,0.5152563452720642,0.23138079047203064,0.49650201201438904,0.21884414553642273,0.4913488030433655,0.00045157005661167204,0.00047618433018215,0.0,0.0,1.821862816810608,0.004868737887591124,1.8276070356369019,0.005919379182159901,0.5,0.5,1.821862816810608,0.004868624731898308,0.0,1292
0.2240634262561798,0.4993137717247009,0.232920840382576,0.49651414155960083,0.21959909796714783,0.4913589656352997,0.00045089100603945553,0.0004766356432810426,0.0,0.0,1.5573248863220215,0.007822307758033276,1.5629262924194336,0.015400949865579605,0.5,0.5,1.5573248863220215,0.007550196722149849,0.0,1293
0.22186699509620667,0.4995378851890564,0.232920840382576,0.49651414155960083,0.21959909796714783,0.4913589656352997,0.00045948033221066,0.0004769391380250454,0.0,0.0,1.5646076202392578,0.0,1.5677602291107178,0.0,0.5,0.5,1.5646076202392578,0.0,0.0,1294
0.22613036632537842,0.502155065536499,0.232920840382576,0.49651414155960083,0.21959909796714783,0.4913589656352997,0.00046533861313946545,0.00047714318498037755,0.0,0.0,1.5593422651290894,0.0,1.5681815147399902,0.0,0.5,0.5,1.5593422651290894,0.0,0.0,1295
0.23315304517745972,0.483267605304718,0.232920840382576,0.49651414155960083,0.21959909796714783,0.4913589656352997,0.00046931495307944715,0.0004772803222294897,0.0,0.0,1.5672836303710938,0.0,1.566261887550354,0.0,0.5,0.5,1.5672836303710938,0.0,0.0,1296
0.22055833041667938,0.48472312092781067,0.2339458465576172,0.4968091547489166,0.22034142911434174,0.4915672838687897,0.0004627051530405879,0.00047737249406054616,0.0,0.0,1.2972220182418823,0.00800000037997961,1.290549635887146,0.010666146874427795,0.5,0.5,1.2972220182418823,0.007710035890340805,0.0,1297
0.22211560606956482,0.4950960874557495,0.2339458465576172,0.4968091547489166,0.22034142911434174,0.4915672838687897,0.0004583204281516373,0.00045866856817156076,0.0,0.0,1.2960920333862305,0.0,1.304272174835205,0.0,0.5,0.5,1.2960920333862305,0.0,0.0,1298
0.22686471045017242,0.5017663240432739,0.2339458465576172,0.4968091547489166,0.22034142911434174,0.4915672838687897,0.00045540137216448784,0.0004647863970603794,0.0,0.0,1.2973413467407227,0.0,1.3008633852005005,0.0,0.5,0.5,1.2973413467407227,0.0,0.0,1299
0.2414098083972931,0.49683326482772827,0.2339458465576172,0.4968091547489166,0.22034142911434174,0.4915672838687897,0.00045345339458435774,0.00043232637108303607,0.0,0.0,1.299485206604004,0.0,1.276942491531372,0.0,0.5,0.5,1.299485206604004,0.0,0.0,1300
0.23938046395778656,0.5039483904838562,0.2339458465576172,0.4968091547489166,0.22034142911434174,0.4915672838687897,0.00045215137652121484,0.00044670249917544425,0.0,0.0,1.2979527711868286,0.0,1.289659857749939,0.0,0.5,0.5,1.2979527711868286,0.0,0.0,1301
0.23931364715099335,0.5012050867080688,0.2339458465576172,0.4968091547489166,0.22034142911434174,0.4915672838687897,0.0004603420675266534,0.00042101420694962144,0.0,0.0,1.299206018447876,0.0,1.3050158023834229,0.0,0.5,0.5,1.299206018447876,0.0,0.0,1302
0.23124009370803833,0.5200089812278748,0.2339458465576172,0.4968091547489166,0.22034142911434174,0.4915672838687897,0.000456748268334195,0.0004388377128634602,0.0,0.0,1.2965011596679688,0.0,1.3061938285827637,0.0,0.5,0.5,1.2965011596679688,0.0,0.0,1303
0.22878096997737885,0.5242462158203125,0.2339458465576172,0.4968091547489166,0.22034142911434174,0.4915672838687897,0.00045435267384164035,0.00045120235881768167,0.0,0.0,2.0539252758026123,0.0,1.6061937808990479,0.0,0.5,0.5,1.596501111984253,0.0,0.0,1304
0.23180870711803436,0.5223823189735413,0.2339458465576172,0.4968091547489166,0.22034142911434174,0.4915672838687897,0.00045275266165845096,0.0004596932849381119,0.0,0.0,1.6023603677749634,0.0,1.5990790128707886,0.0,0.5,0.5,1.6023603677749634,0.0,0.0,1305
0.24196787178516388,0.5162692070007324,0.2339458465576172,0.4968091547489166,0.22034142911434174,0.4915672838687897,0.00045168260112404823,0.0004291529185138643,0.0,0.0,1.6034413576126099,0.0,1.6181490421295166,0.0,0.5,0.5,1.6034413576126099,0.0,0.0,1306
0.24515271186828613,0.504877507686615,0.2339458465576172,0.4968091547489166,0.22034142911434174,0.4915672838687897,0.000450966355856508,0.0004099172947462648,0.0,0.0,1.6020914316177368,0.0,1.5889970064163208,0.0,0.5,0.5,1.6020914316177368,0.0,0.0,1307
0.23420430719852448,0.4964863657951355,0.2339458465576172,0.4968091547489166,0.22034142911434174,0.4915672838687897,0.00045048666652292013,0.00043106378871016204,0.0,0.0,1.6019254922866821,0.0,1.5928313732147217,0.0,0.5,0.5,1.6019254922866821,0.0,0.0,1308
0.2295355498790741,0.4801987111568451,0.2339458465576172,0.4968091547489166,0.22034142911434174,0.4915672838687897,0.0004501652729231864,0.0004458276671357453,0.0,0.0,1.5972800254821777,0.0,1.5950829982757568,0.0,0.5,0.5,1.5972800254821777,0.0,0.0,1309
0.23117026686668396,0.4940869212150574,0.2339458465576172,0.4968091547489166,0.22034142911434174,0.4915672838687897,0.00044994987547397614,0.0004560110974125564,0.0,0.0,1.5965903997421265,0.0,1.6120960712432861,0.0,0.5,0.5,1.5965903997421265,0.0,0.0,1310
0.21449917554855347,0.5042892098426819,0.23536202311515808,0.49669381976127625,0.2211386263370514,0.4915107786655426,0.0004498054913710803,0.0004629765171557665,0.0,0.0,1.641573429107666,0.00800000037997961,1.6520534753799438,0.014208692125976086,0.5,0.5,1.641573429107666,0.007991907186806202,0.0,1311
0.22405020892620087,0.4949113428592682,0.23536202311515808,0.49669381976127625,0.2211386263370514,0.4915107786655426,0.0004497086920309812,0.0004677135148085654,0.0,0.0,1.6439826488494873,0.0,1.6372164487838745,0.0,0.5,0.5,1.6439826488494873,0.0,0.0,1312
0.23190738260746002,0.5039958357810974,0.23536202311515808,0.49669381976127625,0.2211386263370514,0.4915107786655426,0.0004496438195928931,0.00045242070336826146,0.0,0.0,1.6436128616333008,0.0,1.6331120729446411,0.0,0.5,0.5,1.6436128616333008,0.0,0.0,1313
0.22649456560611725,0.5009032487869263,0.23536202311515808,0.49669381976127625,0.2211386263370514,0.4915107786655426,0.0004496003093663603,0.0004605261201504618,0.0,0.0,1.6452982425689697,0.0,1.6437941789627075,0.0,0.5,0.5,1.6452982425689697,0.0,0.0,1314
0.22053012251853943,0.5115476846694946,0.23548416793346405,0.49666649103164673,0.2219141721725464,0.4913463592529297,0.0004495711182244122,0.000466049590613693,0.0,0.0,1.7797045707702637,0.00800000037997961,1.790865182876587,0.0012517087161540985,0.5,0.5,1.7797045707702637,0.007927848957479,0.0,1315
0.21267516911029816,0.5140764713287354,0.23627179861068726,0.4964868128299713,0.22309492528438568,0.4910796880722046,0.0004495515604503453,0.0004697964759543538,0.0,0.0,1.7929257154464722,0.012105992995202541,1.7950941324234009,0.00807862263172865,0.5,0.5,1.7929257154464722,0.012104935012757778,0.0,1316
0.22653694450855255,0.5175127983093262,0.23627179861068726,0.4964868128299713,0.22309492528438568,0.4910796880722046,0.00044953846372663975,0.00043543861829675734,0.0,0.0,1.794835090637207,0.0,1.803920030593872,0.0,0.5,0.5,1.794835090637207,0.0,0.0,1317
0.2096261829137802,0.5048342943191528,0.23658818006515503,0.49647217988967896,0.2238837629556656,0.49102136492729187,0.0004495296743698418,0.00044885577517561615,0.0,0.0,1.64461088180542,0.00800000037997961,1.6170318126678467,0.0031672583427280188,0.5,0.5,1.64461088180542,0.00790990050882101,0.0,1318
0.21681565046310425,0.499316543340683,0.23714186251163483,0.4964827597141266,0.224900022149086,0.49103331565856934,0.0004495237662922591,0.0004580872773658484,0.0,0.0,1.55905020236969,0.010200560092926025,1.5516670942306519,0.005537909455597401,0.5,0.5,1.55905020236969,0.010163245722651482,0.0,1319
0.2238057553768158,0.49227163195610046,0.23714186251163483,0.4964827597141266,0.224900022149086,0.49103331565856934,0.000449519808171317,0.000464390788692981,0.0,0.0,1.5597676038742065,0.0,1.5659173727035522,0.0,0.5,0.5,1.5597676038742065,0.0,0.0,1320
0.20385050773620605,0.4930950701236725,0.23750430345535278,0.4965180456638336,0.22569335997104645,0.49111029505729675,0.0004495171597227454,0.0004502625379245728,0.0,0.0,1.4740509986877441,0.00800000037997961,1.4737110137939453,0.0036415576469153166,0.5,0.5,1.4740509986877441,0.007970628328621387,0.0,1321
0.2177494764328003,0.4876050055027008,0.23821064829826355,0.4966726005077362,0.22633971273899078,0.49125024676322937,0.00044951538438908756,0.0004410350520629436,0.0,0.0,1.3575828075408936,0.006658449303358793,1.3553967475891113,0.007230511866509914,0.5,0.5,1.3575828075408936,0.006613339763134718,0.0,1322
0.21460281312465668,0.4765850305557251,0.23896457254886627,0.4969724714756012,0.22699131071567535,0.4915028512477875,0.00044951419113203883,0.0004527164564933628,0.0,0.0,1.2009528875350952,0.007075059227645397,1.1922327280044556,0.008113715797662735,0.5,0.5,1.2009528875350952,0.0069884504191577435,0.0,1323
0.2149706780910492,0.4827340543270111,0.23905406892299652,0.4969968795776367,0.22770944237709045,0.4917094111442566,0.00044951337622478604,0.0004607281880453229,0.0,0.0,1.2907308340072632,0.0075026280246675014,1.3046315908432007,0.0009276984492316842,0.5,0.5,1.2907308340072632,0.007472412660717964,0.0,1324
0.20579582452774048,0.4961686134338379,0.2404472380876541,0.49703988432884216,0.22866292297840118,0.4917621910572052,0.0004495128523558378,0.0004478783521335572,0.0,0.0,1.5154892206192017,0.00979581754654646,1.5399397611618042,0.013938328251242638,0.5,0.5,1.5154892206192017,0.00954943336546421,0.0,1325
0.1879858374595642,0.5032022595405579,0.2423943132162094,0.49694815278053284,0.23008181154727936,0.49170997738838196,0.00044951250310987234,0.0004394696734379977,0.0,0.0,1.6075810194015503,0.014258897863328457,1.617875099182129,0.019492290914058685,0.5,0.5,1.6075810194015503,0.014198475517332554,0.0,1326
0.18979158997535706,0.5053197741508484,0.24378956854343414,0.49686625599861145,0.23109117150306702,0.491646945476532,0.00044951224117539823,0.00045163807226344943,0.0,0.0,1.633147954940796,0.01011659950017929,1.629429817199707,0.013976560905575752,0.5,0.5,1.633147954940796,0.010113293305039406,0.0,1327
0.20636656880378723,0.5017741918563843,0.2442871630191803,0.49685150384902954,0.23199082911014557,0.4916236996650696,0.00044951209565624595,0.00045999119174666703,0.0,0.0,1.596641182899475,0.009005631320178509,1.6004267930984497,0.004978179931640625,0.5,0.5,1.596641182899475,0.008999630808830261,0.0,1328
0.22642983496189117,0.49957555532455444,0.2442871630191803,0.49685150384902954,0.23199082911014557,0.4916236996650696,0.0004495119792409241,0.00046568596735596657,0.0,0.0,1.5922818183898926,0.0,1.5925860404968262,0.0,0.5,0.5,1.5922818183898926,0.0,0.0,1329
0.2353210747241974,0.4966637194156647,0.2442871630191803,0.49685150384902954,0.23199082911014557,0.4916236996650696,0.0004495119210332632,0.0004695502284448594,0.0,0.0,1.591295599937439,0.0,1.5834170579910278,0.0,0.5,0.5,1.591295599937439,0.0,0.0,1330
0.23077541589736938,0.48679620027542114,0.2442871630191803,0.49685150384902954,0.23199082911014557,0.4916236996650696,0.0004495118628256023,0.0004721640143543482,0.0,0.0,1.5936387777328491,0.0,1.5891700983047485,0.0,0.5,0.5,1.5936387777328491,0.0,0.0,1331
0.23571771383285522,0.4921012222766876,0.2442871630191803,0.49685150384902954,0.23199082911014557,0.4916236996650696,0.00044951183372177184,0.00045530422357842326,0.0,0.0,1.601011872291565,0.0,1.5985381603240967,0.0,0.5,0.5,1.601011872291565,0.0,0.0,1332
0.2368401437997818,0.5039196014404297,0.2442871630191803,0.49685150384902954,0.23199082911014557,0.4916236996650696,0.0004495118046179414,0.000462494557723403,0.0,0.0,1.604529619216919,0.0,1.6171025037765503,0.0,0.5,0.5,1.604529619216919,0.0,0.0,1333
0.23736070096492767,0.48840755224227905,0.2442871630191803,0.49685150384902954,0.23199082911014557,0.4916236996650696,0.0004495118046179414,0.00046738647506572306,0.0,0.0,1.6040087938308716,0.0,1.5778968334197998,0.0,0.5,0.5,1.6040087938308716,0.0,0.0,1334
0.22349362075328827,0.509865403175354,0.24473656713962555,0.49676793813705444,0.2327670007944107,0.49147504568099976,0.0004585364949889481,0.0004707012849394232,0.0,0.0,1.7600412368774414,0.00800000037997961,1.7546707391738892,0.004571038298308849,0.5,0.5,1.7600412368774414,0.007902813144028187,0.0,1335
0.21914421021938324,0.4992431402206421,0.24585039913654327,0.49678489565849304,0.23327778279781342,0.4914819598197937,0.0004555454070214182,0.00043599968194030225,0.0,0.0,1.5572466850280762,0.005215102806687355,1.5555808544158936,0.011139575392007828,0.5,0.5,1.5572466850280762,0.005108232609927654,0.0,1336
0.20156753063201904,0.5070736408233643,0.24656525254249573,0.49672144651412964,0.23421752452850342,0.49139145016670227,0.00045354958274401724,0.0004316349804867059,0.0,0.0,1.6668285131454468,0.0094978678971529,1.659341812133789,0.007176604587584734,0.5,0.5,1.6668285131454468,0.009440898895263672,0.0,1337
0.19855986535549164,0.4965839982032776,0.24765828251838684,0.49677515029907227,0.23512092232704163,0.4914318323135376,0.0004522157250903547,0.0004462235374376178,0.0,0.0,1.5261375904083252,0.009133243933320045,1.5216890573501587,0.010943439789116383,0.5,0.5,1.5261375904083252,0.00904300156980753,0.0,1338
0.21367016434669495,0.49859997630119324,0.24796746671199799,0.49678170680999756,0.2359517216682434,0.49145078659057617,0.00045132325612939894,0.00045628275256603956,0.0,0.0,1.5479724407196045,0.00831211544573307,1.5495798587799072,0.0030925439205020666,0.5,0.5,1.5479724407196045,0.008310134522616863,0.0,1339
0.22442379593849182,0.5039264559745789,0.24796746671199799,0.49678170680999756,0.2359517216682434,0.49145078659057617,0.00045072572538629174,0.0004631616757251322,0.0,0.0,1.5479884147644043,0.0,1.5454894304275513,0.0,0.5,0.5,1.5479884147644043,0.0,0.0,1340
0.2341674268245697,0.49841761589050293,0.24796746671199799,0.49678170680999756,0.2359517216682434,0.49145078659057617,0.0004503254604060203,0.0004678391560446471,0.0,0.0,1.5471932888031006,0.0,1.569985032081604,0.0,0.5,0.5,1.5471932888031006,0.0,0.0,1341
0.22795383632183075,0.4958136975765228,0.24796746671199799,0.49678170680999756,0.2359517216682434,0.49145078659057617,0.00045909342588856816,0.0004525021940935403,0.0,0.0,1.5523680448532104,0.0,1.5475611686706543,0.0,0.5,0.5,1.5523680448532104,0.0,0.0,1342
0.23410998284816742,0.49745824933052063,0.24796746671199799,0.49678170680999756,0.2359517216682434,0.49145078659057617,0.00045591656817123294,0.00044250336941331625,0.0,0.0,1.5531840324401855,0.0,1.5598055124282837,0.0,0.5,0.5,1.5531840324401855,0.0,0.0,1343
0.2547975182533264,0.504898190498352,0.24796746671199799,0.49678170680999756,0.2359517216682434,0.49145078659057617,0.0004629120812751353,0.00045372697059065104,0.0,0.0,1.556780219078064,0.0,1.5672160387039185,0.0,0.5,0.5,1.556780219078064,0.0,0.0,1344
0.25596705079078674,0.520322859287262,0.24796746671199799,0.49678170680999756,0.2359517216682434,0.49145078659057617,0.00046766980085521936,0.00046141829807311296,0.0,0.0,1.5560057163238525,0.0,1.5547103881835938,0.0,0.5,0.5,1.5560057163238525,0.0,0.0,1345
0.2608107924461365,0.5161707401275635,0.24873103201389313,0.49673372507095337,0.23674720525741577,0.4913969933986664,0.0004708929336629808,0.0004666557360906154,0.0,0.0,1.6383001804351807,0.00800000037997961,1.6335409879684448,0.007650721352547407,0.5,0.5,1.6383001804351807,0.007972925901412964,0.0,1346
0.24890093505382538,0.5060312151908875,0.25003740191459656,0.49669143557548523,0.23834523558616638,0.49135860800743103,0.0004544815164990723,0.0004702068108599633,0.0,0.0,1.5948110818862915,0.01600000075995922,1.6031575202941895,0.013070628046989441,0.5,0.5,1.5948110818862915,0.015984872356057167,0.0,1347
0.2562515139579773,0.48966190218925476,0.2532702088356018,0.49684959650039673,0.24073779582977295,0.49146008491516113,0.00046193329035304487,0.00047260746941901743,0.0,0.0,1.5284087657928467,0.024000000208616257,1.5219141244888306,0.03236659616231918,0.5,0.5,1.5284087657928467,0.023947108536958694,0.0,1348
0.27300313115119934,0.4948742687702179,0.2562009394168854,0.49697843194007874,0.2435787171125412,0.49152424931526184,0.0004486634279601276,0.0004742271557915956,0.0,0.0,1.5482194423675537,0.028422022238373756,1.5268654823303223,0.02933565340936184,0.5,0.5,1.5482194423675537,0.02841644361615181,0.0,1349
0.28146278858184814,0.4988081157207489,0.2585669755935669,0.4970012903213501,0.24616552889347076,0.4915383458137512,0.0004579555243253708,0.0004753184912260622,0.0,0.0,1.5653424263000488,0.025872264057397842,1.5611294507980347,0.023661423474550247,0.5,0.5,1.5653424263000488,0.025868471711874008,0.0,1350
0.2837647497653961,0.4971209764480591,0.260999858379364,0.49700236320495605,0.24914295971393585,0.49157798290252686,0.00044606978190131485,0.00045734315062873065,0.0,0.0,1.5574827194213867,0.02977784350514412,1.5703502893447876,0.024328818544745445,0.5,0.5,1.5574827194213867,0.0297769233584404,0.0,1351
0.27543383836746216,0.4986943006515503,0.2638262212276459,0.497033953666687,0.25209206342697144,0.4915951192378998,0.0004382806655485183,0.00046388412010855973,0.0,0.0,1.5649820566177368,0.029492465779185295,1.5596176385879517,0.02826552279293537,0.5,0.5,1.5649820566177368,0.029491636902093887,0.0,1352
0.286194771528244,0.4909310042858124,0.2658500373363495,0.497130811214447,0.2545863389968872,0.4917009174823761,0.000433144043199718,0.00046832914813421667,0.0,0.0,1.528404712677002,0.02498200722038746,1.5229710340499878,0.020261285826563835,0.5,0.5,1.528404712677002,0.024965297430753708,0.0,1353
0.2889403998851776,0.4906837046146393,0.26816266775131226,0.497231662273407,0.25712287425994873,0.49181288480758667,0.0004472686559893191,0.0004528200370259583,0.0,0.0,1.526684284210205,0.025390220806002617,1.5272085666656494,0.023148218169808388,0.5,0.5,1.526684284210205,0.025390183553099632,0.0,1354
0.27296245098114014,0.48093879222869873,0.27098193764686584,0.49750545620918274,0.26015418767929077,0.4920673966407776,0.00045699960901401937,0.0004427115782164037,0.0,0.0,1.4870364665985107,0.030443809926509857,1.4739817380905151,0.02832544408738613,0.5,0.5,1.4870364665985107,0.030419886112213135,0.0,1355
0.27186113595962524,0.4696742594242096,0.27449968457221985,0.49803197383880615,0.2631489634513855,0.4924654960632324,0.0004454455338418484,0.00043606918188743293,0.0,0.0,1.4386444091796875,0.030246710404753685,1.422225832939148,0.03556939214468002,0.5,0.5,1.4386444091796875,0.030211301520466805,0.0,1356
0.2797553837299347,0.45689189434051514,0.27707886695861816,0.49855029582977295,0.26575446128845215,0.49297547340393066,0.0004378699231892824,0.000431680993642658,0.0,0.0,1.3775116205215454,0.02659895457327366,1.3724764585494995,0.026307329535484314,0.5,0.5,1.3775116205215454,0.026549266651272774,0.0,1357
0.28098249435424805,0.46812278032302856,0.27919331192970276,0.49885180592536926,0.26851943135261536,0.4933778941631317,0.0004328724753577262,0.0004462554061319679,0.0,0.0,1.4262646436691284,0.027974389493465424,1.4291547536849976,0.021358482539653778,0.5,0.5,1.4262646436691284,0.027941150590777397,0.0,1358
0.2844744920730591,0.48394274711608887,0.2831454277038574,0.4991493821144104,0.2711232602596283,0.4935718774795532,0.00042956246761605144,0.0004384027561172843,0.0,0.0,1.4964308738708496,0.026174739003181458,1.4956432580947876,0.03963311389088631,0.5,0.5,1.4964308738708496,0.02611033245921135,0.0,1359
0.2951211631298065,0.4841754734516144,0.2863827049732208,0.49940845370292664,0.2734827995300293,0.493754118680954,0.0004447864484973252,0.0004509023856371641,0.0,0.0,1.4937108755111694,0.02366575412452221,1.4909433126449585,0.03247619792819023,0.5,0.5,1.4937108755111694,0.023665666580200195,0.0,1360
0.3118077516555786,0.4999549984931946,0.2888133227825165,0.49938341975212097,0.275923490524292,0.49375471472740173,0.00045529622002504766,0.00044145475840196013,0.0,0.0,1.5705571174621582,0.024479122832417488,1.5811008214950562,0.02430742420256138,0.5,0.5,1.5705571174621582,0.024406880140304565,0.0,1361
0.32219600677490234,0.4971083700656891,0.2916713058948517,0.49946168065071106,0.2783052325248718,0.49379345774650574,0.0004624890862032771,0.00045300539932213724,0.0,0.0,1.554534673690796,0.02382371574640274,1.543416976928711,0.028590435162186623,0.5,0.5,1.554534673690796,0.023820659145712852,0.0,1362
0.3046065866947174,0.4972582459449768,0.2933913469314575,0.4994848370552063,0.2805107533931732,0.49382439255714417,0.0004673827497754246,0.00046092557022348046,0.0,0.0,1.5567651987075806,0.022057291120290756,1.557341456413269,0.01720202900469303,0.5,0.5,1.5567651987075806,0.02205723524093628,0.0,1363
0.30552759766578674,0.5096015930175781,0.2963712811470032,0.49938392639160156,0.2829947769641876,0.4937017560005188,0.00047069875290617347,0.0004663210129365325,0.0,0.0,1.6201286315917969,0.024920610710978508,1.604649543762207,0.02981632389128208,0.5,0.5,1.6201286315917969,0.024870600551366806,0.0,1364
0.30739426612854004,0.5165795087814331,0.29819992184638977,0.4992004930973053,0.28539958596229553,0.49349474906921387,0.00045435575884766877,0.0004699802375398576,0.0,0.0,1.6566646099090576,0.024153023958206177,1.6707807779312134,0.018378272652626038,0.5,0.5,1.6566646099090576,0.024136904627084732,0.0,1365
0.3002558648586273,0.5150545239448547,0.3001961410045624,0.49902331829071045,0.28796371817588806,0.49330148100852966,0.0004618474922608584,0.00047245444147847593,0.0,0.0,1.6460230350494385,0.02571539394557476,1.659318208694458,0.02004074491560459,0.5,0.5,1.6460230350494385,0.025713937357068062,0.0,1366
0.28844720125198364,0.5078179240226746,0.30341678857803345,0.4989582598209381,0.29072874784469604,0.49319928884506226,0.0004486075777094811,0.0004741240118164569,0.0,0.0,1.6077345609664917,0.02768954634666443,1.5909985303878784,0.03221290186047554,0.5,0.5,1.6077345609664917,0.027669250965118408,0.0,1367
0.2918235659599304,0.5077849626541138,0.3063739538192749,0.498900443315506,0.29324662685394287,0.4931051433086395,0.0004579172527883202,0.00047524902038276196,0.0,0.0,1.6081750392913818,0.025196412578225136,1.5903407335281372,0.029577411711215973,0.5,0.5,1.6081750392913818,0.025196410715579987,0.0,1368
0.30867499113082886,0.5071678161621094,0.30950844287872314,0.49876412749290466,0.29546675086021423,0.49302196502685547,0.000446044810814783,0.0004388150991871953,0.0,0.0,1.6082428693771362,0.02221694029867649,1.614254117012024,0.031374480575323105,0.5,0.5,1.6082428693771362,0.02221694029867649,0.0,1369
0.2962125837802887,0.503853440284729,0.311993271112442,0.49875763058662415,0.29790037870407104,0.49297595024108887,0.00043826422188431025,0.0004511867882683873,0.0,0.0,1.58970308303833,0.024344811215996742,1.5734057426452637,0.02484837919473648,0.5,0.5,1.58970308303833,0.02434062771499157,0.0,1370
0.2983972132205963,0.4946907162666321,0.3149421215057373,0.4987984597682953,0.3003104031085968,0.49303942918777466,0.00045080683776177466,0.0004238308174535632,0.0,0.0,1.5444670915603638,0.024133164435625076,1.5569509267807007,0.02949129417538643,0.5,0.5,1.5444670915603638,0.02410847693681717,0.0,1371
0.3059723377227783,0.4865986704826355,0.31679072976112366,0.4989260733127594,0.3026498556137085,0.49320101737976074,0.00044139206875115633,0.0004235468804836273,0.0,0.0,1.5018366575241089,0.023471513763070107,1.501867413520813,0.018530089408159256,0.5,0.5,1.5018366575241089,0.02345018833875656,0.0,1372
0.3100986182689667,0.48429688811302185,0.3191322982311249,0.49911627173423767,0.3046947717666626,0.4933701157569885,0.00045296226744540036,0.00044060376239940524,0.0,0.0,1.488293170928955,0.020520970225334167,1.4897520542144775,0.0234928410500288,0.5,0.5,1.488293170928955,0.020519087091088295,0.0,1373
0.31848451495170593,0.5025153756141663,0.32106658816337585,0.4990973174571991,0.30714666843414307,0.49333614110946655,0.00044280471047386527,0.000434678717283532,0.0,0.0,1.5846530199050903,0.02463562972843647,1.5805959701538086,0.019343875348567963,0.5,0.5,1.5846530199050903,0.024521343410015106,0.0,1374
0.32858750224113464,0.5027098059654236,0.3225668668746948,0.4990974962711334,0.3090738356113434,0.49330568313598633,0.00045393421896733344,0.0004483304510358721,0.0,0.0,1.5866037607192993,0.019274216145277023,1.5706714391708374,0.015002814121544361,0.5,0.5,1.5866037607192993,0.01927417889237404,0.0,1375
0.3338766396045685,0.4870091676712036,0.32510626316070557,0.49935010075569153,0.31135880947113037,0.49348437786102295,0.0004434410948306322,0.00045772737939842045,0.0,0.0,1.4927552938461304,0.023020856082439423,1.4716459512710571,0.02551920898258686,0.5,0.5,1.4927552938461304,0.0229195524007082,0.0,1376
0.34053266048431396,0.48584064841270447,0.3280809819698334,0.49959415197372437,0.3133712410926819,0.49366307258605957,0.00045437179505825043,0.0004459208284970373,0.0,0.0,1.4822371006011963,0.02020457573235035,1.4889380931854248,0.029847191646695137,0.5,0.5,1.4822371006011963,0.02020345814526081,0.0,1377
0.3297407031059265,0.478800505399704,0.3299286663532257,0.4998401403427124,0.31525784730911255,0.4938979744911194,0.00046185843530111015,0.00045607503852806985,0.0,0.0,1.4469208717346191,0.0190237145870924,1.4384366273880005,0.0186399444937706,0.5,0.5,1.4469208717346191,0.019011851400136948,0.0,1378
0.3263396918773651,0.4764172434806824,0.3330935835838318,0.5002841353416443,0.3174411654472351,0.49419447779655457,0.00046695463242940605,0.0004630200855899602,0.0,0.0,1.435823678970337,0.022034795954823494,1.4314250946044922,0.031959060579538345,0.5,0.5,1.435823678970337,0.022033439949154854,0.0,1379
0.3237363398075104,0.49601221084594727,0.33571022748947144,0.5003148913383484,0.3196680545806885,0.49424487352371216,0.00047040911158546805,0.0004677431134041399,0.0,0.0,1.5481761693954468,0.02241601049900055,1.5590425729751587,0.02616824209690094,0.5,0.5,1.5481761693954468,0.0222746804356575,0.0,1380
0.3251124620437622,0.49472853541374207,0.3381119668483734,0.5003712773323059,0.32177966833114624,0.4943085312843323,0.00045416815555654466,0.00045243988279253244,0.0,0.0,1.5406633615493774,0.021126247942447662,1.5473281145095825,0.024023914709687233,0.5,0.5,1.5406633615493774,0.02112565189599991,0.0,1381
0.34089821577072144,0.4919315278530121,0.3404698371887207,0.500506579875946,0.32346534729003906,0.4943940043449402,0.0004435942100826651,0.00044246253673918545,0.0,0.0,1.5201271772384644,0.016881968826055527,1.5134645700454712,0.023617397993803024,0.5,0.5,1.5201271772384644,0.016878409311175346,0.0,1382
0.341185063123703,0.48742660880088806,0.34191885590553284,0.5005996823310852,0.3254181146621704,0.49454861879348755,0.00043665088014677167,0.00043590497807599604,0.0,0.0,1.4917911291122437,0.019596781581640244,1.5066161155700684,0.014520146884024143,0.5,0.5,1.4917911291122437,0.019588913768529892,0.0,1383
0.3614545166492462,0.48788613080978394,0.3433571755886078,0.5007185935974121,0.3270581364631653,0.49469202756881714,0.0004320660373196006,0.0004315722908359021,0.0,0.0,1.4835821390151978,0.01646347902715206,1.488297939300537,0.014432416297495365,0.5,0.5,1.4835821390151978,0.01646292582154274,0.0,1384
0.35733726620674133,0.48681938648223877,0.3453053832054138,0.5009181499481201,0.32912975549697876,0.4948834180831909,0.00042902736458927393,0.0004461800854187459,0.0,0.0,1.4786678552627563,0.02080477774143219,1.468727707862854,0.019583964720368385,0.5,0.5,1.4786678552627563,0.020804526284337044,0.0,1385
0.3555159866809845,0.47827914357185364,0.3472745418548584,0.50119948387146,0.33088698983192444,0.49514758586883545,0.0004444150545168668,0.00043835322139784694,0.0,0.0,1.4215797185897827,0.017798662185668945,1.4288983345031738,0.019891556352376938,0.5,0.5,1.4215797185897827,0.017769666388630867,0.0,1386
0.364105224609375,0.47730496525764465,0.3481767177581787,0.5013557076454163,0.3324154317378998,0.49540284276008606,0.00043719157110899687,0.0004331920063123107,0.0,0.0,1.4053188562393188,0.015498219057917595,1.3993144035339355,0.009156192652881145,0.5,0.5,1.4053188562393188,0.01549617014825344,0.0,1387
0.3566296696662903,0.48195886611938477,0.34991133213043213,0.5015547871589661,0.33440345525741577,0.4956530034542084,0.00043242378160357475,0.0004473018634598702,0.0,0.0,1.4456182718276978,0.020053312182426453,1.4565293788909912,0.01746002584695816,0.5,0.5,1.4456182718276978,0.020037030801177025,0.0,1388
0.363127738237381,0.49790605902671814,0.3525567054748535,0.5015954375267029,0.33595025539398193,0.4956766664981842,0.00042926479363813996,0.0004390908288769424,0.0,0.0,1.5554989576339722,0.015563738532364368,1.5554215908050537,0.026456881314516068,0.5,0.5,1.5554989576339722,0.015469877049326897,0.0,1389
0.36522772908210754,0.5037922263145447,0.35328930616378784,0.5015683174133301,0.3376690447330475,0.495628297328949,0.000427166378358379,0.000433679495472461,0.0,0.0,1.5989271402359009,0.01721101999282837,1.6077927350997925,0.0073309969156980515,0.5,0.5,1.5989271402359009,0.01719479262828827,0.0,1390
0.3683217763900757,0.5088290572166443,0.35573145747184753,0.5014088749885559,0.3394254744052887,0.4955105185508728,0.00042577015119604766,0.00044763926416635513,0.0,0.0,1.6377464532852173,0.017617059871554375,1.635987639427185,0.024473607540130615,0.5,0.5,1.6377464532852173,0.017603786662220955,0.0,1391
0.37278586626052856,0.5114774107933044,0.3572036325931549,0.5012874603271484,0.3410603106021881,0.4953630268573761,0.0004248401091899723,0.00045725368545390666,0.0,0.0,1.660773754119873,0.016419002786278725,1.6530693769454956,0.014771642163395882,0.5,0.5,1.660773754119873,0.016414649784564972,0.0,1392
0.37502729892730713,0.5203551650047302,0.35977625846862793,0.500864565372467,0.342718243598938,0.4950929880142212,0.000424220081185922,0.00046382317668758333,0.0,0.0,1.732255220413208,0.016840795055031776,1.733721137046814,0.026071567088365555,0.5,0.5,1.732255220413208,0.016797788441181183,0.0,1393
0.36200475692749023,0.5123353004455566,0.3603357970714569,0.5008262991905212,0.34428641200065613,0.4949527978897095,0.00042380657396279275,0.0004682878206949681,0.0,0.0,1.6599488258361816,0.015785403549671173,1.6391148567199707,0.005608523264527321,0.5,0.5,1.6599488258361816,0.015744157135486603,0.0,1394
0.35676926374435425,0.4949778616428375,0.36216434836387634,0.5008920431137085,0.3460076153278351,0.49501314759254456,0.0004235306987538934,0.0004713108646683395,0.0,0.0,1.5357472896575928,0.017356446012854576,1.5348637104034424,0.018297351896762848,0.5,0.5,1.5357472896575928,0.017222747206687927,0.0,1395
0.3478469252586365,0.48838719725608826,0.36430323123931885,0.5010338425636292,0.34788063168525696,0.49515610933303833,0.0004405924992170185,0.0004733526729978621,0.0,0.0,1.4946208000183105,0.01880062371492386,1.5045965909957886,0.02143591083586216,0.5,0.5,1.4946208000183105,0.018784726038575172,0.0,1396
0.3634147047996521,0.47574204206466675,0.3673316538333893,0.5015535354614258,0.3498450219631195,0.4955050051212311,0.0004346712667029351,0.0004747294296976179,0.0,0.0,1.3950260877609253,0.020050788298249245,1.400842308998108,0.03072686679661274,0.5,0.5,1.3950260877609253,0.01995142735540867,0.0,1397
0.36231762170791626,0.48481783270835876,0.36920562386512756,0.5017630457878113,0.3515221178531647,0.49568992853164673,0.0004307551134843379,0.00045696270535700023,0.0,0.0,1.4609705209732056,0.016909316182136536,1.4594444036483765,0.018856577575206757,0.5,0.5,1.4609705209732056,0.01687256246805191,0.0,1398
0.36602699756622314,0.49327588081359863,0.37105557322502136,0.5018297433853149,0.35340675711631775,0.4957845211029053,0.000428156869020313,0.00046362497960217297,0.0,0.0,1.5206483602523804,0.018903620541095734,1.5347644090652466,0.018511563539505005,0.5,0.5,1.5206483602523804,0.018869968131184578,0.0,1399
0.35736384987831116,0.4869624078273773,0.3724682033061981,0.5019579529762268,0.3551771938800812,0.49594634771347046,0.0004438106552697718,0.0004681534192059189,0.0,0.0,1.4796451330184937,0.017793042585253716,1.4802780151367188,0.014184285886585712,0.5,0.5,1.4796451330184937,0.01777808740735054,0.0,1400
0.3441949486732483,0.4840717911720276,0.37390434741973877,0.5020880699157715,0.3571881353855133,0.4961519241333008,0.0004546258132904768,0.0004712199734058231,0.0,0.0,1.4689185619354248,0.02021549642086029,1.4804357290267944,0.014420208521187305,0.5,0.5,1.4689185619354248,0.02021433226764202,0.0,1401
0.35217952728271484,0.4859163761138916,0.37520265579223633,0.502234160900116,0.3587269186973572,0.49629852175712585,0.00046203177771531045,0.00047329135122708976,0.0,0.0,1.475807785987854,0.015457846224308014,1.4587643146514893,0.01306498795747757,0.5,0.5,1.475807785987854,0.015457479283213615,0.0,1402
0.36896127462387085,0.4784970283508301,0.37693163752555847,0.5025057196617126,0.360428124666214,0.4965776801109314,0.0004670723283197731,0.0004746881022583693,0.0,0.0,1.4081497192382812,0.017279189079999924,1.4149971008300781,0.017501752823591232,0.5,0.5,1.4081497192382812,0.017239656299352646,0.0,1403
0.3692179322242737,0.4949268698692322,0.3783726096153259,0.502567708492279,0.36207833886146545,0.49664169549942017,0.0004520045768003911,0.0004569360171444714,0.0,0.0,1.5320249795913696,0.016642095521092415,1.5278207063674927,0.014422943815588951,0.5,0.5,1.5320249795913696,0.016514571383595467,0.0,1404
0.3801412284374237,0.4996689260005951,0.3794991672039032,0.502585232257843,0.3634219765663147,0.49664542078971863,0.00046024174662306905,0.0004636067897081375,0.0,0.0,1.568034291267395,0.013445070013403893,1.5552239418029785,0.011267000809311867,0.5,0.5,1.568034291267395,0.013436353765428066,0.0,1405
0.39410755038261414,0.48455947637557983,0.381425142288208,0.5028901696205139,0.3647741973400116,0.4968425929546356,0.00046585631207562983,0.00046814107918180525,0.0,0.0,1.426003336906433,0.013804057613015175,1.413760781288147,0.019499745219945908,0.5,0.5,1.426003336906433,0.01366505865007639,0.0,1406
0.3875487446784973,0.48820412158966064,0.38322603702545166,0.5030717253684998,0.3660142123699188,0.4969726800918579,0.0004696655960287899,0.00045269806287251413,0.0,0.0,1.4662809371948242,0.012478257529437542,1.4703359603881836,0.018100308254361153,0.5,0.5,1.4662809371948242,0.012468136847019196,0.0,1407
0.37809982895851135,0.4880010783672333,0.38483038544654846,0.5032191872596741,0.3675272464752197,0.4971216022968292,0.00045368645805865526,0.00044263165909796953,0.0,0.0,1.4726799726486206,0.015203886665403843,1.479132056236267,0.0161112193018198,0.5,0.5,1.4726799726486206,0.015203575603663921,0.0,1408
0.37344712018966675,0.49291566014289856,0.38588470220565796,0.5032858848571777,0.3690490126609802,0.49720677733421326,0.00046139064943417907,0.00045381521340459585,0.0,0.0,1.5148754119873047,0.015255054458975792,1.5076055526733398,0.01056426391005516,0.5,0.5,1.5148754119873047,0.015241475775837898,0.0,1409
0.37451842427253723,0.5033324360847473,0.3877868056297302,0.5032247304916382,0.3707602322101593,0.497161328792572,0.0004666369641199708,0.00044336318387649953,0.0,0.0,1.597347378730774,0.017176667228341103,1.6029332876205444,0.019030733034014702,0.5,0.5,1.597347378730774,0.017118286341428757,0.0,1410
0.3610513508319855,0.49797436594963074,0.38929104804992676,0.5032615065574646,0.37233394384384155,0.49718427658081055,0.0004701940924860537,0.00045431824401021004,0.0,0.0,1.5562191009521484,0.015752099454402924,1.5463652610778809,0.015046878717839718,0.5,0.5,1.5562191009521484,0.015738777816295624,0.0,1411
0.3582804799079895,0.48709985613822937,0.39090099930763245,0.503422737121582,0.3740687072277069,0.49734219908714294,0.0004540288937278092,0.0004436924064066261,0.0,0.0,1.4800206422805786,0.01747014746069908,1.4709746837615967,0.016180064529180527,0.5,0.5,1.4800206422805786,0.01741945371031761,0.0,1412
0.3514942228794098,0.48759400844573975,0.3927622437477112,0.5035398602485657,0.3759702444076538,0.49750104546546936,0.0004435030568856746,0.000436715577961877,0.0,0.0,1.4874509572982788,0.019082114100456238,1.5079421997070312,0.018649142235517502,0.5,0.5,1.4874509572982788,0.019081586971879005,0.0,1413
0.35574427247047424,0.5006063580513,0.3941396474838257,0.503533124923706,0.3774973452091217,0.497494637966156,0.00043659080984070897,0.00044973797048442066,0.0,0.0,1.5749996900558472,0.015329735353589058,1.575667381286621,0.013774346560239792,0.5,0.5,1.5749996900558472,0.015271023847162724,0.0,1414
0.37525835633277893,0.4939490258693695,0.3966013491153717,0.503674328327179,0.379164457321167,0.4975754916667938,0.0004496518231462687,0.0004586913564708084,0.0,0.0,1.5223263502120972,0.01671389676630497,1.5134879350662231,0.02465745247900486,0.5,0.5,1.5223263502120972,0.01669071614742279,0.0,1415
0.3790856599807739,0.4925904870033264,0.39848917722702026,0.503751277923584,0.38043662905693054,0.49765345454216003,0.00044063429231755435,0.0004465500533115119,0.0,0.0,1.5095938444137573,0.012746741995215416,1.5300589799880981,0.01889396831393242,0.5,0.5,1.5095938444137573,0.012745709158480167,0.0,1416
0.3917408287525177,0.48748478293418884,0.40001243352890015,0.503913164138794,0.38186562061309814,0.49781864881515503,0.00045244049397297204,0.00043859652942046523,0.0,0.0,1.4557030200958252,0.014405908063054085,1.4649362564086914,0.015318406745791435,0.5,0.5,1.4557030200958252,0.01438499428331852,0.0,1417
