est_x,est_y,odom_x,odom_y,gt_x,gt_y,cov_x,cov_y,cov_xy,cov_yx,heading_cmd,speed_cmd,heading,speed,setpoint_x,setpoint_y,gt_heading,gt_speed,collision,step
nan,nan,0.0,0.0,0.0,0.0,nan,nan,nan,nan,0.0,0.0,0.0,0.0,0.5,0.5,0.0,0.0,0.0,1
-0.5095037817955017,-0.49006184935569763,0.0,0.0,0.0,0.0,0.007096774410456419,0.009893868118524551,0.0,0.0,0.015806082636117935,0.0,0.0,0.0,0.5,0.5,0.0,0.0,0.0,2
-0.5218645930290222,-0.5477355122566223,0.0,0.0,0.0,0.0,0.00922511424869299,0.01734217442572117,0.0001222950086230412,0.0001222950086230412,-0.0009368648170493543,0.0,-0.01745329238474369,0.0,0.5,0.5,-0.01745329238474369,0.0,0.0,3
-0.5676897168159485,-0.5201891660690308,0.0,0.0,0.0,0.0,0.009810059331357479,0.018062254413962364,7.55171777200303e-06,7.55171777200303e-06,1.2809358835220337,0.001143328263424337,1.2740904092788696,0.0005882352706976235,0.5,0.5,1.2740904092788696,0.0005882352706976235,0.0,4
-0.5405513048171997,-0.5125846862792969,0.0,0.0,0.0,0.0,0.014536143280565739,0.014063256792724133,0.0033085630275309086,0.0033085630275309086,0.9558493494987488,0.0,0.942477822303772,0.0,0.5,0.5,0.942477822303772,0.0,0.0,5
-0.4957335293292999,-0.4514950215816498,0.0,0.0,0.0,0.0,0.014937828294932842,0.012679964303970337,0.0033528143540024757,0.0033528143540024757,0.939306378364563,0.0,0.9250245094299316,0.0,0.5,0.5,0.9250245094299316,0.0,0.0,6
-0.4726732075214386,-0.47145068645477295,0.0,0.0,0.0,0.0,0.015091371722519398,0.012728037312626839,0.003650920931249857,0.003650920931249857,-0.05789843201637268,0.0,-0.06981316953897476,0.0,0.5,0.5,-0.06981316953897476,0.0,0.0,7
-0.4996618926525116,-0.4948831796646118,0.0,0.0,0.0,0.0,0.010987237095832825,0.017869634553790092,0.0007744623580947518,0.0007744623580947518,-0.0006832007202319801,0.00800000037997961,-0.01745329238474369,0.007647058926522732,0.5,0.5,-0.01745329238474369,0.007647058926522732,0.0,8
-0.5038443803787231,-0.47654473781585693,0.0,0.0,0.0,0.0,0.010240402072668076,0.017676841467618942,3.9081602153601125e-05,3.9081602153601125e-05,0.008067081682384014,0.01600000075995922,0.0,0.015882352367043495,0.5,0.5,0.0,0.015882352367043495,0.0,9
-0.5182607769966125,-0.49318185448646545,0.0,0.0,0.0,0.0,0.01006358116865158,0.017349259927868843,5.7399571232963353e-05,5.7399571232963353e-05,0.03700953722000122,0.024000000208616257,0.03490658476948738,0.0235294122248888,0.5,0.5,0.03490658476948738,0.0235294122248888,0.0,10
-0.5385526418685913,-0.42031213641166687,0.0,0.0,0.0,0.0,0.01005968265235424,0.01773839257657528,0.00026032744790427387,0.00026032744790427387,0.09146790206432343,0.03200000151991844,0.0872664600610733,0.03176470473408699,0.5,0.5,0.0872664600610733,0.03176470473408699,0.0,11
-0.5125541090965271,-0.4856683611869812,0.0,0.0,0.0,0.0,0.010129209607839584,0.017687296494841576,0.0006507954094558954,0.0006507954094558954,0.025843340903520584,0.03999999910593033,0.01745329238474369,0.03999999910593033,0.5,0.5,0.01745329238474369,0.03999999910593033,0.0,12
-0.46003958582878113,-0.4320220351219177,5.20731146025355e-06,0.0004923712112940848,5.20731146025355e-06,0.0004923712112940848,0.010091451928019524,0.017733516171574593,0.000254883780144155,0.000254883780144155,-0.092233806848526,0.04800000041723251,-0.10471975803375244,0.047647058963775635,0.5,0.5,-0.10471975803375244,0.047647058963775635,0.0,13
-0.48051610589027405,-0.4581763744354248,5.20731146025355e-06,0.0004923712112940848,5.20731146025355e-06,0.0004923712112940848,0.010111389681696892,0.018015222623944283,-0.0006370993214659393,-0.0006370993214659393,-0.042499300092458725,0.0560000017285347,-0.05235987901687622,0.05588235333561897,0.5,0.5,-0.05235987901687622,0.05588235333561897,0.0,14
-0.4808617830276489,-0.4519641697406769,4.289790922484826e-06,0.0006571590201929212,4.289790922484826e-06,0.0006571590201929212,0.010092717595398426,0.017664285376667976,-0.00033981658634729683,-0.00033981658634729683,-0.042319245636463165,0.06400000303983688,-0.05235987901687622,0.06352940946817398,0.5,0.5,-0.05235987901687622,0.06352940946817398,0.0,15
-0.499042272567749,-0.5317044854164124,4.289790922484826e-06,0.0006571590201929212,4.289790922484826e-06,0.0006571590201929212,0.010112255811691284,0.017660781741142273,-0.000321276078466326,-0.000321276078466326,-0.0018012386281043291,0.07199999690055847,-0.01745329238474369,0.07176470756530762,0.5,0.5,-0.01745329238474369,0.07176470756530762,0.0,16
-0.4898090660572052,-0.4992661774158478,8.662200343678705e-06,0.0007690823986195028,8.662200343678705e-06,0.0007690823986195028,0.01013594027608633,0.017674075439572334,-3.1038911401992664e-05,-3.1038911401992664e-05,-0.02040896564722061,0.05489430949091911,-0.03490658476948738,0.05470588058233261,0.5,0.5,-0.03490658476948738,0.05470588058233261,0.0,17
-0.4944750666618347,-0.2706739902496338,8.662200343678705e-06,0.0007690823986195028,8.662200343678705e-06,0.0007690823986195028,0.021748099476099014,0.15194423496723175,-0.002539201872423291,-0.002539201872423291,-0.020408928394317627,0.02405487559735775,-0.03490658476948738,0.0235294122248888,0.5,0.5,-0.03490658476948738,0.0235294122248888,0.0,18
-0.4977763593196869,-0.10893891751766205,-7.210424519143999e-05,0.0016390960663557053,-7.210424519143999e-05,0.0016390960663557053,0.034784868359565735,0.7087303996086121,-0.013712918385863304,-0.013712918385863304,-0.020408976823091507,0.008211499080061913,-0.03490658476948738,0.007647058926522732,0.5,0.5,-0.03490658476948738,0.007647058926522732,0.0,19
-0.4993017017841339,-0.03421071916818619,-7.210424519143999e-05,0.0016390960663557053,-7.210424519143999e-05,0.0016390960663557053,0.04686984419822693,0.8927082419395447,-0.0172356478869915,-0.0172356478869915,-0.02040884457528591,0.0024640376213937998,-0.03490658476948738,0.002352941082790494,0.5,0.5,-0.03490658476948738,0.002352941082790494,0.0,20
-0.499796062707901,-0.00999184139072895,-6.657287303823978e-05,0.0024721003137528896,-6.657287303823978e-05,0.0024721003137528896,0.057942431420087814,1.5986183881759644,-0.03142847493290901,-0.03142847493290901,-0.02040884457528591,0.0,-0.03490658476948738,0.0,0.5,0.5,-0.03490658476948738,0.0,0.0,21
-0.49994438886642456,-0.0027244442608207464,-6.657287303823978e-05,0.0024721003137528896,-6.657287303823978e-05,0.0024721003137528896,0.0688454881310463,3.1744160652160645,-0.06338516622781754,-0.06338516622781754,-0.02040884457528591,0.0,-0.03490658476948738,0.0,0.5,0.5,-0.03490658476948738,0.0,0.0,22
-0.49994438886642456,-0.0027244442608207464,-2.6252477255184203e-05,0.0037274605128914118,-2.6252477255184203e-05,0.0037274605128914118,0.08000525832176208,5.9680562019348145,-0.12020395696163177,-0.12020395696163177,-0.02040884457528591,0.0,-0.03490658476948738,0.0,0.5,0.5,-0.03490658476948738,0.0,0.0,23
-0.49994438886642456,-0.0027244442608207464,-3.353562351549044e-05,0.004072406329214573,-3.353562351549044e-05,0.004072406329214573,0.09181739389896393,10.327494621276855,-0.20898331701755524,-0.20898331701755524,-0.02040884457528591,0.0,-0.03490658476948738,0.0,0.5,0.5,-0.03490658476948738,0.0,0.0,24
-0.49994438886642456,-0.0027244442608207464,-3.353562351549044e-05,0.004072406329214573,-3.353562351549044e-05,0.004072406329214573,0.10442686825990677,16.600685119628906,-0.33682557940483093,-0.33682557940483093,-0.02040884457528591,0.0,-0.03490658476948738,0.0,0.5,0.5,-0.03490658476948738,0.0,0.0,25
-0.49994438886642456,-0.0027244442608207464,-0.0001298880815738812,0.00447368947789073,-0.0001298880815738812,0.00447368947789073,0.11797865480184555,25.135583877563477,-0.5108330845832825,-0.5108330845832825,-0.02040884457528591,0.0,-0.03490658476948738,0.0,0.5,0.5,-0.03490658476948738,0.0,0.0,26
-0.49994438886642456,-0.0027244442608207464,-0.0001479663624195382,0.0045466735027730465,-0.0001479663624195382,0.0045466735027730465,0.13261771202087402,36.28014373779297,-0.7381081581115723,-0.7381081581115723,-0.02040884457528591,0.0,-0.03490658476948738,0.0,0.5,0.5,-0.03490658476948738,0.0,0.0,27
-0.49994438886642456,-0.0027244442608207464,-0.0001479663624195382,0.0045466735027730465,-0.0001479663624195382,0.0045466735027730465,0.14848904311656952,50.38232421875,-1.0257532596588135,-1.0257532596588135,-0.02040884457528591,0.0,-0.03490658476948738,0.0,0.5,0.5,-0.03490658476948738,0.0,0.0,28
-0.49994438886642456,-0.0027244442608207464,-0.0001479663624195382,0.0045466735027730465,-0.0001479663624195382,0.0045466735027730465,0.165737584233284,67.79007720947266,-1.3808705806732178,-1.3808705806732178,-0.02040884457528591,0.0,-0.03490658476948738,0.0,0.5,0.5,-0.03490658476948738,0.0,0.0,29
-0.49994438886642456,-0.0027244442608207464,-0.0001479663624195382,0.0045466735027730465,-0.0001479663624195382,0.0045466735027730465,0.1845083087682724,88.85135650634766,-1.8105624914169312,-1.8105624914169312,-0.02040884457528591,0.0,-0.03490658476948738,0.0,0.5,0.5,-0.03490658476948738,0.0,0.0,30
-0.49994438886642456,-0.0027244442608207464,-0.0001479663624195382,0.0045466735027730465,-0.0001479663624195382,0.0045466735027730465,0.20494621992111206,113.91411590576172,-2.3219313621520996,-2.3219313621520996,-0.02040884457528591,0.0,-0.03490658476948738,0.0,0.5,0.5,-0.03490658476948738,0.0,0.0,31
-0.49994438886642456,-0.0027244442608207464,-0.0001479663624195382,0.0045466735027730465,-0.0001479663624195382,0.0045466735027730465,0.22719624638557434,143.32630920410156,-2.9220798015594482,-2.9220798015594482,-0.02040884457528591,0.0,-0.03490658476948738,0.0,0.5,0.5,-0.03490658476948738,0.0,0.0,32
-0.49994438886642456,-0.0027244442608207464,-0.0001826546504162252,0.004606555216014385,-0.0001826546504162252,0.004606555216014385,0.2514033913612366,177.4359130859375,-3.618109703063965,-3.618109703063965,-0.02040884457528591,0.0,-0.03490658476948738,0.0,0.5,0.5,-0.03490658476948738,0.0,0.0,33
-0.49994438886642456,-0.0027244442608207464,-0.0001826546504162252,0.004606555216014385,-0.0001826546504162252,0.004606555216014385,0.2777126133441925,216.59085083007812,-4.417123794555664,-4.417123794555664,-0.02040884457528591,0.0,-0.03490658476948738,0.0,0.5,0.5,-0.03490658476948738,0.0,0.0,34
-0.49994438886642456,-0.0027244442608207464,-0.0001826546504162252,0.004606555216014385,-0.0001826546504162252,0.004606555216014385,0.3062688708305359,261.13909912109375,-5.326223850250244,-5.326223850250244,-0.02040884457528591,0.0,-0.03490658476948738,0.0,0.5,0.5,-0.03490658476948738,0.0,0.0,35
-0.49994438886642456,-0.0027244442608207464,-0.0001826546504162252,0.004606555216014385,-0.0001826546504162252,0.004606555216014385,0.33721715211868286,311.4285888671875,-6.352513313293457,-6.352513313293457,-0.02040884457528591,0.0,-0.03490658476948738,0.0,0.5,0.5,-0.03490658476948738,0.0,0.0,36
-0.49994438886642456,-0.0027244442608207464,-0.0001826546504162252,0.004606555216014385,-0.0001826546504162252,0.004606555216014385,0.3707024157047272,367.80731201171875,-7.503093242645264,-7.503093242645264,-0.02040884457528591,0.0,-0.03490658476948738,0.0,0.5,0.5,-0.03490658476948738,0.0,0.0,37
-0.49994438886642456,-0.0027244442608207464,-0.0001826546504162252,0.004606555216014385,-0.0001826546504162252,0.004606555216014385,0.40686964988708496,430.6231994628906,-8.785066604614258,-8.785066604614258,-0.02040884457528591,0.0,-0.03490658476948738,0.0,0.5,0.5,-0.03490658476948738,0.0,0.0,38
-0.49994438886642456,-0.0027244442608207464,-0.0001826546504162252,0.004606555216014385,-0.0001826546504162252,0.004606555216014385,0.44586381316185,500.2242126464844,-10.205535888671875,-10.205535888671875,-0.02040884457528591,0.0,-0.03490658476948738,0.0,0.5,0.5,-0.03490658476948738,0.0,0.0,39
-0.49994438886642456,-0.0027244442608207464,-0.0002401429374003783,0.004551971331238747,-0.0002401429374003783,0.004551971331238747,0.48782989382743835,576.958251953125,-11.77160358428955,-11.77160358428955,-0.02040884457528591,0.0,-0.03490658476948738,0.0,0.5,0.5,-0.03490658476948738,0.0,0.0,40
-0.49994438886642456,-0.0027244442608207464,-0.0002401429374003783,0.004551971331238747,-0.0002401429374003783,0.004551971331238747,0.5329127907752991,661.1734008789062,-13.490370750427246,-13.490370750427246,-0.02040884457528591,0.0,-0.03490658476948738,0.0,0.5,0.5,-0.03490658476948738,0.0,0.0,41
-0.49994438886642456,-0.0027244442608207464,-0.0002401429374003783,0.004551971331238747,-0.0002401429374003783,0.004551971331238747,0.5812575817108154,753.217529296875,-15.368941307067871,-15.368941307067871,-0.02040884457528591,0.0,-0.03490658476948738,0.0,0.5,0.5,-0.03490658476948738,0.0,0.0,42
-0.49994438886642456,-0.0027244442608207464,-0.0002401429374003783,0.004551971331238747,-0.0002401429374003783,0.004551971331238747,0.6330091953277588,853.4385375976562,-17.414417266845703,-17.414417266845703,-0.02040884457528591,0.0,-0.03490658476948738,0.0,0.5,0.5,-0.03490658476948738,0.0,0.0,43
-0.49994438886642456,-0.0027244442608207464,-0.0002401429374003783,0.004551971331238747,-0.0002401429374003783,0.004551971331238747,0.6883125901222229,962.1845092773438,-19.633901596069336,-19.633901596069336,-0.02040884457528591,0.0,-0.03490658476948738,0.0,0.5,0.5,-0.03490658476948738,0.0,0.0,44
-0.49994438886642456,-0.0027244442608207464,-0.0002401429374003783,0.004551971331238747,-0.0002401429374003783,0.004551971331238747,0.7473127245903015,1079.8033447265625,-22.034494400024414,-22.034494400024414,-0.02040884457528591,0.0,-0.03490658476948738,0.0,0.5,0.5,-0.03490658476948738,0.0,0.0,45
-0.49994438886642456,-0.0027244442608207464,-0.0002401429374003783,0.004551971331238747,-0.0002401429374003783,0.004551971331238747,0.8101545572280884,1206.6429443359375,-24.62329864501953,-24.62329864501953,-0.02040884457528591,0.0,-0.03490658476948738,0.0,0.5,0.5,-0.03490658476948738,0.0,0.0,46
-0.49994438886642456,-0.0027244442608207464,-0.0002401429374003783,0.004551971331238747,-0.0002401429374003783,0.004551971331238747,0.876983106136322,1343.05126953125,-27.407419204711914,-27.407419204711914,-0.02040884457528591,0.0,-0.03490658476948738,0.0,0.5,0.5,-0.03490658476948738,0.0,0.0,47
-0.49994438886642456,-0.0027244442608207464,-0.0002401429374003783,0.004551971331238747,-0.0002401429374003783,0.004551971331238747,0.9479433298110962,1489.3763427734375,-30.39395523071289,-30.39395523071289,-0.02040884457528591,0.0,-0.03490658476948738,0.0,0.5,0.5,-0.03490658476948738,0.0,0.0,48
-0.49994438886642456,-0.0027244442608207464,-0.0002401429374003783,0.004551971331238747,-0.0002401429374003783,0.004551971331238747,1.0231802463531494,1645.9661865234375,-33.59001159667969,-33.59001159667969,-0.02040884457528591,0.0,-0.03490658476948738,0.0,0.5,0.5,-0.03490658476948738,0.0,0.0,49
-0.49994438886642456,-0.0027244442608207464,-0.0002401429374003783,0.004551971331238747,-0.0002401429374003783,0.004551971331238747,1.1028386354446411,1813.1685791015625,-37.002689361572266,-37.002689361572266,-0.02040884457528591,0.0,-0.03490658476948738,0.0,0.5,0.5,-0.03490658476948738,0.0,0.0,50
-0.49994438886642456,-0.0027244442608207464,-0.0002401429374003783,0.004551971331238747,-0.0002401429374003783,0.004551971331238747,1.1870636940002441,1991.33154296875,-40.63909149169922,-40.63909149169922,-0.02040884457528591,0.0,-0.03490658476948738,0.0,0.5,0.5,-0.03490658476948738,0.0,0.0,51
-0.49994438886642456,-0.0027244442608207464,-0.0002401429374003783,0.004551971331238747,-0.0002401429374003783,0.004551971331238747,1.2760003805160522,2180.802978515625,-44.506317138671875,-44.506317138671875,-0.02040884457528591,0.0,-0.03490658476948738,0.0,0.5,0.5,-0.03490658476948738,0.0,0.0,52
-0.49994438886642456,-0.0027244442608207464,-0.0002401429374003783,0.004551971331238747,-0.0002401429374003783,0.004551971331238747,1.3697935342788696,2381.930908203125,-48.611473083496094,-48.611473083496094,-0.02040884457528591,0.0,-0.03490658476948738,0.0,0.5,0.5,-0.03490658476948738,0.0,0.0,53
-0.49994438886642456,-0.0027244442608207464,-0.0002401429374003783,0.004551971331238747,-0.0002401429374003783,0.004551971331238747,1.46858811378479,2595.0634765625,-52.96166229248047,-52.96166229248047,-0.02040884457528591,0.0,-0.03490658476948738,0.0,0.5,0.5,-0.03490658476948738,0.0,0.0,54
-0.49994438886642456,-0.0027244442608207464,-0.0002401429374003783,0.004551971331238747,-0.0002401429374003783,0.004551971331238747,1.5725291967391968,2820.54833984375,-57.56398010253906,-57.56398010253906,-0.02040884457528591,0.0,-0.03490658476948738,0.0,0.5,0.5,-0.03490658476948738,0.0,0.0,55
-0.49994438886642456,-0.0027244442608207464,-0.0002401429374003783,0.004551971331238747,-0.0002401429374003783,0.004551971331238747,1.6817617416381836,3058.733642578125,-62.425537109375,-62.425537109375,-0.02040884457528591,0.0,-0.03490658476948738,0.0,0.5,0.5,-0.03490658476948738,0.0,0.0,56
-0.49994438886642456,-0.0027244442608207464,-0.0002401429374003783,0.004551971331238747,-0.0002401429374003783,0.004551971331238747,1.7964305877685547,3309.967041015625,-67.55342864990234,-67.55342864990234,-0.02040884457528591,0.0,-0.03490658476948738,0.0,0.5,0.5,-0.03490658476948738,0.0,0.0,57
-0.49994438886642456,-0.0027244442608207464,-0.0002401429374003783,0.004551971331238747,-0.0002401429374003783,0.004551971331238747,1.916680932044983,3574.596923828125,-72.95476531982422,-72.95476531982422,-0.02040884457528591,0.0,-0.03490658476948738,0.0,0.5,0.5,-0.03490658476948738,0.0,0.0,58
-0.49994438886642456,-0.0027244442608207464,-0.0002401429374003783,0.004551971331238747,-0.0002401429374003783,0.004551971331238747,2.0426576137542725,3852.970947265625,-78.63664245605469,-78.63664245605469,-0.02040884457528591,0.0,-0.03490658476948738,0.0,0.5,0.5,-0.03490658476948738,0.0,0.0,59
-0.49994438886642456,-0.0027244442608207464,-0.0002401429374003783,0.004551971331238747,-0.0002401429374003783,0.004551971331238747,2.1745054721832275,4145.43701171875,-84.60616302490234,-84.60616302490234,-0.02040884457528591,0.0,-0.03490658476948738,0.0,0.5,0.5,-0.03490658476948738,0.0,0.0,60
-0.49994438886642456,-0.0027244442608207464,-0.0002401429374003783,0.004551971331238747,-0.0002401429374003783,0.004551971331238747,2.3123698234558105,4452.34326171875,-90.87042999267578,-90.87042999267578,-0.02040884457528591,0.0,-0.03490658476948738,0.0,0.5,0.5,-0.03490658476948738,0.0,0.0,61
-0.49994438886642456,-0.0027244442608207464,-0.0002401429374003783,0.004551971331238747,-0.0002401429374003783,0.004551971331238747,2.456395387649536,4774.0380859375,-97.43655395507812,-97.43655395507812,-0.02040884457528591,0.0,-0.03490658476948738,0.0,0.5,0.5,-0.03490658476948738,0.0,0.0,62
-0.49994438886642456,-0.0027244442608207464,-0.0002401429374003783,0.004551971331238747,-0.0002401429374003783,0.004551971331238747,2.606727123260498,5110.8681640625,-104.3116226196289,-104.3116226196289,-0.02040884457528591,0.0,-0.03490658476948738,0.0,0.5,0.5,-0.03490658476948738,0.0,0.0,63
-0.49994438886642456,-0.0027244442608207464,-0.0002401429374003783,0.004551971331238747,-0.0002401429374003783,0.004551971331238747,2.76350998878479,5463.1826171875,-111.50274658203125,-111.50274658203125,-0.02040884457528591,0.0,-0.03490658476948738,0.0,0.5,0.5,-0.03490658476948738,0.0,0.0,64
-0.49994438886642456,-0.0027244442608207464,-0.0002401429374003783,0.004551971331238747,-0.0002401429374003783,0.004551971331238747,2.926889181137085,5831.3291015625,-119.01702880859375,-119.01702880859375,-0.02040884457528591,0.0,-0.03490658476948738,0.0,0.5,0.5,-0.03490658476948738,0.0,0.0,65
-0.49994438886642456,-0.0027244442608207464,-0.0002401429374003783,0.004551971331238747,-0.0002401429374003783,0.004551971331238747,3.0970094203948975,6215.65576171875,-126.861572265625,-126.861572265625,-0.02040884457528591,0.0,-0.03490658476948738,0.0,0.5,0.5,-0.03490658476948738,0.0,0.0,66
-0.49994438886642456,-0.0027244442608207464,-0.0002401429374003783,0.004551971331238747,-0.0002401429374003783,0.004551971331238747,3.2740156650543213,6616.509765625,-135.04347229003906,-135.04347229003906,-0.02040884457528591,0.0,-0.03490658476948738,0.0,0.5,0.5,-0.03490658476948738,0.0,0.0,67
-0.49994438886642456,-0.0027244442608207464,-0.0002401429374003783,0.004551971331238747,-0.0002401429374003783,0.004551971331238747,3.4580531120300293,7034.23974609375,-143.56983947753906,-143.56983947753906,-0.02040884457528591,0.0,-0.03490658476948738,0.0,0.5,0.5,-0.03490658476948738,0.0,0.0,68
-0.49994438886642456,-0.0027244442608207464,-0.0002401429374003783,0.004551971331238747,-0.0002401429374003783,0.004551971331238747,3.6492667198181152,7469.193359375,-152.44776916503906,-152.44776916503906,-0.02040884457528591,0.0,-0.03490658476948738,0.0,0.5,0.5,-0.03490658476948738,0.0,0.0,69
-0.49994438886642456,-0.0027244442608207464,-0.0002401429374003783,0.004551971331238747,-0.0002401429374003783,0.004551971331238747,3.8478012084960938,7921.71923828125,-161.6843719482422,-161.6843719482422,-0.02040884457528591,0.0,-0.03490658476948738,0.0,0.5,0.5,-0.03490658476948738,0.0,0.0,70
-0.49994438886642456,-0.0027244442608207464,-0.00027189741376787424,0.004621243569999933,-0.00027189741376787424,0.004621243569999933,4.053802013397217,8392.1640625,-171.2867431640625,-171.2867431640625,-0.02040884457528591,0.0,-0.03490658476948738,0.0,0.5,0.5,-0.03490658476948738,0.0,0.0,71
-0.49994438886642456,-0.0027244442608207464,-0.00027189741376787424,0.004621243569999933,-0.00027189741376787424,0.004621243569999933,4.267413139343262,8880.876953125,-181.26199340820312,-181.26199340820312,-0.02040884457528591,0.0,-0.03490658476948738,0.0,0.5,0.5,-0.03490658476948738,0.0,0.0,72
-0.49994438886642456,-0.0027244442608207464,-0.00027189741376787424,0.004621243569999933,-0.00027189741376787424,0.004621243569999933,4.488780498504639,9388.205078125,-191.61721801757812,-191.61721801757812,-0.02040884457528591,0.0,-0.03490658476948738,0.0,0.5,0.5,-0.03490658476948738,0.0,0.0,73
-0.49994438886642456,-0.0027244442608207464,-0.00027189741376787424,0.004621243569999933,-0.00027189741376787424,0.004621243569999933,4.718049049377441,9914.4970703125,-202.35951232910156,-202.35951232910156,-0.02040884457528591,0.0,-0.03490658476948738,0.0,0.5,0.5,-0.03490658476948738,0.0,0.0,74
-0.49994438886642456,-0.0027244442608207464,-0.00027189741376787424,0.004621243569999933,-0.00027189741376787424,0.004621243569999933,4.9553632736206055,10460.1005859375,-213.49598693847656,-213.49598693847656,-0.02040884457528591,0.0,-0.03490658476948738,0.0,0.5,0.5,-0.03490658476948738,0.0,0.0,75
-0.49994438886642456,-0.0027244442608207464,-0.00027189741376787424,0.004621243569999933,-0.00027189741376787424,0.004621243569999933,5.200868606567383,11025.3642578125,-225.03375244140625,-225.03375244140625,-0.02040884457528591,0.0,-0.03490658476948738,0.0,0.5,0.5,-0.03490658476948738,0.0,0.0,76
-0.49994438886642456,-0.0027244442608207464,-0.00027189741376787424,0.004621243569999933,-0.00027189741376787424,0.004621243569999933,5.454709053039551,11610.634765625,-236.9799041748047,-236.9799041748047,-0.02040884457528591,0.0,-0.03490658476948738,0.0,0.5,0.5,-0.03490658476948738,0.0,0.0,77
-0.49994438886642456,-0.0027244442608207464,-0.00027189741376787424,0.004621243569999933,-0.00027189741376787424,0.004621243569999933,5.717031002044678,12216.259765625,-249.34153747558594,-249.34153747558594,-0.02040884457528591,0.0,-0.03490658476948738,0.0,0.5,0.5,-0.03490658476948738,0.0,0.0,78
-0.49994438886642456,-0.0027244442608207464,-0.00027189741376787424,0.004621243569999933,-0.00027189741376787424,0.004621243569999933,5.987978458404541,12842.5888671875,-262.1257629394531,-262.1257629394531,-0.02040884457528591,0.0,-0.03490658476948738,0.0,0.5,0.5,-0.03490658476948738,0.0,0.0,79
-0.49994438886642456,-0.0027244442608207464,-0.00027189741376787424,0.004621243569999933,-0.00027189741376787424,0.004621243569999933,6.267696857452393,13489.9697265625,-275.33966064453125,-275.33966064453125,-0.02040884457528591,0.0,-0.03490658476948738,0.0,0.5,0.5,-0.03490658476948738,0.0,0.0,80
-0.49994438886642456,-0.0027244442608207464,-0.00027189741376787424,0.004621243569999933,-0.00027189741376787424,0.004621243569999933,6.556330680847168,14158.7490234375,-288.9903869628906,-288.9903869628906,-0.02040884457528591,0.0,-0.03490658476948738,0.0,0.5,0.5,-0.03490658476948738,0.0,0.0,81
-0.49994438886642456,-0.0027244442608207464,-0.00027189741376787424,0.004621243569999933,-0.00027189741376787424,0.004621243569999933,6.854024887084961,14849.275390625,-303.0849914550781,-303.0849914550781,-0.02040884457528591,0.0,-0.03490658476948738,0.0,0.5,0.5,-0.03490658476948738,0.0,0.0,82
-0.49994438886642456,-0.0027244442608207464,-0.00027189741376787424,0.004621243569999933,-0.00027189741376787424,0.004621243569999933,7.160925388336182,15561.8974609375,-317.6305847167969,-317.6305847167969,-0.02040884457528591,0.0,-0.03490658476948738,0.0,0.5,0.5,-0.03490658476948738,0.0,0.0,83
-0.49994438886642456,-0.0027244442608207464,-0.00027189741376787424,0.004621243569999933,-0.00027189741376787424,0.004621243569999933,7.477176189422607,16296.962890625,-332.6343078613281,-332.6343078613281,-0.02040884457528591,0.0,-0.03490658476948738,0.0,0.5,0.5,-0.03490658476948738,0.0,0.0,84
-0.49994438886642456,-0.0027244442608207464,-0.00027189741376787424,0.004621243569999933,-0.00027189741376787424,0.004621243569999933,7.80292272567749,17054.818359375,-348.10321044921875,-348.10321044921875,-0.02040884457528591,0.0,-0.03490658476948738,0.0,0.5,0.5,-0.03490658476948738,0.0,0.0,85
-0.49994438886642456,-0.0027244442608207464,-0.00027189741376787424,0.004621243569999933,-0.00027189741376787424,0.004621243569999933,8.138309478759766,17835.814453125,-364.04443359375,-364.04443359375,-0.02040884457528591,0.0,-0.03490658476948738,0.0,0.5,0.5,-0.03490658476948738,0.0,0.0,86
-0.49994438886642456,-0.0027244442608207464,-0.00027189741376787424,0.004621243569999933,-0.00027189741376787424,0.004621243569999933,8.483482360839844,18640.294921875,-380.4650573730469,-380.4650573730469,-0.02040884457528591,0.0,-0.03490658476948738,0.0,0.5,0.5,-0.03490658476948738,0.0,0.0,87
-0.49994438886642456,-0.0027244442608207464,-0.00027189741376787424,0.004621243569999933,-0.00027189741376787424,0.004621243569999933,8.838584899902344,19468.61328125,-397.3721923828125,-397.3721923828125,-0.02040884457528591,0.0,-0.03490658476948738,0.0,0.5,0.5,-0.03490658476948738,0.0,0.0,88
-0.49994438886642456,-0.0027244442608207464,-0.00027189741376787424,0.004621243569999933,-0.00027189741376787424,0.004621243569999933,9.203763961791992,20321.11328125,-414.77294921875,-414.77294921875,-0.02040884457528591,0.0,-0.03490658476948738,0.0,0.5,0.5,-0.03490658476948738,0.0,0.0,89
-0.49994438886642456,-0.0027244442608207464,-0.00027189741376787424,0.004621243569999933,-0.00027189741376787424,0.004621243569999933,9.57916259765625,21198.142578125,-432.6744079589844,-432.6744079589844,-0.02040884457528591,0.0,-0.03490658476948738,0.0,0.5,0.5,-0.03490658476948738,0.0,0.0,90
-0.49994438886642456,-0.0027244442608207464,-0.00027189741376787424,0.004621243569999933,-0.00027189741376787424,0.004621243569999933,9.964926719665527,22100.052734375,-451.08367919921875,-451.08367919921875,-0.02040884457528591,0.0,-0.03490658476948738,0.0,0.5,0.5,-0.03490658476948738,0.0,0.0,91
-0.49994438886642456,-0.0027244442608207464,-0.00027189741376787424,0.004621243569999933,-0.00027189741376787424,0.004621243569999933,10.361201286315918,23027.189453125,-470.00787353515625,-470.00787353515625,-0.02040884457528591,0.0,-0.03490658476948738,0.0,0.5,0.5,-0.03490658476948738,0.0,0.0,92
-0.49994438886642456,-0.0027244442608207464,-0.00027189741376787424,0.004621243569999933,-0.00027189741376787424,0.004621243569999933,10.768131256103516,23979.900390625,-489.4541015625,-489.4541015625,-0.02040884457528591,0.0,-0.03490658476948738,0.0,0.5,0.5,-0.03490658476948738,0.0,0.0,93
-0.49994438886642456,-0.0027244442608207464,-0.00027189741376787424,0.004621243569999933,-0.00027189741376787424,0.004621243569999933,11.185861587524414,24958.533203125,-509.429443359375,-509.429443359375,-0.02040884457528591,0.0,-0.03490658476948738,0.0,0.5,0.5,-0.03490658476948738,0.0,0.0,94
-0.49994438886642456,-0.0027244442608207464,-0.00027189741376787424,0.004621243569999933,-0.00027189741376787424,0.004621243569999933,11.614537239074707,25963.4375,-529.9410400390625,-529.9410400390625,-0.02040884457528591,0.0,-0.03490658476948738,0.0,0.5,0.5,-0.03490658476948738,0.0,0.0,95
-0.49994438886642456,-0.0027244442608207464,-0.00027189741376787424,0.004621243569999933,-0.00027189741376787424,0.004621243569999933,12.054304122924805,26994.9609375,-550.9959106445312,-550.9959106445312,-0.02040884457528591,0.0,-0.03490658476948738,0.0,0.5,0.5,-0.03490658476948738,0.0,0.0,96
-0.49994438886642456,-0.0027244442608207464,-0.00027189741376787424,0.004621243569999933,-0.00027189741376787424,0.004621243569999933,12.505305290222168,28053.44921875,-572.6012573242188,-572.6012573242188,-0.02040884457528591,0.0,-0.03490658476948738,0.0,0.5,0.5,-0.03490658476948738,0.0,0.0,97
-0.49994438886642456,-0.0027244442608207464,-0.00027189741376787424,0.004621243569999933,-0.00027189741376787424,0.004621243569999933,12.967686653137207,29139.251953125,-594.76416015625,-594.76416015625,-0.02040884457528591,0.0,-0.03490658476948738,0.0,0.5,0.5,-0.03490658476948738,0.0,0.0,98
-0.49994438886642456,-0.0027244442608207464,-0.00027189741376787424,0.004621243569999933,-0.00027189741376787424,0.004621243569999933,13.441593170166016,30252.71875,-617.4916381835938,-617.4916381835938,-0.02040884457528591,0.0,-0.03490658476948738,0.0,0.5,0.5,-0.03490658476948738,0.0,0.0,99
-0.49994438886642456,-0.0027244442608207464,-0.00019856970175169408,0.004564139060676098,-0.00019856970175169408,0.004564139060676098,13.927169799804688,31394.1953125,-640.7908935546875,-640.7908935546875,-0.02040884457528591,0.0,-0.03490658476948738,0.0,0.5,0.5,-0.03490658476948738,0.0,0.0,100
-0.49994438886642456,-0.0027244442608207464,-0.00019856970175169408,0.004564139060676098,-0.00019856970175169408,0.004564139060676098,14.424561500549316,32564.029296875,-664.6690063476562,-664.6690063476562,-0.02040884457528591,0.0,-0.03490658476948738,0.0,0.5,0.5,-0.03490658476948738,0.0,0.0,101
-0.49994438886642456,-0.0027244442608207464,-0.00019856970175169408,0.004564139060676098,-0.00019856970175169408,0.004564139060676098,14.933913230895996,33762.5703125,-689.1329956054688,-689.1329956054688,-0.02040884457528591,0.0,-0.03490658476948738,0.0,0.5,0.5,-0.03490658476948738,0.0,0.0,102
-0.49994438886642456,-0.0027244442608207464,-0.00019856970175169408,0.004564139060676098,-0.00019856970175169408,0.004564139060676098,15.455370903015137,34990.16796875,-714.1901245117188,-714.1901245117188,-0.02040884457528591,0.0,-0.03490658476948738,0.0,0.5,0.5,-0.03490658476948738,0.0,0.0,103
-0.49994438886642456,-0.0027244442608207464,-0.00019856970175169408,0.004564139060676098,-0.00019856970175169408,0.004564139060676098,15.9890775680542,36247.1640625,-739.8473510742188,-739.8473510742188,-0.02040884457528591,0.0,-0.03490658476948738,0.0,0.5,0.5,-0.03490658476948738,0.0,0.0,104
-0.49994438886642456,-0.0027244442608207464,-0.00019856970175169408,0.004564139060676098,-0.00019856970175169408,0.004564139060676098,16.535179138183594,37533.91015625,-766.11181640625,-766.11181640625,-0.02040884457528591,0.0,-0.03490658476948738,0.0,0.5,0.5,-0.03490658476948738,0.0,0.0,105
-0.49994438886642456,-0.0027244442608207464,-0.00019856970175169408,0.004564139060676098,-0.00019856970175169408,0.004564139060676098,17.093822479248047,38850.7578125,-792.9906005859375,-792.9906005859375,-0.02040884457528591,0.0,-0.03490658476948738,0.0,0.5,0.5,-0.03490658476948738,0.0,0.0,106
-0.49994438886642456,-0.0027244442608207464,-0.00019856970175169408,0.004564139060676098,-0.00019856970175169408,0.004564139060676098,17.66514778137207,40198.05078125,-820.4909057617188,-820.4909057617188,-0.02040884457528591,0.0,-0.03490658476948738,0.0,0.5,0.5,-0.03490658476948738,0.0,0.0,107
-0.49994438886642456,-0.0027244442608207464,-5.605696060229093e-05,0.004341757856309414,-5.605696060229093e-05,0.004341757856309414,18.249305725097656,41576.13671875,-848.6197509765625,-848.6197509765625,-0.02040884457528591,0.0,-0.03490658476948738,0.0,0.5,0.5,-0.03490658476948738,0.0,0.0,108
-0.49994438886642456,-0.0027244442608207464,-5.605696060229093e-05,0.004341757856309414,-5.605696060229093e-05,0.004341757856309414,18.846437454223633,42985.36328125,-877.38427734375,-877.38427734375,-0.02040884457528591,0.0,-0.03490658476948738,0.0,0.5,0.5,-0.03490658476948738,0.0,0.0,109
-0.49994438886642456,-0.0027244442608207464,-5.605696060229093e-05,0.004341757856309414,-5.605696060229093e-05,0.004341757856309414,19.456687927246094,44426.08203125,-906.79150390625,-906.79150390625,-0.02040884457528591,0.0,-0.03490658476948738,0.0,0.5,0.5,-0.03490658476948738,0.0,0.0,110
-0.49994438886642456,-0.0027244442608207464,-5.605696060229093e-05,0.004341757856309414,-5.605696060229093e-05,0.004341757856309414,20.0802059173584,45898.63671875,-936.8486328125,-936.8486328125,-0.02040884457528591,0.0,-0.03490658476948738,0.0,0.5,0.5,-0.03490658476948738,0.0,0.0,111
-0.49994438886642456,-0.0027244442608207464,-5.605696060229093e-05,0.004341757856309414,-5.605696060229093e-05,0.004341757856309414,20.717130661010742,47403.37890625,-967.562744140625,-967.562744140625,-0.02040884457528591,0.0,-0.03490658476948738,0.0,0.5,0.5,-0.03490658476948738,0.0,0.0,112
-0.49994438886642456,-0.0027244442608207464,-5.605696060229093e-05,0.004341757856309414,-5.605696060229093e-05,0.004341757856309414,21.367612838745117,48940.65234375,-998.94091796875,-998.94091796875,-0.02040884457528591,0.0,-0.03490658476948738,0.0,0.5,0.5,-0.03490658476948738,0.0,0.0,113
-0.49994438886642456,-0.0027244442608207464,-5.605696060229093e-05,0.004341757856309414,-5.605696060229093e-05,0.004341757856309414,22.03179359436035,50510.8125,-1030.990234375,-1030.990234375,-0.02040884457528591,0.0,-0.03490658476948738,0.0,0.5,0.5,-0.03490658476948738,0.0,0.0,114
-0.49994438886642456,-0.0027244442608207464,-5.605696060229093e-05,0.004341757856309414,-5.605696060229093e-05,0.004341757856309414,22.709819793701172,52114.19921875,-1063.7178955078125,-1063.7178955078125,-0.02040884457528591,0.0,-0.03490658476948738,0.0,0.5,0.5,-0.03490658476948738,0.0,0.0,115
-0.49994438886642456,-0.0027244442608207464,-5.605696060229093e-05,0.004341757856309414,-5.605696060229093e-05,0.004341757856309414,23.40183448791504,53751.16015625,-1097.130859375,-1097.130859375,-0.02040884457528591,0.0,-0.03490658476948738,0.0,0.5,0.5,-0.03490658476948738,0.0,0.0,116
-0.49994438886642456,-0.0027244442608207464,-5.605696060229093e-05,0.004341757856309414,-5.605696060229093e-05,0.004341757856309414,24.10798454284668,55422.05078125,-1131.236328125,-1131.236328125,-0.02040884457528591,0.0,-0.03490658476948738,0.0,0.5,0.5,-0.03490658476948738,0.0,0.0,117
-0.49994438886642456,-0.0027244442608207464,-5.605696060229093e-05,0.004341757856309414,-5.605696060229093e-05,0.004341757856309414,24.828413009643555,57127.21484375,-1166.0413818359375,-1166.0413818359375,-0.02040884457528591,0.0,-0.03490658476948738,0.0,0.5,0.5,-0.03490658476948738,0.0,0.0,118
-0.49994438886642456,-0.0027244442608207464,-5.605696060229093e-05,0.004341757856309414,-5.605696060229093e-05,0.004341757856309414,25.56326675415039,58867.0,-1201.5531005859375,-1201.5531005859375,-0.02040884457528591,0.0,-0.03490658476948738,0.0,0.5,0.5,-0.03490658476948738,0.0,0.0,119
-0.49994438886642456,-0.0027244442608207464,-5.605696060229093e-05,0.004341757856309414,-5.605696060229093e-05,0.004341757856309414,26.31269073486328,60641.75390625,-1237.778564453125,-1237.778564453125,-0.02040884457528591,0.0,-0.03490658476948738,0.0,0.5,0.5,-0.03490658476948738,0.0,0.0,120
-0.49994438886642456,-0.0027244442608207464,-5.605696060229093e-05,0.004341757856309414,-5.605696060229093e-05,0.004341757856309414,27.07682991027832,62451.828125,-1274.7249755859375,-1274.7249755859375,-0.02040884457528591,0.0,-0.03490658476948738,0.0,0.5,0.5,-0.03490658476948738,0.0,0.0,121
-0.49994438886642456,-0.0027244442608207464,-5.605696060229093e-05,0.004341757856309414,-5.605696060229093e-05,0.004341757856309414,27.85582733154297,64297.56640625,-1312.3994140625,-1312.3994140625,-0.02040884457528591,0.0,-0.03490658476948738,0.0,0.5,0.5,-0.03490658476948738,0.0,0.0,122
-0.49994438886642456,-0.0027244442608207464,-5.605696060229093e-05,0.004341757856309414,-5.605696060229093e-05,0.004341757856309414,28.64982795715332,66179.3125,-1350.8089599609375,-1350.8089599609375,-0.02040884457528591,0.0,-0.03490658476948738,0.0,0.5,0.5,-0.03490658476948738,0.0,0.0,123
-0.49994438886642456,-0.0027244442608207464,-5.605696060229093e-05,0.004341757856309414,-5.605696060229093e-05,0.004341757856309414,29.458980560302734,68097.4296875,-1389.9605712890625,-1389.9605712890625,-0.02040884457528591,0.0,-0.03490658476948738,0.0,0.5,0.5,-0.03490658476948738,0.0,0.0,124
-0.49994438886642456,-0.0027244442608207464,-5.605696060229093e-05,0.004341757856309414,-5.605696060229093e-05,0.004341757856309414,30.28342628479004,70052.25,-1429.861572265625,-1429.861572265625,-0.02040884457528591,0.0,-0.03490658476948738,0.0,0.5,0.5,-0.03490658476948738,0.0,0.0,125
-0.49994438886642456,-0.0027244442608207464,-5.605696060229093e-05,0.004341757856309414,-5.605696060229093e-05,0.004341757856309414,31.12331199645996,72044.125,-1470.5189208984375,-1470.5189208984375,-0.02040884457528591,0.0,-0.03490658476948738,0.0,0.5,0.5,-0.03490658476948738,0.0,0.0,126
-0.49994438886642456,-0.0027244442608207464,-5.605696060229093e-05,0.004341757856309414,-5.605696060229093e-05,0.004341757856309414,31.97878074645996,74073.4140625,-1511.9398193359375,-1511.9398193359375,-0.02040884457528591,0.0,-0.03490658476948738,0.0,0.5,0.5,-0.03490658476948738,0.0,0.0,127
-0.49994438886642456,-0.0027244442608207464,-5.605696060229093e-05,0.004341757856309414,-5.605696060229093e-05,0.004341757856309414,32.849979400634766,76140.4453125,-1554.13134765625,-1554.13134765625,-0.02040884457528591,0.0,-0.03490658476948738,0.0,0.5,0.5,-0.03490658476948738,0.0,0.0,128
-0.49994438886642456,-0.0027244442608207464,-5.605696060229093e-05,0.004341757856309414,-5.605696060229093e-05,0.004341757856309414,33.73705291748047,78245.5859375,-1597.1004638671875,-1597.1004638671875,-0.02040884457528591,0.0,-0.03490658476948738,0.0,0.5,0.5,-0.03490658476948738,0.0,0.0,129
-0.49994438886642456,-0.0027244442608207464,0.00021155481226742268,0.0047040944918990135,0.00021155481226742268,0.0047040944918990135,34.6401481628418,80389.171875,-1640.8544921875,-1640.8544921875,-0.02040884457528591,0.0,-0.03490658476948738,0.0,0.5,0.5,-0.03490658476948738,0.0,0.0,130
-0.49994438886642456,-0.0027244442608207464,0.00021155481226742268,0.0047040944918990135,0.00021155481226742268,0.0047040944918990135,35.55940246582031,82571.5546875,-1685.400390625,-1685.400390625,-0.02040884457528591,0.0,-0.03490658476948738,0.0,0.5,0.5,-0.03490658476948738,0.0,0.0,131
-0.49994438886642456,-0.0027244442608207464,0.0002705211809370667,0.004752561915665865,0.0002705211809370667,0.004752561915665865,36.49496841430664,84793.0859375,-1730.745361328125,-1730.745361328125,-0.02040884457528591,0.0,-0.03490658476948738,0.0,0.5,0.5,-0.03490658476948738,0.0,0.0,132
-0.49994438886642456,-0.0027244442608207464,0.0002705211809370667,0.004752561915665865,0.0002705211809370667,0.004752561915665865,37.446990966796875,87054.109375,-1776.8963623046875,-1776.8963623046875,-0.02040884457528591,0.0,-0.03490658476948738,0.0,0.5,0.5,-0.03490658476948738,0.0,0.0,133
-0.49994438886642456,-0.0027244442608207464,0.0002705211809370667,0.004752561915665865,0.0002705211809370667,0.004752561915665865,38.415611267089844,89354.96875,-1823.8607177734375,-1823.8607177734375,-0.02040884457528591,0.0,-0.03490658476948738,0.0,0.5,0.5,-0.03490658476948738,0.0,0.0,134
-0.49994438886642456,-0.0027244442608207464,0.0002705211809370667,0.004752561915665865,0.0002705211809370667,0.004752561915665865,39.40097427368164,91696.0234375,-1871.645263671875,-1871.645263671875,-0.02040884457528591,0.0,-0.03490658476948738,0.0,0.5,0.5,-0.03490658476948738,0.0,0.0,135
-0.49994438886642456,-0.0027244442608207464,0.0002705211809370667,0.004752561915665865,0.0002705211809370667,0.004752561915665865,40.40322494506836,94077.609375,-1920.25732421875,-1920.25732421875,-0.02040884457528591,0.0,-0.03490658476948738,0.0,0.5,0.5,-0.03490658476948738,0.0,0.0,136
-0.49994438886642456,-0.0027244442608207464,0.00032193734659813344,0.004726301413029432,0.00032193734659813344,0.004726301413029432,41.42251205444336,96500.0859375,-1969.703857421875,-1969.703857421875,-0.02040884457528591,0.0,-0.03490658476948738,0.0,0.5,0.5,-0.03490658476948738,0.0,0.0,137
-0.49994438886642456,-0.0027244442608207464,0.00032193734659813344,0.004726301413029432,0.00032193734659813344,0.004726301413029432,42.45897674560547,98963.7890625,-2019.991943359375,-2019.991943359375,-0.02040884457528591,0.0,-0.03490658476948738,0.0,0.5,0.5,-0.03490658476948738,0.0,0.0,138
-0.49994438886642456,-0.0027244442608207464,0.00032193734659813344,0.004726301413029432,0.00032193734659813344,0.004726301413029432,43.51276779174805,101469.078125,-2071.12890625,-2071.12890625,-0.02040884457528591,0.0,-0.03490658476948738,0.0,0.5,0.5,-0.03490658476948738,0.0,0.0,139
-0.49994438886642456,-0.0027244442608207464,0.00032193734659813344,0.004726301413029432,0.00032193734659813344,0.004726301413029432,44.58402633666992,104016.2890625,-2123.12158203125,-2123.12158203125,-0.02040884457528591,0.0,-0.03490658476948738,0.0,0.5,0.5,-0.03490658476948738,0.0,0.0,140
-0.49994438886642456,-0.0027244442608207464,0.00032193734659813344,0.004726301413029432,0.00032193734659813344,0.004726301413029432,45.67290115356445,106605.78125,-2175.977294921875,-2175.977294921875,-0.02040884457528591,0.0,-0.03490658476948738,0.0,0.5,0.5,-0.03490658476948738,0.0,0.0,141
-0.49994438886642456,-0.0027244442608207464,0.00032193734659813344,0.004726301413029432,0.00032193734659813344,0.004726301413029432,46.77953338623047,109237.8984375,-2229.702880859375,-2229.702880859375,-0.02040884457528591,0.0,-0.03490658476948738,0.0,0.5,0.5,-0.03490658476948738,0.0,0.0,142
-0.49994438886642456,-0.0027244442608207464,0.00032193734659813344,0.004726301413029432,0.00032193734659813344,0.004726301413029432,47.90406799316406,111912.984375,-2284.3056640625,-2284.3056640625,-0.02040884457528591,0.0,-0.03490658476948738,0.0,0.5,0.5,-0.03490658476948738,0.0,0.0,143
-0.49994438886642456,-0.0027244442608207464,0.00032193734659813344,0.004726301413029432,0.00032193734659813344,0.004726301413029432,49.04664993286133,114631.390625,-2339.79296875,-2339.79296875,-0.02040884457528591,0.0,-0.03490658476948738,0.0,0.5,0.5,-0.03490658476948738,0.0,0.0,144
-0.49994438886642456,-0.0027244442608207464,0.00032193734659813344,0.004726301413029432,0.00032193734659813344,0.004726301413029432,50.207427978515625,117393.46875,-2396.17138671875,-2396.17138671875,-0.02040884457528591,0.0,-0.03490658476948738,0.0,0.5,0.5,-0.03490658476948738,0.0,0.0,145
-0.49994438886642456,-0.0027244442608207464,0.00032193734659813344,0.004726301413029432,0.00032193734659813344,0.004726301413029432,51.38654708862305,120199.5625,-2453.4482421875,-2453.4482421875,-0.02040884457528591,0.0,-0.03490658476948738,0.0,0.5,0.5,-0.03490658476948738,0.0,0.0,146
-0.49994438886642456,-0.0027244442608207464,0.00032193734659813344,0.004726301413029432,0.00032193734659813344,0.004726301413029432,52.58414840698242,123050.0234375,-2511.630615234375,-2511.630615234375,-0.02040884457528591,0.0,-0.03490658476948738,0.0,0.5,0.5,-0.03490658476948738,0.0,0.0,147
-0.49994438886642456,-0.0027244442608207464,0.00032193734659813344,0.004726301413029432,0.00032193734659813344,0.004726301413029432,53.800376892089844,125945.1953125,-2570.7255859375,-2570.7255859375,-0.02040884457528591,0.0,-0.03490658476948738,0.0,0.5,0.5,-0.03490658476948738,0.0,0.0,148
-0.49994438886642456,-0.0027244442608207464,0.00032193734659813344,0.004726301413029432,0.00032193734659813344,0.004726301413029432,55.03538131713867,128885.421875,-2630.740478515625,-2630.740478515625,-0.02040884457528591,0.0,-0.03490658476948738,0.0,0.5,0.5,-0.03490658476948738,0.0,0.0,149
-0.49994438886642456,-0.0027244442608207464,0.0003276771167293191,0.00465905899181962,0.0003276771167293191,0.00465905899181962,56.289302825927734,131871.0625,-2691.68212890625,-2691.68212890625,-0.02040884457528591,0.0,-0.03490658476948738,0.0,0.5,0.5,-0.03490658476948738,0.0,0.0,150
-0.49994438886642456,-0.0027244442608207464,0.0003276771167293191,0.00465905899181962,0.0003276771167293191,0.00465905899181962,57.56229019165039,134902.453125,-2753.557861328125,-2753.557861328125,-0.02040884457528591,0.0,-0.03490658476948738,0.0,0.5,0.5,-0.03490658476948738,0.0,0.0,151
-0.49994438886642456,-0.0027244442608207464,0.0003276771167293191,0.00465905899181962,0.0003276771167293191,0.00465905899181962,58.85448455810547,137979.953125,-2816.37451171875,-2816.37451171875,-0.02040884457528591,0.0,-0.03490658476948738,0.0,0.5,0.5,-0.03490658476948738,0.0,0.0,152
-0.49994438886642456,-0.0027244442608207464,0.0003276771167293191,0.00465905899181962,0.0003276771167293191,0.00465905899181962,60.16603088378906,141103.90625,-2880.139404296875,-2880.139404296875,-0.02040884457528591,0.0,-0.03490658476948738,0.0,0.5,0.5,-0.03490658476948738,0.0,0.0,153
-0.49994438886642456,-0.0027244442608207464,0.0003276771167293191,0.00465905899181962,0.0003276771167293191,0.00465905899181962,61.49707794189453,144274.65625,-2944.859375,-2944.859375,-0.02040884457528591,0.0,-0.03490658476948738,0.0,0.5,0.5,-0.03490658476948738,0.0,0.0,154
-0.49994438886642456,-0.0027244442608207464,0.0003276771167293191,0.00465905899181962,0.0003276771167293191,0.00465905899181962,62.8477668762207,147492.546875,-3010.5419921875,-3010.5419921875,-0.02040884457528591,0.0,-0.03490658476948738,0.0,0.5,0.5,-0.03490658476948738,0.0,0.0,155
-0.49994438886642456,-0.0027244442608207464,0.0003276771167293191,0.00465905899181962,0.0003276771167293191,0.00465905899181962,64.21824645996094,150757.9375,-3077.19384765625,-3077.19384765625,-0.02040884457528591,0.0,-0.03490658476948738,0.0,0.5,0.5,-0.03490658476948738,0.0,0.0,156
-0.49994438886642456,-0.0027244442608207464,0.0003276771167293191,0.00465905899181962,0.0003276771167293191,0.00465905899181962,65.60865783691406,154071.1875,-3144.822509765625,-3144.822509765625,-0.02040884457528591,0.0,-0.03490658476948738,0.0,0.5,0.5,-0.03490658476948738,0.0,0.0,157
-0.49994438886642456,-0.0027244442608207464,0.0003276771167293191,0.00465905899181962,0.0003276771167293191,0.00465905899181962,67.01914978027344,157432.609375,-3213.434814453125,-3213.434814453125,-0.02040884457528591,0.0,-0.03490658476948738,0.0,0.5,0.5,-0.03490658476948738,0.0,0.0,158
-0.49994438886642456,-0.0027244442608207464,0.0003276771167293191,0.00465905899181962,0.0003276771167293191,0.00465905899181962,68.44985961914062,160842.578125,-3283.03759765625,-3283.03759765625,-0.02040884457528591,0.0,-0.03490658476948738,0.0,0.5,0.5,-0.03490658476948738,0.0,0.0,159
-0.49994438886642456,-0.0027244442608207464,0.0003276771167293191,0.00465905899181962,0.0003276771167293191,0.00465905899181962,69.90094757080078,164301.4375,-3353.638671875,-3353.638671875,-0.02040884457528591,0.0,-0.03490658476948738,0.0,0.5,0.5,-0.03490658476948738,0.0,0.0,160
-0.49994438886642456,-0.0027244442608207464,0.0003276771167293191,0.00465905899181962,0.0003276771167293191,0.00465905899181962,71.37254333496094,167809.53125,-3425.244384765625,-3425.244384765625,-0.02040884457528591,0.0,-0.03490658476948738,0.0,0.5,0.5,-0.03490658476948738,0.0,0.0,161
-0.49994438886642456,-0.0027244442608207464,0.0003276771167293191,0.00465905899181962,0.0003276771167293191,0.00465905899181962,72.86479187011719,171367.203125,-3497.8623046875,-3497.8623046875,-0.02040884457528591,0.0,-0.03490658476948738,0.0,0.5,0.5,-0.03490658476948738,0.0,0.0,162
-0.49994438886642456,-0.0027244442608207464,0.0003276771167293191,0.00465905899181962,0.0003276771167293191,0.00465905899181962,74.37785339355469,174974.8125,-3571.49951171875,-3571.49951171875,-0.02040884457528591,0.0,-0.03490658476948738,0.0,0.5,0.5,-0.03490658476948738,0.0,0.0,163
-0.49994438886642456,-0.0027244442608207464,0.0003276771167293191,0.00465905899181962,0.0003276771167293191,0.00465905899181962,75.91185760498047,178632.703125,-3646.162841796875,-3646.162841796875,-0.02040884457528591,0.0,-0.03490658476948738,0.0,0.5,0.5,-0.03490658476948738,0.0,0.0,164
-0.49994438886642456,-0.0027244442608207464,0.0003276771167293191,0.00465905899181962,0.0003276771167293191,0.00465905899181962,77.46695709228516,182341.21875,-3721.859619140625,-3721.859619140625,-0.02040884457528591,0.0,-0.03490658476948738,0.0,0.5,0.5,-0.03490658476948738,0.0,0.0,165
-0.49994438886642456,-0.0027244442608207464,0.0003276771167293191,0.00465905899181962,0.0003276771167293191,0.00465905899181962,79.04329681396484,186100.703125,-3798.596923828125,-3798.596923828125,-0.02040884457528591,0.0,-0.03490658476948738,0.0,0.5,0.5,-0.03490658476948738,0.0,0.0,166
-0.49994438886642456,-0.0027244442608207464,0.0003276771167293191,0.00465905899181962,0.0003276771167293191,0.00465905899181962,80.6410140991211,189911.515625,-3876.3818359375,-3876.3818359375,-0.02040884457528591,0.0,-0.03490658476948738,0.0,0.5,0.5,-0.03490658476948738,0.0,0.0,167
-0.49994438886642456,-0.0027244442608207464,0.0003276771167293191,0.00465905899181962,0.0003276771167293191,0.00465905899181962,82.26026153564453,193774.0,-3955.221435546875,-3955.221435546875,-0.02040884457528591,0.0,-0.03490658476948738,0.0,0.5,0.5,-0.03490658476948738,0.0,1.0,168
-0.49994438886642456,-0.0027244442608207464,-0.00019253087521065027,0.006020623259246349,-0.00019253087521065027,0.006020623259246349,83.90118408203125,197688.515625,-4035.122802734375,-4035.122802734375,-0.02040884457528591,-0.07999999821186066,3.1066861152648926,0.07941176742315292,0.5,0.5,3.1066861152648926,0.07941176742315292,0.0,169
-0.49994438886642456,-0.0027244442608207464,-0.00019253087521065027,0.006020623259246349,-0.00019253087521065027,0.006020623259246349,85.56392669677734,201655.375,-4116.09326171875,-4116.09326171875,-0.02040884457528591,-0.07999999821186066,3.1066861152648926,0.07941176742315292,0.5,0.5,3.1066861152648926,0.07941176742315292,0.0,170
-0.49994438886642456,-0.0027244442608207464,-0.0008579942514188588,0.012138133868575096,-0.0008579942514188588,0.012138133868575096,85.5739974975586,201655.5625,-4116.0966796875,-4116.0966796875,-0.02040884457528591,-0.07999999821186066,3.1066861152648926,0.07941176742315292,0.5,0.5,3.1066861152648926,0.07941176742315292,0.0,171
-0.49994438886642456,-0.0027244442608207464,-0.0008579942514188588,0.012138133868575096,-0.0008579942514188588,0.012138133868575096,85.58406829833984,201655.75,-4116.10009765625,-4116.10009765625,-0.02040884457528591,-0.07999999821186066,3.1066861152648926,0.07941176742315292,0.5,0.5,3.1066861152648926,0.07941176742315292,0.0,172
-0.49994438886642456,-0.0027244442608207464,0.0004100913356523961,0.02255662903189659,0.0004100913356523961,0.02255662903189659,85.5941390991211,201655.9375,-4116.10400390625,-4116.10400390625,-0.02040884457528591,-0.07999999821186066,3.1066861152648926,0.07941176742315292,0.5,0.5,3.1066861152648926,0.07941176742315292,0.0,173
-0.49994438886642456,-0.0027244442608207464,0.0004100913356523961,0.02255662903189659,0.0004100913356523961,0.02255662903189659,85.60420989990234,201656.109375,-4116.107421875,-4116.107421875,-0.02040884457528591,-0.07999999821186066,3.1066861152648926,0.07941176742315292,0.5,0.5,3.1066861152648926,0.07941176742315292,0.0,174
-0.49994438886642456,-0.0027244442608207464,0.005305026657879353,0.036377497017383575,0.005305026657879353,0.036377497017383575,85.61428833007812,201656.296875,-4116.11083984375,-4116.11083984375,-0.02040884457528591,-0.07999999821186066,3.1066861152648926,0.07941176742315292,0.5,0.5,3.1066861152648926,0.07941176742315292,0.0,175
-0.49994438886642456,-0.0027244442608207464,0.005305026657879353,0.036377497017383575,0.005305026657879353,0.036377497017383575,85.62435913085938,201656.484375,-4116.11474609375,-4116.11474609375,-0.02040884457528591,-0.07999999821186066,3.1066861152648926,0.07941176742315292,0.5,0.5,3.1066861152648926,0.07941176742315292,0.0,176
-0.49994438886642456,-0.0027244442608207464,0.005305026657879353,0.036377497017383575,0.005305026657879353,0.036377497017383575,85.63442993164062,201656.671875,-4116.1181640625,-4116.1181640625,-0.02040884457528591,0.0,-0.03490658476948738,0.0,0.5,0.5,-0.03490658476948738,0.0,0.0,177
-0.49994438886642456,-0.0027244442608207464,0.01063054520636797,0.04674433544278145,0.01063054520636797,0.04674433544278145,85.64450073242188,201656.859375,-4116.12158203125,-4116.12158203125,-0.02040884457528591,0.0,-0.03490658476948738,0.0,0.5,0.5,-0.03490658476948738,0.0,0.0,178
-0.49994438886642456,-0.0027244442608207464,0.012457548640668392,0.05276443809270859,0.012457548640668392,0.05276443809270859,85.65479278564453,201657.5625,-4116.1357421875,-4116.1357421875,-0.02040884457528591,0.0,-0.03490658476948738,0.0,0.5,0.5,-0.03490658476948738,0.0,0.0,179
-0.49994438886642456,-0.0027244442608207464,0.012457548640668392,0.05276443809270859,0.012457548640668392,0.05276443809270859,85.66544342041016,201659.140625,-4116.16796875,-4116.16796875,-0.02040884457528591,0.0,-0.03490658476948738,0.0,0.5,0.5,-0.03490658476948738,0.0,0.0,180
-0.49994438886642456,-0.0027244442608207464,0.009263962507247925,0.05577380955219269,0.009263962507247925,0.05577380955219269,85.67660522460938,201661.921875,-4116.224609375,-4116.224609375,-0.02040884457528591,0.0,-0.03490658476948738,0.0,0.5,0.5,-0.03490658476948738,0.0,0.0,181
-0.49994438886642456,-0.0027244442608207464,0.009263962507247925,0.05577380955219269,0.009263962507247925,0.05577380955219269,85.68841552734375,201666.28125,-4116.3134765625,-4116.3134765625,-0.02040884457528591,0.0,-0.03490658476948738,0.0,0.5,0.5,-0.03490658476948738,0.0,0.0,182
-0.49994438886642456,-0.0027244442608207464,0.0030652766581624746,0.05295350030064583,0.0030652766581624746,0.05295350030064583,85.7010269165039,201672.5625,-4116.44140625,-4116.44140625,-0.02040884457528591,0.0,-0.03490658476948738,0.0,0.5,0.5,-0.03490658476948738,0.0,0.0,183
-0.49994438886642456,-0.0027244442608207464,0.0030652766581624746,0.05295350030064583,0.0030652766581624746,0.05295350030064583,85.7145767211914,201681.09375,-4116.615234375,-4116.615234375,-0.02040884457528591,0.0,-0.03490658476948738,0.0,0.5,0.5,-0.03490658476948738,0.0,0.0,184
-0.49994438886642456,-0.0027244442608207464,0.0030652766581624746,0.05295350030064583,0.0030652766581624746,0.05295350030064583,85.72921752929688,201692.234375,-4116.84228515625,-4116.84228515625,-0.02040884457528591,0.0,-0.03490658476948738,0.0,0.5,0.5,-0.03490658476948738,0.0,0.0,185
-0.49994438886642456,-0.0027244442608207464,-0.0045941672287881374,0.04782214015722275,-0.0045941672287881374,0.04782214015722275,85.74508666992188,201706.34375,-4117.13037109375,-4117.13037109375,-0.02040884457528591,0.0,-0.03490658476948738,0.0,0.5,0.5,-0.03490658476948738,0.0,0.0,186
-0.49994438886642456,-0.0027244442608207464,-0.008767631836235523,0.04263964667916298,-0.008767631836235523,0.04263964667916298,85.76233673095703,201723.75,-4117.4853515625,-4117.4853515625,-0.02040884457528591,0.0,-0.03490658476948738,0.0,0.5,0.5,-0.03490658476948738,0.0,1.0,187
-0.49994438886642456,-0.0027244442608207464,-0.008767631836235523,0.04263964667916298,-0.008767631836235523,0.04263964667916298,85.7811050415039,201744.8125,-4117.9150390625,-4117.9150390625,-0.02040884457528591,0.0,-0.03490658476948738,0.0,0.5,0.5,-0.03490658476948738,0.0,0.0,188
-0.49994438886642456,-0.0027244442608207464,-0.0080771679058671,0.04191003739833832,-0.0080771679058671,0.04191003739833832,85.80154418945312,201769.875,-4118.42626953125,-4118.42626953125,-0.02040884457528591,0.0,-0.03490658476948738,0.0,0.5,0.5,-0.03490658476948738,0.0,0.0,189
-0.49994438886642456,-0.0027244442608207464,-0.0080771679058671,0.04191003739833832,-0.0080771679058671,0.04191003739833832,85.82379913330078,201799.28125,-4119.0263671875,-4119.0263671875,-0.02040884457528591,0.0,-0.03490658476948738,0.0,0.5,0.5,-0.03490658476948738,0.0,0.0,190
-0.49994438886642456,-0.0027244442608207464,-0.006173246074467897,0.04369591921567917,-0.006173246074467897,0.04369591921567917,85.84800720214844,201833.390625,-4119.72265625,-4119.72265625,-0.02040884457528591,0.0,-0.03490658476948738,0.0,0.5,0.5,-0.03490658476948738,0.0,0.0,191
-0.49994438886642456,-0.0027244442608207464,-0.006173246074467897,0.04369591921567917,-0.006173246074467897,0.04369591921567917,85.87431335449219,201872.546875,-4120.521484375,-4120.521484375,-0.02040884457528591,0.0,-0.03490658476948738,0.0,0.5,0.5,-0.03490658476948738,0.0,0.0,192
-0.49994438886642456,-0.0027244442608207464,-0.005276449955999851,0.04410748556256294,-0.005276449955999851,0.04410748556256294,85.90287017822266,201917.09375,-4121.4306640625,-4121.4306640625,-0.02040884457528591,0.0,-0.03490658476948738,0.0,0.5,0.5,-0.03490658476948738,0.0,0.0,193
-0.49994438886642456,-0.0027244442608207464,-0.005276449955999851,0.04410748556256294,-0.005276449955999851,0.04410748556256294,85.9338150024414,201967.390625,-4122.45703125,-4122.45703125,-0.02040884457528591,0.0,-0.03490658476948738,0.0,0.5,0.5,-0.03490658476948738,0.0,0.0,194
-0.49994438886642456,-0.0027244442608207464,-0.004744691774249077,0.04483717679977417,-0.004744691774249077,0.04483717679977417,85.96730041503906,202023.765625,-4123.607421875,-4123.607421875,-0.02040884457528591,0.0,-0.03490658476948738,0.0,0.5,0.5,-0.03490658476948738,0.0,0.0,195
-0.49994438886642456,-0.0027244442608207464,-0.004744691774249077,0.04483717679977417,-0.004744691774249077,0.04483717679977417,86.00347137451172,202086.578125,-4124.8896484375,-4124.8896484375,-0.02040884457528591,0.0,-0.03490658476948738,0.0,0.5,0.5,-0.03490658476948738,0.0,0.0,196
-0.49994438886642456,-0.0027244442608207464,-0.004970394540578127,0.04166225343942642,-0.004970394540578127,0.04166225343942642,86.04246520996094,202156.1875,-4126.31005859375,-4126.31005859375,-0.02040884457528591,0.0,-0.03490658476948738,0.0,0.5,0.5,-0.03490658476948738,0.0,0.0,197
-0.49994438886642456,-0.0027244442608207464,-0.004970394540578127,0.04166225343942642,-0.004970394540578127,0.04166225343942642,86.08442687988281,202232.921875,-4127.8759765625,-4127.8759765625,-0.02040884457528591,0.0,-0.03490658476948738,0.0,0.5,0.5,-0.03490658476948738,0.0,0.0,198
-0.49994438886642456,-0.0027244442608207464,-0.0036873521748930216,0.0388999879360199,-0.0036873521748930216,0.0388999879360199,86.1295166015625,202317.140625,-4129.5947265625,-4129.5947265625,-0.02040884457528591,0.0,-0.03490658476948738,0.0,0.5,0.5,-0.03490658476948738,0.0,0.0,199
-0.49994438886642456,-0.0027244442608207464,-0.0036873521748930216,0.0388999879360199,-0.0036873521748930216,0.0388999879360199,86.1778564453125,202409.171875,-4131.47314453125,-4131.47314453125,-0.02040884457528591,0.0,-0.03490658476948738,0.0,0.5,0.5,-0.03490658476948738,0.0,0.0,200
-0.49994438886642456,-0.0027244442608207464,-0.0016520360950380564,0.0409543402493,-0.0016520360950380564,0.0409543402493,86.22960662841797,202509.390625,-4133.51904296875,-4133.51904296875,-0.02040884457528591,0.0,-0.03490658476948738,0.0,0.5,0.5,-0.03490658476948738,0.0,0.0,201
-0.49994438886642456,-0.0027244442608207464,-0.0014487865846604109,0.04052937403321266,-0.0014487865846604109,0.04052937403321266,86.284912109375,202618.140625,-4135.73828125,-4135.73828125,-0.02040884457528591,0.0,-0.03490658476948738,0.0,0.5,0.5,-0.03490658476948738,0.0,0.0,202
-0.49994438886642456,-0.0027244442608207464,-0.0014487865846604109,0.04052937403321266,-0.0014487865846604109,0.04052937403321266,86.34391021728516,202735.765625,-4138.138671875,-4138.138671875,-0.02040884457528591,0.0,-0.03490658476948738,0.0,0.5,0.5,-0.03490658476948738,0.0,0.0,203
-0.49994438886642456,-0.0027244442608207464,-0.0010143921244889498,0.040220338851213455,-0.0010143921244889498,0.040220338851213455,86.40675354003906,202862.609375,-4140.7275390625,-4140.7275390625,-0.02040884457528591,0.0,-0.03490658476948738,0.0,0.5,0.5,-0.03490658476948738,0.0,0.0,204
-0.49994438886642456,-0.0027244442608207464,-0.0006811771309003234,0.03890303149819374,-0.0006811771309003234,0.03890303149819374,86.47357940673828,202999.015625,-4143.51171875,-4143.51171875,-0.02040884457528591,0.0,-0.03490658476948738,0.0,0.5,0.5,-0.03490658476948738,0.0,0.0,205
-0.49994438886642456,-0.0027244442608207464,-0.0006811771309003234,0.03890303149819374,-0.0006811771309003234,0.03890303149819374,86.54454040527344,203145.328125,-4146.49853515625,-4146.49853515625,-0.02040884457528591,0.0,-0.03490658476948738,0.0,0.5,0.5,-0.03490658476948738,0.0,0.0,206
-0.49994438886642456,-0.0027244442608207464,-0.0006811771309003234,0.03890303149819374,-0.0006811771309003234,0.03890303149819374,86.61978149414062,203301.921875,-4149.6943359375,-4149.6943359375,-0.02040884457528591,0.0,-0.03490658476948738,0.0,0.5,0.5,-0.03490658476948738,0.0,0.0,207
-0.49994438886642456,-0.0027244442608207464,0.00033999414881691337,0.03880865126848221,0.00033999414881691337,0.03880865126848221,86.6994400024414,203469.125,-4153.10693359375,-4153.10693359375,-0.02040884457528591,0.0,-0.03490658476948738,0.0,0.5,0.5,-0.03490658476948738,0.0,0.0,208
-0.49994438886642456,-0.0027244442608207464,-0.0003018768911715597,0.03838757798075676,-0.0003018768911715597,0.03838757798075676,86.78366088867188,203647.296875,-4156.74365234375,-4156.74365234375,-0.02040884457528591,0.0,-0.03490658476948738,0.0,0.5,0.5,-0.03490658476948738,0.0,0.0,209
-0.49994438886642456,-0.0027244442608207464,-0.0008268328965641558,0.036481890827417374,-0.0008268328965641558,0.036481890827417374,86.87259674072266,203836.765625,-4160.61083984375,-4160.61083984375,-0.02040884457528591,0.0,-0.03490658476948738,0.0,0.5,0.5,-0.03490658476948738,0.0,0.0,210
-0.49994438886642456,-0.0027244442608207464,-0.0008268328965641558,0.036481890827417374,-0.0008268328965641558,0.036481890827417374,86.96639251708984,204037.890625,-4164.7158203125,-4164.7158203125,-0.02040884457528591,0.0,-0.03490658476948738,0.0,0.5,0.5,-0.03490658476948738,0.0,0.0,211
-0.49994438886642456,-0.0027244442608207464,-0.0010747230844572186,0.035970401018857956,-0.0010747230844572186,0.035970401018857956,87.065185546875,204251.015625,-4169.06591796875,-4169.06591796875,-0.02040884457528591,0.0,-0.03490658476948738,0.0,0.5,0.5,-0.03490658476948738,0.0,0.0,212
-0.49994438886642456,-0.0027244442608207464,-0.0023134781513363123,0.033580150455236435,-0.0023134781513363123,0.033580150455236435,87.16912841796875,204476.515625,-4173.66845703125,-4173.66845703125,-0.02040884457528591,0.0,-0.03490658476948738,0.0,0.5,0.5,-0.03490658476948738,0.0,0.0,213
-0.49994438886642456,-0.0027244442608207464,-0.0023134781513363123,0.033580150455236435,-0.0023134781513363123,0.033580150455236435,87.27835845947266,204714.6875,-4178.52978515625,-4178.52978515625,-0.02040884457528591,0.0,-0.03490658476948738,0.0,0.5,0.5,-0.03490658476948738,0.0,0.0,214
-0.49994438886642456,-0.0027244442608207464,-0.0026570099871605635,0.033664971590042114,-0.0026570099871605635,0.033664971590042114,87.39302825927734,204965.921875,-4183.65771484375,-4183.65771484375,-0.02040884457528591,0.0,-0.03490658476948738,0.0,0.5,0.5,-0.03490658476948738,0.0,0.0,215
-0.49994438886642456,-0.0027244442608207464,-0.0026570099871605635,0.033664971590042114,-0.0026570099871605635,0.033664971590042114,87.5132827758789,205230.5625,-4189.05908203125,-4189.05908203125,-0.02040884457528591,0.0,-0.03490658476948738,0.0,0.5,0.5,-0.03490658476948738,0.0,0.0,216
-0.49994438886642456,-0.0027244442608207464,-0.0026570099871605635,0.033664971590042114,-0.0026570099871605635,0.033664971590042114,87.6392593383789,205508.9375,-4194.7412109375,-4194.7412109375,-0.02040884457528591,0.0,-0.03490658476948738,0.0,0.5,0.5,-0.03490658476948738,0.0,0.0,217
-0.49994438886642456,-0.0027244442608207464,-0.0026570099871605635,0.033664971590042114,-0.0026570099871605635,0.033664971590042114,87.77110290527344,205801.390625,-4200.71044921875,-4200.71044921875,-0.02040884457528591,0.0,-0.03490658476948738,0.0,0.5,0.5,-0.03490658476948738,0.0,0.0,218
-0.49994438886642456,-0.0027244442608207464,-0.0026570099871605635,0.033664971590042114,-0.0026570099871605635,0.033664971590042114,87.90896606445312,206108.296875,-4206.974609375,-4206.974609375,-0.02040884457528591,0.0,-0.03490658476948738,0.0,0.5,0.5,-0.03490658476948738,0.0,0.0,219
-0.49994438886642456,-0.0027244442608207464,-0.003101265523582697,0.03319945186376572,-0.003101265523582697,0.03319945186376572,88.05299377441406,206430.0,-4213.541015625,-4213.541015625,-0.02040884457528591,0.0,-0.03490658476948738,0.0,0.5,0.5,-0.03490658476948738,0.0,0.0,220
-0.49994438886642456,-0.0027244442608207464,-0.00538878096267581,0.030135387554764748,-0.00538878096267581,0.030135387554764748,88.20332336425781,206766.828125,-4220.416015625,-4220.416015625,-0.02040884457528591,0.0,-0.03490658476948738,0.0,0.5,0.5,-0.03490658476948738,0.0,0.0,221
-0.49994438886642456,-0.0027244442608207464,-0.00538878096267581,0.030135387554764748,-0.00538878096267581,0.030135387554764748,88.360107421875,207119.140625,-4227.60693359375,-4227.60693359375,-0.02040884457528591,0.0,-0.03490658476948738,0.0,0.5,0.5,-0.03490658476948738,0.0,0.0,222
-0.49994438886642456,-0.0027244442608207464,-0.006412841845303774,0.027523640543222427,-0.006412841845303774,0.027523640543222427,88.52349090576172,207487.28125,-4235.12158203125,-4235.12158203125,-0.02040884457528591,0.0,-0.03490658476948738,0.0,0.5,0.5,-0.03490658476948738,0.0,0.0,223
-0.49994438886642456,-0.0027244442608207464,-0.006412841845303774,0.027523640543222427,-0.006412841845303774,0.027523640543222427,88.69361114501953,207871.609375,-4242.9658203125,-4242.9658203125,-0.02040884457528591,0.0,-0.03490658476948738,0.0,0.5,0.5,-0.03490658476948738,0.0,0.0,224
-0.49994438886642456,-0.0027244442608207464,-0.007312184199690819,0.024653542786836624,-0.007312184199690819,0.024653542786836624,88.87061309814453,208272.46875,-4251.14794921875,-4251.14794921875,-0.02040884457528591,0.0,-0.03490658476948738,0.0,0.5,0.5,-0.03490658476948738,0.0,0.0,225
-0.49994438886642456,-0.0027244442608207464,-0.007623900193721056,0.024173054844141006,-0.007623900193721056,0.024173054844141006,89.05465698242188,208690.203125,-4259.67431640625,-4259.67431640625,-0.02040884457528591,0.0,-0.03490658476948738,0.0,0.5,0.5,-0.03490658476948738,0.0,0.0,226
-0.49994438886642456,-0.0027244442608207464,-0.007623900193721056,0.024173054844141006,-0.007623900193721056,0.024173054844141006,89.24586486816406,209125.15625,-4268.55224609375,-4268.55224609375,-0.02040884457528591,0.0,-0.03490658476948738,0.0,0.5,0.5,-0.03490658476948738,0.0,0.0,227
-0.49994438886642456,-0.0027244442608207464,-0.008709489367902279,0.02220471389591694,-0.008709489367902279,0.02220471389591694,89.44440460205078,209577.671875,-4277.78857421875,-4277.78857421875,-0.02040884457528591,0.0,-0.03490658476948738,0.0,0.5,0.5,-0.03490658476948738,0.0,0.0,228
-0.49994438886642456,-0.0027244442608207464,-0.008709489367902279,0.02220471389591694,-0.008709489367902279,0.02220471389591694,89.65039825439453,210048.125,-4287.39111328125,-4287.39111328125,-0.02040884457528591,0.0,-0.03490658476948738,0.0,0.5,0.5,-0.03490658476948738,0.0,0.0,229
-0.49994438886642456,-0.0027244442608207464,-0.008709489367902279,0.02220471389591694,-0.008709489367902279,0.02220471389591694,89.864013671875,210536.84375,-4297.3662109375,-4297.3662109375,-0.02040884457528591,0.0,-0.03490658476948738,0.0,0.5,0.5,-0.03490658476948738,0.0,0.0,230
-0.49994438886642456,-0.0027244442608207464,-0.008787679485976696,0.0231938473880291,-0.008787679485976696,0.0231938473880291,90.08538055419922,211044.171875,-4307.7216796875,-4307.7216796875,-0.02040884457528591,0.0,-0.03490658476948738,0.0,0.5,0.5,-0.03490658476948738,0.0,0.0,231
-0.49994438886642456,-0.0027244442608207464,-0.008787679485976696,0.0231938473880291,-0.008787679485976696,0.0231938473880291,90.31465148925781,211570.453125,-4318.4638671875,-4318.4638671875,-0.02040884457528591,0.0,-0.03490658476948738,0.0,0.5,0.5,-0.03490658476948738,0.0,0.0,232
-0.49994438886642456,-0.0027244442608207464,-0.008787679485976696,0.0231938473880291,-0.008787679485976696,0.0231938473880291,90.55196380615234,212116.0625,-4329.6005859375,-4329.6005859375,-0.02040884457528591,0.0,-0.03490658476948738,0.0,0.5,0.5,-0.03490658476948738,0.0,0.0,233
-0.49994438886642456,-0.0027244442608207464,-0.008850974962115288,0.022554727271199226,-0.008850974962115288,0.022554727271199226,90.79747009277344,212681.328125,-4341.13818359375,-4341.13818359375,-0.02040884457528591,0.0,-0.03490658476948738,0.0,0.5,0.5,-0.03490658476948738,0.0,0.0,234
-0.49994438886642456,-0.0027244442608207464,-0.008850974962115288,0.022554727271199226,-0.008850974962115288,0.022554727271199226,91.05130767822266,213266.59375,-4353.08447265625,-4353.08447265625,-0.02040884457528591,0.0,-0.03490658476948738,0.0,0.5,0.5,-0.03490658476948738,0.0,0.0,235
-0.49994438886642456,-0.0027244442608207464,-0.008770762011408806,0.02364177256822586,-0.008770762011408806,0.02364177256822586,91.31362915039062,213872.21875,-4365.44580078125,-4365.44580078125,-0.02040884457528591,0.0,-0.03490658476948738,0.0,0.5,0.5,-0.03490658476948738,0.0,0.0,236
-0.49994438886642456,-0.0027244442608207464,-0.008770762011408806,0.02364177256822586,-0.008770762011408806,0.02364177256822586,91.58457946777344,214498.546875,-4378.22998046875,-4378.22998046875,-0.02040884457528591,0.0,-0.03490658476948738,0.0,0.5,0.5,-0.03490658476948738,0.0,0.0,237
-0.49994438886642456,-0.0027244442608207464,-0.008770762011408806,0.02364177256822586,-0.008770762011408806,0.02364177256822586,91.86429595947266,215145.921875,-4391.44384765625,-4391.44384765625,-0.02040884457528591,0.0,-0.03490658476948738,0.0,0.5,0.5,-0.03490658476948738,0.0,0.0,238
-0.49994438886642456,-0.0027244442608207464,-0.009591948240995407,0.024565154686570168,-0.009591948240995407,0.024565154686570168,92.1529312133789,215814.703125,-4405.0947265625,-4405.0947265625,-0.02040884457528591,0.0,-0.03490658476948738,0.0,0.5,0.5,-0.03490658476948738,0.0,0.0,239
-0.49994438886642456,-0.0027244442608207464,-0.009591948240995407,0.024565154686570168,-0.009591948240995407,0.024565154686570168,92.45062255859375,216505.234375,-4419.189453125,-4419.189453125,-0.02040884457528591,0.0,-0.03490658476948738,0.0,0.5,0.5,-0.03490658476948738,0.0,0.0,240
-0.49994438886642456,-0.0027244442608207464,-0.01009069848805666,0.02413182519376278,-0.01009069848805666,0.02413182519376278,92.75752258300781,217217.859375,-4433.73486328125,-4433.73486328125,-0.02040884457528591,0.0,-0.03490658476948738,0.0,0.5,0.5,-0.03490658476948738,0.0,0.0,241
-0.49994438886642456,-0.0027244442608207464,-0.01009069848805666,0.02413182519376278,-0.01009069848805666,0.02413182519376278,93.07377624511719,217952.921875,-4448.73876953125,-4448.73876953125,-0.02040884457528591,0.0,-0.03490658476948738,0.0,0.5,0.5,-0.03490658476948738,0.0,0.0,242
-0.49994438886642456,-0.0027244442608207464,-0.01009069848805666,0.02413182519376278,-0.01009069848805666,0.02413182519376278,93.39952087402344,218710.78125,-4464.20751953125,-4464.20751953125,-0.02040884457528591,0.0,-0.03490658476948738,0.0,0.5,0.5,-0.03490658476948738,0.0,0.0,243
-0.49994438886642456,-0.0027244442608207464,-0.01009069848805666,0.02413182519376278,-0.01009069848805666,0.02413182519376278,93.73490905761719,219491.765625,-4480.14892578125,-4480.14892578125,-0.02040884457528591,0.0,-0.03490658476948738,0.0,0.5,0.5,-0.03490658476948738,0.0,0.0,244
-0.49994438886642456,-0.0027244442608207464,-0.01009069848805666,0.02413182519376278,-0.01009069848805666,0.02413182519376278,94.08008575439453,220296.25,-4496.5693359375,-4496.5693359375,-0.02040884457528591,0.0,-0.03490658476948738,0.0,0.5,0.5,-0.03490658476948738,0.0,0.0,245
-0.49994438886642456,-0.0027244442608207464,-0.009459993802011013,0.02581741288304329,-0.009459993802011013,0.02581741288304329,94.43518829345703,221124.578125,-4513.4765625,-4513.4765625,-0.02040884457528591,0.0,-0.03490658476948738,0.0,0.5,0.5,-0.03490658476948738,0.0,0.0,246
-0.49994438886642456,-0.0027244442608207464,-0.009459993802011013,0.02581741288304329,-0.009459993802011013,0.02581741288304329,94.80036163330078,221977.078125,-4530.87744140625,-4530.87744140625,-0.02040884457528591,0.0,-0.03490658476948738,0.0,0.5,0.5,-0.03490658476948738,0.0,0.0,247
-0.49994438886642456,-0.0027244442608207464,-0.008952959440648556,0.02852662093937397,-0.008952959440648556,0.02852662093937397,95.17576599121094,222854.109375,-4548.77880859375,-4548.77880859375,-0.02040884457528591,0.0,-0.03490658476948738,0.0,0.5,0.5,-0.03490658476948738,0.0,0.0,248
-0.49994438886642456,-0.0027244442608207464,-0.008952959440648556,0.02852662093937397,-0.008952959440648556,0.02852662093937397,95.5615234375,223756.015625,-4567.18798828125,-4567.18798828125,-0.02040884457528591,0.0,-0.03490658476948738,0.0,0.5,0.5,-0.03490658476948738,0.0,0.0,249
-0.49994438886642456,-0.0027244442608207464,-0.00913989171385765,0.030385758727788925,-0.00913989171385765,0.030385758727788925,95.95780181884766,224683.140625,-4586.1123046875,-4586.1123046875,-0.02040884457528591,0.0,-0.03490658476948738,0.0,0.5,0.5,-0.03490658476948738,0.0,0.0,250
-0.49994438886642456,-0.0027244442608207464,-0.00913989171385765,0.030385758727788925,-0.00913989171385765,0.030385758727788925,96.36473083496094,225635.859375,-4605.55859375,-4605.55859375,-0.02040884457528591,0.0,-0.03490658476948738,0.0,0.5,0.5,-0.03490658476948738,0.0,0.0,251
-0.49994438886642456,-0.0027244442608207464,-0.008856522850692272,0.03224474936723709,-0.008856522850692272,0.03224474936723709,96.78246307373047,226614.5,-4625.53369140625,-4625.53369140625,-0.02040884457528591,0.0,-0.03490658476948738,0.0,0.5,0.5,-0.03490658476948738,0.0,0.0,252
-0.49994438886642456,-0.0027244442608207464,-0.008856522850692272,0.03224474936723709,-0.008856522850692272,0.03224474936723709,97.21113586425781,227619.390625,-4646.04541015625,-4646.04541015625,-0.02040884457528591,0.0,-0.03490658476948738,0.0,0.5,0.5,-0.03490658476948738,0.0,0.0,253
-0.49994438886642456,-0.0027244442608207464,-0.008856522850692272,0.03224474936723709,-0.008856522850692272,0.03224474936723709,97.6509017944336,228650.921875,-4667.10009765625,-4667.10009765625,-0.02040884457528591,0.0,-0.03490658476948738,0.0,0.5,0.5,-0.03490658476948738,0.0,0.0,254
-0.49994438886642456,-0.0027244442608207464,-0.008856522850692272,0.03224474936723709,-0.008856522850692272,0.03224474936723709,98.1019058227539,229709.40625,-4688.70556640625,-4688.70556640625,-0.02040884457528591,0.0,-0.03490658476948738,0.0,0.5,0.5,-0.03490658476948738,0.0,0.0,255
-0.49994438886642456,-0.0027244442608207464,-0.008856522850692272,0.03224474936723709,-0.008856522850692272,0.03224474936723709,98.56428527832031,230795.21875,-4710.86865234375,-4710.86865234375,-0.02040884457528591,0.0,-0.03490658476948738,0.0,0.5,0.5,-0.03490658476948738,0.0,0.0,256
-0.49994438886642456,-0.0027244442608207464,-0.008856522850692272,0.03224474936723709,-0.008856522850692272,0.03224474936723709,99.03819274902344,231908.671875,-4733.59619140625,-4733.59619140625,-0.02040884457528591,0.0,-0.03490658476948738,0.0,0.5,0.5,-0.03490658476948738,0.0,0.0,257
-0.49994438886642456,-0.0027244442608207464,-0.0088484613224864,0.032199084758758545,-0.0088484613224864,0.032199084758758545,99.52377319335938,233050.15625,-4756.8955078125,-4756.8955078125,-0.02040884457528591,0.0,-0.03490658476948738,0.0,0.5,0.5,-0.03490658476948738,0.0,0.0,258
-0.49994438886642456,-0.0027244442608207464,-0.0088484613224864,0.032199084758758545,-0.0088484613224864,0.032199084758758545,100.02116394042969,234219.984375,-4780.7734375,-4780.7734375,-0.02040884457528591,0.0,-0.03490658476948738,0.0,0.5,0.5,-0.03490658476948738,0.0,0.0,259
-0.49994438886642456,-0.0027244442608207464,-0.008642792701721191,0.03235658258199692,-0.008642792701721191,0.03235658258199692,100.53050994873047,235418.53125,-4805.2373046875,-4805.2373046875,-0.02040884457528591,0.0,-0.03490658476948738,0.0,0.5,0.5,-0.03490658476948738,0.0,0.0,260
-0.49994438886642456,-0.0027244442608207464,-0.008642792701721191,0.03235658258199692,-0.008642792701721191,0.03235658258199692,101.05197143554688,236646.125,-4830.29443359375,-4830.29443359375,-0.02040884457528591,0.0,-0.03490658476948738,0.0,0.5,0.5,-0.03490658476948738,0.0,0.0,261
-0.49994438886642456,-0.0027244442608207464,-0.009298864752054214,0.030560189858078957,-0.009298864752054214,0.030560189858078957,101.58567810058594,237903.125,-4855.95166015625,-4855.95166015625,-0.02040884457528591,0.0,-0.03490658476948738,0.0,0.5,0.5,-0.03490658476948738,0.0,0.0,262
-0.49994438886642456,-0.0027244442608207464,-0.009298864752054214,0.030560189858078957,-0.009298864752054214,0.030560189858078957,102.13178253173828,239189.875,-4882.21630859375,-4882.21630859375,-0.02040884457528591,0.0,-0.03490658476948738,0.0,0.5,0.5,-0.03490658476948738,0.0,0.0,263
-0.49994438886642456,-0.0027244442608207464,-0.009332728572189808,0.03022581897675991,-0.009332728572189808,0.03022581897675991,102.69042205810547,240506.71875,-4909.09521484375,-4909.09521484375,-0.02040884457528591,0.0,-0.03490658476948738,0.0,0.5,0.5,-0.03490658476948738,0.0,0.0,264
-0.49994438886642456,-0.0027244442608207464,-0.009332728572189808,0.03022581897675991,-0.009332728572189808,0.03022581897675991,103.26174926757812,241854.015625,-4936.59521484375,-4936.59521484375,-0.02040884457528591,0.0,-0.03490658476948738,0.0,0.5,0.5,-0.03490658476948738,0.0,0.0,265
-0.49994438886642456,-0.0027244442608207464,-0.009332728572189808,0.03022581897675991,-0.009332728572189808,0.03022581897675991,103.84590911865234,243232.09375,-4964.72412109375,-4964.72412109375,-0.02040884457528591,0.0,-0.03490658476948738,0.0,0.5,0.5,-0.03490658476948738,0.0,0.0,266
-0.49994438886642456,-0.0027244442608207464,-0.009332728572189808,0.03022581897675991,-0.009332728572189808,0.03022581897675991,104.44303894042969,244641.328125,-4993.48876953125,-4993.48876953125,-0.02040884457528591,0.0,-0.03490658476948738,0.0,0.5,0.5,-0.03490658476948738,0.0,0.0,267
-0.49994438886642456,-0.0027244442608207464,-0.009332728572189808,0.03022581897675991,-0.009332728572189808,0.03022581897675991,105.05329132080078,246082.046875,-5022.89599609375,-5022.89599609375,-0.02040884457528591,0.0,-0.03490658476948738,0.0,0.5,0.5,-0.03490658476948738,0.0,0.0,268
-0.49994438886642456,-0.0027244442608207464,-0.009332728572189808,0.03022581897675991,-0.009332728572189808,0.03022581897675991,105.67680358886719,247554.59375,-5052.953125,-5052.953125,-0.02040884457528591,0.0,-0.03490658476948738,0.0,0.5,0.5,-0.03490658476948738,0.0,0.0,269
-0.49994438886642456,-0.0027244442608207464,-0.009923547506332397,0.030124276876449585,-0.009923547506332397,0.030124276876449585,106.31372833251953,249059.34375,-5083.6669921875,-5083.6669921875,-0.02040884457528591,0.0,-0.03490658476948738,0.0,0.5,0.5,-0.03490658476948738,0.0,0.0,270
-0.49994438886642456,-0.0027244442608207464,-0.009923547506332397,0.030124276876449585,-0.009923547506332397,0.030124276876449585,106.9642105102539,250596.609375,-5115.04541015625,-5115.04541015625,-0.02040884457528591,0.0,-0.03490658476948738,0.0,0.5,0.5,-0.03490658476948738,0.0,0.0,271
-0.49994438886642456,-0.0027244442608207464,-0.010427484288811684,0.030504457652568817,-0.010427484288811684,0.030504457652568817,107.6283950805664,252166.765625,-5147.0947265625,-5147.0947265625,-0.02040884457528591,0.0,-0.03490658476948738,0.0,0.5,0.5,-0.03490658476948738,0.0,0.0,272
-0.49994438886642456,-0.0027244442608207464,-0.010427484288811684,0.030504457652568817,-0.010427484288811684,0.030504457652568817,108.3064193725586,253770.15625,-5179.822265625,-5179.822265625,-0.02040884457528591,0.0,-0.03490658476948738,0.0,0.5,0.5,-0.03490658476948738,0.0,0.0,273
-0.49994438886642456,-0.0027244442608207464,-0.010443082079291344,0.030831774696707726,-0.010443082079291344,0.030831774696707726,108.9984359741211,255407.125,-5213.2353515625,-5213.2353515625,-0.02040884457528591,0.0,-0.03490658476948738,0.0,0.5,0.5,-0.03490658476948738,0.0,0.0,274
-0.49994438886642456,-0.0027244442608207464,-0.010443082079291344,0.030831774696707726,-0.010443082079291344,0.030831774696707726,109.70458221435547,257078.015625,-5247.3408203125,-5247.3408203125,-0.02040884457528591,0.0,-0.03490658476948738,0.0,0.5,0.5,-0.03490658476948738,0.0,0.0,275
-0.49994438886642456,-0.0027244442608207464,-0.010443082079291344,0.030831774696707726,-0.010443082079291344,0.030831774696707726,110.42501068115234,258783.171875,-5282.1455078125,-5282.1455078125,-0.02040884457528591,0.0,-0.03490658476948738,0.0,0.5,0.5,-0.03490658476948738,0.0,0.0,276
-0.49994438886642456,-0.0027244442608207464,-0.010443082079291344,0.030831774696707726,-0.010443082079291344,0.030831774696707726,111.15986633300781,260522.953125,-5317.65771484375,-5317.65771484375,-0.02040884457528591,0.0,-0.03490658476948738,0.0,0.5,0.5,-0.03490658476948738,0.0,0.0,277
-0.49994438886642456,-0.0027244442608207464,-0.010443082079291344,0.030831774696707726,-0.010443082079291344,0.030831774696707726,111.90929412841797,262297.71875,-5353.8828125,-5353.8828125,-0.02040884457528591,0.0,-0.03490658476948738,0.0,0.5,0.5,-0.03490658476948738,0.0,0.0,278
-0.49994438886642456,-0.0027244442608207464,-0.010443082079291344,0.030831774696707726,-0.010443082079291344,0.030831774696707726,112.67343139648438,264107.78125,-5390.82958984375,-5390.82958984375,-0.02040884457528591,0.0,-0.03490658476948738,0.0,0.5,0.5,-0.03490658476948738,0.0,0.0,279
-0.49994438886642456,-0.0027244442608207464,-0.010461497120559216,0.03084345906972885,-0.010461497120559216,0.03084345906972885,113.45242309570312,265953.53125,-5428.50390625,-5428.50390625,-0.02040884457528591,0.0,-0.03490658476948738,0.0,0.5,0.5,-0.03490658476948738,0.0,0.0,280
-0.49994438886642456,-0.0027244442608207464,-0.010461497120559216,0.03084345906972885,-0.010461497120559216,0.03084345906972885,114.24642944335938,267835.28125,-5466.9130859375,-5466.9130859375,-0.02040884457528591,0.0,-0.03490658476948738,0.0,0.5,0.5,-0.03490658476948738,0.0,0.0,281
-0.49994438886642456,-0.0027244442608207464,-0.010461497120559216,0.03084345906972885,-0.010461497120559216,0.03084345906972885,115.05558013916016,269753.375,-5506.06494140625,-5506.06494140625,-0.02040884457528591,0.0,-0.03490658476948738,0.0,0.5,0.5,-0.03490658476948738,0.0,0.0,282
-0.49994438886642456,-0.0027244442608207464,-0.010461497120559216,0.03084345906972885,-0.010461497120559216,0.03084345906972885,115.8800277709961,271708.21875,-5545.9658203125,-5545.9658203125,-0.02040884457528591,0.0,-0.03490658476948738,0.0,0.5,0.5,-0.03490658476948738,0.0,0.0,283
-0.49994438886642456,-0.0027244442608207464,-0.010461497120559216,0.03084345906972885,-0.010461497120559216,0.03084345906972885,116.71990966796875,273700.09375,-5586.62353515625,-5586.62353515625,-0.02040884457528591,0.0,-0.03490658476948738,0.0,0.5,0.5,-0.03490658476948738,0.0,0.0,284
-0.49994438886642456,-0.0027244442608207464,-0.010461497120559216,0.03084345906972885,-0.010461497120559216,0.03084345906972885,117.57537841796875,275729.375,-5628.04443359375,-5628.04443359375,-0.02040884457528591,0.0,-0.03490658476948738,0.0,0.5,0.5,-0.03490658476948738,0.0,0.0,285
-0.49994438886642456,-0.0027244442608207464,-0.01029518898576498,0.030684277415275574,-0.01029518898576498,0.030684277415275574,118.44657897949219,277796.40625,-5670.23583984375,-5670.23583984375,-0.02040884457528591,0.0,-0.03490658476948738,0.0,0.5,0.5,-0.03490658476948738,0.0,0.0,286
-0.49994438886642456,-0.0027244442608207464,-0.01029518898576498,0.030684277415275574,-0.01029518898576498,0.030684277415275574,119.33365631103516,279901.53125,-5713.205078125,-5713.205078125,-0.02040884457528591,0.0,-0.03490658476948738,0.0,0.5,0.5,-0.03490658476948738,0.0,0.0,287
-0.49994438886642456,-0.0027244442608207464,-0.010145742446184158,0.030460026115179062,-0.010145742446184158,0.030460026115179062,120.23674774169922,282045.125,-5756.958984375,-5756.958984375,-0.02040884457528591,0.0,-0.03490658476948738,0.0,0.5,0.5,-0.03490658476948738,0.0,0.0,288
-0.49994438886642456,-0.0027244442608207464,-0.010145742446184158,0.030460026115179062,-0.010145742446184158,0.030460026115179062,121.156005859375,284227.53125,-5801.5048828125,-5801.5048828125,-0.02040884457528591,0.0,-0.03490658476948738,0.0,0.5,0.5,-0.03490658476948738,0.0,0.0,289
-0.49994438886642456,-0.0027244442608207464,-0.010105881839990616,0.030473489314317703,-0.010105881839990616,0.030473489314317703,122.09156799316406,286449.03125,-5846.849609375,-5846.849609375,-0.02040884457528591,0.0,-0.03490658476948738,0.0,0.5,0.5,-0.03490658476948738,0.0,0.0,290
-0.49994438886642456,-0.0027244442608207464,-0.010105881839990616,0.030473489314317703,-0.010105881839990616,0.030473489314317703,123.04358673095703,288710.0625,-5893.0009765625,-5893.0009765625,-0.02040884457528591,0.0,-0.03490658476948738,0.0,0.5,0.5,-0.03490658476948738,0.0,0.0,291
-0.49994438886642456,-0.0027244442608207464,-0.010105881839990616,0.030473489314317703,-0.010105881839990616,0.030473489314317703,124.01220703125,291010.9375,-5939.96484375,-5939.96484375,-0.02040884457528591,0.0,-0.03490658476948738,0.0,0.5,0.5,-0.03490658476948738,0.0,0.0,292
-0.49994438886642456,-0.0027244442608207464,-0.010105881839990616,0.030473489314317703,-0.010105881839990616,0.030473489314317703,124.99757385253906,293351.96875,-5987.74951171875,-5987.74951171875,-0.02040884457528591,0.0,-0.03490658476948738,0.0,0.5,0.5,-0.03490658476948738,0.0,0.0,293
-0.49994438886642456,-0.0027244442608207464,-0.010105881839990616,0.030473489314317703,-0.010105881839990616,0.030473489314317703,125.99982452392578,295733.5625,-6036.36181640625,-6036.36181640625,-0.02040884457528591,0.0,-0.03490658476948738,0.0,0.5,0.5,-0.03490658476948738,0.0,0.0,294
-0.49994438886642456,-0.0027244442608207464,-0.010105881839990616,0.030473489314317703,-0.010105881839990616,0.030473489314317703,127.01911163330078,298156.03125,-6085.80810546875,-6085.80810546875,-0.02040884457528591,0.0,-0.03490658476948738,0.0,0.5,0.5,-0.03490658476948738,0.0,0.0,295
-0.49994438886642456,-0.0027244442608207464,-0.010105881839990616,0.030473489314317703,-0.010105881839990616,0.030473489314317703,128.05557250976562,300619.75,-6136.09619140625,-6136.09619140625,-0.02040884457528591,0.0,-0.03490658476948738,0.0,0.5,0.5,-0.03490658476948738,0.0,0.0,296
-0.49994438886642456,-0.0027244442608207464,-0.010105881839990616,0.030473489314317703,-0.010105881839990616,0.030473489314317703,129.109375,303125.03125,-6187.2333984375,-6187.2333984375,-0.02040884457528591,0.0,-0.03490658476948738,0.0,0.5,0.5,-0.03490658476948738,0.0,0.0,297
-0.49994438886642456,-0.0027244442608207464,-0.010105881839990616,0.030473489314317703,-0.010105881839990616,0.030473489314317703,130.18063354492188,305672.25,-6239.22607421875,-6239.22607421875,-0.02040884457528591,0.0,-0.03490658476948738,0.0,0.5,0.5,-0.03490658476948738,0.0,0.0,298
-0.49994438886642456,-0.0027244442608207464,-0.010105881839990616,0.030473489314317703,-0.010105881839990616,0.030473489314317703,131.26950073242188,308261.75,-6292.08154296875,-6292.08154296875,-0.02040884457528591,0.0,-0.03490658476948738,0.0,0.5,0.5,-0.03490658476948738,0.0,0.0,299
-0.49994438886642456,-0.0027244442608207464,-0.010105881839990616,0.030473489314317703,-0.010105881839990616,0.030473489314317703,132.37612915039062,310893.84375,-6345.80712890625,-6345.80712890625,-0.02040884457528591,0.0,-0.03490658476948738,0.0,0.5,0.5,-0.03490658476948738,0.0,0.0,300
-0.49994438886642456,-0.0027244442608207464,-0.010105881839990616,0.030473489314317703,-0.010105881839990616,0.030473489314317703,133.50067138671875,313568.9375,-6400.41015625,-6400.41015625,-0.02040884457528591,0.0,-0.03490658476948738,0.0,0.5,0.5,-0.03490658476948738,0.0,0.0,301
-0.49994438886642456,-0.0027244442608207464,-0.010105881839990616,0.030473489314317703,-0.010105881839990616,0.030473489314317703,134.64324951171875,316287.34375,-6455.8974609375,-6455.8974609375,-0.02040884457528591,0.0,-0.03490658476948738,0.0,0.5,0.5,-0.03490658476948738,0.0,0.0,302
-0.49994438886642456,-0.0027244442608207464,-0.010105881839990616,0.030473489314317703,-0.010105881839990616,0.030473489314317703,135.8040313720703,319049.4375,-6512.27587890625,-6512.27587890625,-0.02040884457528591,0.0,-0.03490658476948738,0.0,0.5,0.5,-0.03490658476948738,0.0,0.0,303
-0.49994438886642456,-0.0027244442608207464,-0.010105881839990616,0.030473489314317703,-0.010105881839990616,0.030473489314317703,136.983154296875,321855.53125,-6569.552734375,-6569.552734375,-0.02040884457528591,0.0,-0.03490658476948738,0.0,0.5,0.5,-0.03490658476948738,0.0,0.0,304
-0.49994438886642456,-0.0027244442608207464,-0.010105881839990616,0.030473489314317703,-0.010105881839990616,0.030473489314317703,138.1807403564453,324705.96875,-6627.73486328125,-6627.73486328125,-0.02040884457528591,0.0,-0.03490658476948738,0.0,0.5,0.5,-0.03490658476948738,0.0,0.0,305
-0.49994438886642456,-0.0027244442608207464,-0.010105881839990616,0.030473489314317703,-0.010105881839990616,0.030473489314317703,139.39697265625,327601.15625,-6686.830078125,-6686.830078125,-0.02040884457528591,0.0,-0.03490658476948738,0.0,0.5,0.5,-0.03490658476948738,0.0,0.0,306
-0.49994438886642456,-0.0027244442608207464,-0.010105881839990616,0.030473489314317703,-0.010105881839990616,0.030473489314317703,140.63197326660156,330541.375,-6746.8447265625,-6746.8447265625,-0.02040884457528591,0.0,-0.03490658476948738,0.0,0.5,0.5,-0.03490658476948738,0.0,0.0,307
-0.49994438886642456,-0.0027244442608207464,-0.010105881839990616,0.030473489314317703,-0.010105881839990616,0.030473489314317703,141.8859100341797,333527.03125,-6807.78662109375,-6807.78662109375,-0.02040884457528591,0.0,-0.03490658476948738,0.0,0.5,0.5,-0.03490658476948738,0.0,0.0,308
-0.49994438886642456,-0.0027244442608207464,-0.010171779431402683,0.030469683930277824,-0.010171779431402683,0.030469683930277824,143.1588897705078,336558.40625,-6869.662109375,-6869.662109375,-0.02040884457528591,0.0,-0.03490658476948738,0.0,0.5,0.5,-0.03490658476948738,0.0,0.0,309
-0.49994438886642456,-0.0027244442608207464,-0.010171779431402683,0.030469683930277824,-0.010171779431402683,0.030469683930277824,144.45108032226562,339635.90625,-6932.47900390625,-6932.47900390625,-0.02040884457528591,0.0,-0.03490658476948738,0.0,0.5,0.5,-0.03490658476948738,0.0,0.0,310
-0.49994438886642456,-0.0027244442608207464,-0.010171779431402683,0.030469683930277824,-0.010171779431402683,0.030469683930277824,145.76263427734375,342759.875,-6996.24365234375,-6996.24365234375,-0.02040884457528591,0.0,-0.03490658476948738,0.0,0.5,0.5,-0.03490658476948738,0.0,0.0,311
-0.49994438886642456,-0.0027244442608207464,-0.010171779431402683,0.030469683930277824,-0.010171779431402683,0.030469683930277824,147.0936737060547,345930.625,-7060.9638671875,-7060.9638671875,-0.02040884457528591,0.0,-0.03490658476948738,0.0,0.5,0.5,-0.03490658476948738,0.0,0.0,312
-0.49994438886642456,-0.0027244442608207464,-0.010171779431402683,0.030469683930277824,-0.010171779431402683,0.030469683930277824,148.44436645507812,349148.5,-7126.646484375,-7126.646484375,-0.02040884457528591,0.0,-0.03490658476948738,0.0,0.5,0.5,-0.03490658476948738,0.0,0.0,313
-0.49994438886642456,-0.0027244442608207464,-0.010171779431402683,0.030469683930277824,-0.010171779431402683,0.030469683930277824,149.81484985351562,352413.90625,-7193.29833984375,-7193.29833984375,-0.02040884457528591,0.0,-0.03490658476948738,0.0,0.5,0.5,-0.03490658476948738,0.0,0.0,314
-0.49994438886642456,-0.0027244442608207464,-0.010171779431402683,0.030469683930277824,-0.010171779431402683,0.030469683930277824,151.20526123046875,355727.15625,-7260.9267578125,-7260.9267578125,-0.02040884457528591,0.0,-0.03490658476948738,0.0,0.5,0.5,-0.03490658476948738,0.0,0.0,315
-0.49994438886642456,-0.0027244442608207464,-0.010171779431402683,0.030469683930277824,-0.010171779431402683,0.030469683930277824,152.61575317382812,359088.5625,-7329.5390625,-7329.5390625,-0.02040884457528591,0.0,-0.03490658476948738,0.0,0.5,0.5,-0.03490658476948738,0.0,0.0,316
-0.49994438886642456,-0.0027244442608207464,-0.010171779431402683,0.030469683930277824,-0.010171779431402683,0.030469683930277824,154.0464630126953,362498.53125,-7399.14208984375,-7399.14208984375,-0.02040884457528591,0.0,-0.03490658476948738,0.0,0.5,0.5,-0.03490658476948738,0.0,0.0,317
-0.49994438886642456,-0.0027244442608207464,-0.010171779431402683,0.030469683930277824,-0.010171779431402683,0.030469683930277824,155.49754333496094,365957.40625,-7469.7431640625,-7469.7431640625,-0.02040884457528591,0.0,-0.03490658476948738,0.0,0.5,0.5,-0.03490658476948738,0.0,0.0,318
-0.49994438886642456,-0.0027244442608207464,-0.010171779431402683,0.030469683930277824,-0.010171779431402683,0.030469683930277824,156.96914672851562,369465.5,-7541.3486328125,-7541.3486328125,-0.02040884457528591,0.0,-0.03490658476948738,0.0,0.5,0.5,-0.03490658476948738,0.0,0.0,319
-0.49994438886642456,-0.0027244442608207464,-0.010171779431402683,0.030469683930277824,-0.010171779431402683,0.030469683930277824,158.46139526367188,373023.15625,-7613.966796875,-7613.966796875,-0.02040884457528591,0.0,-0.03490658476948738,0.0,0.5,0.5,-0.03490658476948738,0.0,0.0,320
-0.49994438886642456,-0.0027244442608207464,-0.010192830115556717,0.030466021969914436,-0.010192830115556717,0.030466021969914436,159.97445678710938,376630.78125,-7687.60400390625,-7687.60400390625,-0.02040884457528591,0.0,-0.03490658476948738,0.0,0.5,0.5,-0.03490658476948738,0.0,0.0,321
-0.49994438886642456,-0.0027244442608207464,-0.010192830115556717,0.030466021969914436,-0.010192830115556717,0.030466021969914436,161.50845336914062,380288.65625,-7762.26708984375,-7762.26708984375,-0.02040884457528591,0.0,-0.03490658476948738,0.0,0.5,0.5,-0.03490658476948738,0.0,0.0,322
-0.49994438886642456,-0.0027244442608207464,-0.010192830115556717,0.030466021969914436,-0.010192830115556717,0.030466021969914436,163.0635528564453,383997.1875,-7837.9638671875,-7837.9638671875,-0.02040884457528591,0.0,-0.03490658476948738,0.0,0.5,0.5,-0.03490658476948738,0.0,0.0,323
-0.49994438886642456,-0.0027244442608207464,-0.010192830115556717,0.030466021969914436,-0.010192830115556717,0.030466021969914436,164.639892578125,387756.65625,-7914.701171875,-7914.701171875,-0.02040884457528591,0.0,-0.03490658476948738,0.0,0.5,0.5,-0.03490658476948738,0.0,0.0,324
-0.49994438886642456,-0.0027244442608207464,-0.010192830115556717,0.030466021969914436,-0.010192830115556717,0.030466021969914436,166.23760986328125,391567.46875,-7992.486328125,-7992.486328125,-0.02040884457528591,0.0,-0.03490658476948738,0.0,0.5,0.5,-0.03490658476948738,0.0,0.0,325
-0.49994438886642456,-0.0027244442608207464,-0.010192830115556717,0.030466021969914436,-0.010192830115556717,0.030466021969914436,167.8568572998047,395429.96875,-8071.32568359375,-8071.32568359375,-0.02040884457528591,0.0,-0.03490658476948738,0.0,0.5,0.5,-0.03490658476948738,0.0,0.0,326
-0.49994438886642456,-0.0027244442608207464,-0.010192830115556717,0.030466021969914436,-0.010192830115556717,0.030466021969914436,169.49778747558594,399344.46875,-8151.22705078125,-8151.22705078125,-0.02040884457528591,0.0,-0.03490658476948738,0.0,0.5,0.5,-0.03490658476948738,0.0,0.0,327
-0.49994438886642456,-0.0027244442608207464,-0.010192830115556717,0.030466021969914436,-0.010192830115556717,0.030466021969914436,171.1605224609375,403311.34375,-8232.197265625,-8232.197265625,-0.02040884457528591,0.0,-0.03490658476948738,0.0,0.5,0.5,-0.03490658476948738,0.0,0.0,328
-0.49994438886642456,-0.0027244442608207464,-0.010192830115556717,0.030466021969914436,-0.010192830115556717,0.030466021969914436,172.84523010253906,407330.9375,-8314.244140625,-8314.244140625,-0.02040884457528591,0.0,-0.03490658476948738,0.0,0.5,0.5,-0.03490658476948738,0.0,0.0,329
-0.49994438886642456,-0.0027244442608207464,-0.010192830115556717,0.030466021969914436,-0.010192830115556717,0.030466021969914436,174.55203247070312,411403.5625,-8397.373046875,-8397.373046875,-0.02040884457528591,0.0,-0.03490658476948738,0.0,0.5,0.5,-0.03490658476948738,0.0,0.0,330
-0.49994438886642456,-0.0027244442608207464,-0.010192830115556717,0.030466021969914436,-0.010192830115556717,0.030466021969914436,176.28109741210938,415529.625,-8481.5927734375,-8481.5927734375,-0.02040884457528591,0.0,-0.03490658476948738,0.0,0.5,0.5,-0.03490658476948738,0.0,0.0,331
-0.49994438886642456,-0.0027244442608207464,-0.010192830115556717,0.030466021969914436,-0.010192830115556717,0.030466021969914436,178.03256225585938,419709.46875,-8566.91015625,-8566.91015625,-0.02040884457528591,0.0,-0.03490658476948738,0.0,0.5,0.5,-0.03490658476948738,0.0,0.0,332
-0.49994438886642456,-0.0027244442608207464,-0.010192830115556717,0.030466021969914436,-0.010192830115556717,0.030466021969914436,179.8065643310547,423943.375,-8653.3310546875,-8653.3310546875,-0.02040884457528591,0.0,-0.03490658476948738,0.0,0.5,0.5,-0.03490658476948738,0.0,0.0,333
-0.49994438886642456,-0.0027244442608207464,-0.010192830115556717,0.030466021969914436,-0.010192830115556717,0.030466021969914436,181.60325622558594,428231.75,-8740.8642578125,-8740.8642578125,-0.02040884457528591,0.0,-0.03490658476948738,0.0,0.5,0.5,-0.03490658476948738,0.0,0.0,334
-0.49994438886642456,-0.0027244442608207464,-0.010192830115556717,0.030466021969914436,-0.010192830115556717,0.030466021969914436,183.42279052734375,432574.9375,-8829.515625,-8829.515625,-0.02040884457528591,0.0,-0.03490658476948738,0.0,0.5,0.5,-0.03490658476948738,0.0,0.0,335
-0.49994438886642456,-0.0027244442608207464,-0.010192830115556717,0.030466021969914436,-0.010192830115556717,0.030466021969914436,185.26528930664062,436973.28125,-8919.29296875,-8919.29296875,-0.02040884457528591,0.0,-0.03490658476948738,0.0,0.5,0.5,-0.03490658476948738,0.0,0.0,336
-0.49994438886642456,-0.0027244442608207464,-0.010192830115556717,0.030466021969914436,-0.010192830115556717,0.030466021969914436,187.13092041015625,441427.125,-9010.203125,-9010.203125,-0.02040884457528591,0.0,-0.03490658476948738,0.0,0.5,0.5,-0.03490658476948738,0.0,0.0,337
-0.49994438886642456,-0.0027244442608207464,-0.010141979902982712,0.030465126037597656,-0.010141979902982712,0.030465126037597656,189.01980590820312,445936.8125,-9102.2529296875,-9102.2529296875,-0.02040884457528591,0.0,-0.03490658476948738,0.0,0.5,0.5,-0.03490658476948738,0.0,0.0,338
-0.49994438886642456,-0.0027244442608207464,-0.010141979902982712,0.030465126037597656,-0.010141979902982712,0.030465126037597656,190.93211364746094,450502.6875,-9195.4501953125,-9195.4501953125,-0.02040884457528591,0.0,-0.03490658476948738,0.0,0.5,0.5,-0.03490658476948738,0.0,0.0,339
-0.49994438886642456,-0.0027244442608207464,-0.010141979902982712,0.030465126037597656,-0.010141979902982712,0.030465126037597656,192.86798095703125,455125.09375,-9289.80078125,-9289.80078125,-0.02040884457528591,0.0,-0.03490658476948738,0.0,0.5,0.5,-0.03490658476948738,0.0,0.0,340
-0.49994438886642456,-0.0027244442608207464,-0.010141979902982712,0.030465126037597656,-0.010141979902982712,0.030465126037597656,194.82754516601562,459804.40625,-9385.3134765625,-9385.3134765625,-0.02040884457528591,0.0,-0.03490658476948738,0.0,0.5,0.5,-0.03490658476948738,0.0,0.0,341
-0.49994438886642456,-0.0027244442608207464,-0.010141979902982712,0.030465126037597656,-0.010141979902982712,0.030465126037597656,196.8109588623047,464540.9375,-9481.994140625,-9481.994140625,-0.02040884457528591,0.0,-0.03490658476948738,0.0,0.5,0.5,-0.03490658476948738,0.0,0.0,342
-0.49994438886642456,-0.0027244442608207464,-0.010085179470479488,0.030466699972748756,-0.010085179470479488,0.030466699972748756,198.81837463378906,469335.09375,-9579.849609375,-9579.849609375,-0.02040884457528591,0.0,-0.03490658476948738,0.0,0.5,0.5,-0.03490658476948738,0.0,0.0,343
-0.49994438886642456,-0.0027244442608207464,-0.010085179470479488,0.030466699972748756,-0.010085179470479488,0.030466699972748756,200.84991455078125,474187.15625,-9678.888671875,-9678.888671875,-0.02040884457528591,0.0,-0.03490658476948738,0.0,0.5,0.5,-0.03490658476948738,0.0,0.0,344
-0.49994438886642456,-0.0027244442608207464,-0.010085179470479488,0.030466699972748756,-0.010085179470479488,0.030466699972748756,202.90574645996094,479097.5,-9779.1171875,-9779.1171875,-0.02040884457528591,0.0,-0.03490658476948738,0.0,0.5,0.5,-0.03490658476948738,0.0,0.0,345
-0.49994438886642456,-0.0027244442608207464,-0.010085179470479488,0.030466699972748756,-0.010085179470479488,0.030466699972748756,204.9860076904297,484066.5,-9880.5419921875,-9880.5419921875,-0.02040884457528591,0.0,-0.03490658476948738,0.0,0.5,0.5,-0.03490658476948738,0.0,0.0,346
-0.49994438886642456,-0.0027244442608207464,-0.010085179470479488,0.030466699972748756,-0.010085179470479488,0.030466699972748756,207.09083557128906,489094.4375,-9983.1708984375,-9983.1708984375,-0.02040884457528591,0.0,-0.03490658476948738,0.0,0.5,0.5,-0.03490658476948738,0.0,0.0,347
-0.49994438886642456,-0.0027244442608207464,-0.010085179470479488,0.030466699972748756,-0.010085179470479488,0.030466699972748756,209.22036743164062,494181.75,-10087.0107421875,-10087.0107421875,-0.02040884457528591,0.0,-0.03490658476948738,0.0,0.5,0.5,-0.03490658476948738,0.0,0.0,348
-0.49994438886642456,-0.0027244442608207464,-0.010085179470479488,0.030466699972748756,-0.010085179470479488,0.030466699972748756,211.37478637695312,499328.6875,-10192.068359375,-10192.068359375,-0.02040884457528591,0.0,-0.03490658476948738,0.0,0.5,0.5,-0.03490658476948738,0.0,0.0,349
-0.49994438886642456,-0.0027244442608207464,-0.010085179470479488,0.030466699972748756,-0.010085179470479488,0.030466699972748756,213.55419921875,504535.6875,-10298.3515625,-10298.3515625,-0.02040884457528591,0.0,-0.03490658476948738,0.0,0.5,0.5,-0.03490658476948738,0.0,0.0,350
-0.49994438886642456,-0.0027244442608207464,-0.010085179470479488,0.030466699972748756,-0.010085179470479488,0.030466699972748756,215.75877380371094,509803.03125,-10405.8671875,-10405.8671875,-0.02040884457528591,0.0,-0.03490658476948738,0.0,0.5,0.5,-0.03490658476948738,0.0,0.0,351
-0.49994438886642456,-0.0027244442608207464,-0.010085179470479488,0.030466699972748756,-0.010085179470479488,0.030466699972748756,217.98863220214844,515131.09375,-10514.6220703125,-10514.6220703125,-0.02040884457528591,0.0,-0.03490658476948738,0.0,0.5,0.5,-0.03490658476948738,0.0,0.0,352
-0.49994438886642456,-0.0027244442608207464,-0.010085179470479488,0.030466699972748756,-0.010085179470479488,0.030466699972748756,220.2439422607422,520520.25,-10624.623046875,-10624.623046875,-0.02040884457528591,0.0,-0.03490658476948738,0.0,0.5,0.5,-0.03490658476948738,0.0,0.0,353
-0.49994438886642456,-0.0027244442608207464,-0.010085179470479488,0.030466699972748756,-0.010085179470479488,0.030466699972748756,222.52484130859375,525970.8125,-10735.8779296875,-10735.8779296875,-0.02040884457528591,0.0,-0.03490658476948738,0.0,0.5,0.5,-0.03490658476948738,0.0,0.0,354
-0.49994438886642456,-0.0027244442608207464,-0.010085179470479488,0.030466699972748756,-0.010085179470479488,0.030466699972748756,224.8314666748047,531483.125,-10848.392578125,-10848.392578125,-0.02040884457528591,0.0,-0.03490658476948738,0.0,0.5,0.5,-0.03490658476948738,0.0,0.0,355
-0.49994438886642456,-0.0027244442608207464,-0.010085179470479488,0.030466699972748756,-0.010085179470479488,0.030466699972748756,227.16397094726562,537057.5,-10962.17578125,-10962.17578125,-0.02040884457528591,0.0,-0.03490658476948738,0.0,0.5,0.5,-0.03490658476948738,0.0,0.0,356
-0.49994438886642456,-0.0027244442608207464,-0.010085179470479488,0.030466699972748756,-0.010085179470479488,0.030466699972748756,229.52249145507812,542694.4375,-11077.234375,-11077.234375,-0.02040884457528591,0.0,-0.03490658476948738,0.0,0.5,0.5,-0.03490658476948738,0.0,0.0,357
-0.49994438886642456,-0.0027244442608207464,-0.010085179470479488,0.030466699972748756,-0.010085179470479488,0.030466699972748756,231.90719604492188,548394.125,-11193.57421875,-11193.57421875,-0.02040884457528591,0.0,-0.03490658476948738,0.0,0.5,0.5,-0.03490658476948738,0.0,0.0,358
-0.49994438886642456,-0.0027244442608207464,-0.010085179470479488,0.030466699972748756,-0.010085179470479488,0.030466699972748756,234.3181915283203,554156.9375,-11311.203125,-11311.203125,-0.02040884457528591,0.0,-0.03490658476948738,0.0,0.5,0.5,-0.03490658476948738,0.0,0.0,359
-0.49994438886642456,-0.0027244442608207464,-0.010085179470479488,0.030466699972748756,-0.010085179470479488,0.030466699972748756,236.7556610107422,559983.3125,-11430.1279296875,-11430.1279296875,-0.02040884457528591,0.0,-0.03490658476948738,0.0,0.5,0.5,-0.03490658476948738,0.0,0.0,360
-0.49994438886642456,-0.0027244442608207464,-0.010085179470479488,0.030466699972748756,-0.010085179470479488,0.030466699972748756,239.2197265625,565873.5,-11550.3564453125,-11550.3564453125,-0.02040884457528591,0.0,-0.03490658476948738,0.0,0.5,0.5,-0.03490658476948738,0.0,0.0,361
-0.49994438886642456,-0.0027244442608207464,-0.010085179470479488,0.030466699972748756,-0.010085179470479488,0.030466699972748756,241.71054077148438,571827.875,-11671.8955078125,-11671.8955078125,-0.02040884457528591,0.0,-0.03490658476948738,0.0,0.5,0.5,-0.03490658476948738,0.0,0.0,362
-0.49994438886642456,-0.0027244442608207464,-0.010139215737581253,0.030465440824627876,-0.010139215737581253,0.030465440824627876,244.22824096679688,577846.8125,-11794.751953125,-11794.751953125,-0.02040884457528591,0.0,-0.03490658476948738,0.0,0.5,0.5,-0.03490658476948738,0.0,0.0,363
-0.49994438886642456,-0.0027244442608207464,-0.010139215737581253,0.030465440824627876,-0.010139215737581253,0.030465440824627876,246.77297973632812,583930.625,-11918.93359375,-11918.93359375,-0.02040884457528591,0.0,-0.03490658476948738,0.0,0.5,0.5,-0.03490658476948738,0.0,0.0,364
-0.49994438886642456,-0.0027244442608207464,-0.010139215737581253,0.030465440824627876,-0.010139215737581253,0.030465440824627876,249.34490966796875,590079.6875,-12044.4462890625,-12044.4462890625,-0.02040884457528591,0.0,-0.03490658476948738,0.0,0.5,0.5,-0.03490658476948738,0.0,0.0,365
-0.49994438886642456,-0.0027244442608207464,-0.010139215737581253,0.030465440824627876,-0.010139215737581253,0.030465440824627876,251.9441680908203,596294.375,-12171.296875,-12171.296875,-0.02040884457528591,0.0,-0.03490658476948738,0.0,0.5,0.5,-0.03490658476948738,0.0,0.0,366
-0.49994438886642456,-0.0027244442608207464,-0.010139215737581253,0.030465440824627876,-0.010139215737581253,0.030465440824627876,254.5708770751953,602574.9375,-12299.4951171875,-12299.4951171875,-0.02040884457528591,0.0,-0.03490658476948738,0.0,0.5,0.5,-0.03490658476948738,0.0,0.0,367
-0.49994438886642456,-0.0027244442608207464,-0.010139215737581253,0.030465440824627876,-0.010139215737581253,0.030465440824627876,257.2252197265625,608921.875,-12429.044921875,-12429.044921875,-0.02040884457528591,0.0,-0.03490658476948738,0.0,0.5,0.5,-0.03490658476948738,0.0,0.0,368
-0.49994438886642456,-0.0027244442608207464,-0.010139215737581253,0.030465440824627876,-0.010139215737581253,0.030465440824627876,259.9073181152344,615335.375,-12559.955078125,-12559.955078125,-0.02040884457528591,0.0,-0.03490658476948738,0.0,0.5,0.5,-0.03490658476948738,0.0,0.0,369
-0.49994438886642456,-0.0027244442608207464,-0.010139215737581253,0.030465440824627876,-0.010139215737581253,0.030465440824627876,262.6173400878906,621815.875,-12692.2333984375,-12692.2333984375,-0.02040884457528591,0.0,-0.03490658476948738,0.0,0.5,0.5,-0.03490658476948738,0.0,0.0,370
-0.49994438886642456,-0.0027244442608207464,-0.010139215737581253,0.030465440824627876,-0.010139215737581253,0.030465440824627876,265.35540771484375,628363.6875,-12825.884765625,-12825.884765625,-0.02040884457528591,0.0,-0.03490658476948738,0.0,0.5,0.5,-0.03490658476948738,0.0,0.0,371
-0.49994438886642456,-0.0027244442608207464,-0.010139215737581253,0.030465440824627876,-0.010139215737581253,0.030465440824627876,268.12164306640625,634979.1875,-12960.91796875,-12960.91796875,-0.02040884457528591,0.0,-0.03490658476948738,0.0,0.5,0.5,-0.03490658476948738,0.0,0.0,372
-0.49994438886642456,-0.0027244442608207464,-0.010139215737581253,0.030465440824627876,-0.010139215737581253,0.030465440824627876,270.916259765625,641662.75,-13097.33984375,-13097.33984375,-0.02040884457528591,0.0,-0.03490658476948738,0.0,0.5,0.5,-0.03490658476948738,0.0,0.0,373
-0.49994438886642456,-0.0027244442608207464,-0.010139215737581253,0.030465440824627876,-0.010139215737581253,0.030465440824627876,273.7393493652344,648414.625,-13235.158203125,-13235.158203125,-0.02040884457528591,0.0,-0.03490658476948738,0.0,0.5,0.5,-0.03490658476948738,0.0,0.0,374
-0.49994438886642456,-0.0027244442608207464,-0.010139215737581253,0.030465440824627876,-0.010139215737581253,0.030465440824627876,276.591064453125,655235.25,-13374.3779296875,-13374.3779296875,-0.02040884457528591,0.0,-0.03490658476948738,0.0,0.5,0.5,-0.03490658476948738,0.0,0.0,375
-0.49994438886642456,-0.0027244442608207464,-0.010139215737581253,0.030465440824627876,-0.010139215737581253,0.030465440824627876,279.4715576171875,662124.9375,-13515.0078125,-13515.0078125,-0.02040884457528591,0.0,-0.03490658476948738,0.0,0.5,0.5,-0.03490658476948738,0.0,0.0,376
-0.49994438886642456,-0.0027244442608207464,-0.010139215737581253,0.030465440824627876,-0.010139215737581253,0.030465440824627876,282.3809814453125,669084.0625,-13657.0546875,-13657.0546875,-0.02040884457528591,0.0,-0.03490658476948738,0.0,0.5,0.5,-0.03490658476948738,0.0,0.0,377
-0.49994438886642456,-0.0027244442608207464,-0.010139215737581253,0.030465440824627876,-0.010139215737581253,0.030465440824627876,285.3194580078125,676112.9375,-13800.525390625,-13800.525390625,-0.02040884457528591,0.0,-0.03490658476948738,0.0,0.5,0.5,-0.03490658476948738,0.0,0.0,378
-0.49994438886642456,-0.0027244442608207464,-0.010139215737581253,0.030465440824627876,-0.010139215737581253,0.030465440824627876,288.2871398925781,683211.9375,-13945.427734375,-13945.427734375,-0.02040884457528591,0.0,-0.03490658476948738,0.0,0.5,0.5,-0.03490658476948738,0.0,0.0,379
-0.49994438886642456,-0.0027244442608207464,-0.010092676617205143,0.030465004965662956,-0.010092676617205143,0.030465004965662956,291.2841796875,690381.375,-14091.7685546875,-14091.7685546875,-0.02040884457528591,0.0,-0.03490658476948738,0.0,0.5,0.5,-0.03490658476948738,0.0,0.0,380
-0.49994438886642456,-0.0027244442608207464,-0.010092676617205143,0.030465004965662956,-0.010092676617205143,0.030465004965662956,294.3107604980469,697621.625,-14239.5537109375,-14239.5537109375,-0.02040884457528591,0.0,-0.03490658476948738,0.0,0.5,0.5,-0.03490658476948738,0.0,0.0,381
-0.49994438886642456,-0.0027244442608207464,-0.010092676617205143,0.030465004965662956,-0.010092676617205143,0.030465004965662956,297.366943359375,704933.0625,-14388.7919921875,-14388.7919921875,-0.02040884457528591,0.0,-0.03490658476948738,0.0,0.5,0.5,-0.03490658476948738,0.0,0.0,382
-0.49994438886642456,-0.0027244442608207464,-0.010092676617205143,0.030465004965662956,-0.010092676617205143,0.030465004965662956,300.45294189453125,712315.9375,-14539.4892578125,-14539.4892578125,-0.02040884457528591,0.0,-0.03490658476948738,0.0,0.5,0.5,-0.03490658476948738,0.0,0.0,383
-0.49994438886642456,-0.0027244442608207464,-0.010092676617205143,0.030465004965662956,-0.010092676617205143,0.030465004965662956,303.5688781738281,719770.75,-14691.6533203125,-14691.6533203125,-0.02040884457528591,0.0,-0.03490658476948738,0.0,0.5,0.5,-0.03490658476948738,0.0,0.0,384
-0.49994438886642456,-0.0027244442608207464,-0.010092676617205143,0.030465004965662956,-0.010092676617205143,0.030465004965662956,306.7148742675781,727297.6875,-14845.2919921875,-14845.2919921875,-0.02040884457528591,0.0,-0.03490658476948738,0.0,0.5,0.5,-0.03490658476948738,0.0,0.0,385
-0.49994438886642456,-0.0027244442608207464,-0.010092676617205143,0.030465004965662956,-0.010092676617205143,0.030465004965662956,309.89111328125,734897.25,-15000.41015625,-15000.41015625,-0.02040884457528591,0.0,-0.03490658476948738,0.0,0.5,0.5,-0.03490658476948738,0.0,0.0,386
-0.49994438886642456,-0.0027244442608207464,-0.010092676617205143,0.030465004965662956,-0.010092676617205143,0.030465004965662956,313.09771728515625,742569.625,-15157.017578125,-15157.017578125,-0.02040884457528591,0.0,-0.03490658476948738,0.0,0.5,0.5,-0.03490658476948738,0.0,0.0,387
-0.49994438886642456,-0.0027244442608207464,-0.010092676617205143,0.030465004965662956,-0.010092676617205143,0.030465004965662956,316.3348388671875,750315.3125,-15315.119140625,-15315.119140625,-0.02040884457528591,0.0,-0.03490658476948738,0.0,0.5,0.5,-0.03490658476948738,0.0,0.0,388
-0.49994438886642456,-0.0027244442608207464,-0.010092676617205143,0.030465004965662956,-0.010092676617205143,0.030465004965662956,319.6026306152344,758134.5625,-15474.72265625,-15474.72265625,-0.02040884457528591,0.0,-0.03490658476948738,0.0,0.5,0.5,-0.03490658476948738,0.0,0.0,389
-0.49994438886642456,-0.0027244442608207464,-0.010092676617205143,0.030465004965662956,-0.010092676617205143,0.030465004965662956,322.9012145996094,766027.75,-15635.8359375,-15635.8359375,-0.02040884457528591,0.0,-0.03490658476948738,0.0,0.5,0.5,-0.03490658476948738,0.0,0.0,390
-0.49994438886642456,-0.0027244442608207464,-0.010092676617205143,0.030465004965662956,-0.010092676617205143,0.030465004965662956,326.2307434082031,773995.25,-15798.4658203125,-15798.4658203125,-0.02040884457528591,0.0,-0.03490658476948738,0.0,0.5,0.5,-0.03490658476948738,0.0,0.0,391
-0.49994438886642456,-0.0027244442608207464,-0.010092676617205143,0.030465004965662956,-0.010092676617205143,0.030465004965662956,329.5914001464844,782037.375,-15962.6181640625,-15962.6181640625,-0.02040884457528591,0.0,-0.03490658476948738,0.0,0.5,0.5,-0.03490658476948738,0.0,0.0,392
-0.49994438886642456,-0.0027244442608207464,-0.010092676617205143,0.030465004965662956,-0.010092676617205143,0.030465004965662956,332.9832763671875,790154.5,-16128.3017578125,-16128.3017578125,-0.02040884457528591,0.0,-0.03490658476948738,0.0,0.5,0.5,-0.03490658476948738,0.0,0.0,393
-0.49994438886642456,-0.0027244442608207464,-0.010092676617205143,0.030465004965662956,-0.010092676617205143,0.030465004965662956,336.4065246582031,798346.9375,-16295.5234375,-16295.5234375,-0.02040884457528591,0.0,-0.03490658476948738,0.0,0.5,0.5,-0.03490658476948738,0.0,0.0,394
-0.49994438886642456,-0.0027244442608207464,-0.010092676617205143,0.030465004965662956,-0.010092676617205143,0.030465004965662956,339.861328125,806615.0,-16464.2890625,-16464.2890625,-0.02040884457528591,0.0,-0.03490658476948738,0.0,0.5,0.5,-0.03490658476948738,0.0,0.0,395
-0.49994438886642456,-0.0027244442608207464,-0.010092676617205143,0.030465004965662956,-0.010092676617205143,0.030465004965662956,343.3478088378906,814959.1875,-16634.607421875,-16634.607421875,-0.02040884457528591,0.0,-0.03490658476948738,0.0,0.5,0.5,-0.03490658476948738,0.0,0.0,396
-0.49994438886642456,-0.0027244442608207464,-0.010092676617205143,0.030465004965662956,-0.010092676617205143,0.030465004965662956,346.8660888671875,823379.6875,-16806.484375,-16806.484375,-0.02040884457528591,0.0,-0.03490658476948738,0.0,0.5,0.5,-0.03490658476948738,0.0,0.0,397
-0.49994438886642456,-0.0027244442608207464,-0.010092676617205143,0.030465004965662956,-0.010092676617205143,0.030465004965662956,350.4163513183594,831876.9375,-16979.92578125,-16979.92578125,-0.02040884457528591,0.0,-0.03490658476948738,0.0,0.5,0.5,-0.03490658476948738,0.0,0.0,398
-0.49994438886642456,-0.0027244442608207464,-0.010092676617205143,0.030465004965662956,-0.010092676617205143,0.030465004965662956,353.99871826171875,840451.25,-17154.943359375,-17154.943359375,-0.02040884457528591,0.0,-0.03490658476948738,0.0,0.5,0.5,-0.03490658476948738,0.0,0.0,399
-0.49994438886642456,-0.0027244442608207464,-0.010092676617205143,0.030465004965662956,-0.010092676617205143,0.030465004965662956,357.61334228515625,849103.0,-17331.5390625,-17331.5390625,-0.02040884457528591,0.0,-0.03490658476948738,0.0,0.5,0.5,-0.03490658476948738,0.0,0.0,400
-0.49994438886642456,-0.0027244442608207464,-0.010092676617205143,0.030465004965662956,-0.010092676617205143,0.030465004965662956,361.2603759765625,857832.5,-17509.72265625,-17509.72265625,-0.02040884457528591,0.0,-0.03490658476948738,0.0,0.5,0.5,-0.03490658476948738,0.0,0.0,401
-0.49994438886642456,-0.0027244442608207464,-0.010092676617205143,0.030465004965662956,-0.010092676617205143,0.030465004965662956,364.93994140625,866640.125,-17689.5,-17689.5,-0.02040884457528591,0.0,-0.03490658476948738,0.0,0.5,0.5,-0.03490658476948738,0.0,0.0,402
-0.49994438886642456,-0.0027244442608207464,-0.010092676617205143,0.030465004965662956,-0.010092676617205143,0.030465004965662956,368.6522216796875,875526.1875,-17870.880859375,-17870.880859375,-0.02040884457528591,0.0,-0.03490658476948738,0.0,0.5,0.5,-0.03490658476948738,0.0,0.0,403
-0.49994438886642456,-0.0027244442608207464,-0.010092676617205143,0.030465004965662956,-0.010092676617205143,0.030465004965662956,372.3973083496094,884491.125,-18053.869140625,-18053.869140625,-0.02040884457528591,0.0,-0.03490658476948738,0.0,0.5,0.5,-0.03490658476948738,0.0,0.0,404
-0.49994438886642456,-0.0027244442608207464,-0.010092676617205143,0.030465004965662956,-0.010092676617205143,0.030465004965662956,376.1754150390625,893535.1875,-18238.47265625,-18238.47265625,-0.02040884457528591,0.0,-0.03490658476948738,0.0,0.5,0.5,-0.03490658476948738,0.0,0.0,405
-0.49994438886642456,-0.0027244442608207464,-0.010092676617205143,0.030465004965662956,-0.010092676617205143,0.030465004965662956,379.9866027832031,902658.75,-18424.69921875,-18424.69921875,-0.02040884457528591,0.0,-0.03490658476948738,0.0,0.5,0.5,-0.03490658476948738,0.0,0.0,406
-0.49994438886642456,-0.0027244442608207464,-0.010092676617205143,0.030465004965662956,-0.010092676617205143,0.030465004965662956,383.8310852050781,911862.125,-18612.556640625,-18612.556640625,-0.02040884457528591,0.0,-0.03490658476948738,0.0,0.5,0.5,-0.03490658476948738,0.0,0.0,407
-0.49994438886642456,-0.0027244442608207464,-0.010092676617205143,0.030465004965662956,-0.010092676617205143,0.030465004965662956,387.708984375,921145.75,-18802.05078125,-18802.05078125,-0.02040884457528591,0.0,-0.03490658476948738,0.0,0.5,0.5,-0.03490658476948738,0.0,0.0,408
-0.49994438886642456,-0.0027244442608207464,-0.010092676617205143,0.030465004965662956,-0.010092676617205143,0.030465004965662956,391.62042236328125,930509.9375,-18993.189453125,-18993.189453125,-0.02040884457528591,0.0,-0.03490658476948738,0.0,0.5,0.5,-0.03490658476948738,0.0,0.0,409
-0.49994438886642456,-0.0027244442608207464,-0.010092676617205143,0.030465004965662956,-0.010092676617205143,0.030465004965662956,395.5655822753906,939955.0,-19185.978515625,-19185.978515625,-0.02040884457528591,0.0,-0.03490658476948738,0.0,0.5,0.5,-0.03490658476948738,0.0,0.0,410
-0.49994438886642456,-0.0027244442608207464,-0.010092676617205143,0.030465004965662956,-0.010092676617205143,0.030465004965662956,399.54461669921875,949481.375,-19380.427734375,-19380.427734375,-0.02040884457528591,0.0,-0.03490658476948738,0.0,0.5,0.5,-0.03490658476948738,0.0,0.0,411
-0.49994438886642456,-0.0027244442608207464,-0.010092676617205143,0.030465004965662956,-0.010092676617205143,0.030465004965662956,403.5576171875,959089.25,-19576.541015625,-19576.541015625,-0.02040884457528591,0.0,-0.03490658476948738,0.0,0.5,0.5,-0.03490658476948738,0.0,0.0,412
-0.49994438886642456,-0.0027244442608207464,-0.010092676617205143,0.030465004965662956,-0.010092676617205143,0.030465004965662956,407.6047668457031,968779.125,-19774.326171875,-19774.326171875,-0.02040884457528591,0.0,-0.03490658476948738,0.0,0.5,0.5,-0.03490658476948738,0.0,0.0,413
-0.49994438886642456,-0.0027244442608207464,-0.010092676617205143,0.030465004965662956,-0.010092676617205143,0.030465004965662956,411.6861877441406,978551.25,-19973.79296875,-19973.79296875,-0.02040884457528591,0.0,-0.03490658476948738,0.0,0.5,0.5,-0.03490658476948738,0.0,0.0,414
-0.49994438886642456,-0.0027244442608207464,-0.010092676617205143,0.030465004965662956,-0.010092676617205143,0.030465004965662956,415.80206298828125,988406.0625,-20174.9453125,-20174.9453125,-0.02040884457528591,0.0,-0.03490658476948738,0.0,0.5,0.5,-0.03490658476948738,0.0,0.0,415
-0.49994438886642456,-0.0027244442608207464,-0.010084852576255798,0.03046545758843422,-0.010084852576255798,0.03046545758843422,419.9524841308594,998343.875,-20377.79296875,-20377.79296875,-0.02040884457528591,0.0,-0.03490658476948738,0.0,0.5,0.5,-0.03490658476948738,0.0,0.0,416
-0.49994438886642456,-0.0027244442608207464,-0.009764499962329865,0.030474720522761345,-0.009764499962329865,0.030474720522761345,424.1376647949219,1008364.9375,-20582.33984375,-20582.33984375,-0.02040884457528591,0.0,-0.03490658476948738,0.0,0.5,0.5,-0.03490658476948738,0.0,0.0,417
-0.49994438886642456,-0.0027244442608207464,-0.009764499962329865,0.030474720522761345,-0.009764499962329865,0.030474720522761345,428.357666015625,1018469.75,-20788.595703125,-20788.595703125,-0.02040884457528591,0.0,-0.03490658476948738,0.0,0.5,0.5,-0.03490658476948738,0.0,0.0,418
-0.49994438886642456,-0.0027244442608207464,-0.009658420458436012,0.030475003644824028,-0.009658420458436012,0.030475003644824028,432.6127014160156,1028658.625,-20996.56640625,-20996.56640625,-0.02040884457528591,0.0,-0.03490658476948738,0.0,0.5,0.5,-0.03490658476948738,0.0,0.0,419
-0.49994438886642456,-0.0027244442608207464,-0.009658420458436012,0.030475003644824028,-0.009658420458436012,0.030475003644824028,436.90289306640625,1038931.8125,-21206.259765625,-21206.259765625,-0.02040884457528591,0.0,-0.03490658476948738,0.0,0.5,0.5,-0.03490658476948738,0.0,0.0,420
-0.49994438886642456,-0.0027244442608207464,-0.009658420458436012,0.030475003644824028,-0.009658420458436012,0.030475003644824028,441.2283935546875,1049289.75,-21417.681640625,-21417.681640625,-0.02040884457528591,0.0,-0.03490658476948738,0.0,0.5,0.5,-0.03490658476948738,0.0,0.0,421
-0.49994438886642456,-0.0027244442608207464,-0.009658420458436012,0.030475003644824028,-0.009658420458436012,0.030475003644824028,445.5893249511719,1059732.75,-21630.841796875,-21630.841796875,-0.02040884457528591,0.0,-0.03490658476948738,0.0,0.5,0.5,-0.03490658476948738,0.0,0.0,422
-0.49994438886642456,-0.0027244442608207464,-0.009658420458436012,0.030475003644824028,-0.009658420458436012,0.030475003644824028,449.9858703613281,1070261.125,-21845.744140625,-21845.744140625,-0.02040884457528591,0.0,-0.03490658476948738,0.0,0.5,0.5,-0.03490658476948738,0.0,0.0,423
-0.49994438886642456,-0.0027244442608207464,-0.009658420458436012,0.030475003644824028,-0.009658420458436012,0.030475003644824028,454.4181213378906,1080875.375,-22062.3984375,-22062.3984375,-0.02040884457528591,0.0,-0.03490658476948738,0.0,0.5,0.5,-0.03490658476948738,0.0,0.0,424
-0.49994438886642456,-0.0027244442608207464,-0.009658420458436012,0.030475003644824028,-0.009658420458436012,0.030475003644824028,458.8862609863281,1091575.75,-22280.80859375,-22280.80859375,-0.02040884457528591,0.0,-0.03490658476948738,0.0,0.5,0.5,-0.03490658476948738,0.0,0.0,425
-0.49994438886642456,-0.0027244442608207464,-0.009658420458436012,0.030475003644824028,-0.009658420458436012,0.030475003644824028,463.39044189453125,1102362.5,-22500.984375,-22500.984375,-0.02040884457528591,0.0,-0.03490658476948738,0.0,0.5,0.5,-0.03490658476948738,0.0,0.0,426
-0.49994438886642456,-0.0027244442608207464,-0.009658420458436012,0.030475003644824028,-0.009658420458436012,0.030475003644824028,467.9307556152344,1113236.125,-22722.93359375,-22722.93359375,-0.02040884457528591,0.0,-0.03490658476948738,0.0,0.5,0.5,-0.03490658476948738,0.0,0.0,427
-0.49994438886642456,-0.0027244442608207464,-0.009658420458436012,0.030475003644824028,-0.009658420458436012,0.030475003644824028,472.5074157714844,1124196.875,-22946.66015625,-22946.66015625,-0.02040884457528591,0.0,-0.03490658476948738,0.0,0.5,0.5,-0.03490658476948738,0.0,0.0,428
-0.49994438886642456,-0.0027244442608207464,-0.009658420458436012,0.030475003644824028,-0.009658420458436012,0.030475003644824028,477.12054443359375,1135245.125,-23172.173828125,-23172.173828125,-0.02040884457528591,0.0,-0.03490658476948738,0.0,0.5,0.5,-0.03490658476948738,0.0,0.0,429
-0.49994438886642456,-0.0027244442608207464,-0.009658420458436012,0.030475003644824028,-0.009658420458436012,0.030475003644824028,481.770263671875,1146381.25,-23399.482421875,-23399.482421875,-0.02040884457528591,0.0,-0.03490658476948738,0.0,0.5,0.5,-0.03490658476948738,0.0,0.0,430
-0.49994438886642456,-0.0027244442608207464,-0.009658420458436012,0.030475003644824028,-0.009658420458436012,0.030475003644824028,486.45672607421875,1157605.625,-23628.58984375,-23628.58984375,-0.02040884457528591,0.0,-0.03490658476948738,0.0,0.5,0.5,-0.03490658476948738,0.0,0.0,431
-0.49994438886642456,-0.0027244442608207464,-0.009658420458436012,0.030475003644824028,-0.009658420458436012,0.030475003644824028,491.1800842285156,1168918.5,-23859.50390625,-23859.50390625,-0.02040884457528591,0.0,-0.03490658476948738,0.0,0.5,0.5,-0.03490658476948738,0.0,0.0,432
-0.49994438886642456,-0.0027244442608207464,-0.009658420458436012,0.030475003644824028,-0.009658420458436012,0.030475003644824028,495.94049072265625,1180320.375,-24092.234375,-24092.234375,-0.02040884457528591,0.0,-0.03490658476948738,0.0,0.5,0.5,-0.03490658476948738,0.0,0.0,433
-0.49994438886642456,-0.0027244442608207464,-0.009658420458436012,0.030475003644824028,-0.009658420458436012,0.030475003644824028,500.7380676269531,1191811.375,-24326.78515625,-24326.78515625,-0.02040884457528591,0.0,-0.03490658476948738,0.0,0.5,0.5,-0.03490658476948738,0.0,0.0,434
-0.49994438886642456,-0.0027244442608207464,-0.009658420458436012,0.030475003644824028,-0.009658420458436012,0.030475003644824028,505.572998046875,1203392.0,-24563.166015625,-24563.166015625,-0.02040884457528591,0.0,-0.03490658476948738,0.0,0.5,0.5,-0.03490658476948738,0.0,0.0,435
-0.49994438886642456,-0.0027244442608207464,-0.009658420458436012,0.030475003644824028,-0.009658420458436012,0.030475003644824028,510.44537353515625,1215062.625,-24801.3828125,-24801.3828125,-0.02040884457528591,0.0,-0.03490658476948738,0.0,0.5,0.5,-0.03490658476948738,0.0,0.0,436
-0.49994438886642456,-0.0027244442608207464,-0.009658420458436012,0.030475003644824028,-0.009658420458436012,0.030475003644824028,515.3554077148438,1226823.5,-25041.44140625,-25041.44140625,-0.02040884457528591,0.0,-0.03490658476948738,0.0,0.5,0.5,-0.03490658476948738,0.0,0.0,437
-0.49994438886642456,-0.0027244442608207464,-0.009658420458436012,0.030475003644824028,-0.009658420458436012,0.030475003644824028,520.3031616210938,1238675.0,-25283.3515625,-25283.3515625,-0.02040884457528591,0.0,-0.03490658476948738,0.0,0.5,0.5,-0.03490658476948738,0.0,0.0,438
-0.49994438886642456,-0.0027244442608207464,-0.009658420458436012,0.030475003644824028,-0.009658420458436012,0.030475003644824028,525.2888793945312,1250617.625,-25527.1171875,-25527.1171875,-0.02040884457528591,0.0,-0.03490658476948738,0.0,0.5,0.5,-0.03490658476948738,0.0,0.0,439
-0.49994438886642456,-0.0027244442608207464,-0.009658420458436012,0.030475003644824028,-0.009658420458436012,0.030475003644824028,530.3126220703125,1262651.375,-25772.748046875,-25772.748046875,-0.02040884457528591,0.0,-0.03490658476948738,0.0,0.5,0.5,-0.03490658476948738,0.0,0.0,440
-0.49994438886642456,-0.0027244442608207464,-0.009658420458436012,0.030475003644824028,-0.009658420458436012,0.030475003644824028,535.3745727539062,1274777.0,-26020.251953125,-26020.251953125,-0.02040884457528591,0.0,-0.03490658476948738,0.0,0.5,0.5,-0.03490658476948738,0.0,0.0,441
-0.49994438886642456,-0.0027244442608207464,-0.009658420458436012,0.030475003644824028,-0.009658420458436012,0.030475003644824028,540.474853515625,1286994.5,-26269.6328125,-26269.6328125,-0.02040884457528591,0.0,-0.03490658476948738,0.0,0.5,0.5,-0.03490658476948738,0.0,0.0,442
-0.49994438886642456,-0.0027244442608207464,-0.009694729931652546,0.030474429950118065,-0.009694729931652546,0.030474429950118065,545.6136474609375,1299304.5,-26520.8984375,-26520.8984375,-0.02040884457528591,0.0,-0.03490658476948738,0.0,0.5,0.5,-0.03490658476948738,0.0,0.0,443
-0.49994438886642456,-0.0027244442608207464,-0.009694729931652546,0.030474429950118065,-0.009694729931652546,0.030474429950118065,550.791015625,1311707.25,-26774.05859375,-26774.05859375,-0.02040884457528591,0.0,-0.03490658476948738,0.0,0.5,0.5,-0.03490658476948738,0.0,0.0,444
-0.49994438886642456,-0.0027244442608207464,-0.009694729931652546,0.030474429950118065,-0.009694729931652546,0.030474429950118065,556.0072021484375,1324203.0,-27029.1171875,-27029.1171875,-0.02040884457528591,0.0,-0.03490658476948738,0.0,0.5,0.5,-0.03490658476948738,0.0,0.0,445
-0.49994438886642456,-0.0027244442608207464,-0.009694729931652546,0.030474429950118065,-0.009694729931652546,0.030474429950118065,561.2623291015625,1336792.125,-27286.083984375,-27286.083984375,-0.02040884457528591,0.0,-0.03490658476948738,0.0,0.5,0.5,-0.03490658476948738,0.0,0.0,446
-0.49994438886642456,-0.0027244442608207464,-0.009694729931652546,0.030474429950118065,-0.009694729931652546,0.030474429950118065,566.5565185546875,1349475.125,-27544.96484375,-27544.96484375,-0.02040884457528591,0.0,-0.03490658476948738,0.0,0.5,0.5,-0.03490658476948738,0.0,0.0,447
-0.49994438886642456,-0.0027244442608207464,-0.009694729931652546,0.030474429950118065,-0.009694729931652546,0.030474429950118065,571.8899536132812,1362252.25,-27805.767578125,-27805.767578125,-0.02040884457528591,0.0,-0.03490658476948738,0.0,0.5,0.5,-0.03490658476948738,0.0,0.0,448
-0.49994438886642456,-0.0027244442608207464,-0.009694729931652546,0.030474429950118065,-0.009694729931652546,0.030474429950118065,577.2626953125,1375123.75,-28068.49609375,-28068.49609375,-0.02040884457528591,0.0,-0.03490658476948738,0.0,0.5,0.5,-0.03490658476948738,0.0,0.0,449
-0.49994438886642456,-0.0027244442608207464,-0.009694729931652546,0.030474429950118065,-0.009694729931652546,0.030474429950118065,582.6749267578125,1388090.125,-28333.162109375,-28333.162109375,-0.02040884457528591,0.0,-0.03490658476948738,0.0,0.5,0.5,-0.03490658476948738,0.0,0.0,450
-0.49994438886642456,-0.0027244442608207464,-0.009694729931652546,0.030474429950118065,-0.009694729931652546,0.030474429950118065,588.1268920898438,1401151.75,-28599.76953125,-28599.76953125,-0.02040884457528591,0.0,-0.03490658476948738,0.0,0.5,0.5,-0.03490658476948738,0.0,0.0,451
-0.49994438886642456,-0.0027244442608207464,-0.009694729931652546,0.030474429950118065,-0.009694729931652546,0.030474429950118065,593.6185913085938,1414308.75,-28868.328125,-28868.328125,-0.02040884457528591,0.0,-0.03490658476948738,0.0,0.5,0.5,-0.03490658476948738,0.0,0.0,452
-0.49994438886642456,-0.0027244442608207464,-0.009694729931652546,0.030474429950118065,-0.009694729931652546,0.030474429950118065,599.1502075195312,1427561.75,-29138.841796875,-29138.841796875,-0.02040884457528591,0.0,-0.03490658476948738,0.0,0.5,0.5,-0.03490658476948738,0.0,0.0,453
-0.49994438886642456,-0.0027244442608207464,-0.009694729931652546,0.030474429950118065,-0.009694729931652546,0.030474429950118065,604.721923828125,1440910.875,-29411.3203125,-29411.3203125,-0.02040884457528591,0.0,-0.03490658476948738,0.0,0.5,0.5,-0.03490658476948738,0.0,0.0,454
-0.49994438886642456,-0.0027244442608207464,-0.009694729931652546,0.030474429950118065,-0.009694729931652546,0.030474429950118065,610.3339233398438,1454356.5,-29685.767578125,-29685.767578125,-0.02040884457528591,0.0,-0.03490658476948738,0.0,0.5,0.5,-0.03490658476948738,0.0,0.0,455
-0.49994438886642456,-0.0027244442608207464,-0.009694729931652546,0.030474429950118065,-0.009694729931652546,0.030474429950118065,615.9862670898438,1467899.125,-29962.1953125,-29962.1953125,-0.02040884457528591,0.0,-0.03490658476948738,0.0,0.5,0.5,-0.03490658476948738,0.0,0.0,456
-0.49994438886642456,-0.0027244442608207464,-0.009694729931652546,0.030474429950118065,-0.009694729931652546,0.030474429950118065,621.6790771484375,1481539.0,-30240.607421875,-30240.607421875,-0.02040884457528591,0.0,-0.03490658476948738,0.0,0.5,0.5,-0.03490658476948738,0.0,0.0,457
-0.49994438886642456,-0.0027244442608207464,-0.009694729931652546,0.030474429950118065,-0.009694729931652546,0.030474429950118065,627.41259765625,1495276.375,-30521.01171875,-30521.01171875,-0.02040884457528591,0.0,-0.03490658476948738,0.0,0.5,0.5,-0.03490658476948738,0.0,0.0,458
-0.49994438886642456,-0.0027244442608207464,-0.009694729931652546,0.030474429950118065,-0.009694729931652546,0.030474429950118065,633.1869506835938,1509111.875,-30803.4140625,-30803.4140625,-0.02040884457528591,0.0,-0.03490658476948738,0.0,0.5,0.5,-0.03490658476948738,0.0,0.0,459
-0.49994438886642456,-0.0027244442608207464,-0.009694729931652546,0.030474429950118065,-0.009694729931652546,0.030474429950118065,639.0022583007812,1523045.5,-31087.82421875,-31087.82421875,-0.02040884457528591,0.0,-0.03490658476948738,0.0,0.5,0.5,-0.03490658476948738,0.0,0.0,460
-0.49994438886642456,-0.0027244442608207464,-0.009694729931652546,0.030474429950118065,-0.009694729931652546,0.030474429950118065,644.858642578125,1537077.875,-31374.248046875,-31374.248046875,-0.02040884457528591,0.0,-0.03490658476948738,0.0,0.5,0.5,-0.03490658476948738,0.0,0.0,461
-0.49994438886642456,-0.0027244442608207464,-0.009694729931652546,0.030474429950118065,-0.009694729931652546,0.030474429950118065,650.7562255859375,1551209.25,-31662.69140625,-31662.69140625,-0.02040884457528591,0.0,-0.03490658476948738,0.0,0.5,0.5,-0.03490658476948738,0.0,0.0,462
-0.49994438886642456,-0.0027244442608207464,-0.009694729931652546,0.030474429950118065,-0.009694729931652546,0.030474429950118065,656.6952514648438,1565439.875,-31953.1640625,-31953.1640625,-0.02040884457528591,0.0,-0.03490658476948738,0.0,0.5,0.5,-0.03490658476948738,0.0,0.0,463
-0.49994438886642456,-0.0027244442608207464,-0.009694729931652546,0.030474429950118065,-0.009694729931652546,0.030474429950118065,662.6758422851562,1579770.25,-32245.669921875,-32245.669921875,-0.02040884457528591,0.0,-0.03490658476948738,0.0,0.5,0.5,-0.03490658476948738,0.0,0.0,464
-0.49994438886642456,-0.0027244442608207464,-0.009694729931652546,0.030474429950118065,-0.009694729931652546,0.030474429950118065,668.6980590820312,1594200.625,-32540.21875,-32540.21875,-0.02040884457528591,0.0,-0.03490658476948738,0.0,0.5,0.5,-0.03490658476948738,0.0,0.0,465
-0.49994438886642456,-0.0027244442608207464,-0.009694729931652546,0.030474429950118065,-0.009694729931652546,0.030474429950118065,674.7620849609375,1608731.375,-32836.81640625,-32836.81640625,-0.02040884457528591,0.0,-0.03490658476948738,0.0,0.5,0.5,-0.03490658476948738,0.0,0.0,466
-0.49994438886642456,-0.0027244442608207464,-0.009694729931652546,0.030474429950118065,-0.009694729931652546,0.030474429950118065,680.8681030273438,1623362.875,-33135.46875,-33135.46875,-0.02040884457528591,0.0,-0.03490658476948738,0.0,0.5,0.5,-0.03490658476948738,0.0,0.0,467
-0.49994438886642456,-0.0027244442608207464,-0.009694729931652546,0.030474429950118065,-0.009694729931652546,0.030474429950118065,687.0162353515625,1638095.5,-33436.1875,-33436.1875,-0.02040884457528591,0.0,-0.03490658476948738,0.0,0.5,0.5,-0.03490658476948738,0.0,0.0,468
-0.49994438886642456,-0.0027244442608207464,-0.009694729931652546,0.030474429950118065,-0.009694729931652546,0.030474429950118065,693.2066650390625,1652929.5,-33738.97265625,-33738.97265625,-0.02040884457528591,0.0,-0.03490658476948738,0.0,0.5,0.5,-0.03490658476948738,0.0,0.0,469
-0.49994438886642456,-0.0027244442608207464,-0.009694729931652546,0.030474429950118065,-0.009694729931652546,0.030474429950118065,699.439453125,1667865.375,-34043.83984375,-34043.83984375,-0.02040884457528591,0.0,-0.03490658476948738,0.0,0.5,0.5,-0.03490658476948738,0.0,0.0,470
-0.49994438886642456,-0.0027244442608207464,-0.009694729931652546,0.030474429950118065,-0.009694729931652546,0.030474429950118065,705.7147827148438,1682903.25,-34350.7890625,-34350.7890625,-0.02040884457528591,0.0,-0.03490658476948738,0.0,0.5,0.5,-0.03490658476948738,0.0,0.0,471
-0.49994438886642456,-0.0027244442608207464,-0.009694729931652546,0.030474429950118065,-0.009694729931652546,0.030474429950118065,712.0328369140625,1698043.75,-34659.828125,-34659.828125,-0.02040884457528591,0.0,-0.03490658476948738,0.0,0.5,0.5,-0.03490658476948738,0.0,0.0,472
-0.49994438886642456,-0.0027244442608207464,-0.009694729931652546,0.030474429950118065,-0.009694729931652546,0.030474429950118065,718.3937377929688,1713286.875,-34970.96875,-34970.96875,-0.02040884457528591,0.0,-0.03490658476948738,0.0,0.5,0.5,-0.03490658476948738,0.0,0.0,473
-0.49994438886642456,-0.0027244442608207464,-0.009694729931652546,0.030474429950118065,-0.009694729931652546,0.030474429950118065,724.797607421875,1728633.375,-35284.21484375,-35284.21484375,-0.02040884457528591,0.0,-0.03490658476948738,0.0,0.5,0.5,-0.03490658476948738,0.0,0.0,474
-0.49994438886642456,-0.0027244442608207464,-0.009694729931652546,0.030474429950118065,-0.009694729931652546,0.030474429950118065,731.2445678710938,1744083.25,-35599.57421875,-35599.57421875,-0.02040884457528591,0.0,-0.03490658476948738,0.0,0.5,0.5,-0.03490658476948738,0.0,0.0,475
-0.49994438886642456,-0.0027244442608207464,-0.009694729931652546,0.030474429950118065,-0.009694729931652546,0.030474429950118065,737.73486328125,1759637.0,-35917.05078125,-35917.05078125,-0.02040884457528591,0.0,-0.03490658476948738,0.0,0.5,0.5,-0.03490658476948738,0.0,0.0,476
-0.49994438886642456,-0.0027244442608207464,-0.009694729931652546,0.030474429950118065,-0.009694729931652546,0.030474429950118065,744.2685546875,1775295.0,-36236.65625,-36236.65625,-0.02040884457528591,0.0,-0.03490658476948738,0.0,0.5,0.5,-0.03490658476948738,0.0,0.0,477
-0.49994438886642456,-0.0027244442608207464,-0.009694729931652546,0.030474429950118065,-0.009694729931652546,0.030474429950118065,750.8457641601562,1791057.5,-36558.39453125,-36558.39453125,-0.02040884457528591,0.0,-0.03490658476948738,0.0,0.5,0.5,-0.03490658476948738,0.0,0.0,478
-0.49994438886642456,-0.0027244442608207464,-0.009694729931652546,0.030474429950118065,-0.009694729931652546,0.030474429950118065,757.4667358398438,1806925.0,-36882.27734375,-36882.27734375,-0.02040884457528591,0.0,-0.03490658476948738,0.0,0.5,0.5,-0.03490658476948738,0.0,0.0,479
-0.49994438886642456,-0.0027244442608207464,-0.009694729931652546,0.030474429950118065,-0.009694729931652546,0.030474429950118065,764.1315307617188,1822897.75,-37208.30859375,-37208.30859375,-0.02040884457528591,0.0,-0.03490658476948738,0.0,0.5,0.5,-0.03490658476948738,0.0,0.0,480
-0.49994438886642456,-0.0027244442608207464,-0.009694729931652546,0.030474429950118065,-0.009694729931652546,0.030474429950118065,770.8403930664062,1838976.0,-37536.4921875,-37536.4921875,-0.02040884457528591,0.0,-0.03490658476948738,0.0,0.5,0.5,-0.03490658476948738,0.0,0.0,481
-0.49994438886642456,-0.0027244442608207464,-0.009694729931652546,0.030474429950118065,-0.009694729931652546,0.030474429950118065,777.5933227539062,1855160.25,-37866.83984375,-37866.83984375,-0.02040884457528591,0.0,-0.03490658476948738,0.0,0.5,0.5,-0.03490658476948738,0.0,0.0,482
-0.49994438886642456,-0.0027244442608207464,-0.009694729931652546,0.030474429950118065,-0.009694729931652546,0.030474429950118065,784.3905639648438,1871450.875,-38199.359375,-38199.359375,-0.02040884457528591,0.0,-0.03490658476948738,0.0,0.5,0.5,-0.03490658476948738,0.0,0.0,483
-0.49994438886642456,-0.0027244442608207464,-0.009694729931652546,0.030474429950118065,-0.009694729931652546,0.030474429950118065,791.2322387695312,1887848.125,-38534.05078125,-38534.05078125,-0.02040884457528591,0.0,-0.03490658476948738,0.0,0.5,0.5,-0.03490658476948738,0.0,0.0,484
-0.49994438886642456,-0.0027244442608207464,-0.009694729931652546,0.030474429950118065,-0.009694729931652546,0.030474429950118065,798.1185302734375,1904352.25,-38870.9296875,-38870.9296875,-0.02040884457528591,0.0,-0.03490658476948738,0.0,0.5,0.5,-0.03490658476948738,0.0,0.0,485
-0.49994438886642456,-0.0027244442608207464,-0.009694729931652546,0.030474429950118065,-0.009694729931652546,0.030474429950118065,805.0494995117188,1920963.875,-39210.0,-39210.0,-0.02040884457528591,0.0,-0.03490658476948738,0.0,0.5,0.5,-0.03490658476948738,0.0,0.0,486
-0.49994438886642456,-0.0027244442608207464,-0.009694729931652546,0.030474429950118065,-0.009694729931652546,0.030474429950118065,812.0253295898438,1937683.125,-39551.26953125,-39551.26953125,-0.02040884457528591,0.0,-0.03490658476948738,0.0,0.5,0.5,-0.03490658476948738,0.0,0.0,487
-0.49994438886642456,-0.0027244442608207464,-0.009345727041363716,0.03134689852595329,-0.009345727041363716,0.03134689852595329,819.0462036132812,1954510.375,-39894.7421875,-39894.7421875,-0.02040884457528591,0.0,-0.03490658476948738,0.0,0.5,0.5,-0.03490658476948738,0.0,0.0,488
-0.49994438886642456,-0.0027244442608207464,-0.009345727041363716,0.03134689852595329,-0.009345727041363716,0.03134689852595329,826.1121826171875,1971446.0,-40240.42578125,-40240.42578125,-0.02040884457528591,0.0,-0.03490658476948738,0.0,0.5,0.5,-0.03490658476948738,0.0,0.0,489
-0.49994438886642456,-0.0027244442608207464,-0.007060413248836994,0.036664318293333054,-0.007060413248836994,0.036664318293333054,833.2235107421875,1988490.5,-40588.33203125,-40588.33203125,-0.02040884457528591,0.0,-0.03490658476948738,0.0,0.5,0.5,-0.03490658476948738,0.0,0.0,490
-0.49994438886642456,-0.0027244442608207464,-0.007060413248836994,0.036664318293333054,-0.007060413248836994,0.036664318293333054,840.3803100585938,2005644.0,-40938.46484375,-40938.46484375,-0.02040884457528591,0.0,-0.03490658476948738,0.0,0.5,0.5,-0.03490658476948738,0.0,0.0,491
-0.49994438886642456,-0.0027244442608207464,-0.004779194947332144,0.04121328145265579,-0.004779194947332144,0.04121328145265579,847.5826416015625,2022906.875,-41290.828125,-41290.828125,-0.02040884457528591,0.0,-0.03490658476948738,0.0,0.5,0.5,-0.03490658476948738,0.0,0.0,492
-0.49994438886642456,-0.0027244442608207464,-0.0011623557657003403,0.04728706181049347,-0.0011623557657003403,0.04728706181049347,854.8307495117188,2040279.625,-41645.43359375,-41645.43359375,-0.02040884457528591,0.0,-0.03490658476948738,0.0,0.5,0.5,-0.03490658476948738,0.0,0.0,493
-0.49994438886642456,-0.0027244442608207464,0.0006818294059485197,0.04795687645673752,0.0006818294059485197,0.04795687645673752,862.124755859375,2057762.5,-42002.2890625,-42002.2890625,-0.02040884457528591,0.0,-0.03490658476948738,0.0,0.5,0.5,-0.03490658476948738,0.0,0.0,494
-0.49994438886642456,-0.0027244442608207464,0.0006818294059485197,0.04795687645673752,0.0006818294059485197,0.04795687645673752,869.4647827148438,2075355.75,-42361.3984375,-42361.3984375,-0.02040884457528591,0.0,-0.03490658476948738,0.0,0.5,0.5,-0.03490658476948738,0.0,0.0,495
-0.49994438886642456,-0.0027244442608207464,0.0010872806888073683,0.04627762362360954,0.0010872806888073683,0.04627762362360954,876.8509521484375,2093059.875,-42722.76953125,-42722.76953125,-0.02040884457528591,0.0,-0.03490658476948738,0.0,0.5,0.5,-0.03490658476948738,0.0,0.0,496
-0.49994438886642456,-0.0027244442608207464,0.0010872806888073683,0.04627762362360954,0.0010872806888073683,0.04627762362360954,884.283447265625,2110875.25,-43086.40625,-43086.40625,-0.02040884457528591,0.0,-0.03490658476948738,0.0,0.5,0.5,-0.03490658476948738,0.0,0.0,497
-0.49994438886642456,-0.0027244442608207464,0.0010766673367470503,0.04339461401104927,0.0010766673367470503,0.04339461401104927,891.762451171875,2128802.0,-43452.32421875,-43452.32421875,-0.02040884457528591,0.0,-0.03490658476948738,0.0,0.5,0.5,-0.03490658476948738,0.0,0.0,498
-0.49994438886642456,-0.0027244442608207464,0.0010766673367470503,0.04339461401104927,0.0010766673367470503,0.04339461401104927,899.2880249023438,2146840.75,-43820.5234375,-43820.5234375,-0.02040884457528591,0.0,-0.03490658476948738,0.0,0.5,0.5,-0.03490658476948738,0.0,0.0,499
-0.49994438886642456,-0.0027244442608207464,0.0005631904932670295,0.039202094078063965,0.0005631904932670295,0.039202094078063965,906.8603515625,2164991.75,-44191.015625,-44191.015625,-0.02040884457528591,0.0,-0.03490658476948738,0.0,0.5,0.5,-0.03490658476948738,0.0,0.0,500
-0.49994438886642456,-0.0027244442608207464,0.0005631904932670295,0.039202094078063965,0.0005631904932670295,0.039202094078063965,914.4795532226562,2183255.0,-44563.80078125,-44563.80078125,-0.02040884457528591,0.0,-0.03490658476948738,0.0,0.5,0.5,-0.03490658476948738,0.0,0.0,501
-0.49994438886642456,-0.0027244442608207464,0.00015500013250857592,0.0367731899023056,0.00015500013250857592,0.0367731899023056,922.1458129882812,2201631.5,-44938.89453125,-44938.89453125,-0.02040884457528591,0.0,-0.03490658476948738,0.0,0.5,0.5,-0.03490658476948738,0.0,0.0,502
-0.49994438886642456,-0.0027244442608207464,-0.0007299442077055573,0.03227945417165756,-0.0007299442077055573,0.03227945417165756,929.8593139648438,2220121.25,-45316.30078125,-45316.30078125,-0.02040884457528591,0.0,-0.03490658476948738,0.0,0.5,0.5,-0.03490658476948738,0.0,0.0,503
-0.49994438886642456,-0.0027244442608207464,-0.0007299442077055573,0.03227945417165756,-0.0007299442077055573,0.03227945417165756,937.6200561523438,2238724.5,-45696.0234375,-45696.0234375,-0.02040884457528591,0.0,-0.03490658476948738,0.0,0.5,0.5,-0.03490658476948738,0.0,0.0,504
-0.49994438886642456,-0.0027244442608207464,-0.0007299442077055573,0.03227945417165756,-0.0007299442077055573,0.03227945417165756,945.4283447265625,2257441.5,-46078.0703125,-46078.0703125,-0.02040884457528591,0.0,-0.03490658476948738,0.0,0.5,0.5,-0.03490658476948738,0.0,0.0,505
-0.49994438886642456,-0.0027244442608207464,-0.002179610775783658,0.0268491730093956,-0.002179610775783658,0.0268491730093956,953.2842407226562,2276273.0,-46462.453125,-46462.453125,-0.02040884457528591,0.0,-0.03490658476948738,0.0,0.5,0.5,-0.03490658476948738,0.0,0.0,506
-0.49994438886642456,-0.0027244442608207464,-0.002179610775783658,0.0268491730093956,-0.002179610775783658,0.0268491730093956,961.1879272460938,2295219.25,-46849.17578125,-46849.17578125,-0.02040884457528591,0.0,-0.03490658476948738,0.0,0.5,0.5,-0.03490658476948738,0.0,0.0,507
-0.49994438886642456,-0.0027244442608207464,-0.0036425755824893713,0.02170058712363243,-0.0036425755824893713,0.02170058712363243,969.1394653320312,2314280.5,-47238.24609375,-47238.24609375,-0.02040884457528591,0.0,-0.03490658476948738,0.0,0.5,0.5,-0.03490658476948738,0.0,0.0,508
-0.49994438886642456,-0.0027244442608207464,-0.0036425755824893713,0.02170058712363243,-0.0036425755824893713,0.02170058712363243,977.1390991210938,2333457.0,-47629.671875,-47629.671875,-0.02040884457528591,0.0,-0.03490658476948738,0.0,0.5,0.5,-0.03490658476948738,0.0,0.0,509
-0.49994438886642456,-0.0027244442608207464,-0.005002178717404604,0.017660165205597878,-0.005002178717404604,0.017660165205597878,985.1869506835938,2352749.25,-48023.45703125,-48023.45703125,-0.02040884457528591,0.0,-0.03490658476948738,0.0,0.5,0.5,-0.03490658476948738,0.0,0.0,510
-0.49994438886642456,-0.0027244442608207464,-0.005002178717404604,0.017660165205597878,-0.005002178717404604,0.017660165205597878,993.2831420898438,2372157.5,-48419.61328125,-48419.61328125,-0.02040884457528591,0.0,-0.03490658476948738,0.0,0.5,0.5,-0.03490658476948738,0.0,0.0,511
-0.49994438886642456,-0.0027244442608207464,-0.005989831406623125,0.013453424908220768,-0.005989831406623125,0.013453424908220768,1001.4277954101562,2391682.0,-48818.14453125,-48818.14453125,-0.02040884457528591,0.0,-0.03490658476948738,0.0,0.5,0.5,-0.03490658476948738,0.0,0.0,512
-0.49994438886642456,-0.0027244442608207464,-0.005989831406623125,0.013453424908220768,-0.005989831406623125,0.013453424908220768,1009.62109375,2411323.5,-49219.0546875,-49219.0546875,-0.02040884457528591,0.0,-0.03490658476948738,0.0,0.5,0.5,-0.03490658476948738,0.0,0.0,513
-0.49994438886642456,-0.0027244442608207464,-0.007857910357415676,0.01330341026186943,-0.007857910357415676,0.01330341026186943,1017.8632202148438,2431081.75,-49622.359375,-49622.359375,-0.02040884457528591,0.0,-0.03490658476948738,0.0,0.5,0.5,-0.03490658476948738,0.0,0.0,514
-0.49994438886642456,-0.0027244442608207464,-0.007857910357415676,0.01330341026186943,-0.007857910357415676,0.01330341026186943,1026.1541748046875,2450957.75,-50028.05859375,-50028.05859375,-0.02040884457528591,0.0,-0.03490658476948738,0.0,0.5,0.5,-0.03490658476948738,0.0,0.0,515
-0.49994438886642456,-0.0027244442608207464,-0.009648766368627548,0.01615869626402855,-0.009648766368627548,0.01615869626402855,1034.494384765625,2470951.5,-50436.1640625,-50436.1640625,-0.02040884457528591,0.0,-0.03490658476948738,0.0,0.5,0.5,-0.03490658476948738,0.0,0.0,516
-0.49994438886642456,-0.0027244442608207464,-0.009648766368627548,0.01615869626402855,-0.009648766368627548,0.01615869626402855,1042.8836669921875,2491063.25,-50846.6796875,-50846.6796875,-0.02040884457528591,0.0,-0.03490658476948738,0.0,0.5,0.5,-0.03490658476948738,0.0,0.0,517
-0.49994438886642456,-0.0027244442608207464,-0.010151314549148083,0.016399960964918137,-0.010151314549148083,0.016399960964918137,1051.322265625,2511293.5,-51259.61328125,-51259.61328125,-0.02040884457528591,0.0,-0.03490658476948738,0.0,0.5,0.5,-0.03490658476948738,0.0,0.0,518
-0.49994438886642456,-0.0027244442608207464,-0.010151314549148083,0.016399960964918137,-0.010151314549148083,0.016399960964918137,1059.810546875,2531642.75,-51674.97265625,-51674.97265625,-0.02040884457528591,0.0,-0.03490658476948738,0.0,0.5,0.5,-0.03490658476948738,0.0,0.0,519
-0.49994438886642456,-0.0027244442608207464,-0.010151314549148083,0.016399960964918137,-0.010151314549148083,0.016399960964918137,1068.348388671875,2552111.0,-52092.765625,-52092.765625,-0.02040884457528591,0.0,-0.03490658476948738,0.0,0.5,0.5,-0.03490658476948738,0.0,0.0,520
-0.49994438886642456,-0.0027244442608207464,-0.010151314549148083,0.016399960964918137,-0.010151314549148083,0.016399960964918137,1076.9359130859375,2572698.75,-52512.99609375,-52512.99609375,-0.02040884457528591,0.0,-0.03490658476948738,0.0,0.5,0.5,-0.03490658476948738,0.0,0.0,521
-0.49994438886642456,-0.0027244442608207464,-0.010174603201448917,0.01692919433116913,-0.010174603201448917,0.01692919433116913,1085.573486328125,2593406.5,-52935.67578125,-52935.67578125,-0.02040884457528591,0.0,-0.03490658476948738,0.0,0.5,0.5,-0.03490658476948738,0.0,0.0,522
-0.49994438886642456,-0.0027244442608207464,-0.010174603201448917,0.01692919433116913,-0.010174603201448917,0.01692919433116913,1094.26123046875,2614234.25,-53360.80859375,-53360.80859375,-0.02040884457528591,0.0,-0.03490658476948738,0.0,0.5,0.5,-0.03490658476948738,0.0,0.0,523
-0.49994438886642456,-0.0027244442608207464,-0.010174603201448917,0.01692919433116913,-0.010174603201448917,0.01692919433116913,1102.9991455078125,2635182.75,-53788.40234375,-53788.40234375,-0.02040884457528591,0.0,-0.03490658476948738,0.0,0.5,0.5,-0.03490658476948738,0.0,0.0,524
-0.49994438886642456,-0.0027244442608207464,-0.010174603201448917,0.01692919433116913,-0.010174603201448917,0.01692919433116913,1111.787353515625,2656252.25,-54218.4609375,-54218.4609375,-0.02040884457528591,0.0,-0.03490658476948738,0.0,0.5,0.5,-0.03490658476948738,0.0,0.0,525
-0.49994438886642456,-0.0027244442608207464,-0.01013591792434454,0.0173288993537426,-0.01013591792434454,0.0173288993537426,1120.626220703125,2677442.75,-54651.0,-54651.0,-0.02040884457528591,0.0,-0.03490658476948738,0.0,0.5,0.5,-0.03490658476948738,0.0,0.0,526
-0.49994438886642456,-0.0027244442608207464,-0.01013591792434454,0.0173288993537426,-0.01013591792434454,0.0173288993537426,1129.515625,2698755.0,-55086.015625,-55086.015625,-0.02040884457528591,0.0,-0.03490658476948738,0.0,0.5,0.5,-0.03490658476948738,0.0,0.0,527
-0.49994438886642456,-0.0027244442608207464,-0.0095980791375041,0.020646633580327034,-0.0095980791375041,0.020646633580327034,1138.4559326171875,2720189.25,-55523.5234375,-55523.5234375,-0.02040884457528591,0.0,-0.03490658476948738,0.0,0.5,0.5,-0.03490658476948738,0.0,0.0,528
-0.49994438886642456,-0.0027244442608207464,-0.0095980791375041,0.020646633580327034,-0.0095980791375041,0.020646633580327034,1147.4471435546875,2741745.75,-55963.53125,-55963.53125,-0.02040884457528591,0.0,-0.03490658476948738,0.0,0.5,0.5,-0.03490658476948738,0.0,0.0,529
-0.49994438886642456,-0.0027244442608207464,-0.008929544128477573,0.021380754187703133,-0.008929544128477573,0.021380754187703133,1156.489501953125,2763425.0,-56406.0390625,-56406.0390625,-0.02040884457528591,0.0,-0.03490658476948738,0.0,0.5,0.5,-0.03490658476948738,0.0,0.0,530
-0.49994438886642456,-0.0027244442608207464,-0.008929544128477573,0.021380754187703133,-0.008929544128477573,0.021380754187703133,1165.5830078125,2785227.25,-56851.0546875,-56851.0546875,-0.02040884457528591,0.0,-0.03490658476948738,0.0,0.5,0.5,-0.03490658476948738,0.0,0.0,531
-0.49994438886642456,-0.0027244442608207464,-0.010199424810707569,0.02884814701974392,-0.010199424810707569,0.02884814701974392,1174.72802734375,2807152.75,-57298.59375,-57298.59375,-0.02040884457528591,0.0,-0.03490658476948738,0.0,0.5,0.5,-0.03490658476948738,0.0,0.0,532
-0.49994438886642456,-0.0027244442608207464,-0.010199424810707569,0.02884814701974392,-0.010199424810707569,0.02884814701974392,1183.924560546875,2829202.0,-57748.65625,-57748.65625,-0.02040884457528591,0.0,-0.03490658476948738,0.0,0.5,0.5,-0.03490658476948738,0.0,0.0,533
-0.49994438886642456,-0.0027244442608207464,-0.011449133045971394,0.03612188622355461,-0.011449133045971394,0.03612188622355461,1193.1727294921875,2851375.25,-58201.25,-58201.25,-0.02040884457528591,0.0,-0.03490658476948738,0.0,0.5,0.5,-0.03490658476948738,0.0,0.0,534
-0.49994438886642456,-0.0027244442608207464,-0.011449133045971394,0.03612188622355461,-0.011449133045971394,0.03612188622355461,1202.4727783203125,2873672.75,-58656.37890625,-58656.37890625,-0.02040884457528591,0.0,-0.03490658476948738,0.0,0.5,0.5,-0.03490658476948738,0.0,0.0,535
-0.49994438886642456,-0.0027244442608207464,-0.013287423178553581,0.04720929637551308,-0.013287423178553581,0.04720929637551308,1211.82470703125,2896095.25,-59114.05859375,-59114.05859375,-0.02040884457528591,0.0,-0.03490658476948738,0.0,0.5,0.5,-0.03490658476948738,0.0,0.0,536
-0.49994438886642456,-0.0027244442608207464,-0.013287423178553581,0.04720929637551308,-0.013287423178553581,0.04720929637551308,1221.2288818359375,2918642.75,-59574.29296875,-59574.29296875,-0.02040884457528591,0.0,-0.03490658476948738,0.0,0.5,0.5,-0.03490658476948738,0.0,0.0,537
-0.49994438886642456,-0.0027244442608207464,-0.016497723758220673,0.056966450065374374,-0.016497723758220673,0.056966450065374374,1230.6851806640625,2941315.75,-60037.08203125,-60037.08203125,-0.02040884457528591,0.0,-0.03490658476948738,0.0,0.5,0.5,-0.03490658476948738,0.0,0.0,538
-0.49994438886642456,-0.0027244442608207464,-0.016497723758220673,0.056966450065374374,-0.016497723758220673,0.056966450065374374,1240.1939697265625,2964114.5,-60502.4453125,-60502.4453125,-0.02040884457528591,0.0,-0.03490658476948738,0.0,0.5,0.5,-0.03490658476948738,0.0,0.0,539
-0.49994438886642456,-0.0027244442608207464,-0.020688612014055252,0.06389043480157852,-0.020688612014055252,0.06389043480157852,1249.75537109375,2987039.25,-60970.37890625,-60970.37890625,-0.02040884457528591,0.0,-0.03490658476948738,0.0,0.5,0.5,-0.03490658476948738,0.0,0.0,540
-0.49994438886642456,-0.0027244442608207464,-0.020688612014055252,0.06389043480157852,-0.020688612014055252,0.06389043480157852,1259.369384765625,3010090.5,-61440.89453125,-61440.89453125,-0.02040884457528591,0.0,-0.03490658476948738,0.0,0.5,0.5,-0.03490658476948738,0.0,0.0,541
-0.49994438886642456,-0.0027244442608207464,-0.024563530460000038,0.06987427175045013,-0.024563530460000038,0.06987427175045013,1269.0362548828125,3033268.75,-61914.0,-61914.0,-0.02040884457528591,0.0,-0.03490658476948738,0.0,0.5,0.5,-0.03490658476948738,0.0,0.0,542
-0.49994438886642456,-0.0027244442608207464,-0.024563530460000038,0.06987427175045013,-0.024563530460000038,0.06987427175045013,1278.756103515625,3056574.0,-62389.69921875,-62389.69921875,-0.02040884457528591,0.0,-0.03490658476948738,0.0,0.5,0.5,-0.03490658476948738,0.0,0.0,543
-0.49994438886642456,-0.0027244442608207464,-0.028576809912919998,0.07366357743740082,-0.028576809912919998,0.07366357743740082,1288.529052734375,3080007.0,-62868.00390625,-62868.00390625,-0.02040884457528591,0.0,-0.03490658476948738,0.0,0.5,0.5,-0.03490658476948738,0.0,0.0,544
-0.49994438886642456,-0.0027244442608207464,-0.028576809912919998,0.07366357743740082,-0.028576809912919998,0.07366357743740082,1298.3553466796875,3103567.75,-63348.91796875,-63348.91796875,-0.02040884457528591,0.0,-0.03490658476948738,0.0,0.5,0.5,-0.03490658476948738,0.0,0.0,545
-0.49994438886642456,-0.0027244442608207464,-0.030443888157606125,0.07519011944532394,-0.030443888157606125,0.07519011944532394,1308.2349853515625,3127256.75,-63832.44921875,-63832.44921875,-0.02040884457528591,0.0,-0.03490658476948738,0.0,0.5,0.5,-0.03490658476948738,0.0,0.0,546
-0.49994438886642456,-0.0027244442608207464,-0.030443888157606125,0.07519011944532394,-0.030443888157606125,0.07519011944532394,1318.168212890625,3151074.25,-64318.60546875,-64318.60546875,-0.02040884457528591,0.0,-0.03490658476948738,0.0,0.5,0.5,-0.03490658476948738,0.0,0.0,547
-0.49994438886642456,-0.0027244442608207464,-0.030443888157606125,0.07519011944532394,-0.030443888157606125,0.07519011944532394,1328.1552734375,3175020.75,-64807.390625,-64807.390625,-0.02040884457528591,0.0,-0.03490658476948738,0.0,0.5,0.5,-0.03490658476948738,0.0,0.0,548
-0.49994438886642456,-0.0027244442608207464,-0.030443888157606125,0.07519011944532394,-0.030443888157606125,0.07519011944532394,1338.196044921875,3199096.25,-65298.81640625,-65298.81640625,-0.02040884457528591,0.0,-0.03490658476948738,0.0,0.5,0.5,-0.03490658476948738,0.0,0.0,549
-0.49994438886642456,-0.0027244442608207464,-0.03284602612257004,0.07806800305843353,-0.03284602612257004,0.07806800305843353,1348.2908935546875,3223301.75,-65792.890625,-65792.890625,-0.02040884457528591,0.0,-0.03490658476948738,0.0,0.5,0.5,-0.03490658476948738,0.0,0.0,550
-0.49994438886642456,-0.0027244442608207464,-0.03284602612257004,0.07806800305843353,-0.03284602612257004,0.07806800305843353,1358.4398193359375,3247637.0,-66289.609375,-66289.609375,-0.02040884457528591,0.0,-0.03490658476948738,0.0,0.5,0.5,-0.03490658476948738,0.0,0.0,551
-0.49994438886642456,-0.0027244442608207464,-0.03477992117404938,0.08309879899024963,-0.03477992117404938,0.08309879899024963,1368.64306640625,3272102.5,-66789.0,-66789.0,-0.02040884457528591,0.0,-0.03490658476948738,0.0,0.5,0.5,-0.03490658476948738,0.0,0.0,552
-0.49994438886642456,-0.0027244442608207464,-0.03477992117404938,0.08309879899024963,-0.03477992117404938,0.08309879899024963,1378.9007568359375,3296698.75,-67291.046875,-67291.046875,-0.02040884457528591,0.0,-0.03490658476948738,0.0,0.5,0.5,-0.03490658476948738,0.0,0.0,553
-0.49994438886642456,-0.0027244442608207464,-0.03683270141482353,0.08488709479570389,-0.03683270141482353,0.08488709479570389,1389.2130126953125,3321426.0,-67795.7734375,-67795.7734375,-0.02040884457528591,0.0,-0.03490658476948738,0.0,0.5,0.5,-0.03490658476948738,0.0,0.0,554
-0.49994438886642456,-0.0027244442608207464,-0.03683270141482353,0.08488709479570389,-0.03683270141482353,0.08488709479570389,1399.580078125,3346284.75,-68303.1796875,-68303.1796875,-0.02040884457528591,0.0,-0.03490658476948738,0.0,0.5,0.5,-0.03490658476948738,0.0,0.0,555
-0.49994438886642456,-0.0027244442608207464,-0.040089767426252365,0.08845319598913193,-0.040089767426252365,0.08845319598913193,1410.001953125,3371275.0,-68813.2734375,-68813.2734375,-0.02040884457528591,0.0,-0.03490658476948738,0.0,0.5,0.5,-0.03490658476948738,0.0,0.0,556
-0.49994438886642456,-0.0027244442608207464,-0.040089767426252365,0.08845319598913193,-0.040089767426252365,0.08845319598913193,1420.4788818359375,3396397.5,-69326.0625,-69326.0625,-0.02040884457528591,0.0,-0.03490658476948738,0.0,0.5,0.5,-0.03490658476948738,0.0,0.0,557
-0.49994438886642456,-0.0027244442608207464,-0.040089767426252365,0.08845319598913193,-0.040089767426252365,0.08845319598913193,1431.0108642578125,3421652.25,-69841.5546875,-69841.5546875,-0.02040884457528591,0.0,-0.03490658476948738,0.0,0.5,0.5,-0.03490658476948738,0.0,0.0,558
-0.49994438886642456,-0.0027244442608207464,-0.040089767426252365,0.08845319598913193,-0.040089767426252365,0.08845319598913193,1441.5982666015625,3447039.75,-70359.7578125,-70359.7578125,-0.02040884457528591,0.0,-0.03490658476948738,0.0,0.5,0.5,-0.03490658476948738,0.0,0.0,559
-0.49994438886642456,-0.0027244442608207464,-0.040089767426252365,0.08845319598913193,-0.040089767426252365,0.08845319598913193,1452.2410888671875,3472560.25,-70880.671875,-70880.671875,-0.02040884457528591,0.0,-0.03490658476948738,0.0,0.5,0.5,-0.03490658476948738,0.0,0.0,560
-0.49994438886642456,-0.0027244442608207464,-0.040089767426252365,0.08845319598913193,-0.040089767426252365,0.08845319598913193,1462.939453125,3498214.25,-71404.3125,-71404.3125,-0.02040884457528591,0.0,-0.03490658476948738,0.0,0.5,0.5,-0.03490658476948738,0.0,0.0,561
-0.49994438886642456,-0.0027244442608207464,-0.040089767426252365,0.08845319598913193,-0.040089767426252365,0.08845319598913193,1473.693603515625,3524002.0,-71930.6875,-71930.6875,-0.02040884457528591,0.0,-0.03490658476948738,0.0,0.5,0.5,-0.03490658476948738,0.0,0.0,562
-0.49994438886642456,-0.0027244442608207464,-0.040031205862760544,0.08843889832496643,-0.040031205862760544,0.08843889832496643,1484.503662109375,3549924.0,-72459.796875,-72459.796875,-0.02040884457528591,0.0,-0.03490658476948738,0.0,0.5,0.5,-0.03490658476948738,0.0,0.0,563
-0.49994438886642456,-0.0027244442608207464,-0.040031205862760544,0.08843889832496643,-0.040031205862760544,0.08843889832496643,1495.3697509765625,3575980.5,-72991.65625,-72991.65625,-0.02040884457528591,0.0,-0.03490658476948738,0.0,0.5,0.5,-0.03490658476948738,0.0,0.0,564
-0.49994438886642456,-0.0027244442608207464,-0.040031205862760544,0.08843889832496643,-0.040031205862760544,0.08843889832496643,1506.2919921875,3602171.75,-73526.2578125,-73526.2578125,-0.02040884457528591,0.0,-0.03490658476948738,0.0,0.5,0.5,-0.03490658476948738,0.0,0.0,565
-0.49994438886642456,-0.0027244442608207464,-0.03757620230317116,0.08829288929700851,-0.03757620230317116,0.08829288929700851,1517.2705078125,3628498.25,-74063.625,-74063.625,-0.02040884457528591,0.0,-0.03490658476948738,0.0,0.5,0.5,-0.03490658476948738,0.0,0.0,566
-0.49994438886642456,-0.0027244442608207464,-0.03757620230317116,0.08829288929700851,-0.03757620230317116,0.08829288929700851,1528.3055419921875,3654960.25,-74603.7578125,-74603.7578125,-0.02040884457528591,0.0,-0.03490658476948738,0.0,0.5,0.5,-0.03490658476948738,0.0,0.0,567
-0.49994438886642456,-0.0027244442608207464,-0.03757620230317116,0.08829288929700851,-0.03757620230317116,0.08829288929700851,1539.397216796875,3681558.25,-75146.671875,-75146.671875,-0.02040884457528591,0.0,-0.03490658476948738,0.0,0.5,0.5,-0.03490658476948738,0.0,0.0,568
-0.49994438886642456,-0.0027244442608207464,-0.03737829998135567,0.08713562041521072,-0.03737829998135567,0.08713562041521072,1550.545654296875,3708292.25,-75692.359375,-75692.359375,-0.02040884457528591,0.0,-0.03490658476948738,0.0,0.5,0.5,-0.03490658476948738,0.0,0.0,569
-0.49994438886642456,-0.0027244442608207464,-0.03737829998135567,0.08713562041521072,-0.03737829998135567,0.08713562041521072,1561.7508544921875,3735163.0,-76240.828125,-76240.828125,-0.02040884457528591,0.0,-0.03490658476948738,0.0,0.5,0.5,-0.03490658476948738,0.0,0.0,570
-0.49994438886642456,-0.0027244442608207464,-0.03737829998135567,0.08713562041521072,-0.03737829998135567,0.08713562041521072,1573.01318359375,3762170.5,-76792.1015625,-76792.1015625,-0.02040884457528591,0.0,-0.03490658476948738,0.0,0.5,0.5,-0.03490658476948738,0.0,0.0,571
-0.49994438886642456,-0.0027244442608207464,-0.036942023783922195,0.08472394198179245,-0.036942023783922195,0.08472394198179245,1584.332763671875,3789315.25,-77346.171875,-77346.171875,-0.02040884457528591,0.0,-0.03490658476948738,0.0,0.5,0.5,-0.03490658476948738,0.0,0.0,572
-0.49994438886642456,-0.0027244442608207464,-0.03548141568899155,0.0830332562327385,-0.03548141568899155,0.0830332562327385,1595.7095947265625,3816597.75,-77903.0546875,-77903.0546875,-0.02040884457528591,0.0,-0.03490658476948738,0.0,0.5,0.5,-0.03490658476948738,0.0,0.0,573
-0.49994438886642456,-0.0027244442608207464,-0.03548141568899155,0.0830332562327385,-0.03548141568899155,0.0830332562327385,1607.14404296875,3844018.25,-78462.75,-78462.75,-0.02040884457528591,0.0,-0.03490658476948738,0.0,0.5,0.5,-0.03490658476948738,0.0,0.0,574
-0.49994438886642456,-0.0027244442608207464,-0.03433441370725632,0.08193472027778625,-0.03433441370725632,0.08193472027778625,1618.635986328125,3871577.0,-79025.2734375,-79025.2734375,-0.02040884457528591,0.0,-0.03490658476948738,0.0,0.5,0.5,-0.03490658476948738,0.0,0.0,575
-0.49994438886642456,-0.0027244442608207464,-0.0344783253967762,0.07916892319917679,-0.0344783253967762,0.07916892319917679,1630.1856689453125,3899274.25,-79590.6171875,-79590.6171875,-0.02040884457528591,0.0,-0.03490658476948738,0.0,0.5,0.5,-0.03490658476948738,0.0,0.0,576
-0.49994438886642456,-0.0027244442608207464,-0.0344783253967762,0.07916892319917679,-0.0344783253967762,0.07916892319917679,1641.7933349609375,3927110.75,-80158.8046875,-80158.8046875,-0.02040884457528591,0.0,-0.03490658476948738,0.0,0.5,0.5,-0.03490658476948738,0.0,0.0,577
-0.49994438886642456,-0.0027244442608207464,-0.0344783253967762,0.07916892319917679,-0.0344783253967762,0.07916892319917679,1653.4591064453125,3955086.5,-80729.84375,-80729.84375,-0.02040884457528591,0.0,-0.03490658476948738,0.0,0.5,0.5,-0.03490658476948738,0.0,0.0,578
-0.49994438886642456,-0.0027244442608207464,-0.03369041532278061,0.0774669274687767,-0.03369041532278061,0.0774669274687767,1665.18310546875,3983202.0,-81303.7265625,-81303.7265625,-0.02040884457528591,0.0,-0.03490658476948738,0.0,0.5,0.5,-0.03490658476948738,0.0,0.0,579
-0.49994438886642456,-0.0027244442608207464,-0.03369041532278061,0.0774669274687767,-0.03369041532278061,0.0774669274687767,1676.96533203125,4011457.5,-81880.46875,-81880.46875,-0.02040884457528591,0.0,-0.03490658476948738,0.0,0.5,0.5,-0.03490658476948738,0.0,0.0,580
-0.49994438886642456,-0.0027244442608207464,-0.03369041532278061,0.0774669274687767,-0.03369041532278061,0.0774669274687767,1688.80615234375,4039853.5,-82460.078125,-82460.078125,-0.02040884457528591,0.0,-0.03490658476948738,0.0,0.5,0.5,-0.03490658476948738,0.0,0.0,581
-0.49994438886642456,-0.0027244442608207464,-0.03369041532278061,0.0774669274687767,-0.03369041532278061,0.0774669274687767,1700.70556640625,4068390.25,-83042.5546875,-83042.5546875,-0.02040884457528591,0.0,-0.03490658476948738,0.0,0.5,0.5,-0.03490658476948738,0.0,0.0,582
-0.49994438886642456,-0.0027244442608207464,-0.03369041532278061,0.0774669274687767,-0.03369041532278061,0.0774669274687767,1712.6636962890625,4097068.0,-83627.9140625,-83627.9140625,-0.02040884457528591,0.0,-0.03490658476948738,0.0,0.5,0.5,-0.03490658476948738,0.0,0.0,583
-0.49994438886642456,-0.0027244442608207464,-0.03367135673761368,0.07627522945404053,-0.03367135673761368,0.07627522945404053,1724.680908203125,4125887.0,-84216.1640625,-84216.1640625,-0.02040884457528591,0.0,-0.03490658476948738,0.0,0.5,0.5,-0.03490658476948738,0.0,0.0,584
-0.49994438886642456,-0.0027244442608207464,-0.03367135673761368,0.07627522945404053,-0.03367135673761368,0.07627522945404053,1736.757080078125,4154848.0,-84807.3046875,-84807.3046875,-0.02040884457528591,0.0,-0.03490658476948738,0.0,0.5,0.5,-0.03490658476948738,0.0,0.0,585
-0.49994438886642456,-0.0027244442608207464,-0.03430035710334778,0.07298977673053741,-0.03430035710334778,0.07298977673053741,1748.8924560546875,4183951.25,-85401.3515625,-85401.3515625,-0.02040884457528591,0.0,-0.03490658476948738,0.0,0.5,0.5,-0.03490658476948738,0.0,0.0,586
-0.49994438886642456,-0.0027244442608207464,-0.03430035710334778,0.07298977673053741,-0.03430035710334778,0.07298977673053741,1761.0872802734375,4213197.0,-85998.3046875,-85998.3046875,-0.02040884457528591,0.0,-0.03490658476948738,0.0,0.5,0.5,-0.03490658476948738,0.0,0.0,587
-0.49994438886642456,-0.0027244442608207464,-0.03430035710334778,0.07298977673053741,-0.03430035710334778,0.07298977673053741,1773.341552734375,4242585.5,-86598.171875,-86598.171875,-0.02040884457528591,0.0,-0.03490658476948738,0.0,0.5,0.5,-0.03490658476948738,0.0,0.0,588
-0.49994438886642456,-0.0027244442608207464,-0.033194344490766525,0.07253663241863251,-0.033194344490766525,0.07253663241863251,1785.655517578125,4272117.0,-87200.9609375,-87200.9609375,-0.02040884457528591,0.0,-0.03490658476948738,0.0,0.5,0.5,-0.03490658476948738,0.0,0.0,589
-0.49994438886642456,-0.0027244442608207464,-0.033194344490766525,0.07253663241863251,-0.033194344490766525,0.07253663241863251,1798.029296875,4301792.0,-87806.6796875,-87806.6796875,-0.02040884457528591,0.0,-0.03490658476948738,0.0,0.5,0.5,-0.03490658476948738,0.0,0.0,590
-0.49994438886642456,-0.0027244442608207464,-0.034985337406396866,0.06979130953550339,-0.034985337406396866,0.06979130953550339,1810.4630126953125,4331611.5,-88415.3359375,-88415.3359375,-0.02040884457528591,0.0,-0.03490658476948738,0.0,0.5,0.5,-0.03490658476948738,0.0,0.0,591
-0.49994438886642456,-0.0027244442608207464,-0.03360297530889511,0.0706699788570404,-0.03360297530889511,0.0706699788570404,1822.956787109375,4361574.5,-89026.9375,-89026.9375,-0.02040884457528591,0.0,-0.03490658476948738,0.0,0.5,0.5,-0.03490658476948738,0.0,1.0,592
-0.49994438886642456,-0.0027244442608207464,-0.03360297530889511,0.0706699788570404,-0.03360297530889511,0.0706699788570404,1835.5108642578125,4391682.5,-89641.4921875,-89641.4921875,-0.02040884457528591,-0.07999999821186066,3.1066861152648926,0.07941176742315292,0.5,0.5,3.1066861152648926,0.07941176742315292,0.0,593
-0.49994438886642456,-0.0027244442608207464,-0.035778600722551346,0.06812544167041779,-0.035778600722551346,0.06812544167041779,1848.125244140625,4421935.0,-90259.0,-90259.0,-0.02040884457528591,-0.07999999821186066,3.1066861152648926,0.07941176742315292,0.5,0.5,3.1066861152648926,0.07941176742315292,0.0,594
-0.49994438886642456,-0.0027244442608207464,-0.035778600722551346,0.06812544167041779,-0.035778600722551346,0.06812544167041779,1848.1353759765625,4421935.5,-90259.0078125,-90259.0078125,-0.02040884457528591,-0.07999999821186066,3.1066861152648926,0.07941176742315292,0.5,0.5,3.1066861152648926,0.07941176742315292,0.0,595
-0.49994438886642456,-0.0027244442608207464,-0.03507157787680626,0.06768523901700974,-0.03507157787680626,0.06768523901700974,1848.1453857421875,4421935.5,-90259.0078125,-90259.0078125,-0.02040884457528591,-0.07999999821186066,3.1066861152648926,0.07941176742315292,0.5,0.5,3.1066861152648926,0.07941176742315292,0.0,596
-0.49994438886642456,-0.0027244442608207464,-0.03507157787680626,0.06768523901700974,-0.03507157787680626,0.06768523901700974,1848.155517578125,4421935.5,-90259.015625,-90259.015625,-0.02040884457528591,-0.07999999821186066,3.1066861152648926,0.07941176742315292,0.5,0.5,3.1066861152648926,0.07941176742315292,0.0,597
-0.49994438886642456,-0.0027244442608207464,-0.03507157787680626,0.06768523901700974,-0.03507157787680626,0.06768523901700974,1848.16552734375,4421936.0,-90259.015625,-90259.015625,-0.02040884457528591,-0.07999999821186066,3.1066861152648926,0.07941176742315292,0.5,0.5,3.1066861152648926,0.07941176742315292,0.0,598
-0.49994438886642456,-0.0027244442608207464,-0.03621324151754379,0.06524527072906494,-0.03621324151754379,0.06524527072906494,1848.1756591796875,4421936.0,-90259.015625,-90259.015625,-0.02040884457528591,-0.07999999821186066,3.1066861152648926,0.07941176742315292,0.5,0.5,3.1066861152648926,0.07941176742315292,0.0,599
-0.49994438886642456,-0.0027244442608207464,-0.03817685693502426,0.06122138351202011,-0.03817685693502426,0.06122138351202011,1848.1856689453125,4421936.5,-90259.0234375,-90259.0234375,-0.02040884457528591,-0.07999999821186066,3.1066861152648926,0.07941176742315292,0.5,0.5,3.1066861152648926,0.07941176742315292,0.0,600
-0.49994438886642456,-0.0027244442608207464,-0.03817685693502426,0.06122138351202011,-0.03817685693502426,0.06122138351202011,1848.19580078125,4421936.5,-90259.0234375,-90259.0234375,-0.02040884457528591,0.0,-0.03490658476948738,0.0,0.5,0.5,-0.03490658476948738,0.0,0.0,601
-0.49994438886642456,-0.0027244442608207464,-0.03888590261340141,0.05986662209033966,-0.03888590261340141,0.05986662209033966,1848.205810546875,4421936.5,-90259.03125,-90259.03125,-0.02040884457528591,0.0,-0.03490658476948738,0.0,0.5,0.5,-0.03490658476948738,0.0,0.0,602
-0.49994438886642456,-0.0027244442608207464,-0.03888590261340141,0.05986662209033966,-0.03888590261340141,0.05986662209033966,1848.2161865234375,4421937.5,-90259.046875,-90259.046875,-0.02040884457528591,0.0,-0.03490658476948738,0.0,0.5,0.5,-0.03490658476948738,0.0,0.0,603
-0.49994438886642456,-0.0027244442608207464,-0.041408609598875046,0.05650588124990463,-0.041408609598875046,0.05650588124990463,1848.226806640625,4421939.0,-90259.078125,-90259.078125,-0.02040884457528591,0.0,-0.03490658476948738,0.0,0.5,0.5,-0.03490658476948738,0.0,0.0,604
-0.49994438886642456,-0.0027244442608207464,-0.041408609598875046,0.05650588124990463,-0.041408609598875046,0.05650588124990463,1848.2379150390625,4421941.5,-90259.1328125,-90259.1328125,-0.02040884457528591,0.0,-0.03490658476948738,0.0,0.5,0.5,-0.03490658476948738,0.0,0.0,605
-0.49994438886642456,-0.0027244442608207464,-0.041408609598875046,0.05650588124990463,-0.041408609598875046,0.05650588124990463,1848.249755859375,4421946.0,-90259.21875,-90259.21875,-0.02040884457528591,0.0,-0.03490658476948738,0.0,0.5,0.5,-0.03490658476948738,0.0,0.0,606
-0.49994438886642456,-0.0027244442608207464,-0.043568044900894165,0.05382385477423668,-0.043568044900894165,0.05382385477423668,1848.262451171875,4421952.5,-90259.3515625,-90259.3515625,-0.02040884457528591,0.0,-0.03490658476948738,0.0,0.5,0.5,-0.03490658476948738,0.0,0.0,607
-0.49994438886642456,-0.0027244442608207464,-0.04613078385591507,0.05164768919348717,-0.04613078385591507,0.05164768919348717,1848.2760009765625,4421961.0,-90259.5234375,-90259.5234375,-0.02040884457528591,0.0,-0.03490658476948738,0.0,0.5,0.5,-0.03490658476948738,0.0,0.0,608
-0.49994438886642456,-0.0027244442608207464,-0.04613078385591507,0.05164768919348717,-0.04613078385591507,0.05164768919348717,1848.29052734375,4421972.0,-90259.75,-90259.75,-0.02040884457528591,0.0,-0.03490658476948738,0.0,0.5,0.5,-0.03490658476948738,0.0,0.0,609
-0.49994438886642456,-0.0027244442608207464,-0.04630351439118385,0.04876675456762314,-0.04630351439118385,0.04876675456762314,1848.306396484375,4421986.0,-90260.0390625,-90260.0390625,-0.02040884457528591,0.0,-0.03490658476948738,0.0,0.5,0.5,-0.03490658476948738,0.0,0.0,610
-0.49994438886642456,-0.0027244442608207464,-0.04630351439118385,0.04876675456762314,-0.04630351439118385,0.04876675456762314,1848.32373046875,4422003.5,-90260.390625,-90260.390625,-0.02040884457528591,0.0,-0.03490658476948738,0.0,0.5,0.5,-0.03490658476948738,0.0,0.0,611
-0.49994438886642456,-0.0027244442608207464,-0.047362975776195526,0.04815912991762161,-0.047362975776195526,0.04815912991762161,1848.342529296875,4422024.5,-90260.8203125,-90260.8203125,-0.02040884457528591,0.0,-0.03490658476948738,0.0,0.5,0.5,-0.03490658476948738,0.0,0.0,612
-0.49994438886642456,-0.0027244442608207464,-0.047362975776195526,0.04815912991762161,-0.047362975776195526,0.04815912991762161,1848.3629150390625,4422049.5,-90261.3359375,-90261.3359375,-0.02040884457528591,0.0,-0.03490658476948738,0.0,0.5,0.5,-0.03490658476948738,0.0,0.0,613
-0.49994438886642456,-0.0027244442608207464,-0.049448203295469284,0.04647987335920334,-0.049448203295469284,0.04647987335920334,1848.3851318359375,4422079.0,-90261.9375,-90261.9375,-0.02040884457528591,0.0,-0.03490658476948738,0.0,0.5,0.5,-0.03490658476948738,0.0,0.0,614
-0.49994438886642456,-0.0027244442608207464,-0.050715770572423935,0.046737514436244965,-0.050715770572423935,0.046737514436244965,1848.409423828125,4422113.0,-90262.6328125,-90262.6328125,-0.02040884457528591,0.0,-0.03490658476948738,0.0,0.5,0.5,-0.03490658476948738,0.0,0.0,615
-0.49994438886642456,-0.0027244442608207464,-0.050715770572423935,0.046737514436244965,-0.050715770572423935,0.046737514436244965,1848.4356689453125,4422152.5,-90263.4296875,-90263.4296875,-0.02040884457528591,0.0,-0.03490658476948738,0.0,0.5,0.5,-0.03490658476948738,0.0,0.0,616
-0.49994438886642456,-0.0027244442608207464,-0.053894855082035065,0.045135874301195145,-0.053894855082035065,0.045135874301195145,1848.4642333984375,4422197.0,-90264.3359375,-90264.3359375,-0.02040884457528591,0.0,-0.03490658476948738,0.0,0.5,0.5,-0.03490658476948738,0.0,0.0,617
-0.49994438886642456,-0.0027244442608207464,-0.055919576436281204,0.04391276463866234,-0.055919576436281204,0.04391276463866234,1848.4952392578125,4422247.0,-90265.3671875,-90265.3671875,-0.02040884457528591,0.0,-0.03490658476948738,0.0,0.5,0.5,-0.03490658476948738,0.0,0.0,618
-0.49994438886642456,-0.0027244442608207464,-0.055919576436281204,0.04391276463866234,-0.055919576436281204,0.04391276463866234,1848.5286865234375,4422303.5,-90266.515625,-90266.515625,-0.02040884457528591,0.0,-0.03490658476948738,0.0,0.5,0.5,-0.03490658476948738,0.0,0.0,619
-0.49994438886642456,-0.0027244442608207464,-0.05844397842884064,0.04282265529036522,-0.05844397842884064,0.04282265529036522,1848.5648193359375,4422366.5,-90267.796875,-90267.796875,-0.02040884457528591,0.0,-0.03490658476948738,0.0,0.5,0.5,-0.03490658476948738,0.0,0.0,620
-0.49994438886642456,-0.0027244442608207464,-0.05844397842884064,0.04282265529036522,-0.05844397842884064,0.04282265529036522,1848.6038818359375,4422436.0,-90269.21875,-90269.21875,-0.02040884457528591,0.0,-0.03490658476948738,0.0,0.5,0.5,-0.03490658476948738,0.0,0.0,621
-0.49994438886642456,-0.0027244442608207464,-0.05844397842884064,0.04282265529036522,-0.05844397842884064,0.04282265529036522,1848.645751953125,4422512.5,-90270.78125,-90270.78125,-0.02040884457528591,0.0,-0.03490658476948738,0.0,0.5,0.5,-0.03490658476948738,0.0,0.0,622
-0.49994438886642456,-0.0027244442608207464,-0.05844397842884064,0.04282265529036522,-0.05844397842884064,0.04282265529036522,1848.69091796875,4422597.0,-90272.5,-90272.5,-0.02040884457528591,0.0,-0.03490658476948738,0.0,0.5,0.5,-0.03490658476948738,0.0,0.0,623
-0.49994438886642456,-0.0027244442608207464,-0.05844397842884064,0.04282265529036522,-0.05844397842884064,0.04282265529036522,1848.7392578125,4422689.0,-90274.3828125,-90274.3828125,-0.02040884457528591,0.0,-0.03490658476948738,0.0,0.5,0.5,-0.03490658476948738,0.0,0.0,624
-0.49994438886642456,-0.0027244442608207464,-0.05975823104381561,0.04121028259396553,-0.05975823104381561,0.04121028259396553,1848.791015625,4422789.0,-90276.4296875,-90276.4296875,-0.02040884457528591,0.0,-0.03490658476948738,0.0,0.5,0.5,-0.03490658476948738,0.0,0.0,625
-0.49994438886642456,-0.0027244442608207464,-0.06283387541770935,0.035429541021585464,-0.06283387541770935,0.035429541021585464,1848.8463134765625,4422898.0,-90278.6484375,-90278.6484375,-0.02040884457528591,0.0,-0.03490658476948738,0.0,0.5,0.5,-0.03490658476948738,0.0,0.0,626
-0.49994438886642456,-0.0027244442608207464,-0.06283387541770935,0.035429541021585464,-0.06283387541770935,0.035429541021585464,1848.9052734375,4423015.5,-90281.046875,-90281.046875,-0.02040884457528591,0.0,-0.03490658476948738,0.0,0.5,0.5,-0.03490658476948738,0.0,0.0,627
-0.49994438886642456,-0.0027244442608207464,-0.06396207213401794,0.03129631653428078,-0.06396207213401794,0.03129631653428078,1848.9681396484375,4423142.5,-90283.6328125,-90283.6328125,-0.02040884457528591,0.0,-0.03490658476948738,0.0,0.5,0.5,-0.03490658476948738,0.0,0.0,628
-0.49994438886642456,-0.0027244442608207464,-0.06495022028684616,0.025557922199368477,-0.06495022028684616,0.025557922199368477,1849.034912109375,4423279.0,-90286.421875,-90286.421875,-0.02040884457528591,0.0,-0.03490658476948738,0.0,0.5,0.5,-0.03490658476948738,0.0,0.0,629
-0.49994438886642456,-0.0027244442608207464,-0.06495022028684616,0.025557922199368477,-0.06495022028684616,0.025557922199368477,1849.10595703125,4423425.0,-90289.40625,-90289.40625,-0.02040884457528591,0.0,-0.03490658476948738,0.0,0.5,0.5,-0.03490658476948738,0.0,0.0,630
-0.49994438886642456,-0.0027244442608207464,-0.06495022028684616,0.025557922199368477,-0.06495022028684616,0.025557922199368477,1849.18115234375,4423581.5,-90292.6015625,-90292.6015625,-0.02040884457528591,0.0,-0.03490658476948738,0.0,0.5,0.5,-0.03490658476948738,0.0,0.0,631
-0.49994438886642456,-0.0027244442608207464,-0.0646681860089302,0.022489236667752266,-0.0646681860089302,0.022489236667752266,1849.2607421875,4423749.0,-90296.015625,-90296.015625,-0.02040884457528591,0.0,-0.03490658476948738,0.0,0.5,0.5,-0.03490658476948738,0.0,0.0,632
-0.49994438886642456,-0.0027244442608207464,-0.0646681860089302,0.022489236667752266,-0.0646681860089302,0.022489236667752266,1849.344970703125,4423927.0,-90299.6484375,-90299.6484375,-0.02040884457528591,0.0,-0.03490658476948738,0.0,0.5,0.5,-0.03490658476948738,0.0,0.0,633
-0.49994438886642456,-0.0027244442608207464,-0.06494881957769394,0.02143467403948307,-0.06494881957769394,0.02143467403948307,1849.4339599609375,4424116.5,-90303.515625,-90303.515625,-0.02040884457528591,0.0,-0.03490658476948738,0.0,0.5,0.5,-0.03490658476948738,0.0,0.0,634
-0.49994438886642456,-0.0027244442608207464,-0.06494881957769394,0.02143467403948307,-0.06494881957769394,0.02143467403948307,1849.5277099609375,4424317.5,-90307.625,-90307.625,-0.02040884457528591,0.0,-0.03490658476948738,0.0,0.5,0.5,-0.03490658476948738,0.0,0.0,635
-0.49994438886642456,-0.0027244442608207464,-0.06491609662771225,0.021182557567954063,-0.06491609662771225,0.021182557567954063,1849.6265869140625,4424531.0,-90311.9765625,-90311.9765625,-0.02040884457528591,0.0,-0.03490658476948738,0.0,0.5,0.5,-0.03490658476948738,0.0,0.0,636
-0.49994438886642456,-0.0027244442608207464,-0.06425746530294418,0.017491083592176437,-0.06425746530294418,0.017491083592176437,1849.73046875,4424756.5,-90316.578125,-90316.578125,-0.02040884457528591,0.0,-0.03490658476948738,0.0,0.5,0.5,-0.03490658476948738,0.0,0.0,637
-0.49994438886642456,-0.0027244442608207464,-0.06425746530294418,0.017491083592176437,-0.06425746530294418,0.017491083592176437,1849.8397216796875,4424994.5,-90321.4375,-90321.4375,-0.02040884457528591,0.0,-0.03490658476948738,0.0,0.5,0.5,-0.03490658476948738,0.0,0.0,638
-0.49994438886642456,-0.0027244442608207464,-0.06214669719338417,0.01058275904506445,-0.06214669719338417,0.01058275904506445,1849.954345703125,4425245.5,-90326.5625,-90326.5625,-0.02040884457528591,0.0,-0.03490658476948738,0.0,0.5,0.5,-0.03490658476948738,0.0,0.0,639
-0.49994438886642456,-0.0027244442608207464,-0.06214669719338417,0.01058275904506445,-0.06214669719338417,0.01058275904506445,1850.0745849609375,4425510.5,-90331.96875,-90331.96875,-0.02040884457528591,0.0,-0.03490658476948738,0.0,0.5,0.5,-0.03490658476948738,0.0,0.0,640
-0.49994438886642456,-0.0027244442608207464,-0.06214669719338417,0.01058275904506445,-0.06214669719338417,0.01058275904506445,1850.2005615234375,4425788.5,-90337.6484375,-90337.6484375,-0.02040884457528591,0.0,-0.03490658476948738,0.0,0.5,0.5,-0.03490658476948738,0.0,0.0,641
-0.49994438886642456,-0.0027244442608207464,-0.0604817233979702,0.003153366269543767,-0.0604817233979702,0.003153366269543767,1850.33251953125,4426081.0,-90343.6171875,-90343.6171875,-0.02040884457528591,0.0,-0.03490658476948738,0.0,0.5,0.5,-0.03490658476948738,0.0,0.0,642
-0.49994438886642456,-0.0027244442608207464,-0.0604817233979702,0.003153366269543767,-0.0604817233979702,0.003153366269543767,1850.4703369140625,4426388.0,-90349.8828125,-90349.8828125,-0.02040884457528591,0.0,-0.03490658476948738,0.0,0.5,0.5,-0.03490658476948738,0.0,0.0,643
-0.49994438886642456,-0.0027244442608207464,-0.0604817233979702,0.003153366269543767,-0.0604817233979702,0.003153366269543767,1850.6143798828125,4426710.0,-90356.453125,-90356.453125,-0.02040884457528591,0.0,-0.03490658476948738,0.0,0.5,0.5,-0.03490658476948738,0.0,0.0,644
-0.49994438886642456,-0.0027244442608207464,-0.054926276206970215,-0.00461385166272521,-0.054926276206970215,-0.00461385166272521,1850.7646484375,4427046.5,-90363.328125,-90363.328125,-0.02040884457528591,0.0,-0.03490658476948738,0.0,0.5,0.5,-0.03490658476948738,0.0,0.0,645
-0.49994438886642456,-0.0027244442608207464,-0.05193771421909332,-0.006542263086885214,-0.05193771421909332,-0.006542263086885214,1850.9215087890625,4427399.0,-90370.515625,-90370.515625,-0.02040884457528591,0.0,-0.03490658476948738,0.0,0.5,0.5,-0.03490658476948738,0.0,0.0,646
-0.49994438886642456,-0.0027244442608207464,-0.05193771421909332,-0.006542263086885214,-0.05193771421909332,-0.006542263086885214,1851.0848388671875,4427767.0,-90378.03125,-90378.03125,-0.02040884457528591,0.0,-0.03490658476948738,0.0,0.5,0.5,-0.03490658476948738,0.0,0.0,647
-0.49994438886642456,-0.0027244442608207464,-0.05193771421909332,-0.006542263086885214,-0.05193771421909332,-0.006542263086885214,1851.2550048828125,4428151.5,-90385.875,-90385.875,-0.02040884457528591,0.0,-0.03490658476948738,0.0,0.5,0.5,-0.03490658476948738,0.0,0.0,648
-0.49994438886642456,-0.0027244442608207464,-0.04966045916080475,-0.006164424121379852,-0.04966045916080475,-0.006164424121379852,1851.4320068359375,4428552.5,-90394.0546875,-90394.0546875,-0.02040884457528591,0.0,-0.03490658476948738,0.0,0.5,0.5,-0.03490658476948738,0.0,0.0,649
-0.49994438886642456,-0.0027244442608207464,-0.04966045916080475,-0.006164424121379852,-0.04966045916080475,-0.006164424121379852,1851.615966796875,4428970.0,-90402.5859375,-90402.5859375,-0.02040884457528591,0.0,-0.03490658476948738,0.0,0.5,0.5,-0.03490658476948738,0.0,0.0,650
-0.49994438886642456,-0.0027244442608207464,-0.04909922555088997,-0.005942116025835276,-0.04909922555088997,-0.005942116025835276,1851.8072509765625,4429405.0,-90411.4609375,-90411.4609375,-0.02040884457528591,0.0,-0.03490658476948738,0.0,0.5,0.5,-0.03490658476948738,0.0,0.0,651
-0.49994438886642456,-0.0027244442608207464,-0.04909922555088997,-0.005942116025835276,-0.04909922555088997,-0.005942116025835276,1852.0057373046875,4429857.5,-90420.6953125,-90420.6953125,-0.02040884457528591,0.0,-0.03490658476948738,0.0,0.5,0.5,-0.03490658476948738,0.0,0.0,652
-0.49994438886642456,-0.0027244442608207464,-0.04909922555088997,-0.005942116025835276,-0.04909922555088997,-0.005942116025835276,1852.2117919921875,4430328.0,-90430.296875,-90430.296875,-0.02040884457528591,0.0,-0.03490658476948738,0.0,0.5,0.5,-0.03490658476948738,0.0,0.0,653
-0.49994438886642456,-0.0027244442608207464,-0.04909922555088997,-0.005942116025835276,-0.04909922555088997,-0.005942116025835276,1852.4254150390625,4430816.5,-90440.2734375,-90440.2734375,-0.02040884457528591,0.0,-0.03490658476948738,0.0,0.5,0.5,-0.03490658476948738,0.0,0.0,654
-0.49994438886642456,-0.0027244442608207464,-0.04909922555088997,-0.005942116025835276,-0.04909922555088997,-0.005942116025835276,1852.646728515625,4431324.0,-90450.6328125,-90450.6328125,-0.02040884457528591,0.0,-0.03490658476948738,0.0,0.5,0.5,-0.03490658476948738,0.0,0.0,655
-0.49994438886642456,-0.0027244442608207464,-0.04910535737872124,-0.005667751654982567,-0.04910535737872124,-0.005667751654982567,1852.8759765625,4431850.5,-90461.375,-90461.375,-0.02040884457528591,0.0,-0.03490658476948738,0.0,0.5,0.5,-0.03490658476948738,0.0,0.0,656
-0.49994438886642456,-0.0027244442608207464,-0.04910535737872124,-0.005667751654982567,-0.04910535737872124,-0.005667751654982567,1853.11328125,4432396.0,-90472.5078125,-90472.5078125,-0.02040884457528591,0.0,-0.03490658476948738,0.0,0.5,0.5,-0.03490658476948738,0.0,0.0,657
-0.49994438886642456,-0.0027244442608207464,-0.054236285388469696,0.004371066577732563,-0.054236285388469696,0.004371066577732563,1853.35888671875,4432961.0,-90484.046875,-90484.046875,-0.02040884457528591,0.0,-0.03490658476948738,0.0,0.5,0.5,-0.03490658476948738,0.0,0.0,658
-0.49994438886642456,-0.0027244442608207464,-0.054236285388469696,0.004371066577732563,-0.054236285388469696,0.004371066577732563,1853.6126708984375,4433546.5,-90495.9921875,-90495.9921875,-0.02040884457528591,0.0,-0.03490658476948738,0.0,0.5,0.5,-0.03490658476948738,0.0,0.0,659
-0.49994438886642456,-0.0027244442608207464,-0.054568685591220856,0.004877645988017321,-0.054568685591220856,0.004877645988017321,1853.875,4434152.0,-90508.3515625,-90508.3515625,-0.02040884457528591,0.0,-0.03490658476948738,0.0,0.5,0.5,-0.03490658476948738,0.0,0.0,660
-0.49994438886642456,-0.0027244442608207464,-0.05487723648548126,0.005104553885757923,-0.05487723648548126,0.005104553885757923,1854.14599609375,4434778.5,-90521.140625,-90521.140625,-0.02040884457528591,0.0,-0.03490658476948738,0.0,0.5,0.5,-0.03490658476948738,0.0,0.0,661
-0.49994438886642456,-0.0027244442608207464,-0.05487723648548126,0.005104553885757923,-0.05487723648548126,0.005104553885757923,1854.4256591796875,4435425.5,-90534.3515625,-90534.3515625,-0.02040884457528591,0.0,-0.03490658476948738,0.0,0.5,0.5,-0.03490658476948738,0.0,0.0,662
-0.49994438886642456,-0.0027244442608207464,-0.05487723648548126,0.005104553885757923,-0.05487723648548126,0.005104553885757923,1854.71435546875,4436094.5,-90548.0,-90548.0,-0.02040884457528591,0.0,-0.03490658476948738,0.0,0.5,0.5,-0.03490658476948738,0.0,0.0,663
-0.49994438886642456,-0.0027244442608207464,-0.056173212826251984,0.010022987611591816,-0.056173212826251984,0.010022987611591816,1855.011962890625,4436785.0,-90562.1015625,-90562.1015625,-0.02040884457528591,0.0,-0.03490658476948738,0.0,0.5,0.5,-0.03490658476948738,0.0,0.0,664
-0.49994438886642456,-0.0027244442608207464,-0.057649001479148865,0.0138881029561162,-0.057649001479148865,0.0138881029561162,1855.31884765625,4437497.5,-90576.640625,-90576.640625,-0.02040884457528591,0.0,-0.03490658476948738,0.0,0.5,0.5,-0.03490658476948738,0.0,0.0,665
-0.49994438886642456,-0.0027244442608207464,-0.057649001479148865,0.0138881029561162,-0.057649001479148865,0.0138881029561162,1855.6351318359375,4438232.5,-90591.6484375,-90591.6484375,-0.02040884457528591,0.0,-0.03490658476948738,0.0,0.5,0.5,-0.03490658476948738,0.0,0.0,666
-0.49994438886642456,-0.0027244442608207464,-0.05820506438612938,0.01547489408403635,-0.05820506438612938,0.01547489408403635,1855.9609375,4438990.5,-90607.1171875,-90607.1171875,-0.02040884457528591,0.0,-0.03490658476948738,0.0,0.5,0.5,-0.03490658476948738,0.0,0.0,667
-0.49994438886642456,-0.0027244442608207464,-0.05820506438612938,0.01547489408403635,-0.05820506438612938,0.01547489408403635,1856.2962646484375,4439771.5,-90623.0546875,-90623.0546875,-0.02040884457528591,0.0,-0.03490658476948738,0.0,0.5,0.5,-0.03490658476948738,0.0,0.0,668
-0.49994438886642456,-0.0027244442608207464,-0.05820506438612938,0.01547489408403635,-0.05820506438612938,0.01547489408403635,1856.6414794921875,4440576.0,-90639.4765625,-90639.4765625,-0.02040884457528591,0.0,-0.03490658476948738,0.0,0.5,0.5,-0.03490658476948738,0.0,0.0,669
-0.49994438886642456,-0.0027244442608207464,-0.05820506438612938,0.01547489408403635,-0.05820506438612938,0.01547489408403635,1856.99658203125,4441404.5,-90656.3828125,-90656.3828125,-0.02040884457528591,0.0,-0.03490658476948738,0.0,0.5,0.5,-0.03490658476948738,0.0,0.0,670
-0.49994438886642456,-0.0027244442608207464,-0.05820506438612938,0.01547489408403635,-0.05820506438612938,0.01547489408403635,1857.3616943359375,4442257.0,-90673.7890625,-90673.7890625,-0.02040884457528591,0.0,-0.03490658476948738,0.0,0.5,0.5,-0.03490658476948738,0.0,0.0,671
-0.49994438886642456,-0.0027244442608207464,-0.05820506438612938,0.01547489408403635,-0.05820506438612938,0.01547489408403635,1857.7371826171875,4443134.0,-90691.6875,-90691.6875,-0.02040884457528591,0.0,-0.03490658476948738,0.0,0.5,0.5,-0.03490658476948738,0.0,0.0,672
-0.49994438886642456,-0.0027244442608207464,-0.058229681104421616,0.015360498800873756,-0.058229681104421616,0.015360498800873756,1858.1229248046875,4444036.0,-90710.09375,-90710.09375,-0.02040884457528591,0.0,-0.03490658476948738,0.0,0.5,0.5,-0.03490658476948738,0.0,0.0,673
-0.49994438886642456,-0.0027244442608207464,-0.058229681104421616,0.015360498800873756,-0.058229681104421616,0.015360498800873756,1858.5191650390625,4444963.0,-90729.0234375,-90729.0234375,-0.02040884457528591,0.0,-0.03490658476948738,0.0,0.5,0.5,-0.03490658476948738,0.0,0.0,674
-0.49994438886642456,-0.0027244442608207464,-0.058303430676460266,0.014688268303871155,-0.058303430676460266,0.014688268303871155,1858.9261474609375,4445915.5,-90748.46875,-90748.46875,-0.02040884457528591,0.0,-0.03490658476948738,0.0,0.5,0.5,-0.03490658476948738,0.0,0.0,675
-0.49994438886642456,-0.0027244442608207464,-0.058303430676460266,0.014688268303871155,-0.058303430676460266,0.014688268303871155,1859.3438720703125,4446894.5,-90768.4453125,-90768.4453125,-0.02040884457528591,0.0,-0.03490658476948738,0.0,0.5,0.5,-0.03490658476948738,0.0,0.0,676
-0.49994438886642456,-0.0027244442608207464,-0.05861950293183327,0.012856543064117432,-0.05861950293183327,0.012856543064117432,1859.7724609375,4447899.0,-90788.953125,-90788.953125,-0.02040884457528591,0.0,-0.03490658476948738,0.0,0.5,0.5,-0.03490658476948738,0.0,0.0,677
-0.49994438886642456,-0.0027244442608207464,-0.05861950293183327,0.012856543064117432,-0.05861950293183327,0.012856543064117432,1860.2122802734375,4448930.5,-90810.0078125,-90810.0078125,-0.02040884457528591,0.0,-0.03490658476948738,0.0,0.5,0.5,-0.03490658476948738,0.0,0.0,678
-0.49994438886642456,-0.0027244442608207464,-0.058645088225603104,0.009976871311664581,-0.058645088225603104,0.009976871311664581,1860.663330078125,4449989.0,-90831.6171875,-90831.6171875,-0.02040884457528591,0.0,-0.03490658476948738,0.0,0.5,0.5,-0.03490658476948738,0.0,0.0,679
-0.49994438886642456,-0.0027244442608207464,-0.058645088225603104,0.009976871311664581,-0.058645088225603104,0.009976871311664581,1861.1256103515625,4451075.0,-90853.7734375,-90853.7734375,-0.02040884457528591,0.0,-0.03490658476948738,0.0,0.5,0.5,-0.03490658476948738,0.0,0.0,680
-0.49994438886642456,-0.0027244442608207464,-0.05831252038478851,0.00977497361600399,-0.05831252038478851,0.00977497361600399,1861.599609375,4452188.5,-90876.5078125,-90876.5078125,-0.02040884457528591,0.0,-0.03490658476948738,0.0,0.5,0.5,-0.03490658476948738,0.0,0.0,681
-0.49994438886642456,-0.0027244442608207464,-0.05831252038478851,0.00977497361600399,-0.05831252038478851,0.00977497361600399,1862.0850830078125,4453330.0,-90899.8046875,-90899.8046875,-0.02040884457528591,0.0,-0.03490658476948738,0.0,0.5,0.5,-0.03490658476948738,0.0,0.0,682
-0.49994438886642456,-0.0027244442608207464,-0.05831252038478851,0.00977497361600399,-0.05831252038478851,0.00977497361600399,1862.58251953125,4454500.0,-90923.6796875,-90923.6796875,-0.02040884457528591,0.0,-0.03490658476948738,0.0,0.5,0.5,-0.03490658476948738,0.0,0.0,683
-0.49994438886642456,-0.0027244442608207464,-0.05831252038478851,0.00977497361600399,-0.05831252038478851,0.00977497361600399,1863.0919189453125,4455698.5,-90948.1484375,-90948.1484375,-0.02040884457528591,0.0,-0.03490658476948738,0.0,0.5,0.5,-0.03490658476948738,0.0,0.0,684
-0.49994438886642456,-0.0027244442608207464,-0.05831252038478851,0.00977497361600399,-0.05831252038478851,0.00977497361600399,1863.61328125,4456926.0,-90973.203125,-90973.203125,-0.02040884457528591,0.0,-0.03490658476948738,0.0,0.5,0.5,-0.03490658476948738,0.0,0.0,685
-0.49994438886642456,-0.0027244442608207464,-0.05831252038478851,0.00977497361600399,-0.05831252038478851,0.00977497361600399,1864.1470947265625,4458183.0,-90998.859375,-90998.859375,-0.02040884457528591,0.0,-0.03490658476948738,0.0,0.5,0.5,-0.03490658476948738,0.0,0.0,686
-0.49994438886642456,-0.0027244442608207464,-0.058101728558540344,0.009355631656944752,-0.058101728558540344,0.009355631656944752,1864.693115234375,4459469.5,-91025.125,-91025.125,-0.02040884457528591,0.0,-0.03490658476948738,0.0,0.5,0.5,-0.03490658476948738,0.0,0.0,687
-0.49994438886642456,-0.0027244442608207464,-0.058101728558540344,0.009355631656944752,-0.058101728558540344,0.009355631656944752,1865.2518310546875,4460786.5,-91052.0,-91052.0,-0.02040884457528591,0.0,-0.03490658476948738,0.0,0.5,0.5,-0.03490658476948738,0.0,0.0,688
-0.49994438886642456,-0.0027244442608207464,-0.05787932872772217,0.009071770124137402,-0.05787932872772217,0.009071770124137402,1865.8231201171875,4462134.0,-91079.5,-91079.5,-0.02040884457528591,0.0,-0.03490658476948738,0.0,0.5,0.5,-0.03490658476948738,0.0,0.0,689
-0.49994438886642456,-0.0027244442608207464,-0.05787932872772217,0.009071770124137402,-0.05787932872772217,0.009071770124137402,1866.4072265625,4463512.0,-91107.6328125,-91107.6328125,-0.02040884457528591,0.0,-0.03490658476948738,0.0,0.5,0.5,-0.03490658476948738,0.0,0.0,690
-0.49994438886642456,-0.0027244442608207464,-0.0577726811170578,0.009804236702620983,-0.0577726811170578,0.009804236702620983,1867.00439453125,4464921.0,-91136.3984375,-91136.3984375,-0.02040884457528591,0.0,-0.03490658476948738,0.0,0.5,0.5,-0.03490658476948738,0.0,0.0,691
-0.49994438886642456,-0.0027244442608207464,-0.0577726811170578,0.009804236702620983,-0.0577726811170578,0.009804236702620983,1867.6146240234375,4466362.0,-91165.8046875,-91165.8046875,-0.02040884457528591,0.0,-0.03490658476948738,0.0,0.5,0.5,-0.03490658476948738,0.0,0.0,692
-0.49994438886642456,-0.0027244442608207464,-0.0577726811170578,0.009804236702620983,-0.0577726811170578,0.009804236702620983,1868.2381591796875,4467834.5,-91195.859375,-91195.859375,-0.02040884457528591,0.0,-0.03490658476948738,0.0,0.5,0.5,-0.03490658476948738,0.0,0.0,693
-0.49994438886642456,-0.0027244442608207464,-0.0577726811170578,0.009804236702620983,-0.0577726811170578,0.009804236702620983,1868.8751220703125,4469339.0,-91226.578125,-91226.578125,-0.02040884457528591,0.0,-0.03490658476948738,0.0,0.5,0.5,-0.03490658476948738,0.0,0.0,694
-0.49994438886642456,-0.0027244442608207464,-0.0577726811170578,0.009804236702620983,-0.0577726811170578,0.009804236702620983,1869.525634765625,4470876.5,-91257.953125,-91257.953125,-0.02040884457528591,0.0,-0.03490658476948738,0.0,0.5,0.5,-0.03490658476948738,0.0,0.0,695
-0.49994438886642456,-0.0027244442608207464,-0.0577726811170578,0.009804236702620983,-0.0577726811170578,0.009804236702620983,1870.189697265625,4472446.5,-91290.0,-91290.0,-0.02040884457528591,0.0,-0.03490658476948738,0.0,0.5,0.5,-0.03490658476948738,0.0,0.0,696
-0.49994438886642456,-0.0027244442608207464,-0.05717688426375389,0.010915000922977924,-0.05717688426375389,0.010915000922977924,1870.8677978515625,4474050.0,-91322.734375,-91322.734375,-0.02040884457528591,0.0,-0.03490658476948738,0.0,0.5,0.5,-0.03490658476948738,0.0,0.0,697
-0.49994438886642456,-0.0027244442608207464,-0.05717688426375389,0.010915000922977924,-0.05717688426375389,0.010915000922977924,1871.559814453125,4475687.0,-91356.140625,-91356.140625,-0.02040884457528591,0.0,-0.03490658476948738,0.0,0.5,0.5,-0.03490658476948738,0.0,0.0,698
-0.49994438886642456,-0.0027244442608207464,-0.05690046027302742,0.01185897458344698,-0.05690046027302742,0.01185897458344698,1872.2659912109375,4477358.0,-91390.25,-91390.25,-0.02040884457528591,0.0,-0.03490658476948738,0.0,0.5,0.5,-0.03490658476948738,0.0,0.0,699
-0.49994438886642456,-0.0027244442608207464,-0.05690046027302742,0.01185897458344698,-0.05690046027302742,0.01185897458344698,1872.986328125,4479063.0,-91425.0546875,-91425.0546875,-0.02040884457528591,0.0,-0.03490658476948738,0.0,0.5,0.5,-0.03490658476948738,0.0,0.0,700
-0.49994438886642456,-0.0027244442608207464,-0.05690046027302742,0.01185897458344698,-0.05690046027302742,0.01185897458344698,1873.72119140625,4480803.0,-91460.5625,-91460.5625,-0.02040884457528591,0.0,-0.03490658476948738,0.0,0.5,0.5,-0.03490658476948738,0.0,0.0,701
-0.49994438886642456,-0.0027244442608207464,-0.05690046027302742,0.01185897458344698,-0.05690046027302742,0.01185897458344698,1874.470703125,4482577.5,-91496.7890625,-91496.7890625,-0.02040884457528591,0.0,-0.03490658476948738,0.0,0.5,0.5,-0.03490658476948738,0.0,0.0,702
-0.49994438886642456,-0.0027244442608207464,-0.05690046027302742,0.01185897458344698,-0.05690046027302742,0.01185897458344698,1875.2347412109375,4484387.5,-91533.734375,-91533.734375,-0.02040884457528591,0.0,-0.03490658476948738,0.0,0.5,0.5,-0.03490658476948738,0.0,0.0,703
-0.49994438886642456,-0.0027244442608207464,-0.05687982216477394,0.011596017517149448,-0.05687982216477394,0.011596017517149448,1876.0137939453125,4486233.5,-91571.4140625,-91571.4140625,-0.02040884457528591,0.0,-0.03490658476948738,0.0,0.5,0.5,-0.03490658476948738,0.0,0.0,704
-0.49994438886642456,-0.0027244442608207464,-0.05687982216477394,0.011596017517149448,-0.05687982216477394,0.011596017517149448,1876.8077392578125,4488115.0,-91609.8203125,-91609.8203125,-0.02040884457528591,0.0,-0.03490658476948738,0.0,0.5,0.5,-0.03490658476948738,0.0,0.0,705
-0.49994438886642456,-0.0027244442608207464,-0.05687982216477394,0.011596017517149448,-0.05687982216477394,0.011596017517149448,1877.616943359375,4490033.0,-91648.9765625,-91648.9765625,-0.02040884457528591,0.0,-0.03490658476948738,0.0,0.5,0.5,-0.03490658476948738,0.0,0.0,706
-0.49994438886642456,-0.0027244442608207464,-0.05727960169315338,0.010074866935610771,-0.05727960169315338,0.010074866935610771,1878.44140625,4491988.0,-91688.875,-91688.875,-0.02040884457528591,0.0,-0.03490658476948738,0.0,0.5,0.5,-0.03490658476948738,0.0,0.0,707
-0.49994438886642456,-0.0027244442608207464,-0.05727960169315338,0.010074866935610771,-0.05727960169315338,0.010074866935610771,1879.28125,4493980.0,-91729.53125,-91729.53125,-0.02040884457528591,0.0,-0.03490658476948738,0.0,0.5,0.5,-0.03490658476948738,0.0,0.0,708
-0.49994438886642456,-0.0027244442608207464,-0.05735679715871811,0.009929589927196503,-0.05735679715871811,0.009929589927196503,1880.13671875,4496009.0,-91770.953125,-91770.953125,-0.02040884457528591,0.0,-0.03490658476948738,0.0,0.5,0.5,-0.03490658476948738,0.0,0.0,709
-0.49994438886642456,-0.0027244442608207464,-0.05735679715871811,0.009929589927196503,-0.05735679715871811,0.009929589927196503,1881.0079345703125,4498076.0,-91813.140625,-91813.140625,-0.02040884457528591,0.0,-0.03490658476948738,0.0,0.5,0.5,-0.03490658476948738,0.0,0.0,710
-0.49994438886642456,-0.0027244442608207464,-0.05735679715871811,0.009929589927196503,-0.05735679715871811,0.009929589927196503,1881.89501953125,4500181.5,-91856.1171875,-91856.1171875,-0.02040884457528591,0.0,-0.03490658476948738,0.0,0.5,0.5,-0.03490658476948738,0.0,0.0,711
-0.49994438886642456,-0.0027244442608207464,-0.05735679715871811,0.009929589927196503,-0.05735679715871811,0.009929589927196503,1882.798095703125,4502325.0,-91899.8671875,-91899.8671875,-0.02040884457528591,0.0,-0.03490658476948738,0.0,0.5,0.5,-0.03490658476948738,0.0,0.0,712
-0.49994438886642456,-0.0027244442608207464,-0.05735679715871811,0.009929589927196503,-0.05735679715871811,0.009929589927196503,1883.7174072265625,4504507.5,-91944.4140625,-91944.4140625,-0.02040884457528591,0.0,-0.03490658476948738,0.0,0.5,0.5,-0.03490658476948738,0.0,0.0,713
-0.49994438886642456,-0.0027244442608207464,-0.05735679715871811,0.009929589927196503,-0.05735679715871811,0.009929589927196503,1884.6529541015625,4506729.0,-91989.7578125,-91989.7578125,-0.02040884457528591,0.0,-0.03490658476948738,0.0,0.5,0.5,-0.03490658476948738,0.0,0.0,714
-0.49994438886642456,-0.0027244442608207464,-0.05735679715871811,0.009929589927196503,-0.05735679715871811,0.009929589927196503,1885.60498046875,4508990.0,-92035.90625,-92035.90625,-0.02040884457528591,0.0,-0.03490658476948738,0.0,0.5,0.5,-0.03490658476948738,0.0,0.0,715
-0.49994438886642456,-0.0027244442608207464,-0.05735679715871811,0.009929589927196503,-0.05735679715871811,0.009929589927196503,1886.5736083984375,4511290.5,-92082.875,-92082.875,-0.02040884457528591,0.0,-0.03490658476948738,0.0,0.5,0.5,-0.03490658476948738,0.0,0.0,716
-0.49994438886642456,-0.0027244442608207464,-0.05735679715871811,0.009929589927196503,-0.05735679715871811,0.009929589927196503,1887.5589599609375,4513632.0,-92130.65625,-92130.65625,-0.02040884457528591,0.0,-0.03490658476948738,0.0,0.5,0.5,-0.03490658476948738,0.0,0.0,717
-0.49994438886642456,-0.0027244442608207464,-0.05735679715871811,0.009929589927196503,-0.05735679715871811,0.009929589927196503,1888.5611572265625,4516013.5,-92179.2734375,-92179.2734375,-0.02040884457528591,0.0,-0.03490658476948738,0.0,0.5,0.5,-0.03490658476948738,0.0,0.0,718
-0.49994438886642456,-0.0027244442608207464,-0.05735679715871811,0.009929589927196503,-0.05735679715871811,0.009929589927196503,1889.5804443359375,4518436.0,-92228.71875,-92228.71875,-0.02040884457528591,0.0,-0.03490658476948738,0.0,0.5,0.5,-0.03490658476948738,0.0,0.0,719
-0.49994438886642456,-0.0027244442608207464,-0.05735679715871811,0.009929589927196503,-0.05735679715871811,0.009929589927196503,1890.616943359375,4520899.5,-92279.0078125,-92279.0078125,-0.02040884457528591,0.0,-0.03490658476948738,0.0,0.5,0.5,-0.03490658476948738,0.0,0.0,720
-0.49994438886642456,-0.0027244442608207464,-0.05735679715871811,0.009929589927196503,-0.05735679715871811,0.009929589927196503,1891.6707763671875,4523405.0,-92330.140625,-92330.140625,-0.02040884457528591,0.0,-0.03490658476948738,0.0,0.5,0.5,-0.03490658476948738,0.0,0.0,721
-0.49994438886642456,-0.0027244442608207464,-0.05735679715871811,0.009929589927196503,-0.05735679715871811,0.009929589927196503,1892.741943359375,4525952.0,-92382.1328125,-92382.1328125,-0.02040884457528591,0.0,-0.03490658476948738,0.0,0.5,0.5,-0.03490658476948738,0.0,0.0,722
-0.49994438886642456,-0.0027244442608207464,-0.05735679715871811,0.009929589927196503,-0.05735679715871811,0.009929589927196503,1893.830810546875,4528541.5,-92434.9921875,-92434.9921875,-0.02040884457528591,0.0,-0.03490658476948738,0.0,0.5,0.5,-0.03490658476948738,0.0,0.0,723
-0.49994438886642456,-0.0027244442608207464,-0.05741628631949425,0.009822656400501728,-0.05741628631949425,0.009822656400501728,1894.9375,4531173.5,-92488.71875,-92488.71875,-0.02040884457528591,0.0,-0.03490658476948738,0.0,0.5,0.5,-0.03490658476948738,0.0,0.0,724
-0.49994438886642456,-0.0027244442608207464,-0.05741628631949425,0.009822656400501728,-0.05741628631949425,0.009822656400501728,1896.06201171875,4533849.0,-92543.3203125,-92543.3203125,-0.02040884457528591,0.0,-0.03490658476948738,0.0,0.5,0.5,-0.03490658476948738,0.0,0.0,725
-0.49994438886642456,-0.0027244442608207464,-0.05741628631949425,0.009822656400501728,-0.05741628631949425,0.009822656400501728,1897.20458984375,4536567.0,-92598.8046875,-92598.8046875,-0.02040884457528591,0.0,-0.03490658476948738,0.0,0.5,0.5,-0.03490658476948738,0.0,0.0,726
-0.49994438886642456,-0.0027244442608207464,-0.05741628631949425,0.009822656400501728,-0.05741628631949425,0.009822656400501728,1898.3653564453125,4539329.0,-92655.1875,-92655.1875,-0.02040884457528591,0.0,-0.03490658476948738,0.0,0.5,0.5,-0.03490658476948738,0.0,0.0,727
-0.49994438886642456,-0.0027244442608207464,-0.05741628631949425,0.009822656400501728,-0.05741628631949425,0.009822656400501728,1899.5445556640625,4542135.5,-92712.4609375,-92712.4609375,-0.02040884457528591,0.0,-0.03490658476948738,0.0,0.5,0.5,-0.03490658476948738,0.0,0.0,728
-0.49994438886642456,-0.0027244442608207464,-0.05741628631949425,0.009822656400501728,-0.05741628631949425,0.009822656400501728,1900.7420654296875,4544986.0,-92770.640625,-92770.640625,-0.02040884457528591,0.0,-0.03490658476948738,0.0,0.5,0.5,-0.03490658476948738,0.0,0.0,729
-0.49994438886642456,-0.0027244442608207464,-0.05741628631949425,0.009822656400501728,-0.05741628631949425,0.009822656400501728,1901.9583740234375,4547881.0,-92829.7421875,-92829.7421875,-0.02040884457528591,0.0,-0.03490658476948738,0.0,0.5,0.5,-0.03490658476948738,0.0,0.0,730
-0.49994438886642456,-0.0027244442608207464,-0.05741628631949425,0.009822656400501728,-0.05741628631949425,0.009822656400501728,1903.193359375,4550821.0,-92889.75,-92889.75,-0.02040884457528591,0.0,-0.03490658476948738,0.0,0.5,0.5,-0.03490658476948738,0.0,0.0,731
-0.49994438886642456,-0.0027244442608207464,-0.05741628631949425,0.009822656400501728,-0.05741628631949425,0.009822656400501728,1904.447265625,4553807.0,-92950.6953125,-92950.6953125,-0.02040884457528591,0.0,-0.03490658476948738,0.0,0.5,0.5,-0.03490658476948738,0.0,0.0,732
-0.49994438886642456,-0.0027244442608207464,-0.05741628631949425,0.009822656400501728,-0.05741628631949425,0.009822656400501728,1905.72021484375,4556838.0,-93012.5703125,-93012.5703125,-0.02040884457528591,0.0,-0.03490658476948738,0.0,0.5,0.5,-0.03490658476948738,0.0,0.0,733
-0.49994438886642456,-0.0027244442608207464,-0.05741628631949425,0.009822656400501728,-0.05741628631949425,0.009822656400501728,1907.012451171875,4559915.5,-93075.390625,-93075.390625,-0.02040884457528591,0.0,-0.03490658476948738,0.0,0.5,0.5,-0.03490658476948738,0.0,0.0,734
-0.49994438886642456,-0.0027244442608207464,-0.05741628631949425,0.009822656400501728,-0.05741628631949425,0.009822656400501728,1908.323974609375,4563039.5,-93139.1484375,-93139.1484375,-0.02040884457528591,0.0,-0.03490658476948738,0.0,0.5,0.5,-0.03490658476948738,0.0,0.0,735
-0.49994438886642456,-0.0027244442608207464,-0.05734575167298317,0.009852873161435127,-0.05734575167298317,0.009852873161435127,1909.655029296875,4566210.5,-93203.875,-93203.875,-0.02040884457528591,0.0,-0.03490658476948738,0.0,0.5,0.5,-0.03490658476948738,0.0,0.0,736
-0.49994438886642456,-0.0027244442608207464,-0.05734575167298317,0.009852873161435127,-0.05734575167298317,0.009852873161435127,1911.0057373046875,4569428.5,-93269.5546875,-93269.5546875,-0.02040884457528591,0.0,-0.03490658476948738,0.0,0.5,0.5,-0.03490658476948738,0.0,0.0,737
-0.49994438886642456,-0.0027244442608207464,-0.05734575167298317,0.009852873161435127,-0.05734575167298317,0.009852873161435127,1912.376220703125,4572693.5,-93336.203125,-93336.203125,-0.02040884457528591,0.0,-0.03490658476948738,0.0,0.5,0.5,-0.03490658476948738,0.0,0.0,738
-0.49994438886642456,-0.0027244442608207464,-0.05734575167298317,0.009852873161435127,-0.05734575167298317,0.009852873161435127,1913.7666015625,4576007.0,-93403.8359375,-93403.8359375,-0.02040884457528591,0.0,-0.03490658476948738,0.0,0.5,0.5,-0.03490658476948738,0.0,0.0,739
-0.49994438886642456,-0.0027244442608207464,-0.05734575167298317,0.009852873161435127,-0.05734575167298317,0.009852873161435127,1915.1771240234375,4579368.5,-93472.4453125,-93472.4453125,-0.02040884457528591,0.0,-0.03490658476948738,0.0,0.5,0.5,-0.03490658476948738,0.0,0.0,740
-0.49994438886642456,-0.0027244442608207464,-0.056393805891275406,0.009496945887804031,-0.056393805891275406,0.009496945887804031,1916.6077880859375,4582778.5,-93542.046875,-93542.046875,-0.02040884457528591,0.0,-0.03490658476948738,0.0,0.5,0.5,-0.03490658476948738,0.0,0.0,741
-0.49994438886642456,-0.0027244442608207464,-0.056187283247709274,0.009476828388869762,-0.056187283247709274,0.009476828388869762,1918.0589599609375,4586237.0,-93612.6484375,-93612.6484375,-0.02040884457528591,0.0,-0.03490658476948738,0.0,0.5,0.5,-0.03490658476948738,0.0,0.0,742
-0.49994438886642456,-0.0027244442608207464,-0.056187283247709274,0.009476828388869762,-0.056187283247709274,0.009476828388869762,1919.530517578125,4589745.5,-93684.2578125,-93684.2578125,-0.02040884457528591,0.0,-0.03490658476948738,0.0,0.5,0.5,-0.03490658476948738,0.0,0.0,743
-0.49994438886642456,-0.0027244442608207464,-0.056187283247709274,0.009476828388869762,-0.056187283247709274,0.009476828388869762,1921.022705078125,4593303.0,-93756.875,-93756.875,-0.02040884457528591,0.0,-0.03490658476948738,0.0,0.5,0.5,-0.03490658476948738,0.0,0.0,744
-0.49994438886642456,-0.0027244442608207464,-0.056187283247709274,0.009476828388869762,-0.056187283247709274,0.009476828388869762,1922.5357666015625,4596910.5,-93830.515625,-93830.515625,-0.02040884457528591,0.0,-0.03490658476948738,0.0,0.5,0.5,-0.03490658476948738,0.0,0.0,745
-0.49994438886642456,-0.0027244442608207464,-0.056187283247709274,0.009476828388869762,-0.056187283247709274,0.009476828388869762,1924.06982421875,4600568.5,-93905.1796875,-93905.1796875,-0.02040884457528591,0.0,-0.03490658476948738,0.0,0.5,0.5,-0.03490658476948738,0.0,0.0,746
-0.49994438886642456,-0.0027244442608207464,-0.056187283247709274,0.009476828388869762,-0.056187283247709274,0.009476828388869762,1925.6248779296875,4604277.0,-93980.875,-93980.875,-0.02040884457528591,0.0,-0.03490658476948738,0.0,0.5,0.5,-0.03490658476948738,0.0,0.0,747
-0.49994438886642456,-0.0027244442608207464,-0.056187283247709274,0.009476828388869762,-0.056187283247709274,0.009476828388869762,1927.2012939453125,4608036.5,-94057.609375,-94057.609375,-0.02040884457528591,0.0,-0.03490658476948738,0.0,0.5,0.5,-0.03490658476948738,0.0,0.0,748
-0.49994438886642456,-0.0027244442608207464,-0.056187283247709274,0.009476828388869762,-0.056187283247709274,0.009476828388869762,1928.7989501953125,4611847.5,-94135.3984375,-94135.3984375,-0.02040884457528591,0.0,-0.03490658476948738,0.0,0.5,0.5,-0.03490658476948738,0.0,0.0,749
-0.49994438886642456,-0.0027244442608207464,-0.056187283247709274,0.009476828388869762,-0.056187283247709274,0.009476828388869762,1930.418212890625,4615710.0,-94214.234375,-94214.234375,-0.02040884457528591,0.0,-0.03490658476948738,0.0,0.5,0.5,-0.03490658476948738,0.0,0.0,750
-0.49994438886642456,-0.0027244442608207464,-0.056187283247709274,0.009476828388869762,-0.056187283247709274,0.009476828388869762,1932.0592041015625,4619624.5,-94294.1328125,-94294.1328125,-0.02040884457528591,0.0,-0.03490658476948738,0.0,0.5,0.5,-0.03490658476948738,0.0,0.0,751
-0.49994438886642456,-0.0027244442608207464,-0.056187283247709274,0.009476828388869762,-0.056187283247709274,0.009476828388869762,1933.721923828125,4623591.0,-94375.109375,-94375.109375,-0.02040884457528591,0.0,-0.03490658476948738,0.0,0.5,0.5,-0.03490658476948738,0.0,0.0,752
-0.49994438886642456,-0.0027244442608207464,-0.056187283247709274,0.009476828388869762,-0.056187283247709274,0.009476828388869762,1935.4066162109375,4627610.5,-94457.15625,-94457.15625,-0.02040884457528591,0.0,-0.03490658476948738,0.0,0.5,0.5,-0.03490658476948738,0.0,0.0,753
-0.49994438886642456,-0.0027244442608207464,-0.056187283247709274,0.009476828388869762,-0.056187283247709274,0.009476828388869762,1937.1134033203125,4631683.5,-94540.28125,-94540.28125,-0.02040884457528591,0.0,-0.03490658476948738,0.0,0.5,0.5,-0.03490658476948738,0.0,0.0,754
-0.49994438886642456,-0.0027244442608207464,-0.056187283247709274,0.009476828388869762,-0.056187283247709274,0.009476828388869762,1938.8424072265625,4635809.5,-94624.5,-94624.5,-0.02040884457528591,0.0,-0.03490658476948738,0.0,0.5,0.5,-0.03490658476948738,0.0,0.0,755
-0.49994438886642456,-0.0027244442608207464,-0.05625620484352112,0.00947362370789051,-0.05625620484352112,0.00947362370789051,1940.5938720703125,4639989.5,-94709.8203125,-94709.8203125,-0.02040884457528591,0.0,-0.03490658476948738,0.0,0.5,0.5,-0.03490658476948738,0.0,0.0,756
-0.49994438886642456,-0.0027244442608207464,-0.05625620484352112,0.00947362370789051,-0.05625620484352112,0.00947362370789051,1942.367919921875,4644223.0,-94796.2421875,-94796.2421875,-0.02040884457528591,0.0,-0.03490658476948738,0.0,0.5,0.5,-0.03490658476948738,0.0,0.0,757
-0.49994438886642456,-0.0027244442608207464,-0.05625620484352112,0.00947362370789051,-0.05625620484352112,0.00947362370789051,1944.1646728515625,4648511.5,-94883.7734375,-94883.7734375,-0.02040884457528591,0.0,-0.03490658476948738,0.0,0.5,0.5,-0.03490658476948738,0.0,0.0,758
-0.49994438886642456,-0.0027244442608207464,-0.05625620484352112,0.00947362370789051,-0.05625620484352112,0.00947362370789051,1945.984130859375,4652855.0,-94972.421875,-94972.421875,-0.02040884457528591,0.0,-0.03490658476948738,0.0,0.5,0.5,-0.03490658476948738,0.0,0.0,759
-0.49994438886642456,-0.0027244442608207464,-0.05625620484352112,0.00947362370789051,-0.05625620484352112,0.00947362370789051,1947.82666015625,4657253.0,-95062.203125,-95062.203125,-0.02040884457528591,0.0,-0.03490658476948738,0.0,0.5,0.5,-0.03490658476948738,0.0,0.0,760
-0.49994438886642456,-0.0027244442608207464,-0.05625620484352112,0.00947362370789051,-0.05625620484352112,0.00947362370789051,1949.6922607421875,4661707.0,-95153.109375,-95153.109375,-0.02040884457528591,0.0,-0.03490658476948738,0.0,0.5,0.5,-0.03490658476948738,0.0,0.0,761
-0.49994438886642456,-0.0027244442608207464,-0.05625620484352112,0.00947362370789051,-0.05625620484352112,0.00947362370789051,1951.5811767578125,4666216.5,-95245.1640625,-95245.1640625,-0.02040884457528591,0.0,-0.03490658476948738,0.0,0.5,0.5,-0.03490658476948738,0.0,0.0,762
-0.49994438886642456,-0.0027244442608207464,-0.05625620484352112,0.00947362370789051,-0.05625620484352112,0.00947362370789051,1953.4935302734375,4670782.5,-95338.359375,-95338.359375,-0.02040884457528591,0.0,-0.03490658476948738,0.0,0.5,0.5,-0.03490658476948738,0.0,0.0,763
-0.49994438886642456,-0.0027244442608207464,-0.05625620484352112,0.00947362370789051,-0.05625620484352112,0.00947362370789051,1955.4293212890625,4675405.0,-95432.7109375,-95432.7109375,-0.02040884457528591,0.0,-0.03490658476948738,0.0,0.5,0.5,-0.03490658476948738,0.0,0.0,764
-0.49994438886642456,-0.0027244442608207464,-0.05625620484352112,0.00947362370789051,-0.05625620484352112,0.00947362370789051,1957.388916015625,4680084.0,-95528.21875,-95528.21875,-0.02040884457528591,0.0,-0.03490658476948738,0.0,0.5,0.5,-0.03490658476948738,0.0,0.0,765
-0.49994438886642456,-0.0027244442608207464,-0.05625620484352112,0.00947362370789051,-0.05625620484352112,0.00947362370789051,1959.372314453125,4684821.0,-95624.90625,-95624.90625,-0.02040884457528591,0.0,-0.03490658476948738,0.0,0.5,0.5,-0.03490658476948738,0.0,0.0,766
-0.49994438886642456,-0.0027244442608207464,-0.05625620484352112,0.00947362370789051,-0.05625620484352112,0.00947362370789051,1961.3797607421875,4689615.0,-95722.7578125,-95722.7578125,-0.02040884457528591,0.0,-0.03490658476948738,0.0,0.5,0.5,-0.03490658476948738,0.0,0.0,767
-0.49994438886642456,-0.0027244442608207464,-0.05625620484352112,0.00947362370789051,-0.05625620484352112,0.00947362370789051,1963.4112548828125,4694467.0,-95821.796875,-95821.796875,-0.02040884457528591,0.0,-0.03490658476948738,0.0,0.5,0.5,-0.03490658476948738,0.0,0.0,768
-0.49994438886642456,-0.0027244442608207464,-0.05625620484352112,0.00947362370789051,-0.05625620484352112,0.00947362370789051,1965.4671630859375,4699377.5,-95922.0234375,-95922.0234375,-0.02040884457528591,0.0,-0.03490658476948738,0.0,0.5,0.5,-0.03490658476948738,0.0,0.0,769
-0.49994438886642456,-0.0027244442608207464,-0.05625620484352112,0.00947362370789051,-0.05625620484352112,0.00947362370789051,1967.54736328125,4704346.5,-96023.453125,-96023.453125,-0.02040884457528591,0.0,-0.03490658476948738,0.0,0.5,0.5,-0.03490658476948738,0.0,0.0,770
-0.49994438886642456,-0.0027244442608207464,-0.05625620484352112,0.00947362370789051,-0.05625620484352112,0.00947362370789051,1969.6522216796875,4709374.5,-96126.078125,-96126.078125,-0.02040884457528591,0.0,-0.03490658476948738,0.0,0.5,0.5,-0.03490658476948738,0.0,0.0,771
-0.49994438886642456,-0.0027244442608207464,-0.05625620484352112,0.00947362370789051,-0.05625620484352112,0.00947362370789051,1971.78173828125,4714461.5,-96229.921875,-96229.921875,-0.02040884457528591,0.0,-0.03490658476948738,0.0,0.5,0.5,-0.03490658476948738,0.0,0.0,772
-0.49994438886642456,-0.0027244442608207464,-0.05625620484352112,0.00947362370789051,-0.05625620484352112,0.00947362370789051,1973.9361572265625,4719608.5,-96334.9765625,-96334.9765625,-0.02040884457528591,0.0,-0.03490658476948738,0.0,0.5,0.5,-0.03490658476948738,0.0,0.0,773
-0.49994438886642456,-0.0027244442608207464,-0.05619078502058983,0.009476899169385433,-0.05619078502058983,0.009476899169385433,1976.1156005859375,4724815.5,-96441.2578125,-96441.2578125,-0.02040884457528591,0.0,-0.03490658476948738,0.0,0.5,0.5,-0.03490658476948738,0.0,0.0,774
-0.49994438886642456,-0.0027244442608207464,-0.05619078502058983,0.009476899169385433,-0.05619078502058983,0.009476899169385433,1978.3201904296875,4730083.0,-96548.7734375,-96548.7734375,-0.02040884457528591,0.0,-0.03490658476948738,0.0,0.5,0.5,-0.03490658476948738,0.0,0.0,775
-0.49994438886642456,-0.0027244442608207464,-0.05619078502058983,0.009476899169385433,-0.05619078502058983,0.009476899169385433,1980.550048828125,4735411.0,-96657.53125,-96657.53125,-0.02040884457528591,0.0,-0.03490658476948738,0.0,0.5,0.5,-0.03490658476948738,0.0,0.0,776
-0.49994438886642456,-0.0027244442608207464,-0.05619078502058983,0.009476899169385433,-0.05619078502058983,0.009476899169385433,1982.8052978515625,4740800.0,-96767.53125,-96767.53125,-0.02040884457528591,0.0,-0.03490658476948738,0.0,0.5,0.5,-0.03490658476948738,0.0,0.0,777
-0.49994438886642456,-0.0027244442608207464,-0.05619078502058983,0.009476899169385433,-0.05619078502058983,0.009476899169385433,1985.086181640625,4746250.5,-96878.7890625,-96878.7890625,-0.02040884457528591,0.0,-0.03490658476948738,0.0,0.5,0.5,-0.03490658476948738,0.0,0.0,778
-0.49994438886642456,-0.0027244442608207464,-0.05619078502058983,0.009476899169385433,-0.05619078502058983,0.009476899169385433,1987.392822265625,4751763.0,-96991.3046875,-96991.3046875,-0.02040884457528591,0.0,-0.03490658476948738,0.0,0.5,0.5,-0.03490658476948738,0.0,0.0,779
-0.49994438886642456,-0.0027244442608207464,-0.05619078502058983,0.009476899169385433,-0.05619078502058983,0.009476899169385433,1989.725341796875,4757337.5,-97105.0859375,-97105.0859375,-0.02040884457528591,0.0,-0.03490658476948738,0.0,0.5,0.5,-0.03490658476948738,0.0,0.0,780
-0.49994438886642456,-0.0027244442608207464,-0.05619078502058983,0.009476899169385433,-0.05619078502058983,0.009476899169385433,1992.0838623046875,4762974.0,-97220.140625,-97220.140625,-0.02040884457528591,0.0,-0.03490658476948738,0.0,0.5,0.5,-0.03490658476948738,0.0,0.0,781
-0.49994438886642456,-0.0027244442608207464,-0.05619078502058983,0.009476899169385433,-0.05619078502058983,0.009476899169385433,1994.468505859375,4768674.0,-97336.484375,-97336.484375,-0.02040884457528591,0.0,-0.03490658476948738,0.0,0.5,0.5,-0.03490658476948738,0.0,0.0,782
-0.49994438886642456,-0.0027244442608207464,-0.05619078502058983,0.009476899169385433,-0.05619078502058983,0.009476899169385433,1996.8795166015625,4774436.5,-97454.109375,-97454.109375,-0.02040884457528591,0.0,-0.03490658476948738,0.0,0.5,0.5,-0.03490658476948738,0.0,0.0,783
-0.49994438886642456,-0.0027244442608207464,-0.05619078502058983,0.009476899169385433,-0.05619078502058983,0.009476899169385433,1999.3170166015625,4780263.0,-97573.0390625,-97573.0390625,-0.02040884457528591,0.0,-0.03490658476948738,0.0,0.5,0.5,-0.03490658476948738,0.0,0.0,784
-0.49994438886642456,-0.0027244442608207464,-0.05619078502058983,0.009476899169385433,-0.05619078502058983,0.009476899169385433,2001.7811279296875,4786153.5,-97693.265625,-97693.265625,-0.02040884457528591,0.0,-0.03490658476948738,0.0,0.5,0.5,-0.03490658476948738,0.0,0.0,785
-0.49994438886642456,-0.0027244442608207464,-0.05619078502058983,0.009476899169385433,-0.05619078502058983,0.009476899169385433,2004.2718505859375,4792107.5,-97814.8046875,-97814.8046875,-0.02040884457528591,0.0,-0.03490658476948738,0.0,0.5,0.5,-0.03490658476948738,0.0,0.0,786
-0.49994438886642456,-0.0027244442608207464,-0.05619078502058983,0.009476899169385433,-0.05619078502058983,0.009476899169385433,2006.78955078125,4798126.5,-97937.6640625,-97937.6640625,-0.02040884457528591,0.0,-0.03490658476948738,0.0,0.5,0.5,-0.03490658476948738,0.0,0.0,787
-0.49994438886642456,-0.0027244442608207464,-0.05619078502058983,0.009476899169385433,-0.05619078502058983,0.009476899169385433,2009.3343505859375,4804210.5,-98061.84375,-98061.84375,-0.02040884457528591,0.0,-0.03490658476948738,0.0,0.5,0.5,-0.03490658476948738,0.0,0.0,788
-0.49994438886642456,-0.0027244442608207464,-0.05619078502058983,0.009476899169385433,-0.05619078502058983,0.009476899169385433,2011.90625,4810359.5,-98187.3515625,-98187.3515625,-0.02040884457528591,0.0,-0.03490658476948738,0.0,0.5,0.5,-0.03490658476948738,0.0,0.0,789
-0.49994438886642456,-0.0027244442608207464,-0.05619078502058983,0.009476899169385433,-0.05619078502058983,0.009476899169385433,2014.5054931640625,4816574.0,-98314.203125,-98314.203125,-0.02040884457528591,0.0,-0.03490658476948738,0.0,0.5,0.5,-0.03490658476948738,0.0,0.0,790
-0.49994438886642456,-0.0027244442608207464,-0.05619078502058983,0.009476899169385433,-0.05619078502058983,0.009476899169385433,2017.1322021484375,4822855.0,-98442.40625,-98442.40625,-0.02040884457528591,0.0,-0.03490658476948738,0.0,0.5,0.5,-0.03490658476948738,0.0,0.0,791
-0.49994438886642456,-0.0027244442608207464,-0.05619078502058983,0.009476899169385433,-0.05619078502058983,0.009476899169385433,2019.78662109375,4829201.5,-98571.953125,-98571.953125,-0.02040884457528591,0.0,-0.03490658476948738,0.0,0.5,0.5,-0.03490658476948738,0.0,0.0,792
-0.49994438886642456,-0.0027244442608207464,-0.05619078502058983,0.009476899169385433,-0.05619078502058983,0.009476899169385433,2022.46875,4835615.0,-98702.8671875,-98702.8671875,-0.02040884457528591,0.0,-0.03490658476948738,0.0,0.5,0.5,-0.03490658476948738,0.0,0.0,793
-0.49994438886642456,-0.0027244442608207464,-0.05624084174633026,0.00947586540132761,-0.05624084174633026,0.00947586540132761,2025.1787109375,4842095.5,-98835.140625,-98835.140625,-0.02040884457528591,0.0,-0.03490658476948738,0.0,0.5,0.5,-0.03490658476948738,0.0,0.0,794
-0.49994438886642456,-0.0027244442608207464,-0.05624084174633026,0.00947586540132761,-0.05624084174633026,0.00947586540132761,2027.916748046875,4848643.5,-98968.796875,-98968.796875,-0.02040884457528591,0.0,-0.03490658476948738,0.0,0.5,0.5,-0.03490658476948738,0.0,0.0,795
-0.49994438886642456,-0.0027244442608207464,-0.05624084174633026,0.00947586540132761,-0.05624084174633026,0.00947586540132761,2030.6829833984375,4855259.0,-99103.828125,-99103.828125,-0.02040884457528591,0.0,-0.03490658476948738,0.0,0.5,0.5,-0.03490658476948738,0.0,0.0,796
-0.49994438886642456,-0.0027244442608207464,-0.05624084174633026,0.00947586540132761,-0.05624084174633026,0.00947586540132761,2033.4776611328125,4861942.5,-99240.25,-99240.25,-0.02040884457528591,0.0,-0.03490658476948738,0.0,0.5,0.5,-0.03490658476948738,0.0,0.0,797
-0.49994438886642456,-0.0027244442608207464,-0.05624084174633026,0.00947586540132761,-0.05624084174633026,0.00947586540132761,2036.3006591796875,4868694.5,-99378.0625,-99378.0625,-0.02040884457528591,0.0,-0.03490658476948738,0.0,0.5,0.5,-0.03490658476948738,0.0,0.0,798
-0.49994438886642456,-0.0027244442608207464,-0.05624084174633026,0.00947586540132761,-0.05624084174633026,0.00947586540132761,2039.1524658203125,4875515.0,-99517.2890625,-99517.2890625,-0.02040884457528591,0.0,-0.03490658476948738,0.0,0.5,0.5,-0.03490658476948738,0.0,0.0,799
-0.49994438886642456,-0.0027244442608207464,-0.05624084174633026,0.00947586540132761,-0.05624084174633026,0.00947586540132761,2042.032958984375,4882405.0,-99657.9140625,-99657.9140625,-0.02040884457528591,0.0,-0.03490658476948738,0.0,0.5,0.5,-0.03490658476948738,0.0,0.0,800
-0.49994438886642456,-0.0027244442608207464,-0.05624084174633026,0.00947586540132761,-0.05624084174633026,0.00947586540132761,2044.9423828125,4889364.0,-99799.9609375,-99799.9609375,-0.02040884457528591,0.0,-0.03490658476948738,0.0,0.5,0.5,-0.03490658476948738,0.0,0.0,801
-0.49994438886642456,-0.0027244442608207464,-0.05624084174633026,0.00947586540132761,-0.05624084174633026,0.00947586540132761,2047.880859375,4896392.5,-99943.4375,-99943.4375,-0.02040884457528591,0.0,-0.03490658476948738,0.0,0.5,0.5,-0.03490658476948738,0.0,0.0,802
-0.49994438886642456,-0.0027244442608207464,-0.05624084174633026,0.00947586540132761,-0.05624084174633026,0.00947586540132761,2050.848388671875,4903491.5,-100088.3359375,-100088.3359375,-0.02040884457528591,0.0,-0.03490658476948738,0.0,0.5,0.5,-0.03490658476948738,0.0,0.0,803
-0.49994438886642456,-0.0027244442608207464,-0.05624084174633026,0.00947586540132761,-0.05624084174633026,0.00947586540132761,2053.845458984375,4910661.0,-100234.6796875,-100234.6796875,-0.02040884457528591,0.0,-0.03490658476948738,0.0,0.5,0.5,-0.03490658476948738,0.0,0.0,804
-0.49994438886642456,-0.0027244442608207464,-0.05624084174633026,0.00947586540132761,-0.05624084174633026,0.00947586540132761,2056.8720703125,4917901.5,-100382.4609375,-100382.4609375,-0.02040884457528591,0.0,-0.03490658476948738,0.0,0.5,0.5,-0.03490658476948738,0.0,0.0,805
-0.49994438886642456,-0.0027244442608207464,-0.05624084174633026,0.00947586540132761,-0.05624084174633026,0.00947586540132761,2059.92822265625,4925213.0,-100531.703125,-100531.703125,-0.02040884457528591,0.0,-0.03490658476948738,0.0,0.5,0.5,-0.03490658476948738,0.0,0.0,806
-0.49994438886642456,-0.0027244442608207464,-0.05624084174633026,0.00947586540132761,-0.05624084174633026,0.00947586540132761,2063.014404296875,4932596.0,-100682.3984375,-100682.3984375,-0.02040884457528591,0.0,-0.03490658476948738,0.0,0.5,0.5,-0.03490658476948738,0.0,0.0,807
-0.49994438886642456,-0.0027244442608207464,-0.05624084174633026,0.00947586540132761,-0.05624084174633026,0.00947586540132761,2066.130126953125,4940050.5,-100834.5625,-100834.5625,-0.02040884457528591,0.0,-0.03490658476948738,0.0,0.5,0.5,-0.03490658476948738,0.0,0.0,808
-0.49994438886642456,-0.0027244442608207464,-0.05624084174633026,0.00947586540132761,-0.05624084174633026,0.00947586540132761,2069.276123046875,4947577.5,-100988.203125,-100988.203125,-0.02040884457528591,0.0,-0.03490658476948738,0.0,0.5,0.5,-0.03490658476948738,0.0,0.0,809
-0.49994438886642456,-0.0027244442608207464,-0.05624084174633026,0.00947586540132761,-0.05624084174633026,0.00947586540132761,2072.452392578125,4955177.0,-101143.3203125,-101143.3203125,-0.02040884457528591,0.0,-0.03490658476948738,0.0,0.5,0.5,-0.03490658476948738,0.0,0.0,810
-0.49994438886642456,-0.0027244442608207464,-0.05624084174633026,0.00947586540132761,-0.05624084174633026,0.00947586540132761,2075.6591796875,4962849.5,-101299.921875,-101299.921875,-0.02040884457528591,0.0,-0.03490658476948738,0.0,0.5,0.5,-0.03490658476948738,0.0,0.0,811
-0.49994438886642456,-0.0027244442608207464,-0.05624084174633026,0.00947586540132761,-0.05624084174633026,0.00947586540132761,2078.896240234375,4970595.0,-101458.03125,-101458.03125,-0.02040884457528591,0.0,-0.03490658476948738,0.0,0.5,0.5,-0.03490658476948738,0.0,0.0,812
-0.49994438886642456,-0.0027244442608207464,-0.05624084174633026,0.00947586540132761,-0.05624084174633026,0.00947586540132761,2082.1640625,4978414.5,-101617.6328125,-101617.6328125,-0.02040884457528591,0.0,-0.03490658476948738,0.0,0.5,0.5,-0.03490658476948738,0.0,0.0,813
-0.49994438886642456,-0.0027244442608207464,-0.05624084174633026,0.00947586540132761,-0.05624084174633026,0.00947586540132761,2085.462646484375,4986307.5,-101778.7421875,-101778.7421875,-0.02040884457528591,0.0,-0.03490658476948738,0.0,0.5,0.5,-0.03490658476948738,0.0,0.0,814
-0.49994438886642456,-0.0027244442608207464,-0.05624084174633026,0.00947586540132761,-0.05624084174633026,0.00947586540132761,2088.792236328125,4994275.0,-101941.375,-101941.375,-0.02040884457528591,0.0,-0.03490658476948738,0.0,0.5,0.5,-0.03490658476948738,0.0,0.0,815
-0.49994438886642456,-0.0027244442608207464,-0.05624084174633026,0.00947586540132761,-0.05624084174633026,0.00947586540132761,2092.15283203125,5002317.0,-102105.5234375,-102105.5234375,-0.02040884457528591,0.0,-0.03490658476948738,0.0,0.5,0.5,-0.03490658476948738,0.0,0.0,816
-0.49994438886642456,-0.0027244442608207464,-0.05624084174633026,0.00947586540132761,-0.05624084174633026,0.00947586540132761,2095.544677734375,5010434.5,-102271.2109375,-102271.2109375,-0.02040884457528591,0.0,-0.03490658476948738,0.0,0.5,0.5,-0.03490658476948738,0.0,0.0,817
-0.49994438886642456,-0.0027244442608207464,-0.05624084174633026,0.00947586540132761,-0.05624084174633026,0.00947586540132761,2098.968017578125,5018626.5,-102438.4296875,-102438.4296875,-0.02040884457528591,0.0,-0.03490658476948738,0.0,0.5,0.5,-0.03490658476948738,0.0,0.0,818
-0.49994438886642456,-0.0027244442608207464,-0.05624084174633026,0.00947586540132761,-0.05624084174633026,0.00947586540132761,2102.422607421875,5026895.0,-102607.1953125,-102607.1953125,-0.02040884457528591,0.0,-0.03490658476948738,0.0,0.5,0.5,-0.03490658476948738,0.0,0.0,819
-0.49994438886642456,-0.0027244442608207464,-0.05617143213748932,0.009475652128458023,-0.05617143213748932,0.009475652128458023,2105.9091796875,5035239.0,-102777.515625,-102777.515625,-0.02040884457528591,0.0,-0.03490658476948738,0.0,0.5,0.5,-0.03490658476948738,0.0,0.0,820
-0.49994438886642456,-0.0027244442608207464,-0.05617143213748932,0.009475652128458023,-0.05617143213748932,0.009475652128458023,2109.427490234375,5043659.5,-102949.390625,-102949.390625,-0.02040884457528591,0.0,-0.03490658476948738,0.0,0.5,0.5,-0.03490658476948738,0.0,0.0,821
-0.49994438886642456,-0.0027244442608207464,-0.05617143213748932,0.009475652128458023,-0.05617143213748932,0.009475652128458023,2112.977783203125,5052156.5,-103122.8359375,-103122.8359375,-0.02040884457528591,0.0,-0.03490658476948738,0.0,0.5,0.5,-0.03490658476948738,0.0,0.0,822
-0.49994438886642456,-0.0027244442608207464,-0.05617143213748932,0.009475652128458023,-0.05617143213748932,0.009475652128458023,2116.56005859375,5060731.0,-103297.8515625,-103297.8515625,-0.02040884457528591,0.0,-0.03490658476948738,0.0,0.5,0.5,-0.03490658476948738,0.0,0.0,823
-0.49994438886642456,-0.0027244442608207464,-0.05617143213748932,0.009475652128458023,-0.05617143213748932,0.009475652128458023,2120.1748046875,5069383.0,-103474.4453125,-103474.4453125,-0.02040884457528591,0.0,-0.03490658476948738,0.0,0.5,0.5,-0.03490658476948738,0.0,0.0,824
-0.49994438886642456,-0.0027244442608207464,-0.05613550543785095,0.009476689621806145,-0.05613550543785095,0.009476689621806145,2123.82177734375,5078112.5,-103652.6328125,-103652.6328125,-0.02040884457528591,0.0,-0.03490658476948738,0.0,0.5,0.5,-0.03490658476948738,0.0,0.0,825
-0.49994438886642456,-0.0027244442608207464,-0.05613550543785095,0.009476689621806145,-0.05613550543785095,0.009476689621806145,2127.501220703125,5086920.0,-103832.40625,-103832.40625,-0.02040884457528591,0.0,-0.03490658476948738,0.0,0.5,0.5,-0.03490658476948738,0.0,0.0,826
-0.49994438886642456,-0.0027244442608207464,-0.05613550543785095,0.009476689621806145,-0.05613550543785095,0.009476689621806145,2131.213623046875,5095806.0,-104013.7890625,-104013.7890625,-0.02040884457528591,0.0,-0.03490658476948738,0.0,0.5,0.5,-0.03490658476948738,0.0,0.0,827
-0.49994438886642456,-0.0027244442608207464,-0.05613550543785095,0.009476689621806145,-0.05613550543785095,0.009476689621806145,2134.958740234375,5104771.0,-104196.78125,-104196.78125,-0.02040884457528591,0.0,-0.03490658476948738,0.0,0.5,0.5,-0.03490658476948738,0.0,0.0,828
-0.49994438886642456,-0.0027244442608207464,-0.05613550543785095,0.009476689621806145,-0.05613550543785095,0.009476689621806145,2138.73681640625,5113815.0,-104381.3828125,-104381.3828125,-0.02040884457528591,0.0,-0.03490658476948738,0.0,0.5,0.5,-0.03490658476948738,0.0,0.0,829
-0.49994438886642456,-0.0027244442608207464,-0.05613550543785095,0.009476689621806145,-0.05613550543785095,0.009476689621806145,2142.5478515625,5122938.5,-104567.609375,-104567.609375,-0.02040884457528591,0.0,-0.03490658476948738,0.0,0.5,0.5,-0.03490658476948738,0.0,0.0,830
