est_x,est_y,odom_x,odom_y,gt_x,gt_y,cov_x,cov_y,cov_xy,cov_yx,heading_cmd,speed_cmd,heading,speed,setpoint_x,setpoint_y,gt_heading,gt_speed,collision,step
nan,nan,-0.0037523340433835983,-0.0029522597324103117,-0.0037523340433835983,-0.0029522597324103117,nan,nan,nan,nan,0.0,0.0,0.0,0.0,0.800000011920929,0.800000011920929,0.0,0.0,0.0,1
nan,nan,-0.0037523340433835983,-0.0029522597324103117,-0.0037523340433835983,-0.0029522597324103117,nan,nan,nan,nan,0.0,0.0,0.0,0.0,0.800000011920929,0.800000011920929,0.0,0.0,0.0,2
nan,nan,-0.0037523340433835983,-0.0029522597324103117,-0.0037523340433835983,-0.0029522597324103117,nan,nan,nan,nan,0.0,0.0,0.0,0.0,0.800000011920929,0.800000011920929,0.0,0.0,0.0,3
nan,nan,-0.0037523340433835983,-0.0029522597324103117,-0.0037523340433835983,-0.0029522597324103117,nan,nan,nan,nan,0.0,0.0,0.0,0.0,0.800000011920929,0.800000011920929,0.0,0.0,0.0,4
nan,nan,-0.0037523340433835983,-0.0029522597324103117,-0.0037523340433835983,-0.0029522597324103117,nan,nan,nan,nan,0.0,0.0,0.0,0.0,0.800000011920929,0.800000011920929,0.0,0.0,0.0,5
nan,nan,-0.0037523340433835983,-0.0029522597324103117,-0.0037523340433835983,-0.0029522597324103117,nan,nan,nan,nan,0.0,0.0,0.0,0.0,0.800000011920929,0.800000011920929,0.0,0.0,0.0,6
nan,nan,-0.0037523340433835983,-0.0029522597324103117,-0.0037523340433835983,-0.0029522597324103117,nan,nan,nan,nan,0.0,0.0,0.0,0.0,0.800000011920929,0.800000011920929,0.0,0.0,0.0,7
nan,nan,-0.0037523340433835983,-0.0029522597324103117,-0.0037523340433835983,-0.0029522597324103117,nan,nan,nan,nan,0.0,0.0,0.0,0.0,0.800000011920929,0.800000011920929,0.0,0.0,0.0,8
nan,nan,-0.0037523340433835983,-0.0029522597324103117,-0.0037523340433835983,-0.0029522597324103117,nan,nan,nan,nan,0.0,0.0,0.0,0.0,0.800000011920929,0.800000011920929,0.0,0.0,0.0,9
nan,nan,-0.0037523340433835983,-0.0029522597324103117,-0.0037523340433835983,-0.0029522597324103117,nan,nan,nan,nan,0.0,0.0,0.0,0.0,0.800000011920929,0.800000011920929,0.0,0.0,0.0,10
nan,nan,-0.0037523340433835983,-0.0029522597324103117,-0.0037523340433835983,-0.0029522597324103117,nan,nan,nan,nan,0.0,0.0,0.0,0.0,0.800000011920929,0.800000011920929,0.0,0.0,0.0,11
nan,nan,-0.0037523340433835983,-0.0029522597324103117,-0.0037523340433835983,-0.0029522597324103117,nan,nan,nan,nan,0.0,0.0,0.0,0.0,0.800000011920929,0.800000011920929,0.0,0.0,0.0,12
nan,nan,-0.0037523340433835983,-0.0029522597324103117,-0.0037523340433835983,-0.0029522597324103117,nan,nan,nan,nan,0.0,0.0,0.0,0.0,0.800000011920929,0.800000011920929,0.0,0.0,0.0,13
nan,nan,-0.0037523340433835983,-0.0029522597324103117,-0.0037523340433835983,-0.0029522597324103117,nan,nan,nan,nan,0.0,0.0,0.0,0.0,0.800000011920929,0.800000011920929,0.0,0.0,0.0,14
nan,nan,-0.0037523340433835983,-0.0029522597324103117,-0.0037523340433835983,-0.0029522597324103117,nan,nan,nan,nan,0.0,0.0,0.0,0.0,0.800000011920929,0.800000011920929,0.0,0.0,0.0,15
nan,nan,-0.0037523340433835983,-0.0029522597324103117,-0.0037523340433835983,-0.0029522597324103117,nan,nan,nan,nan,0.0,0.0,0.0,0.0,0.800000011920929,0.800000011920929,0.0,0.0,0.0,16
nan,nan,-0.0037523340433835983,-0.0029522597324103117,-0.0037523340433835983,-0.0029522597324103117,nan,nan,nan,nan,0.0,0.0,0.0,0.0,0.800000011920929,0.800000011920929,0.0,0.0,0.0,17
nan,nan,-0.0037523340433835983,-0.0029522597324103117,-0.0037523340433835983,-0.0029522597324103117,nan,nan,nan,nan,0.0,0.0,0.0,0.0,0.800000011920929,0.800000011920929,0.0,0.0,0.0,18
nan,nan,-0.0037523340433835983,-0.0029522597324103117,-0.0037523340433835983,-0.0029522597324103117,nan,nan,nan,nan,0.0,0.0,0.0,0.0,0.800000011920929,0.800000011920929,0.0,0.0,0.0,19
nan,nan,-0.0037367783952504396,-0.003153241705149412,-0.0037367783952504396,-0.003153241705149412,nan,nan,nan,nan,-0.20000000298023224,0.0,-0.20943951606750488,0.0,0.800000011920929,0.800000011920929,-0.20943951606750488,0.0,0.0,20
nan,nan,-0.003685055999085307,-0.003227985929697752,-0.003685055999085307,-0.003227985929697752,nan,nan,nan,nan,-0.4000000059604645,0.0,-0.40142571926116943,0.0,0.800000011920929,0.800000011920929,-0.40142571926116943,0.0,0.0,21
nan,nan,-0.003251203102990985,-0.003669639118015766,-0.003251203102990985,-0.003669639118015766,nan,nan,nan,nan,-0.6000000238418579,0.0,-0.6108652353286743,0.0,0.800000011920929,0.800000011920929,-0.6108652353286743,0.0,0.0,22
nan,nan,-0.0042673274874687195,-0.0027010508347302675,-0.0042673274874687195,-0.0027010508347302675,nan,nan,nan,nan,-0.800000011920929,0.0,-0.8028514385223389,0.0,0.800000011920929,0.800000011920929,-0.8028514385223389,0.0,0.0,23
nan,nan,-0.006117646582424641,-0.0022823703475296497,-0.006117646582424641,-0.0022823703475296497,nan,nan,nan,nan,-1.0,0.0,-1.0122909545898438,0.0,0.800000011920929,0.800000011920929,-1.0122909545898438,0.0,0.0,24
nan,nan,-0.006906161550432444,-0.001959047978743911,-0.006906161550432444,-0.001959047978743911,nan,nan,nan,nan,-1.2000000476837158,0.0,-1.2042771577835083,0.0,0.800000011920929,0.800000011920929,-1.2042771577835083,0.0,0.0,25
nan,nan,-0.009538117796182632,-0.002839165274053812,-0.009538117796182632,-0.002839165274053812,nan,nan,nan,nan,-1.399999976158142,0.0,-1.4137166738510132,0.0,0.800000011920929,0.800000011920929,-1.4137166738510132,0.0,0.0,26
nan,nan,-0.011316020973026752,-0.0036107776686549187,-0.011316020973026752,-0.0036107776686549187,nan,nan,nan,nan,-1.600000023841858,0.0,-1.6057028770446777,0.0,0.800000011920929,0.800000011920929,-1.6057028770446777,0.0,0.0,27
nan,nan,-0.012851991690695286,-0.004532445687800646,-0.012851991690695286,-0.004532445687800646,nan,nan,nan,nan,-1.7999999523162842,0.0,-1.8151423931121826,0.0,0.800000011920929,0.800000011920929,-1.8151423931121826,0.0,0.0,28
nan,nan,-0.0141366645693779,-0.0057370224967598915,-0.0141366645693779,-0.0057370224967598915,nan,nan,nan,nan,-2.0,0.0,-2.0071287155151367,0.0,0.800000011920929,0.800000011920929,-2.0071287155151367,0.0,0.0,29
nan,nan,-0.014529047533869743,-0.006798034533858299,-0.014529047533869743,-0.006798034533858299,nan,nan,nan,nan,-2.200000047683716,0.0,-2.2165682315826416,0.0,0.800000011920929,0.800000011920929,-2.2165682315826416,0.0,0.0,30
nan,nan,-0.014108002185821533,-0.0068193236365914345,-0.014108002185821533,-0.0068193236365914345,nan,nan,nan,nan,-2.4000000953674316,0.0,-2.4085543155670166,0.0,0.800000011920929,0.800000011920929,-2.4085543155670166,0.0,0.0,31
nan,nan,-0.014801534824073315,-0.007663268130272627,-0.014801534824073315,-0.007663268130272627,nan,nan,nan,nan,-2.5999999046325684,0.0,-2.6005406379699707,0.0,0.800000011920929,0.800000011920929,-2.6005406379699707,0.0,0.0,32
nan,nan,-0.015057651326060295,-0.009204443544149399,-0.015057651326060295,-0.009204443544149399,nan,nan,nan,nan,-2.799999952316284,0.0,-2.8099801540374756,0.0,0.800000011920929,0.800000011920929,-2.8099801540374756,0.0,0.0,33
nan,nan,-0.014961961656808853,-0.009769576601684093,-0.014961961656808853,-0.009769576601684093,nan,nan,nan,nan,-2.799999952316284,0.0,-2.8099801540374756,0.0,0.800000011920929,0.800000011920929,-2.8099801540374756,0.0,0.0,34
nan,nan,-0.014961961656808853,-0.009769576601684093,-0.014961961656808853,-0.009769576601684093,nan,nan,nan,nan,-2.799999952316284,0.030000000447034835,-2.8099801540374756,0.030000000447034835,0.800000011920929,0.800000011920929,-2.8099801540374756,0.030000000447034835,0.0,35
nan,nan,-0.015338797122240067,-0.00914655439555645,-0.015338797122240067,-0.00914655439555645,nan,nan,nan,nan,-2.799999952316284,0.030000000447034835,-2.8099801540374756,0.030000000447034835,0.800000011920929,0.800000011920929,-2.8099801540374756,0.030000000447034835,0.0,36
nan,nan,-0.016052069142460823,0.023850440979003906,-0.016052069142460823,0.023850440979003906,nan,nan,nan,nan,-2.799999952316284,0.030000000447034835,-2.8099801540374756,0.030000000447034835,0.800000011920929,0.800000011920929,-2.8099801540374756,0.030000000447034835,0.0,37
nan,nan,-0.024588843807578087,0.0497620590031147,-0.024588843807578087,0.0497620590031147,nan,nan,nan,nan,-2.799999952316284,0.030000000447034835,-2.8099801540374756,0.030000000447034835,0.800000011920929,0.800000011920929,-2.8099801540374756,0.030000000447034835,0.0,38
nan,nan,-0.03872226923704147,0.08807957172393799,-0.03872226923704147,0.08807957172393799,nan,nan,nan,nan,-2.799999952316284,0.030000000447034835,-2.8099801540374756,0.030000000447034835,0.800000011920929,0.800000011920929,-2.8099801540374756,0.030000000447034835,0.0,39
nan,nan,-0.06043827161192894,0.17683032155036926,-0.06043827161192894,0.17683032155036926,nan,nan,nan,nan,-2.799999952316284,0.030000000447034835,-2.8099801540374756,0.030000000447034835,0.800000011920929,0.800000011920929,-2.8099801540374756,0.030000000447034835,0.0,40
nan,nan,-0.08165401965379715,0.2923950254917145,-0.08165401965379715,0.2923950254917145,nan,nan,nan,nan,-2.799999952316284,0.030000000447034835,-2.8099801540374756,0.030000000447034835,0.800000011920929,0.800000011920929,-2.8099801540374756,0.030000000447034835,0.0,41
nan,nan,-0.09656449407339096,0.351283460855484,-0.09656449407339096,0.351283460855484,nan,nan,nan,nan,-2.5999999046325684,0.0,-2.6005406379699707,0.0,0.800000011920929,0.800000011920929,-2.6005406379699707,0.0,0.0,42
nan,nan,-0.11233028769493103,0.5209494829177856,-0.11233028769493103,0.5209494829177856,nan,nan,nan,nan,-2.4000000953674316,0.0,-2.4085543155670166,0.0,0.800000011920929,0.800000011920929,-2.4085543155670166,0.0,0.0,43
nan,nan,-0.08373639732599258,0.5566587448120117,-0.08373639732599258,0.5566587448120117,nan,nan,nan,nan,-2.200000047683716,0.0,-2.2165682315826416,0.0,0.800000011920929,0.800000011920929,-2.2165682315826416,0.0,0.0,44
nan,nan,-0.08281200379133224,0.5640890598297119,-0.08281200379133224,0.5640890598297119,nan,nan,nan,nan,-2.200000047683716,0.030000000447034835,-2.2165682315826416,0.030000000447034835,0.800000011920929,0.800000011920929,-2.2165682315826416,0.030000000447034835,0.0,45
nan,nan,-0.07655409723520279,0.5510854721069336,-0.07655409723520279,0.5510854721069336,nan,nan,nan,nan,-2.200000047683716,0.030000000447034835,-2.2165682315826416,0.030000000447034835,0.800000011920929,0.800000011920929,-2.2165682315826416,0.030000000447034835,0.0,46
nan,nan,-0.05327983945608139,0.5778288245201111,-0.05327983945608139,0.5778288245201111,nan,nan,nan,nan,-2.200000047683716,0.030000000447034835,-2.2165682315826416,0.030000000447034835,0.800000011920929,0.800000011920929,-2.2165682315826416,0.030000000447034835,0.0,47
nan,nan,-0.044958360493183136,0.6046152114868164,-0.044958360493183136,0.6046152114868164,nan,nan,nan,nan,-2.200000047683716,0.030000000447034835,-2.2165682315826416,0.030000000447034835,0.800000011920929,0.800000011920929,-2.2165682315826416,0.030000000447034835,0.0,48
nan,nan,-0.04361848905682564,0.6517497897148132,-0.04361848905682564,0.6517497897148132,nan,nan,nan,nan,-2.200000047683716,0.030000000447034835,-2.2165682315826416,0.030000000447034835,0.800000011920929,0.800000011920929,-2.2165682315826416,0.030000000447034835,0.0,49
nan,nan,-0.030070645734667778,0.6865977048873901,-0.030070645734667778,0.6865977048873901,nan,nan,nan,nan,-2.200000047683716,0.030000000447034835,-2.2165682315826416,0.030000000447034835,0.800000011920929,0.800000011920929,-2.2165682315826416,0.030000000447034835,0.0,50
nan,nan,0.015949415042996407,0.7833768725395203,0.015949415042996407,0.7833768725395203,nan,nan,nan,nan,-2.200000047683716,0.030000000447034835,-2.2165682315826416,0.030000000447034835,0.800000011920929,0.800000011920929,-2.2165682315826416,0.030000000447034835,0.0,51
nan,nan,0.058405205607414246,0.9075393080711365,0.058405205607414246,0.9075393080711365,nan,nan,nan,nan,-2.200000047683716,0.030000000447034835,-2.2165682315826416,0.030000000447034835,0.800000011920929,0.800000011920929,-2.2165682315826416,0.030000000447034835,0.0,52
nan,nan,0.08098740875720978,0.9738609790802002,0.08098740875720978,0.9738609790802002,nan,nan,nan,nan,-2.200000047683716,0.030000000447034835,-2.2165682315826416,0.030000000447034835,0.800000011920929,0.800000011920929,-2.2165682315826416,0.030000000447034835,0.0,53
nan,nan,0.10632233321666718,1.0372042655944824,0.10632233321666718,1.0372042655944824,nan,nan,nan,nan,-2.200000047683716,0.0,-2.2165682315826416,0.0,0.800000011920929,0.800000011920929,-2.2165682315826416,0.0,0.0,54
nan,nan,0.15538698434829712,1.155371069908142,0.15538698434829712,1.155371069908142,nan,nan,nan,nan,-2.200000047683716,0.0,-2.2165682315826416,0.0,0.800000011920929,0.800000011920929,-2.2165682315826416,0.0,1.0,55
nan,nan,0.16662459075450897,1.1906386613845825,0.16662459075450897,1.1906386613845825,nan,nan,nan,nan,-2.200000047683716,0.0,-2.2165682315826416,0.0,0.800000011920929,0.800000011920929,-2.2165682315826416,0.0,0.0,56
nan,nan,0.16562700271606445,1.1889439821243286,0.16562700271606445,1.1889439821243286,nan,nan,nan,nan,-2.200000047683716,0.030000000447034835,-2.2165682315826416,0.030000000447034835,0.800000011920929,0.800000011920929,-2.2165682315826416,0.030000000447034835,0.0,57
nan,nan,0.17314499616622925,1.2108646631240845,0.17314499616622925,1.2108646631240845,nan,nan,nan,nan,-2.4000000953674316,0.030000000447034835,-2.4085543155670166,0.030000000447034835,0.800000011920929,0.800000011920929,-2.4085543155670166,0.030000000447034835,0.0,58
nan,nan,0.18014593422412872,1.2287958860397339,0.18014593422412872,1.2287958860397339,nan,nan,nan,nan,-2.4000000953674316,0.030000000447034835,-2.4085543155670166,0.030000000447034835,0.800000011920929,0.800000011920929,-2.4085543155670166,0.030000000447034835,0.0,59
nan,nan,0.19137094914913177,1.2614355087280273,0.19137094914913177,1.2614355087280273,nan,nan,nan,nan,-2.4000000953674316,0.030000000447034835,-2.4085543155670166,0.030000000447034835,0.800000011920929,0.800000011920929,-2.4085543155670166,0.030000000447034835,0.0,60
nan,nan,0.20365554094314575,1.3574142456054688,0.20365554094314575,1.3574142456054688,nan,nan,nan,nan,-2.4000000953674316,0.0,-2.4085543155670166,0.0,0.800000011920929,0.800000011920929,-2.4085543155670166,0.0,0.0,61
nan,nan,0.21631988883018494,1.4430533647537231,0.21631988883018494,1.4430533647537231,nan,nan,nan,nan,-2.4000000953674316,0.0,-2.4085543155670166,0.0,0.800000011920929,0.800000011920929,-2.4085543155670166,0.0,0.0,62
nan,nan,0.22632712125778198,1.4621083736419678,0.22632712125778198,1.4621083736419678,nan,nan,nan,nan,-2.200000047683716,0.0,-2.2165682315826416,0.0,0.800000011920929,0.800000011920929,-2.2165682315826416,0.0,0.0,63
nan,nan,0.22507503628730774,1.4635875225067139,0.22507503628730774,1.4635875225067139,nan,nan,nan,nan,-2.0,0.0,-2.0071287155151367,0.0,0.800000011920929,0.800000011920929,-2.0071287155151367,0.0,0.0,64
nan,nan,0.2271207571029663,1.462126612663269,0.2271207571029663,1.462126612663269,nan,nan,nan,nan,-1.7999999523162842,0.0,-1.8151423931121826,0.0,0.800000011920929,0.800000011920929,-1.8151423931121826,0.0,0.0,65
nan,nan,0.2271614670753479,1.4633562564849854,0.2271614670753479,1.4633562564849854,nan,nan,nan,nan,-1.600000023841858,0.0,-1.6057028770446777,0.0,0.800000011920929,0.800000011920929,-1.6057028770446777,0.0,0.0,66
nan,nan,0.224018394947052,1.4635931253433228,0.224018394947052,1.4635931253433228,nan,nan,nan,nan,-1.399999976158142,0.0,-1.4137166738510132,0.0,0.800000011920929,0.800000011920929,-1.4137166738510132,0.0,0.0,67
nan,nan,0.22407832741737366,1.463499665260315,0.22407832741737366,1.463499665260315,nan,nan,nan,nan,-1.2000000476837158,0.0,-1.2042771577835083,0.0,0.800000011920929,0.800000011920929,-1.2042771577835083,0.0,0.0,68
nan,nan,0.22385908663272858,1.4639854431152344,0.22385908663272858,1.4639854431152344,nan,nan,nan,nan,-1.0,0.0,-1.0122909545898438,0.0,0.800000011920929,0.800000011920929,-1.0122909545898438,0.0,0.0,69
nan,nan,0.22291874885559082,1.4643006324768066,0.22291874885559082,1.4643006324768066,nan,nan,nan,nan,-0.800000011920929,0.0,-0.8028514385223389,0.0,0.800000011920929,0.800000011920929,-0.8028514385223389,0.0,0.0,70
nan,nan,0.22213591635227203,1.4641035795211792,0.22213591635227203,1.4641035795211792,nan,nan,nan,nan,-0.6000000238418579,0.030000000447034835,-0.6108652353286743,0.030000000447034835,0.800000011920929,0.800000011920929,-0.6108652353286743,0.030000000447034835,0.0,71
nan,nan,0.22788669168949127,1.465442180633545,0.22788669168949127,1.465442180633545,nan,nan,nan,nan,-0.6000000238418579,0.030000000447034835,-0.6108652353286743,0.030000000447034835,0.800000011920929,0.800000011920929,-0.6108652353286743,0.030000000447034835,0.0,72
nan,nan,0.26508161425590515,1.452013373374939,0.26508161425590515,1.452013373374939,nan,nan,nan,nan,-0.6000000238418579,0.030000000447034835,-0.6108652353286743,0.030000000447034835,0.800000011920929,0.800000011920929,-0.6108652353286743,0.030000000447034835,0.0,73
nan,nan,0.2937549948692322,1.4356544017791748,0.2937549948692322,1.4356544017791748,nan,nan,nan,nan,-0.6000000238418579,0.030000000447034835,-0.6108652353286743,0.030000000447034835,0.800000011920929,0.800000011920929,-0.6108652353286743,0.030000000447034835,0.0,74
nan,nan,0.32968947291374207,1.4152982234954834,0.32968947291374207,1.4152982234954834,nan,nan,nan,nan,-0.6000000238418579,0.0,-0.6108652353286743,0.0,0.800000011920929,0.800000011920929,-0.6108652353286743,0.0,0.0,75
nan,nan,0.43899425864219666,1.3723361492156982,0.43899425864219666,1.3723361492156982,nan,nan,nan,nan,-0.6000000238418579,0.0,-0.6108652353286743,0.0,0.800000011920929,0.800000011920929,-0.6108652353286743,0.0,0.0,76
nan,nan,0.44906458258628845,1.369908094406128,0.44906458258628845,1.369908094406128,nan,nan,nan,nan,-0.6000000238418579,0.0,-0.6108652353286743,0.0,0.800000011920929,0.800000011920929,-0.6108652353286743,0.0,0.0,77
nan,nan,0.4468442499637604,1.3714944124221802,0.4468442499637604,1.3714944124221802,nan,nan,nan,nan,-0.4000000059604645,0.0,-0.40142571926116943,0.0,0.800000011920929,0.800000011920929,-0.40142571926116943,0.0,0.0,78
nan,nan,0.4478004574775696,1.3732922077178955,0.4478004574775696,1.3732922077178955,nan,nan,nan,nan,-0.6000000238418579,0.0,-0.6108652353286743,0.0,0.800000011920929,0.800000011920929,-0.6108652353286743,0.0,0.0,79
nan,nan,0.4476168751716614,1.3729681968688965,0.4476168751716614,1.3729681968688965,nan,nan,nan,nan,-0.800000011920929,0.0,-0.8028514385223389,0.0,0.800000011920929,0.800000011920929,-0.8028514385223389,0.0,0.0,80
nan,nan,0.44715315103530884,1.3732497692108154,0.44715315103530884,1.3732497692108154,nan,nan,nan,nan,-1.0,0.0,-1.0122909545898438,0.0,0.800000011920929,0.800000011920929,-1.0122909545898438,0.0,0.0,81
nan,nan,0.44578662514686584,1.3738524913787842,0.44578662514686584,1.3738524913787842,nan,nan,nan,nan,-1.2000000476837158,0.0,-1.2042771577835083,0.0,0.800000011920929,0.800000011920929,-1.2042771577835083,0.0,0.0,82
nan,nan,0.44337916374206543,1.3703217506408691,0.44337916374206543,1.3703217506408691,nan,nan,nan,nan,-1.0,0.0,-1.0122909545898438,0.0,0.800000011920929,0.800000011920929,-1.0122909545898438,0.0,0.0,83
nan,nan,0.44368863105773926,1.3714386224746704,0.44368863105773926,1.3714386224746704,nan,nan,nan,nan,-0.800000011920929,0.0,-0.8028514385223389,0.0,0.800000011920929,0.800000011920929,-0.8028514385223389,0.0,0.0,84
nan,nan,0.4438330829143524,1.36990487575531,0.4438330829143524,1.36990487575531,nan,nan,nan,nan,-0.6000000238418579,0.0,-0.6108652353286743,0.0,0.800000011920929,0.800000011920929,-0.6108652353286743,0.0,0.0,85
nan,nan,0.4451882243156433,1.367885708808899,0.4451882243156433,1.367885708808899,nan,nan,nan,nan,-0.4000000059604645,0.0,-0.40142571926116943,0.0,0.800000011920929,0.800000011920929,-0.40142571926116943,0.0,0.0,86
nan,nan,0.4443327784538269,1.369496464729309,0.4443327784538269,1.369496464729309,nan,nan,nan,nan,-0.20000000298023224,0.0,-0.20943951606750488,0.0,0.800000011920929,0.800000011920929,-0.20943951606750488,0.0,0.0,87
nan,nan,0.4446101188659668,1.3690768480300903,0.4446101188659668,1.3690768480300903,nan,nan,nan,nan,0.0,0.0,0.0,0.0,0.800000011920929,0.800000011920929,0.0,0.0,0.0,88
nan,nan,0.4447042644023895,1.3690173625946045,0.4447042644023895,1.3690173625946045,nan,nan,nan,nan,0.20000000298023224,0.0,0.19198621809482574,0.0,0.800000011920929,0.800000011920929,0.19198621809482574,0.0,0.0,89
nan,nan,0.4446089267730713,1.3692426681518555,0.4446089267730713,1.3692426681518555,nan,nan,nan,nan,0.4000000059604645,0.0,0.3839724361896515,0.0,0.800000011920929,0.800000011920929,0.3839724361896515,0.0,0.0,90
nan,nan,0.44514721632003784,1.3696337938308716,0.44514721632003784,1.3696337938308716,nan,nan,nan,nan,0.6000000238418579,0.0,0.593411922454834,0.0,0.800000011920929,0.800000011920929,0.593411922454834,0.0,0.0,91
nan,nan,0.44514721632003784,1.3696337938308716,0.44514721632003784,1.3696337938308716,nan,nan,nan,nan,0.6000000238418579,0.030000000447034835,0.593411922454834,0.030000000447034835,0.800000011920929,0.800000011920929,0.593411922454834,0.030000000447034835,0.0,92
nan,nan,0.4440450966358185,1.3696829080581665,0.4440450966358185,1.3696829080581665,nan,nan,nan,nan,0.6000000238418579,0.030000000447034835,0.593411922454834,0.030000000447034835,0.800000011920929,0.800000011920929,0.593411922454834,0.030000000447034835,0.0,93
nan,nan,0.44505298137664795,1.357532024383545,0.44505298137664795,1.357532024383545,nan,nan,nan,nan,0.6000000238418579,0.030000000447034835,0.593411922454834,0.030000000447034835,0.800000011920929,0.800000011920929,0.593411922454834,0.030000000447034835,0.0,94
nan,nan,0.4472782611846924,1.313862919807434,0.4472782611846924,1.313862919807434,nan,nan,nan,nan,0.6000000238418579,0.030000000447034835,0.593411922454834,0.030000000447034835,0.800000011920929,0.800000011920929,0.593411922454834,0.030000000447034835,0.0,95
nan,nan,0.4366724491119385,1.2384175062179565,0.4366724491119385,1.2384175062179565,nan,nan,nan,nan,0.6000000238418579,0.030000000447034835,0.593411922454834,0.030000000447034835,0.800000011920929,0.800000011920929,0.593411922454834,0.030000000447034835,0.0,96
nan,nan,0.43350857496261597,1.1895008087158203,0.43350857496261597,1.1895008087158203,nan,nan,nan,nan,0.6000000238418579,0.030000000447034835,0.593411922454834,0.030000000447034835,0.800000011920929,0.800000011920929,0.593411922454834,0.030000000447034835,0.0,97
nan,nan,0.4339379370212555,1.0833863019943237,0.4339379370212555,1.0833863019943237,nan,nan,nan,nan,0.6000000238418579,0.0,0.593411922454834,0.0,0.800000011920929,0.800000011920929,0.593411922454834,0.0,0.0,98
nan,nan,0.42711201310157776,0.9895841479301453,0.42711201310157776,0.9895841479301453,nan,nan,nan,nan,0.6000000238418579,0.0,0.593411922454834,0.0,0.800000011920929,0.800000011920929,0.593411922454834,0.0,0.0,99
nan,nan,0.4238666296005249,0.9815430641174316,0.4238666296005249,0.9815430641174316,nan,nan,nan,nan,0.6000000238418579,0.0,0.593411922454834,0.0,0.800000011920929,0.800000011920929,0.593411922454834,0.0,0.0,100
nan,nan,0.4238666296005249,0.9815430641174316,0.4238666296005249,0.9815430641174316,nan,nan,nan,nan,0.6000000238418579,0.030000000447034835,0.593411922454834,0.030000000447034835,0.800000011920929,0.800000011920929,0.593411922454834,0.030000000447034835,0.0,101
nan,nan,0.4234919250011444,0.9784032106399536,0.4234919250011444,0.9784032106399536,nan,nan,nan,nan,0.6000000238418579,0.030000000447034835,0.593411922454834,0.030000000447034835,0.800000011920929,0.800000011920929,0.593411922454834,0.030000000447034835,0.0,102
nan,nan,0.4185616970062256,0.9658668041229248,0.4185616970062256,0.9658668041229248,nan,nan,nan,nan,0.6000000238418579,0.030000000447034835,0.593411922454834,0.030000000447034835,0.800000011920929,0.800000011920929,0.593411922454834,0.030000000447034835,0.0,103
nan,nan,0.4187903106212616,0.9495234489440918,0.4187903106212616,0.9495234489440918,nan,nan,nan,nan,0.6000000238418579,0.030000000447034835,0.593411922454834,0.030000000447034835,0.800000011920929,0.800000011920929,0.593411922454834,0.030000000447034835,0.0,104
nan,nan,0.41968175768852234,0.8677957057952881,0.41968175768852234,0.8677957057952881,nan,nan,nan,nan,0.6000000238418579,0.030000000447034835,0.593411922454834,0.030000000447034835,0.800000011920929,0.800000011920929,0.593411922454834,0.030000000447034835,0.0,105
nan,nan,0.4167645275592804,0.8221490979194641,0.4167645275592804,0.8221490979194641,nan,nan,nan,nan,0.6000000238418579,0.030000000447034835,0.593411922454834,0.030000000447034835,0.800000011920929,0.800000011920929,0.593411922454834,0.030000000447034835,0.0,106
nan,nan,0.4093046188354492,0.7172785401344299,0.4093046188354492,0.7172785401344299,nan,nan,nan,nan,0.6000000238418579,0.030000000447034835,0.593411922454834,0.030000000447034835,0.800000011920929,0.800000011920929,0.593411922454834,0.030000000447034835,0.0,107
nan,nan,0.40783536434173584,0.6596722602844238,0.40783536434173584,0.6596722602844238,nan,nan,nan,nan,0.6000000238418579,0.030000000447034835,0.593411922454834,0.030000000447034835,0.800000011920929,0.800000011920929,0.593411922454834,0.030000000447034835,0.0,108
nan,nan,0.4040851593017578,0.5444437861442566,0.4040851593017578,0.5444437861442566,nan,nan,nan,nan,0.6000000238418579,0.030000000447034835,0.593411922454834,0.030000000447034835,0.800000011920929,0.800000011920929,0.593411922454834,0.030000000447034835,0.0,109
nan,nan,0.39932432770729065,0.42520129680633545,0.39932432770729065,0.42520129680633545,nan,nan,nan,nan,0.6000000238418579,0.0,0.593411922454834,0.0,0.800000011920929,0.800000011920929,0.593411922454834,0.0,0.0,110
nan,nan,0.3951292634010315,0.32608988881111145,0.3951292634010315,0.32608988881111145,nan,nan,nan,nan,0.6000000238418579,0.0,0.593411922454834,0.0,0.800000011920929,0.800000011920929,0.593411922454834,0.0,0.0,111
nan,nan,0.39535439014434814,0.33142247796058655,0.39535439014434814,0.33142247796058655,nan,nan,nan,nan,0.800000011920929,0.0,0.7853981852531433,0.0,0.800000011920929,0.800000011920929,0.7853981852531433,0.0,0.0,112
nan,nan,0.39776283502578735,0.3432309031486511,0.39776283502578735,0.3432309031486511,nan,nan,nan,nan,1.0,0.0,0.9948377013206482,0.0,0.800000011920929,0.800000011920929,0.9948377013206482,0.0,0.0,113
nan,nan,0.39786720275878906,0.3401062488555908,0.39786720275878906,0.3401062488555908,nan,nan,nan,nan,1.2000000476837158,0.0,1.186823844909668,0.0,0.800000011920929,0.800000011920929,1.186823844909668,0.0,0.0,114
nan,nan,0.3971638083457947,0.3390844762325287,0.3971638083457947,0.3390844762325287,nan,nan,nan,nan,1.399999976158142,0.0,1.3962633609771729,0.0,0.800000011920929,0.800000011920929,1.3962633609771729,0.0,0.0,115
nan,nan,0.39690008759498596,0.33913055062294006,0.39690008759498596,0.33913055062294006,nan,nan,nan,nan,1.600000023841858,0.0,1.5882495641708374,0.0,0.800000011920929,0.800000011920929,1.5882495641708374,0.0,0.0,116
nan,nan,0.39756178855895996,0.33770787715911865,0.39756178855895996,0.33770787715911865,nan,nan,nan,nan,1.7999999523162842,0.0,1.7976890802383423,0.0,0.800000011920929,0.800000011920929,1.7976890802383423,0.0,0.0,117
nan,nan,0.39566898345947266,0.3379782736301422,0.39566898345947266,0.3379782736301422,nan,nan,nan,nan,2.0,0.030000000447034835,1.9896754026412964,0.030000000447034835,0.800000011920929,0.800000011920929,1.9896754026412964,0.030000000447034835,0.0,118
nan,nan,0.39486685395240784,0.33105695247650146,0.39486685395240784,0.33105695247650146,nan,nan,nan,nan,2.200000047683716,0.030000000447034835,2.1991147994995117,0.030000000447034835,0.800000011920929,0.800000011920929,2.1991147994995117,0.030000000447034835,0.0,119
nan,nan,0.37520670890808105,0.323562353849411,0.37520670890808105,0.323562353849411,nan,nan,nan,nan,2.4000000953674316,0.030000000447034835,2.391101121902466,0.030000000447034835,0.800000011920929,0.800000011920929,2.391101121902466,0.030000000447034835,0.0,120
nan,nan,0.3017726540565491,0.3294978141784668,0.3017726540565491,0.3294978141784668,nan,nan,nan,nan,2.5999999046325684,0.030000000447034835,2.583087205886841,0.030000000447034835,0.800000011920929,0.800000011920929,2.583087205886841,0.030000000447034835,0.0,121
nan,nan,0.2733430564403534,0.35103926062583923,0.2733430564403534,0.35103926062583923,nan,nan,nan,nan,2.799999952316284,0.0,2.7925267219543457,0.0,0.800000011920929,0.800000011920929,2.7925267219543457,0.0,0.0,122
nan,nan,0.20813611149787903,0.40723973512649536,0.20813611149787903,0.40723973512649536,nan,nan,nan,nan,3.0,0.0,2.9845130443573,0.0,0.800000011920929,0.800000011920929,2.9845130443573,0.0,0.0,123
nan,nan,0.18738625943660736,0.42378661036491394,0.18738625943660736,0.42378661036491394,nan,nan,nan,nan,-3.0831851959228516,0.0,-3.0892326831817627,0.0,0.800000011920929,0.800000011920929,-3.0892326831817627,0.0,0.0,124
nan,nan,0.19167739152908325,0.42890405654907227,0.19167739152908325,0.42890405654907227,nan,nan,nan,nan,-2.883185386657715,0.0,-2.8972465991973877,0.0,0.800000011920929,0.800000011920929,-2.8972465991973877,0.0,0.0,125
nan,nan,0.1948244869709015,0.4260900914669037,0.1948244869709015,0.4260900914669037,nan,nan,nan,nan,-2.683185338973999,0.0,-2.687807083129883,0.0,0.800000011920929,0.800000011920929,-2.687807083129883,0.0,0.0,126
nan,nan,0.19205184280872345,0.4238416254520416,0.19205184280872345,0.4238416254520416,nan,nan,nan,nan,-2.483185291290283,0.0,-2.4958207607269287,0.0,0.800000011920929,0.800000011920929,-2.4958207607269287,0.0,0.0,127
nan,nan,0.19345973432064056,0.42388081550598145,0.19345973432064056,0.42388081550598145,nan,nan,nan,nan,-2.2831852436065674,0.0,-2.286381244659424,0.0,0.800000011920929,0.800000011920929,-2.286381244659424,0.0,0.0,128
nan,nan,0.1920527070760727,0.42236363887786865,0.1920527070760727,0.42236363887786865,nan,nan,nan,nan,-2.0831851959228516,0.030000000447034835,-2.094395160675049,0.030000000447034835,0.800000011920929,0.800000011920929,-2.094395160675049,0.030000000447034835,0.0,129
nan,nan,0.19529975950717926,0.4202345609664917,0.19529975950717926,0.4202345609664917,nan,nan,nan,nan,-2.0831851959228516,0.030000000447034835,-2.094395160675049,0.030000000447034835,0.800000011920929,0.800000011920929,-2.094395160675049,0.030000000447034835,0.0,130
nan,nan,0.21062999963760376,0.440665602684021,0.21062999963760376,0.440665602684021,nan,nan,nan,nan,-2.0831851959228516,0.030000000447034835,-2.094395160675049,0.030000000447034835,0.800000011920929,0.800000011920929,-2.094395160675049,0.030000000447034835,0.0,131
nan,nan,0.21537816524505615,0.4625658690929413,0.21537816524505615,0.4625658690929413,nan,nan,nan,nan,-2.0831851959228516,0.030000000447034835,-2.094395160675049,0.030000000447034835,0.800000011920929,0.800000011920929,-2.094395160675049,0.030000000447034835,0.0,132
nan,nan,0.24909162521362305,0.5240433812141418,0.24909162521362305,0.5240433812141418,nan,nan,nan,nan,-2.2831852436065674,0.030000000447034835,-2.286381244659424,0.030000000447034835,0.800000011920929,0.800000011920929,-2.286381244659424,0.030000000447034835,0.0,133
nan,nan,0.27787384390830994,0.5657362341880798,0.27787384390830994,0.5657362341880798,nan,nan,nan,nan,-2.2831852436065674,0.030000000447034835,-2.286381244659424,0.030000000447034835,0.800000011920929,0.800000011920929,-2.286381244659424,0.030000000447034835,0.0,134
nan,nan,0.30819740891456604,0.6698576807975769,0.30819740891456604,0.6698576807975769,nan,nan,nan,nan,-2.2831852436065674,0.030000000447034835,-2.286381244659424,0.030000000447034835,0.800000011920929,0.800000011920929,-2.286381244659424,0.030000000447034835,0.0,135
nan,nan,0.315824419260025,0.730147659778595,0.315824419260025,0.730147659778595,nan,nan,nan,nan,-2.2831852436065674,0.030000000447034835,-2.286381244659424,0.030000000447034835,0.800000011920929,0.800000011920929,-2.286381244659424,0.030000000447034835,0.0,136
nan,nan,0.35392722487449646,0.8472152352333069,0.35392722487449646,0.8472152352333069,nan,nan,nan,nan,-2.0831851959228516,0.030000000447034835,-2.094395160675049,0.030000000447034835,0.800000011920929,0.800000011920929,-2.094395160675049,0.030000000447034835,0.0,137
nan,nan,0.38042864203453064,0.9063023328781128,0.38042864203453064,0.9063023328781128,nan,nan,nan,nan,-2.0831851959228516,0.030000000447034835,-2.094395160675049,0.030000000447034835,0.800000011920929,0.800000011920929,-2.094395160675049,0.030000000447034835,0.0,138
nan,nan,0.4419361650943756,1.0112048387527466,0.4419361650943756,1.0112048387527466,nan,nan,nan,nan,-2.0831851959228516,0.030000000447034835,-2.094395160675049,0.030000000447034835,0.800000011920929,0.800000011920929,-2.094395160675049,0.030000000447034835,0.0,139
nan,nan,0.4742651879787445,1.0629725456237793,0.4742651879787445,1.0629725456237793,nan,nan,nan,nan,-2.2831852436065674,0.0,-2.286381244659424,0.0,0.800000011920929,0.800000011920929,-2.286381244659424,0.0,0.0,140
nan,nan,0.5200167894363403,1.1654272079467773,0.5200167894363403,1.1654272079467773,nan,nan,nan,nan,-2.483185291290283,0.0,-2.4958207607269287,0.0,0.800000011920929,0.800000011920929,-2.4958207607269287,0.0,0.0,141
nan,nan,0.5108563899993896,1.197737455368042,0.5108563899993896,1.197737455368042,nan,nan,nan,nan,-2.683185338973999,0.0,-2.687807083129883,0.0,0.800000011920929,0.800000011920929,-2.687807083129883,0.0,0.0,142
nan,nan,0.5068683624267578,1.1965725421905518,0.5068683624267578,1.1965725421905518,nan,nan,nan,nan,-2.883185386657715,0.0,-2.8972465991973877,0.0,0.800000011920929,0.800000011920929,-2.8972465991973877,0.0,0.0,143
nan,nan,0.5165068507194519,1.1934354305267334,0.5165068507194519,1.1934354305267334,nan,nan,nan,nan,-3.0831851959228516,0.0,-3.0892326831817627,0.0,0.800000011920929,0.800000011920929,-3.0892326831817627,0.0,0.0,144
nan,nan,0.5124410390853882,1.1969798803329468,0.5124410390853882,1.1969798803329468,nan,nan,nan,nan,3.0,0.0,2.9845130443573,0.0,0.800000011920929,0.800000011920929,2.9845130443573,0.0,0.0,145
nan,nan,0.5143808722496033,1.199697732925415,0.5143808722496033,1.199697732925415,nan,nan,nan,nan,2.799999952316284,0.0,2.7925267219543457,0.0,0.800000011920929,0.800000011920929,2.7925267219543457,0.0,0.0,146
nan,nan,0.5124107599258423,1.1988242864608765,0.5124107599258423,1.1988242864608765,nan,nan,nan,nan,2.5999999046325684,0.0,2.583087205886841,0.0,0.800000011920929,0.800000011920929,2.583087205886841,0.0,0.0,147
nan,nan,0.5141652226448059,1.198494791984558,0.5141652226448059,1.198494791984558,nan,nan,nan,nan,2.4000000953674316,0.0,2.391101121902466,0.0,0.800000011920929,0.800000011920929,2.391101121902466,0.0,0.0,148
nan,nan,0.5139504671096802,1.201229214668274,0.5139504671096802,1.201229214668274,nan,nan,nan,nan,2.200000047683716,0.0,2.1991147994995117,0.0,0.800000011920929,0.800000011920929,2.1991147994995117,0.0,0.0,149
nan,nan,0.5131931900978088,1.200903296470642,0.5131931900978088,1.200903296470642,nan,nan,nan,nan,2.0,0.0,1.9896754026412964,0.0,0.800000011920929,0.800000011920929,1.9896754026412964,0.0,0.0,150
nan,nan,0.5130963325500488,1.2000348567962646,0.5130963325500488,1.2000348567962646,nan,nan,nan,nan,1.7999999523162842,0.0,1.7976890802383423,0.0,0.800000011920929,0.800000011920929,1.7976890802383423,0.0,0.0,151
nan,nan,0.5142185688018799,1.2007887363433838,0.5142185688018799,1.2007887363433838,nan,nan,nan,nan,1.600000023841858,0.0,1.5882495641708374,0.0,0.800000011920929,0.800000011920929,1.5882495641708374,0.0,0.0,152
nan,nan,0.5159245133399963,1.2025898694992065,0.5159245133399963,1.2025898694992065,nan,nan,nan,nan,1.399999976158142,0.0,1.3962633609771729,0.0,0.800000011920929,0.800000011920929,1.3962633609771729,0.0,0.0,153
nan,nan,0.5157610774040222,1.201796293258667,0.5157610774040222,1.201796293258667,nan,nan,nan,nan,1.2000000476837158,0.0,1.186823844909668,0.0,0.800000011920929,0.800000011920929,1.186823844909668,0.0,0.0,154
nan,nan,0.5162758827209473,1.2036422491073608,0.5162758827209473,1.2036422491073608,nan,nan,nan,nan,1.0,0.0,0.9948377013206482,0.0,0.800000011920929,0.800000011920929,0.9948377013206482,0.0,0.0,155
nan,nan,0.517038106918335,1.2035269737243652,0.517038106918335,1.2035269737243652,nan,nan,nan,nan,0.800000011920929,0.0,0.7853981852531433,0.0,0.800000011920929,0.800000011920929,0.7853981852531433,0.0,0.0,156
nan,nan,0.5179985761642456,1.2071611881256104,0.5179985761642456,1.2071611881256104,nan,nan,nan,nan,0.6000000238418579,0.0,0.593411922454834,0.0,0.800000011920929,0.800000011920929,0.593411922454834,0.0,0.0,157
nan,nan,0.5179985761642456,1.2071611881256104,0.5179985761642456,1.2071611881256104,nan,nan,nan,nan,0.6000000238418579,0.0,0.593411922454834,0.0,0.800000011920929,0.800000011920929,0.593411922454834,0.0,0.0,158
nan,nan,0.5179985761642456,1.2071611881256104,0.5179985761642456,1.2071611881256104,nan,nan,nan,nan,0.6000000238418579,0.030000000447034835,0.593411922454834,0.030000000447034835,0.800000011920929,0.800000011920929,0.593411922454834,0.030000000447034835,0.0,159
nan,nan,0.5187466740608215,1.2087438106536865,0.5187466740608215,1.2087438106536865,nan,nan,nan,nan,0.6000000238418579,0.030000000447034835,0.593411922454834,0.030000000447034835,0.800000011920929,0.800000011920929,0.593411922454834,0.030000000447034835,0.0,160
nan,nan,0.5163233876228333,1.201055645942688,0.5163233876228333,1.201055645942688,nan,nan,nan,nan,0.6000000238418579,0.030000000447034835,0.593411922454834,0.030000000447034835,0.800000011920929,0.800000011920929,0.593411922454834,0.030000000447034835,0.0,161
nan,nan,0.5125185251235962,1.1560580730438232,0.5125185251235962,1.1560580730438232,nan,nan,nan,nan,0.6000000238418579,0.030000000447034835,0.593411922454834,0.030000000447034835,0.800000011920929,0.800000011920929,0.593411922454834,0.030000000447034835,0.0,162
nan,nan,0.5178800225257874,1.0771571397781372,0.5178800225257874,1.0771571397781372,nan,nan,nan,nan,0.6000000238418579,0.030000000447034835,0.593411922454834,0.030000000447034835,0.800000011920929,0.800000011920929,0.593411922454834,0.030000000447034835,0.0,163
nan,nan,0.5159018635749817,1.028503179550171,0.5159018635749817,1.028503179550171,nan,nan,nan,nan,0.6000000238418579,0.030000000447034835,0.593411922454834,0.030000000447034835,0.800000011920929,0.800000011920929,0.593411922454834,0.030000000447034835,0.0,164
nan,nan,0.5055636167526245,0.917161226272583,0.5055636167526245,0.917161226272583,nan,nan,nan,nan,0.6000000238418579,0.030000000447034835,0.593411922454834,0.030000000447034835,0.800000011920929,0.800000011920929,0.593411922454834,0.030000000447034835,0.0,165
nan,nan,0.505469560623169,0.7977731227874756,0.505469560623169,0.7977731227874756,nan,nan,nan,nan,0.6000000238418579,0.030000000447034835,0.593411922454834,0.030000000447034835,0.800000011920929,0.800000011920929,0.593411922454834,0.030000000447034835,0.0,166
nan,nan,0.5027753114700317,0.734765350818634,0.5027753114700317,0.734765350818634,nan,nan,nan,nan,0.800000011920929,0.030000000447034835,0.7853981852531433,0.030000000447034835,0.800000011920929,0.800000011920929,0.7853981852531433,0.030000000447034835,0.0,167
nan,nan,0.49709734320640564,0.6727677583694458,0.49709734320640564,0.6727677583694458,nan,nan,nan,nan,0.800000011920929,0.030000000447034835,0.7853981852531433,0.030000000447034835,0.800000011920929,0.800000011920929,0.7853981852531433,0.030000000447034835,0.0,168
nan,nan,0.4608146548271179,0.5558493137359619,0.4608146548271179,0.5558493137359619,nan,nan,nan,nan,0.800000011920929,0.030000000447034835,0.7853981852531433,0.030000000447034835,0.800000011920929,0.800000011920929,0.7853981852531433,0.030000000447034835,0.0,169
nan,nan,0.4267503023147583,0.436998188495636,0.4267503023147583,0.436998188495636,nan,nan,nan,nan,0.800000011920929,0.0,0.7853981852531433,0.0,0.800000011920929,0.800000011920929,0.7853981852531433,0.0,0.0,170
nan,nan,0.41018059849739075,0.3356105089187622,0.41018059849739075,0.3356105089187622,nan,nan,nan,nan,0.800000011920929,0.0,0.7853981852531433,0.0,0.800000011920929,0.800000011920929,0.7853981852531433,0.0,0.0,171
nan,nan,0.40289488434791565,0.3271380364894867,0.40289488434791565,0.3271380364894867,nan,nan,nan,nan,0.800000011920929,0.0,0.7853981852531433,0.0,0.800000011920929,0.800000011920929,0.7853981852531433,0.0,0.0,172
nan,nan,0.40289488434791565,0.3271380364894867,0.40289488434791565,0.3271380364894867,nan,nan,nan,nan,0.800000011920929,0.030000000447034835,0.7853981852531433,0.030000000447034835,0.800000011920929,0.800000011920929,0.7853981852531433,0.030000000447034835,0.0,173
nan,nan,0.4012318253517151,0.31567060947418213,0.4012318253517151,0.31567060947418213,nan,nan,nan,nan,0.800000011920929,0.030000000447034835,0.7853981852531433,0.030000000447034835,0.800000011920929,0.800000011920929,0.7853981852531433,0.030000000447034835,0.0,174
nan,nan,0.39494994282722473,0.30083921551704407,0.39494994282722473,0.30083921551704407,nan,nan,nan,nan,0.800000011920929,0.030000000447034835,0.7853981852531433,0.030000000447034835,0.800000011920929,0.800000011920929,0.7853981852531433,0.030000000447034835,0.0,175
nan,nan,0.37744587659835815,0.2392980307340622,0.37744587659835815,0.2392980307340622,nan,nan,nan,nan,0.800000011920929,0.030000000447034835,0.7853981852531433,0.030000000447034835,0.800000011920929,0.800000011920929,0.7853981852531433,0.030000000447034835,0.0,176
nan,nan,0.36825117468833923,0.18885846436023712,0.36825117468833923,0.18885846436023712,nan,nan,nan,nan,0.800000011920929,0.0,0.7853981852531433,0.0,0.800000011920929,0.800000011920929,0.7853981852531433,0.0,0.0,177
nan,nan,0.34463030099868774,0.09276627749204636,0.34463030099868774,0.09276627749204636,nan,nan,nan,nan,1.0,0.0,0.9948377013206482,0.0,0.800000011920929,0.800000011920929,0.9948377013206482,0.0,0.0,178
nan,nan,0.33131733536720276,0.07331875711679459,0.33131733536720276,0.07331875711679459,nan,nan,nan,nan,1.2000000476837158,0.0,1.186823844909668,0.0,0.800000011920929,0.800000011920929,1.186823844909668,0.0,0.0,179
nan,nan,0.33544549345970154,0.07383345067501068,0.33544549345970154,0.07383345067501068,nan,nan,nan,nan,1.399999976158142,0.0,1.3962633609771729,0.0,0.800000011920929,0.800000011920929,1.3962633609771729,0.0,0.0,180
nan,nan,0.3344857096672058,0.07349313795566559,0.3344857096672058,0.07349313795566559,nan,nan,nan,nan,1.600000023841858,0.0,1.5882495641708374,0.0,0.800000011920929,0.800000011920929,1.5882495641708374,0.0,0.0,181
nan,nan,0.3338668942451477,0.07470613718032837,0.3338668942451477,0.07470613718032837,nan,nan,nan,nan,1.7999999523162842,0.0,1.7976890802383423,0.0,0.800000011920929,0.800000011920929,1.7976890802383423,0.0,0.0,182
nan,nan,0.33446604013442993,0.07251082360744476,0.33446604013442993,0.07251082360744476,nan,nan,nan,nan,2.0,0.0,1.9896754026412964,0.0,0.800000011920929,0.800000011920929,1.9896754026412964,0.0,0.0,183
nan,nan,0.3347831964492798,0.07063577324151993,0.3347831964492798,0.07063577324151993,nan,nan,nan,nan,2.0,0.0,1.9896754026412964,0.0,0.800000011920929,0.800000011920929,1.9896754026412964,0.0,0.0,184
nan,nan,0.3347831964492798,0.07063577324151993,0.3347831964492798,0.07063577324151993,nan,nan,nan,nan,2.0,0.0,1.9896754026412964,0.0,0.800000011920929,0.800000011920929,1.9896754026412964,0.0,0.0,185
nan,nan,0.3347831964492798,0.07063577324151993,0.3347831964492798,0.07063577324151993,nan,nan,nan,nan,2.0,0.0,1.9896754026412964,0.0,0.800000011920929,0.800000011920929,1.9896754026412964,0.0,0.0,186
nan,nan,0.3347831964492798,0.07063577324151993,0.3347831964492798,0.07063577324151993,nan,nan,nan,nan,2.200000047683716,0.0,2.1991147994995117,0.0,0.800000011920929,0.800000011920929,2.1991147994995117,0.0,0.0,187
nan,nan,0.3327275812625885,0.07167145609855652,0.3327275812625885,0.07167145609855652,nan,nan,nan,nan,2.200000047683716,0.0,2.1991147994995117,0.0,0.800000011920929,0.800000011920929,2.1991147994995117,0.0,0.0,188
nan,nan,0.3336948752403259,0.06872361153364182,0.3336948752403259,0.06872361153364182,nan,nan,nan,nan,2.4000000953674316,0.0,2.391101121902466,0.0,0.800000011920929,0.800000011920929,2.391101121902466,0.0,0.0,189
nan,nan,0.335178405046463,0.06953416019678116,0.335178405046463,0.06953416019678116,nan,nan,nan,nan,2.5999999046325684,0.0,2.583087205886841,0.0,0.800000011920929,0.800000011920929,2.583087205886841,0.0,0.0,190
nan,nan,0.3349652588367462,0.06797658652067184,0.3349652588367462,0.06797658652067184,nan,nan,nan,nan,2.5999999046325684,0.0,2.583087205886841,0.0,0.800000011920929,0.800000011920929,2.583087205886841,0.0,0.0,191
nan,nan,0.3356010913848877,0.06833462417125702,0.3356010913848877,0.06833462417125702,nan,nan,nan,nan,2.5999999046325684,0.0,2.583087205886841,0.0,0.800000011920929,0.800000011920929,2.583087205886841,0.0,0.0,192
nan,nan,0.33559539914131165,0.06902328133583069,0.33559539914131165,0.06902328133583069,nan,nan,nan,nan,2.5999999046325684,0.0,2.583087205886841,0.0,0.800000011920929,0.800000011920929,2.583087205886841,0.0,0.0,193
nan,nan,0.3351908326148987,0.06581577658653259,0.3351908326148987,0.06581577658653259,nan,nan,nan,nan,2.5999999046325684,0.0,2.583087205886841,0.0,0.800000011920929,0.800000011920929,2.583087205886841,0.0,0.0,194
nan,nan,0.33609071373939514,0.06767939031124115,0.33609071373939514,0.06767939031124115,nan,nan,nan,nan,2.5999999046325684,0.0,2.583087205886841,0.0,0.800000011920929,0.800000011920929,2.583087205886841,0.0,0.0,195
nan,nan,0.33609071373939514,0.06767939031124115,0.33609071373939514,0.06767939031124115,nan,nan,nan,nan,2.5999999046325684,0.0,2.583087205886841,0.0,0.800000011920929,0.800000011920929,2.583087205886841,0.0,0.0,196
nan,nan,0.33609071373939514,0.06767939031124115,0.33609071373939514,0.06767939031124115,nan,nan,nan,nan,2.5999999046325684,0.030000000447034835,2.583087205886841,0.030000000447034835,0.800000011920929,0.800000011920929,2.583087205886841,0.030000000447034835,0.0,197
nan,nan,0.3308504819869995,0.0745934322476387,0.3308504819869995,0.0745934322476387,nan,nan,nan,nan,2.5999999046325684,0.030000000447034835,2.583087205886841,0.030000000447034835,0.800000011920929,0.800000011920929,2.583087205886841,0.030000000447034835,0.0,198
nan,nan,0.31657570600509644,0.07796476036310196,0.31657570600509644,0.07796476036310196,nan,nan,nan,nan,2.5999999046325684,0.030000000447034835,2.583087205886841,0.030000000447034835,0.800000011920929,0.800000011920929,2.583087205886841,0.030000000447034835,0.0,199
nan,nan,0.2964228689670563,0.0817965492606163,0.2964228689670563,0.0817965492606163,nan,nan,nan,nan,2.5999999046325684,0.0,2.583087205886841,0.0,0.800000011920929,0.800000011920929,2.583087205886841,0.0,0.0,200
nan,nan,0.2112969309091568,0.13478216528892517,0.2112969309091568,0.13478216528892517,nan,nan,nan,nan,2.5999999046325684,0.0,2.583087205886841,0.0,0.800000011920929,0.800000011920929,2.583087205886841,0.0,0.0,201
nan,nan,0.2018764764070511,0.13702255487442017,0.2018764764070511,0.13702255487442017,nan,nan,nan,nan,2.5999999046325684,0.030000000447034835,2.583087205886841,0.030000000447034835,0.800000011920929,0.800000011920929,2.583087205886841,0.030000000447034835,0.0,202
nan,nan,0.20678290724754333,0.13034681975841522,0.20678290724754333,0.13034681975841522,nan,nan,nan,nan,2.5999999046325684,0.030000000447034835,2.583087205886841,0.030000000447034835,0.800000011920929,0.800000011920929,2.583087205886841,0.030000000447034835,0.0,203
nan,nan,0.21154704689979553,0.13519547879695892,0.21154704689979553,0.13519547879695892,nan,nan,nan,nan,2.5999999046325684,0.030000000447034835,2.583087205886841,0.030000000447034835,0.800000011920929,0.800000011920929,2.583087205886841,0.030000000447034835,0.0,204
nan,nan,0.16995739936828613,0.15955689549446106,0.16995739936828613,0.15955689549446106,nan,nan,nan,nan,2.5999999046325684,0.030000000447034835,2.583087205886841,0.030000000447034835,0.800000011920929,0.800000011920929,2.583087205886841,0.030000000447034835,0.0,205
nan,nan,0.12970882654190063,0.1713329255580902,0.12970882654190063,0.1713329255580902,nan,nan,nan,nan,2.799999952316284,0.0,2.7925267219543457,0.0,0.800000011920929,0.800000011920929,2.7925267219543457,0.0,0.0,206
nan,nan,0.044578585773706436,0.21170026063919067,0.044578585773706436,0.21170026063919067,nan,nan,nan,nan,3.0,0.0,2.9845130443573,0.0,0.800000011920929,0.800000011920929,2.9845130443573,0.0,0.0,207
nan,nan,0.02230932004749775,0.2643834948539734,0.02230932004749775,0.2643834948539734,nan,nan,nan,nan,-3.0831851959228516,0.0,-3.0892326831817627,0.0,0.800000011920929,0.800000011920929,-3.0892326831817627,0.0,0.0,208
nan,nan,0.01977836899459362,0.27010971307754517,0.01977836899459362,0.27010971307754517,nan,nan,nan,nan,-2.883185386657715,0.0,-2.8972465991973877,0.0,0.800000011920929,0.800000011920929,-2.8972465991973877,0.0,0.0,209
nan,nan,0.021958893164992332,0.2630719542503357,0.021958893164992332,0.2630719542503357,nan,nan,nan,nan,-2.683185338973999,0.0,-2.687807083129883,0.0,0.800000011920929,0.800000011920929,-2.687807083129883,0.0,0.0,210
nan,nan,0.02250274084508419,0.26466596126556396,0.02250274084508419,0.26466596126556396,nan,nan,nan,nan,-2.483185291290283,0.0,-2.4958207607269287,0.0,0.800000011920929,0.800000011920929,-2.4958207607269287,0.0,0.0,211
nan,nan,0.02207564003765583,0.2669602334499359,0.02207564003765583,0.2669602334499359,nan,nan,nan,nan,-2.2831852436065674,0.0,-2.286381244659424,0.0,0.800000011920929,0.800000011920929,-2.286381244659424,0.0,0.0,212
nan,nan,0.02192484773695469,0.2666398882865906,0.02192484773695469,0.2666398882865906,nan,nan,nan,nan,-2.0831851959228516,0.0,-2.094395160675049,0.0,0.800000011920929,0.800000011920929,-2.094395160675049,0.0,0.0,213
nan,nan,0.02203453704714775,0.26794829964637756,0.02203453704714775,0.26794829964637756,nan,nan,nan,nan,-2.0831851959228516,0.030000000447034835,-2.094395160675049,0.030000000447034835,0.800000011920929,0.800000011920929,-2.094395160675049,0.030000000447034835,0.0,214
nan,nan,0.02488156035542488,0.2721984088420868,0.02488156035542488,0.2721984088420868,nan,nan,nan,nan,-2.0831851959228516,0.030000000447034835,-2.094395160675049,0.030000000447034835,0.800000011920929,0.800000011920929,-2.094395160675049,0.030000000447034835,0.0,215
nan,nan,0.042225081473588943,0.3048337697982788,0.042225081473588943,0.3048337697982788,nan,nan,nan,nan,-2.2831852436065674,0.030000000447034835,-2.286381244659424,0.030000000447034835,0.800000011920929,0.800000011920929,-2.286381244659424,0.030000000447034835,0.0,216
nan,nan,0.05607910081744194,0.33038628101348877,0.05607910081744194,0.33038628101348877,nan,nan,nan,nan,-2.2831852436065674,0.030000000447034835,-2.286381244659424,0.030000000447034835,0.800000011920929,0.800000011920929,-2.286381244659424,0.030000000447034835,0.0,217
nan,nan,0.08638259023427963,0.4129845201969147,0.08638259023427963,0.4129845201969147,nan,nan,nan,nan,-2.2831852436065674,0.030000000447034835,-2.286381244659424,0.030000000447034835,0.800000011920929,0.800000011920929,-2.286381244659424,0.030000000447034835,0.0,218
nan,nan,0.10974244773387909,0.5165942907333374,0.10974244773387909,0.5165942907333374,nan,nan,nan,nan,-2.2831852436065674,0.030000000447034835,-2.286381244659424,0.030000000447034835,0.800000011920929,0.800000011920929,-2.286381244659424,0.030000000447034835,0.0,219
nan,nan,0.12629927694797516,0.5703429579734802,0.12629927694797516,0.5703429579734802,nan,nan,nan,nan,-2.2831852436065674,0.030000000447034835,-2.286381244659424,0.030000000447034835,0.800000011920929,0.800000011920929,-2.286381244659424,0.030000000447034835,0.0,220
nan,nan,0.16547419130802155,0.6818174123764038,0.16547419130802155,0.6818174123764038,nan,nan,nan,nan,-2.2831852436065674,0.030000000447034835,-2.286381244659424,0.030000000447034835,0.800000011920929,0.800000011920929,-2.286381244659424,0.030000000447034835,0.0,221
nan,nan,0.1825072318315506,0.7394961714744568,0.1825072318315506,0.7394961714744568,nan,nan,nan,nan,-2.483185291290283,0.030000000447034835,-2.4958207607269287,0.030000000447034835,0.800000011920929,0.800000011920929,-2.4958207607269287,0.030000000447034835,0.0,222
nan,nan,0.20567461848258972,0.8614453077316284,0.20567461848258972,0.8614453077316284,nan,nan,nan,nan,-2.483185291290283,0.030000000447034835,-2.4958207607269287,0.030000000447034835,0.800000011920929,0.800000011920929,-2.4958207607269287,0.030000000447034835,0.0,223
nan,nan,0.20463748276233673,0.981586754322052,0.20463748276233673,0.981586754322052,nan,nan,nan,nan,-2.483185291290283,0.030000000447034835,-2.4958207607269287,0.030000000447034835,0.800000011920929,0.800000011920929,-2.4958207607269287,0.030000000447034835,0.0,224
nan,nan,0.20887601375579834,1.0429439544677734,0.20887601375579834,1.0429439544677734,nan,nan,nan,nan,-2.2831852436065674,0.030000000447034835,-2.286381244659424,0.030000000447034835,0.800000011920929,0.800000011920929,-2.286381244659424,0.030000000447034835,0.0,225
nan,nan,0.2202760875225067,1.0996705293655396,0.2202760875225067,1.0996705293655396,nan,nan,nan,nan,-2.0831851959228516,0.0,-2.094395160675049,0.0,0.800000011920929,0.800000011920929,-2.094395160675049,0.0,0.0,226
nan,nan,0.2692963182926178,1.206756353378296,0.2692963182926178,1.206756353378296,nan,nan,nan,nan,-1.8831852674484253,0.0,-1.884955644607544,0.0,0.800000011920929,0.800000011920929,-1.884955644607544,0.0,0.0,227
nan,nan,0.3125363886356354,1.227449893951416,0.3125363886356354,1.227449893951416,nan,nan,nan,nan,-1.8831852674484253,0.0,-1.884955644607544,0.0,0.800000011920929,0.800000011920929,-1.884955644607544,0.0,0.0,228
nan,nan,0.3081701695919037,1.2288566827774048,0.3081701695919037,1.2288566827774048,nan,nan,nan,nan,-1.683185338973999,0.0,-1.6929693222045898,0.0,0.800000011920929,0.800000011920929,-1.6929693222045898,0.0,0.0,229
nan,nan,0.3140716552734375,1.2280668020248413,0.3140716552734375,1.2280668020248413,nan,nan,nan,nan,-1.4831852912902832,0.0,-1.483529806137085,0.0,0.800000011920929,0.800000011920929,-1.483529806137085,0.0,0.0,230
nan,nan,0.313245952129364,1.2288588285446167,0.313245952129364,1.2288588285446167,nan,nan,nan,nan,-1.283185362815857,0.0,-1.2915436029434204,0.0,0.800000011920929,0.800000011920929,-1.2915436029434204,0.0,0.0,231
nan,nan,0.30907830595970154,1.2312185764312744,0.30907830595970154,1.2312185764312744,nan,nan,nan,nan,-1.0831853151321411,0.0,-1.0995573997497559,0.0,0.800000011920929,0.800000011920929,-1.0995573997497559,0.0,0.0,232
nan,nan,0.3106292486190796,1.231274127960205,0.3106292486190796,1.231274127960205,nan,nan,nan,nan,-0.8831853270530701,0.0,-0.8901179432868958,0.0,0.800000011920929,0.800000011920929,-0.8901179432868958,0.0,0.0,233
nan,nan,0.3094705641269684,1.232560634613037,0.3094705641269684,1.232560634613037,nan,nan,nan,nan,-0.6831852793693542,0.0,-0.6981316804885864,0.0,0.800000011920929,0.800000011920929,-0.6981316804885864,0.0,0.0,234
nan,nan,0.3083800971508026,1.2355927228927612,0.3083800971508026,1.2355927228927612,nan,nan,nan,nan,-0.6831852793693542,0.0,-0.6981316804885864,0.0,0.800000011920929,0.800000011920929,-0.6981316804885864,0.0,0.0,235
nan,nan,0.3083800971508026,1.2355927228927612,0.3083800971508026,1.2355927228927612,nan,nan,nan,nan,-0.4831853210926056,0.0,-0.48869219422340393,0.0,0.800000011920929,0.800000011920929,-0.48869219422340393,0.0,0.0,236
nan,nan,0.3090668320655823,1.238190770149231,0.3090668320655823,1.238190770149231,nan,nan,nan,nan,-0.4831853210926056,0.0,-0.48869219422340393,0.0,0.800000011920929,0.800000011920929,-0.48869219422340393,0.0,0.0,237
nan,nan,0.3090297281742096,1.2380567789077759,0.3090297281742096,1.2380567789077759,nan,nan,nan,nan,-0.4831853210926056,0.030000000447034835,-0.48869219422340393,0.030000000447034835,0.800000011920929,0.800000011920929,-0.48869219422340393,0.030000000447034835,0.0,238
nan,nan,0.30945757031440735,1.238645076751709,0.30945757031440735,1.238645076751709,nan,nan,nan,nan,-0.4831853210926056,0.030000000447034835,-0.48869219422340393,0.030000000447034835,0.800000011920929,0.800000011920929,-0.48869219422340393,0.030000000447034835,0.0,239
nan,nan,0.3397115170955658,1.2337645292282104,0.3397115170955658,1.2337645292282104,nan,nan,nan,nan,-0.4831853210926056,0.030000000447034835,-0.48869219422340393,0.030000000447034835,0.800000011920929,0.800000011920929,-0.48869219422340393,0.030000000447034835,0.0,240
nan,nan,0.38889071345329285,1.1931949853897095,0.38889071345329285,1.1931949853897095,nan,nan,nan,nan,-0.4831853210926056,0.0,-0.48869219422340393,0.0,0.800000011920929,0.800000011920929,-0.48869219422340393,0.0,0.0,241
nan,nan,0.4411499500274658,1.1590627431869507,0.4411499500274658,1.1590627431869507,nan,nan,nan,nan,-0.4831853210926056,0.0,-0.48869219422340393,0.0,0.800000011920929,0.800000011920929,-0.48869219422340393,0.0,0.0,242
nan,nan,0.4410248398780823,1.1612043380737305,0.4410248398780823,1.1612043380737305,nan,nan,nan,nan,-0.28318530321121216,0.0,-0.296705961227417,0.0,0.800000011920929,0.800000011920929,-0.296705961227417,0.0,0.0,243
nan,nan,0.4397803544998169,1.1587705612182617,0.4397803544998169,1.1587705612182617,nan,nan,nan,nan,-0.08318530768156052,0.0,-0.0872664600610733,0.0,0.800000011920929,0.800000011920929,-0.0872664600610733,0.0,0.0,244
nan,nan,0.4443066418170929,1.158975601196289,0.4443066418170929,1.158975601196289,nan,nan,nan,nan,0.11681469529867172,0.0,0.10471975803375244,0.0,0.800000011920929,0.800000011920929,0.10471975803375244,0.0,0.0,245
nan,nan,0.4448278248310089,1.157748818397522,0.4448278248310089,1.157748818397522,nan,nan,nan,nan,0.31681469082832336,0.0,0.3141592741012573,0.0,0.800000011920929,0.800000011920929,0.3141592741012573,0.0,0.0,246
nan,nan,0.4459443986415863,1.156359076499939,0.4459443986415863,1.156359076499939,nan,nan,nan,nan,0.5168147087097168,0.0,0.5061454772949219,0.0,0.800000011920929,0.800000011920929,0.5061454772949219,0.0,0.0,247
nan,nan,0.44794273376464844,1.1579729318618774,0.44794273376464844,1.1579729318618774,nan,nan,nan,nan,0.5168147087097168,0.030000000447034835,0.5061454772949219,0.030000000447034835,0.800000011920929,0.800000011920929,0.5061454772949219,0.030000000447034835,0.0,248
nan,nan,0.4399581253528595,1.1489620208740234,0.4399581253528595,1.1489620208740234,nan,nan,nan,nan,0.5168147087097168,0.030000000447034835,0.5061454772949219,0.030000000447034835,0.800000011920929,0.800000011920929,0.5061454772949219,0.030000000447034835,0.0,249
nan,nan,0.44125983119010925,1.1349105834960938,0.44125983119010925,1.1349105834960938,nan,nan,nan,nan,0.5168147087097168,0.030000000447034835,0.5061454772949219,0.030000000447034835,0.800000011920929,0.800000011920929,0.5061454772949219,0.030000000447034835,0.0,250
nan,nan,0.45082613825798035,1.0837712287902832,0.45082613825798035,1.0837712287902832,nan,nan,nan,nan,0.31681469082832336,0.030000000447034835,0.3141592741012573,0.030000000447034835,0.800000011920929,0.800000011920929,0.3141592741012573,0.030000000447034835,0.0,251
nan,nan,0.451138973236084,1.0432682037353516,0.451138973236084,1.0432682037353516,nan,nan,nan,nan,0.31681469082832336,0.030000000447034835,0.3141592741012573,0.030000000447034835,0.800000011920929,0.800000011920929,0.3141592741012573,0.030000000447034835,0.0,252
nan,nan,0.47100913524627686,0.9566069841384888,0.47100913524627686,0.9566069841384888,nan,nan,nan,nan,0.31681469082832336,0.030000000447034835,0.3141592741012573,0.030000000447034835,0.800000011920929,0.800000011920929,0.3141592741012573,0.030000000447034835,0.0,253
nan,nan,0.5066943764686584,0.8531786203384399,0.5066943764686584,0.8531786203384399,nan,nan,nan,nan,0.31681469082832336,0.030000000447034835,0.3141592741012573,0.030000000447034835,0.800000011920929,0.800000011920929,0.3141592741012573,0.030000000447034835,0.0,254
nan,nan,0.5177483558654785,0.7949349880218506,0.5177483558654785,0.7949349880218506,nan,nan,nan,nan,0.5168147087097168,0.030000000447034835,0.5061454772949219,0.030000000447034835,0.800000011920929,0.800000011920929,0.5061454772949219,0.030000000447034835,0.0,255
nan,nan,0.5276060104370117,0.7331344485282898,0.5276060104370117,0.7331344485282898,nan,nan,nan,nan,0.7168146967887878,0.030000000447034835,0.7155849933624268,0.030000000447034835,0.800000011920929,0.800000011920929,0.7155849933624268,0.030000000447034835,0.0,256
nan,nan,0.5060893893241882,0.5434312224388123,0.5060893893241882,0.5434312224388123,nan,nan,nan,nan,0.9168146848678589,0.0,0.9075711965560913,0.0,0.800000011920929,0.800000011920929,0.9075711965560913,0.0,1.0,257
nan,nan,0.4602417051792145,0.4463594853878021,0.4602417051792145,0.4463594853878021,nan,nan,nan,nan,0.9168146848678589,0.030000000447034835,0.9075711965560913,0.030000000447034835,0.800000011920929,0.800000011920929,0.9075711965560913,0.030000000447034835,0.0,258
nan,nan,0.4491763412952423,0.42980054020881653,0.4491763412952423,0.42980054020881653,nan,nan,nan,nan,0.7168146967887878,0.030000000447034835,0.7155849933624268,0.030000000447034835,0.800000011920929,0.800000011920929,0.7155849933624268,0.030000000447034835,0.0,259
nan,nan,0.44277870655059814,0.3916141390800476,0.44277870655059814,0.3916141390800476,nan,nan,nan,nan,0.7168146967887878,0.0,0.7155849933624268,0.0,0.800000011920929,0.800000011920929,0.7155849933624268,0.0,0.0,260
nan,nan,0.43758755922317505,0.32932817935943604,0.43758755922317505,0.32932817935943604,nan,nan,nan,nan,0.7168146967887878,0.030000000447034835,0.7155849933624268,0.030000000447034835,0.800000011920929,0.800000011920929,0.7155849933624268,0.030000000447034835,0.0,261
nan,nan,0.4289044439792633,0.2997954189777374,0.4289044439792633,0.2997954189777374,nan,nan,nan,nan,0.7168146967887878,0.030000000447034835,0.7155849933624268,0.030000000447034835,0.800000011920929,0.800000011920929,0.7155849933624268,0.030000000447034835,0.0,262
nan,nan,0.4238598048686981,0.27404576539993286,0.4238598048686981,0.27404576539993286,nan,nan,nan,nan,0.7168146967887878,0.030000000447034835,0.7155849933624268,0.030000000447034835,0.800000011920929,0.800000011920929,0.7155849933624268,0.030000000447034835,0.0,263
nan,nan,0.4144373834133148,0.18818867206573486,0.4144373834133148,0.18818867206573486,nan,nan,nan,nan,0.7168146967887878,0.0,0.7155849933624268,0.0,0.800000011920929,0.800000011920929,0.7155849933624268,0.0,0.0,264
nan,nan,0.3971947729587555,0.09338333457708359,0.3971947729587555,0.09338333457708359,nan,nan,nan,nan,0.9168146848678589,0.0,0.9075711965560913,0.0,0.800000011920929,0.800000011920929,0.9075711965560913,0.0,0.0,265
nan,nan,0.38517510890960693,0.07251810282468796,0.38517510890960693,0.07251810282468796,nan,nan,nan,nan,1.1168147325515747,0.0,1.0995573997497559,0.0,0.800000011920929,0.800000011920929,1.0995573997497559,0.0,0.0,266
nan,nan,0.38409632444381714,0.07638271152973175,0.38409632444381714,0.07638271152973175,nan,nan,nan,nan,1.316814661026001,0.0,1.3089969158172607,0.0,0.800000011920929,0.800000011920929,1.3089969158172607,0.0,0.0,267
nan,nan,0.387287974357605,0.07831686735153198,0.387287974357605,0.07831686735153198,nan,nan,nan,nan,1.5168147087097168,0.0,1.5009831190109253,0.0,0.800000011920929,0.800000011920929,1.5009831190109253,0.0,0.0,268
nan,nan,0.3861868977546692,0.07885386049747467,0.3861868977546692,0.07885386049747467,nan,nan,nan,nan,1.716814637184143,0.0,1.7104226350784302,0.0,0.800000011920929,0.800000011920929,1.7104226350784302,0.0,0.0,269
nan,nan,0.38897234201431274,0.07796036452054977,0.38897234201431274,0.07796036452054977,nan,nan,nan,nan,1.9168146848678589,0.0,1.9024088382720947,0.0,0.800000011920929,0.800000011920929,1.9024088382720947,0.0,0.0,270
nan,nan,0.38865336775779724,0.07842206954956055,0.38865336775779724,0.07842206954956055,nan,nan,nan,nan,2.116814613342285,0.0,2.1118483543395996,0.0,0.800000011920929,0.800000011920929,2.1118483543395996,0.0,0.0,271
nan,nan,0.3884023129940033,0.07838284969329834,0.3884023129940033,0.07838284969329834,nan,nan,nan,nan,2.316814661026001,0.0,2.3038346767425537,0.0,0.800000011920929,0.800000011920929,2.3038346767425537,0.0,0.0,272
nan,nan,0.3883286118507385,0.07700303196907043,0.3883286118507385,0.07700303196907043,nan,nan,nan,nan,2.516814708709717,0.0,2.5132741928100586,0.0,0.800000011920929,0.800000011920929,2.5132741928100586,0.0,0.0,273
nan,nan,0.387282133102417,0.07763303071260452,0.387282133102417,0.07763303071260452,nan,nan,nan,nan,2.7168147563934326,0.0,2.7052602767944336,0.0,0.800000011920929,0.800000011920929,2.7052602767944336,0.0,0.0,274
nan,nan,0.3872191607952118,0.07750298082828522,0.3872191607952118,0.07750298082828522,nan,nan,nan,nan,2.9168148040771484,0.0,2.9146997928619385,0.0,0.800000011920929,0.800000011920929,2.9146997928619385,0.0,0.0,275
nan,nan,0.38628676533699036,0.07780635356903076,0.38628676533699036,0.07780635356903076,nan,nan,nan,nan,3.116814613342285,0.0,3.1066861152648926,0.0,0.800000011920929,0.800000011920929,3.1066861152648926,0.0,0.0,276
nan,nan,0.3862852156162262,0.07774770259857178,0.3862852156162262,0.07774770259857178,nan,nan,nan,nan,3.116814613342285,0.0,3.1066861152648926,0.0,0.800000011920929,0.800000011920929,3.1066861152648926,0.0,0.0,277
nan,nan,0.3862852156162262,0.07774770259857178,0.3862852156162262,0.07774770259857178,nan,nan,nan,nan,2.9168148040771484,0.030000000447034835,2.9146997928619385,0.030000000447034835,0.800000011920929,0.800000011920929,2.9146997928619385,0.030000000447034835,0.0,278
nan,nan,0.3837183117866516,0.07995232939720154,0.3837183117866516,0.07995232939720154,nan,nan,nan,nan,2.9168148040771484,0.030000000447034835,2.9146997928619385,0.030000000447034835,0.800000011920929,0.800000011920929,2.9146997928619385,0.030000000447034835,0.0,279
nan,nan,0.36413103342056274,0.09880904853343964,0.36413103342056274,0.09880904853343964,nan,nan,nan,nan,2.9168148040771484,0.030000000447034835,2.9146997928619385,0.030000000447034835,0.800000011920929,0.800000011920929,2.9146997928619385,0.030000000447034835,0.0,280
nan,nan,0.34107571840286255,0.12335038185119629,0.34107571840286255,0.12335038185119629,nan,nan,nan,nan,2.9168148040771484,0.0,2.9146997928619385,0.0,0.800000011920929,0.800000011920929,2.9146997928619385,0.0,0.0,281
nan,nan,0.27499523758888245,0.1901795119047165,0.27499523758888245,0.1901795119047165,nan,nan,nan,nan,2.9168148040771484,0.030000000447034835,2.9146997928619385,0.030000000447034835,0.800000011920929,0.800000011920929,2.9146997928619385,0.030000000447034835,0.0,282
nan,nan,0.2563222646713257,0.20655912160873413,0.2563222646713257,0.20655912160873413,nan,nan,nan,nan,2.9168148040771484,0.0,2.9146997928619385,0.0,0.800000011920929,0.800000011920929,2.9146997928619385,0.0,0.0,283
nan,nan,0.20528879761695862,0.26133233308792114,0.20528879761695862,0.26133233308792114,nan,nan,nan,nan,2.9168148040771484,0.030000000447034835,2.9146997928619385,0.030000000447034835,0.800000011920929,0.800000011920929,2.9146997928619385,0.030000000447034835,0.0,284
nan,nan,0.1948169767856598,0.27041304111480713,0.1948169767856598,0.27041304111480713,nan,nan,nan,nan,3.116814613342285,0.030000000447034835,3.1066861152648926,0.030000000447034835,0.800000011920929,0.800000011920929,3.1066861152648926,0.030000000447034835,0.0,285
nan,nan,0.18311412632465363,0.2822859287261963,0.18311412632465363,0.2822859287261963,nan,nan,nan,nan,-2.9663705825805664,0.030000000447034835,-2.96705961227417,0.030000000447034835,0.800000011920929,0.800000011920929,-2.96705961227417,0.030000000447034835,0.0,286
nan,nan,0.13258211314678192,0.35003504157066345,0.13258211314678192,0.35003504157066345,nan,nan,nan,nan,-2.7663705348968506,0.030000000447034835,-2.775073528289795,0.030000000447034835,0.800000011920929,0.800000011920929,-2.775073528289795,0.030000000447034835,0.0,287
nan,nan,0.11154907941818237,0.4442547559738159,0.11154907941818237,0.4442547559738159,nan,nan,nan,nan,-2.566370725631714,0.030000000447034835,-2.583087205886841,0.030000000447034835,0.800000011920929,0.800000011920929,-2.583087205886841,0.030000000447034835,0.0,288
nan,nan,0.11292160302400589,0.49771955609321594,0.11292160302400589,0.49771955609321594,nan,nan,nan,nan,-2.566370725631714,0.030000000447034835,-2.583087205886841,0.030000000447034835,0.800000011920929,0.800000011920929,-2.583087205886841,0.030000000447034835,0.0,289
nan,nan,0.1224587932229042,0.6052154898643494,0.1224587932229042,0.6052154898643494,nan,nan,nan,nan,-2.566370725631714,0.030000000447034835,-2.583087205886841,0.030000000447034835,0.800000011920929,0.800000011920929,-2.583087205886841,0.030000000447034835,0.0,290
nan,nan,0.12282177805900574,0.7150296568870544,0.12282177805900574,0.7150296568870544,nan,nan,nan,nan,-2.566370725631714,0.030000000447034835,-2.583087205886841,0.030000000447034835,0.800000011920929,0.800000011920929,-2.583087205886841,0.030000000447034835,0.0,291
nan,nan,0.12196662276983261,0.7686179876327515,0.12196662276983261,0.7686179876327515,nan,nan,nan,nan,-2.566370725631714,0.030000000447034835,-2.583087205886841,0.030000000447034835,0.800000011920929,0.800000011920929,-2.583087205886841,0.030000000447034835,0.0,292
nan,nan,0.1243860125541687,0.8813443183898926,0.1243860125541687,0.8813443183898926,nan,nan,nan,nan,-2.366370677947998,0.030000000447034835,-2.373647689819336,0.030000000447034835,0.800000011920929,0.800000011920929,-2.373647689819336,0.030000000447034835,0.0,293
nan,nan,0.1293361932039261,0.9361376166343689,0.1293361932039261,0.9361376166343689,nan,nan,nan,nan,-2.366370677947998,0.030000000447034835,-2.373647689819336,0.030000000447034835,0.800000011920929,0.800000011920929,-2.373647689819336,0.030000000447034835,0.0,294
nan,nan,0.16357846558094025,1.0452842712402344,0.16357846558094025,1.0452842712402344,nan,nan,nan,nan,-2.366370677947998,0.030000000447034835,-2.373647689819336,0.030000000447034835,0.800000011920929,0.800000011920929,-2.373647689819336,0.030000000447034835,0.0,295
nan,nan,0.18924662470817566,1.1564395427703857,0.18924662470817566,1.1564395427703857,nan,nan,nan,nan,-2.366370677947998,0.030000000447034835,-2.373647689819336,0.030000000447034835,0.800000011920929,0.800000011920929,-2.373647689819336,0.030000000447034835,0.0,296
nan,nan,0.19821955263614655,1.2113388776779175,0.19821955263614655,1.2113388776779175,nan,nan,nan,nan,-2.366370677947998,0.030000000447034835,-2.373647689819336,0.030000000447034835,0.800000011920929,0.800000011920929,-2.373647689819336,0.030000000447034835,0.0,297
nan,nan,0.22413085401058197,1.3225908279418945,0.22413085401058197,1.3225908279418945,nan,nan,nan,nan,-2.1663706302642822,0.0,-2.181661605834961,0.0,0.800000011920929,0.800000011920929,-2.181661605834961,0.0,0.0,298
nan,nan,0.26022282242774963,1.4029358625411987,0.26022282242774963,1.4029358625411987,nan,nan,nan,nan,-1.9663705825805664,0.0,-1.972222089767456,0.0,0.800000011920929,0.800000011920929,-1.972222089767456,0.0,0.0,299
nan,nan,0.2737082242965698,1.4064264297485352,0.2737082242965698,1.4064264297485352,nan,nan,nan,nan,-1.7663706541061401,0.0,-1.7802358865737915,0.0,0.800000011920929,0.800000011920929,-1.7802358865737915,0.0,0.0,300
nan,nan,0.26965558528900146,1.4014842510223389,0.26965558528900146,1.4014842510223389,nan,nan,nan,nan,-1.5663706064224243,0.0,-1.5707963705062866,0.0,0.800000011920929,0.800000011920929,-1.5707963705062866,0.0,0.0,301
nan,nan,0.2613042891025543,1.407706618309021,0.2613042891025543,1.407706618309021,nan,nan,nan,nan,-1.3663705587387085,0.0,-1.378810167312622,0.0,0.800000011920929,0.800000011920929,-1.378810167312622,0.0,0.0,302
nan,nan,0.26315492391586304,1.4080122709274292,0.26315492391586304,1.4080122709274292,nan,nan,nan,nan,-1.1663706302642822,0.0,-1.1693706512451172,0.0,0.800000011920929,0.800000011920929,-1.1693706512451172,0.0,0.0,303
nan,nan,0.2637389898300171,1.4086824655532837,0.2637389898300171,1.4086824655532837,nan,nan,nan,nan,-0.9663706421852112,0.0,-0.9773843884468079,0.0,0.800000011920929,0.800000011920929,-0.9773843884468079,0.0,0.0,304
nan,nan,0.2614637613296509,1.4086854457855225,0.2614637613296509,1.4086854457855225,nan,nan,nan,nan,-0.7663705945014954,0.0,-0.767944872379303,0.0,0.800000011920929,0.800000011920929,-0.767944872379303,0.0,0.0,305
nan,nan,0.2586353123188019,1.409466028213501,0.2586353123188019,1.409466028213501,nan,nan,nan,nan,-0.5663706064224243,0.0,-0.5759586691856384,0.0,0.800000011920929,0.800000011920929,-0.5759586691856384,0.0,0.0,306
nan,nan,0.2586353123188019,1.409466028213501,0.2586353123188019,1.409466028213501,nan,nan,nan,nan,-0.5663706064224243,0.0,-0.5759586691856384,0.0,0.800000011920929,0.800000011920929,-0.5759586691856384,0.0,0.0,307
nan,nan,0.2586353123188019,1.409466028213501,0.2586353123188019,1.409466028213501,nan,nan,nan,nan,-0.5663706064224243,0.030000000447034835,-0.5759586691856384,0.030000000447034835,0.800000011920929,0.800000011920929,-0.5759586691856384,0.030000000447034835,0.0,308
nan,nan,0.2636793851852417,1.4097739458084106,0.2636793851852417,1.4097739458084106,nan,nan,nan,nan,-0.5663706064224243,0.030000000447034835,-0.5759586691856384,0.030000000447034835,0.800000011920929,0.800000011920929,-0.5759586691856384,0.030000000447034835,0.0,309
nan,nan,0.29379546642303467,1.396075963973999,0.29379546642303467,1.396075963973999,nan,nan,nan,nan,-0.5663706064224243,0.030000000447034835,-0.5759586691856384,0.030000000447034835,0.800000011920929,0.800000011920929,-0.5759586691856384,0.030000000447034835,0.0,310
nan,nan,0.32152259349823,1.3796089887619019,0.32152259349823,1.3796089887619019,nan,nan,nan,nan,-0.5663706064224243,0.030000000447034835,-0.5759586691856384,0.030000000447034835,0.800000011920929,0.800000011920929,-0.5759586691856384,0.030000000447034835,0.0,311
nan,nan,0.3566821813583374,1.3601689338684082,0.3566821813583374,1.3601689338684082,nan,nan,nan,nan,-0.7663705945014954,0.030000000447034835,-0.767944872379303,0.030000000447034835,0.800000011920929,0.800000011920929,-0.767944872379303,0.030000000447034835,0.0,312
nan,nan,0.4487761855125427,1.3227286338806152,0.4487761855125427,1.3227286338806152,nan,nan,nan,nan,-0.7663705945014954,0.0,-0.767944872379303,0.0,0.800000011920929,0.800000011920929,-0.767944872379303,0.0,0.0,313
nan,nan,0.59332275390625,1.297748327255249,0.59332275390625,1.297748327255249,nan,nan,nan,nan,-0.5663706064224243,0.0,-0.5759586691856384,0.0,0.800000011920929,0.800000011920929,-0.5759586691856384,0.0,0.0,314
nan,nan,0.5903624296188354,1.2895333766937256,0.5903624296188354,1.2895333766937256,nan,nan,nan,nan,-0.5663706064224243,0.0,-0.5759586691856384,0.0,0.800000011920929,0.800000011920929,-0.5759586691856384,0.0,0.0,315
nan,nan,0.5892733931541443,1.2946840524673462,0.5892733931541443,1.2946840524673462,nan,nan,nan,nan,-0.36637061834335327,0.0,-0.36651915311813354,0.0,0.800000011920929,0.800000011920929,-0.36651915311813354,0.0,0.0,316
nan,nan,0.6002470850944519,1.2980176210403442,0.6002470850944519,1.2980176210403442,nan,nan,nan,nan,-0.16637061536312103,0.0,-0.1745329201221466,0.0,0.800000011920929,0.800000011920929,-0.1745329201221466,0.0,0.0,317
nan,nan,0.6007211208343506,1.296656608581543,0.6007211208343506,1.296656608581543,nan,nan,nan,nan,0.03362938389182091,0.0,0.01745329238474369,0.0,0.800000011920929,0.800000011920929,0.01745329238474369,0.0,0.0,318
nan,nan,0.5996574759483337,1.2982792854309082,0.5996574759483337,1.2982792854309082,nan,nan,nan,nan,0.23362939059734344,0.0,0.22689279913902283,0.0,0.800000011920929,0.800000011920929,0.22689279913902283,0.0,0.0,319
nan,nan,0.6034764647483826,1.3014111518859863,0.6034764647483826,1.3014111518859863,nan,nan,nan,nan,0.4336293935775757,0.0,0.41887903213500977,0.0,0.800000011920929,0.800000011920929,0.41887903213500977,0.0,0.0,320
nan,nan,0.6003295183181763,1.2984344959259033,0.6003295183181763,1.2984344959259033,nan,nan,nan,nan,0.6336293816566467,0.0,0.6283185482025146,0.0,0.800000011920929,0.800000011920929,0.6283185482025146,0.0,0.0,321
nan,nan,0.601683497428894,1.3004924058914185,0.601683497428894,1.3004924058914185,nan,nan,nan,nan,0.8336293697357178,0.0,0.8203047513961792,0.0,0.800000011920929,0.800000011920929,0.8203047513961792,0.0,0.0,322
nan,nan,0.5995693206787109,1.2996898889541626,0.5995693206787109,1.2996898889541626,nan,nan,nan,nan,1.0336294174194336,0.0,1.029744267463684,0.0,0.800000011920929,0.800000011920929,1.029744267463684,0.0,0.0,323
nan,nan,0.5995693206787109,1.2996898889541626,0.5995693206787109,1.2996898889541626,nan,nan,nan,nan,1.0336294174194336,0.0,1.029744267463684,0.0,0.800000011920929,0.800000011920929,1.029744267463684,0.0,0.0,324
nan,nan,0.5994465351104736,1.299707293510437,0.5994465351104736,1.299707293510437,nan,nan,nan,nan,0.8336293697357178,0.0,0.8203047513961792,0.0,0.800000011920929,0.800000011920929,0.8203047513961792,0.0,0.0,325
nan,nan,0.5994257926940918,1.2996755838394165,0.5994257926940918,1.2996755838394165,nan,nan,nan,nan,0.6336293816566467,0.0,0.6283185482025146,0.0,0.800000011920929,0.800000011920929,0.6283185482025146,0.0,0.0,326
nan,nan,0.6006733179092407,1.2996629476547241,0.6006733179092407,1.2996629476547241,nan,nan,nan,nan,0.6336293816566467,0.0,0.6283185482025146,0.0,0.800000011920929,0.800000011920929,0.6283185482025146,0.0,0.0,327
nan,nan,0.5997145771980286,1.2996461391448975,0.5997145771980286,1.2996461391448975,nan,nan,nan,nan,0.6336293816566467,0.030000000447034835,0.6283185482025146,0.030000000447034835,0.800000011920929,0.800000011920929,0.6283185482025146,0.030000000447034835,0.0,328
nan,nan,0.5972492098808289,1.3006504774093628,0.5972492098808289,1.3006504774093628,nan,nan,nan,nan,0.6336293816566467,0.030000000447034835,0.6283185482025146,0.030000000447034835,0.800000011920929,0.800000011920929,0.6283185482025146,0.030000000447034835,0.0,329
nan,nan,0.5973224639892578,1.278331995010376,0.5973224639892578,1.278331995010376,nan,nan,nan,nan,0.6336293816566467,0.030000000447034835,0.6283185482025146,0.030000000447034835,0.800000011920929,0.800000011920929,0.6283185482025146,0.030000000447034835,0.0,330
nan,nan,0.5977229475975037,1.2515910863876343,0.5977229475975037,1.2515910863876343,nan,nan,nan,nan,0.6336293816566467,0.030000000447034835,0.6283185482025146,0.030000000447034835,0.800000011920929,0.800000011920929,0.6283185482025146,0.030000000447034835,0.0,331
nan,nan,0.5923086404800415,1.1744927167892456,0.5923086404800415,1.1744927167892456,nan,nan,nan,nan,0.8336293697357178,0.0,0.8203047513961792,0.0,0.800000011920929,0.800000011920929,0.8203047513961792,0.0,0.0,332
nan,nan,0.580393373966217,1.0718371868133545,0.580393373966217,1.0718371868133545,nan,nan,nan,nan,0.8336293697357178,0.030000000447034835,0.8203047513961792,0.030000000447034835,0.800000011920929,0.800000011920929,0.8203047513961792,0.030000000447034835,0.0,333
nan,nan,0.5585922002792358,1.0328783988952637,0.5585922002792358,1.0328783988952637,nan,nan,nan,nan,0.8336293697357178,0.0,0.8203047513961792,0.0,0.800000011920929,0.800000011920929,0.8203047513961792,0.0,0.0,334
nan,nan,0.5456941723823547,0.9895399212837219,0.5456941723823547,0.9895399212837219,nan,nan,nan,nan,0.8336293697357178,0.030000000447034835,0.8203047513961792,0.030000000447034835,0.800000011920929,0.800000011920929,0.8203047513961792,0.030000000447034835,0.0,335
nan,nan,0.5488725900650024,0.976426362991333,0.5488725900650024,0.976426362991333,nan,nan,nan,nan,0.8336293697357178,0.030000000447034835,0.8203047513961792,0.030000000447034835,0.800000011920929,0.800000011920929,0.8203047513961792,0.030000000447034835,0.0,336
nan,nan,0.5502815246582031,0.9864585399627686,0.5502815246582031,0.9864585399627686,nan,nan,nan,nan,0.8336293697357178,0.030000000447034835,0.8203047513961792,0.030000000447034835,0.800000011920929,0.800000011920929,0.8203047513961792,0.030000000447034835,0.0,337
nan,nan,0.5428795218467712,0.9811081886291504,0.5428795218467712,0.9811081886291504,nan,nan,nan,nan,0.8336293697357178,0.030000000447034835,0.8203047513961792,0.030000000447034835,0.800000011920929,0.800000011920929,0.8203047513961792,0.030000000447034835,0.0,338
nan,nan,0.5325837731361389,0.9238709807395935,0.5325837731361389,0.9238709807395935,nan,nan,nan,nan,0.8336293697357178,0.030000000447034835,0.8203047513961792,0.030000000447034835,0.800000011920929,0.800000011920929,0.8203047513961792,0.030000000447034835,0.0,339
nan,nan,0.5140334367752075,0.8257710933685303,0.5140334367752075,0.8257710933685303,nan,nan,nan,nan,0.8336293697357178,0.030000000447034835,0.8203047513961792,0.030000000447034835,0.800000011920929,0.800000011920929,0.8203047513961792,0.030000000447034835,0.0,340
nan,nan,0.4944835305213928,0.7683360576629639,0.4944835305213928,0.7683360576629639,nan,nan,nan,nan,0.8336293697357178,0.030000000447034835,0.8203047513961792,0.030000000447034835,0.800000011920929,0.800000011920929,0.8203047513961792,0.030000000447034835,0.0,341
nan,nan,0.47365063428878784,0.7060577273368835,0.47365063428878784,0.7060577273368835,nan,nan,nan,nan,0.6336293816566467,0.030000000447034835,0.6283185482025146,0.030000000447034835,0.800000011920929,0.800000011920929,0.6283185482025146,0.030000000447034835,0.0,342
nan,nan,0.4467979371547699,0.5042858123779297,0.4467979371547699,0.5042858123779297,nan,nan,nan,nan,0.6336293816566467,0.0,0.6283185482025146,0.0,0.800000011920929,0.800000011920929,0.6283185482025146,0.0,0.0,343
nan,nan,0.44948866963386536,0.39850810170173645,0.44948866963386536,0.39850810170173645,nan,nan,nan,nan,0.6336293816566467,0.0,0.6283185482025146,0.0,0.800000011920929,0.800000011920929,0.6283185482025146,0.0,0.0,344
nan,nan,0.43803006410598755,0.3872773051261902,0.43803006410598755,0.3872773051261902,nan,nan,nan,nan,0.8336293697357178,0.0,0.8203047513961792,0.0,0.800000011920929,0.800000011920929,0.8203047513961792,0.0,0.0,345
nan,nan,0.43972575664520264,0.38868218660354614,0.43972575664520264,0.38868218660354614,nan,nan,nan,nan,1.0336294174194336,0.0,1.029744267463684,0.0,0.800000011920929,0.800000011920929,1.029744267463684,0.0,0.0,346
nan,nan,0.44116827845573425,0.38851475715637207,0.44116827845573425,0.38851475715637207,nan,nan,nan,nan,1.0336294174194336,0.0,1.029744267463684,0.0,0.800000011920929,0.800000011920929,1.029744267463684,0.0,0.0,347
nan,nan,0.44116827845573425,0.38851475715637207,0.44116827845573425,0.38851475715637207,nan,nan,nan,nan,1.0336294174194336,0.0,1.029744267463684,0.0,0.800000011920929,0.800000011920929,1.029744267463684,0.0,0.0,348
nan,nan,0.44116827845573425,0.38851475715637207,0.44116827845573425,0.38851475715637207,nan,nan,nan,nan,1.0336294174194336,0.030000000447034835,1.029744267463684,0.030000000447034835,0.800000011920929,0.800000011920929,1.029744267463684,0.030000000447034835,0.0,349
nan,nan,0.43626514077186584,0.3840855658054352,0.43626514077186584,0.3840855658054352,nan,nan,nan,nan,1.0336294174194336,0.030000000447034835,1.029744267463684,0.030000000447034835,0.800000011920929,0.800000011920929,1.029744267463684,0.030000000447034835,0.0,350
nan,nan,0.41740792989730835,0.35534778237342834,0.41740792989730835,0.35534778237342834,nan,nan,nan,nan,1.0336294174194336,0.030000000447034835,1.029744267463684,0.030000000447034835,0.800000011920929,0.800000011920929,1.029744267463684,0.030000000447034835,0.0,351
nan,nan,0.40675824880599976,0.32929864525794983,0.40675824880599976,0.32929864525794983,nan,nan,nan,nan,1.0336294174194336,0.030000000447034835,1.029744267463684,0.030000000447034835,0.800000011920929,0.800000011920929,1.029744267463684,0.030000000447034835,0.0,352
nan,nan,0.38931354880332947,0.2916187644004822,0.38931354880332947,0.2916187644004822,nan,nan,nan,nan,1.0336294174194336,0.0,1.029744267463684,0.0,0.800000011920929,0.800000011920929,1.029744267463684,0.0,0.0,353
nan,nan,0.34366774559020996,0.21447770297527313,0.34366774559020996,0.21447770297527313,nan,nan,nan,nan,1.0336294174194336,0.0,1.029744267463684,0.0,0.800000011920929,0.800000011920929,1.029744267463684,0.0,0.0,354
nan,nan,0.3270697593688965,0.18618005514144897,0.3270697593688965,0.18618005514144897,nan,nan,nan,nan,1.0336294174194336,0.0,1.029744267463684,0.0,0.800000011920929,0.800000011920929,1.029744267463684,0.0,0.0,355
nan,nan,0.331349641084671,0.18792220950126648,0.331349641084671,0.18792220950126648,nan,nan,nan,nan,1.0336294174194336,0.030000000447034835,1.029744267463684,0.030000000447034835,0.800000011920929,0.800000011920929,1.029744267463684,0.030000000447034835,0.0,356
nan,nan,0.33010542392730713,0.18903687596321106,0.33010542392730713,0.18903687596321106,nan,nan,nan,nan,1.0336294174194336,0.0,1.029744267463684,0.0,0.800000011920929,0.800000011920929,1.029744267463684,0.0,0.0,357
nan,nan,0.3153918385505676,0.1624586135149002,0.3153918385505676,0.1624586135149002,nan,nan,nan,nan,1.0336294174194336,0.0,1.029744267463684,0.0,0.800000011920929,0.800000011920929,1.029744267463684,0.0,0.0,358
nan,nan,0.3176579475402832,0.1647375226020813,0.3176579475402832,0.1647375226020813,nan,nan,nan,nan,1.2336293458938599,0.030000000447034835,1.2217304706573486,0.030000000447034835,0.800000011920929,0.800000011920929,1.2217304706573486,0.030000000447034835,0.0,359
nan,nan,0.3234027028083801,0.17083433270454407,0.3234027028083801,0.17083433270454407,nan,nan,nan,nan,1.4336293935775757,0.030000000447034835,1.4311699867248535,0.030000000447034835,0.800000011920929,0.800000011920929,1.4311699867248535,0.030000000447034835,0.0,360
nan,nan,0.29496294260025024,0.12074683606624603,0.29496294260025024,0.12074683606624603,nan,nan,nan,nan,1.6336294412612915,0.0,1.623156189918518,0.0,0.800000011920929,0.800000011920929,1.623156189918518,0.0,0.0,361
nan,nan,0.2423345297574997,0.10035254061222076,0.2423345297574997,0.10035254061222076,nan,nan,nan,nan,1.8336293697357178,0.0,1.832595705986023,0.0,0.800000011920929,0.800000011920929,1.832595705986023,0.0,0.0,362
nan,nan,0.2231292426586151,0.10806385427713394,0.2231292426586151,0.10806385427713394,nan,nan,nan,nan,2.0336294174194336,0.0,2.0245819091796875,0.0,0.800000011920929,0.800000011920929,2.0245819091796875,0.0,0.0,363
nan,nan,0.22436654567718506,0.10332085937261581,0.22436654567718506,0.10332085937261581,nan,nan,nan,nan,2.2336294651031494,0.0,2.2165682315826416,0.0,0.800000011920929,0.800000011920929,2.2165682315826416,0.0,0.0,364
nan,nan,0.22781582176685333,0.11683891713619232,0.22781582176685333,0.11683891713619232,nan,nan,nan,nan,2.433629274368286,0.0,2.4260077476501465,0.0,0.800000011920929,0.800000011920929,2.4260077476501465,0.0,0.0,365
nan,nan,0.22182616591453552,0.11881484091281891,0.22182616591453552,0.11881484091281891,nan,nan,nan,nan,2.633629322052002,0.0,2.6179938316345215,0.0,0.800000011920929,0.800000011920929,2.6179938316345215,0.0,0.0,366
nan,nan,0.22869843244552612,0.12046269327402115,0.22869843244552612,0.12046269327402115,nan,nan,nan,nan,2.8336293697357178,0.0,2.8274333477020264,0.0,0.800000011920929,0.800000011920929,2.8274333477020264,0.0,0.0,367
nan,nan,0.2247523069381714,0.12227769941091537,0.2247523069381714,0.12227769941091537,nan,nan,nan,nan,3.0336294174194336,0.0,3.0194196701049805,0.0,0.800000011920929,0.800000011920929,3.0194196701049805,0.0,0.0,368
nan,nan,0.2243015021085739,0.12211930751800537,0.2243015021085739,0.12211930751800537,nan,nan,nan,nan,-3.049556016921997,0.030000000447034835,-3.054326295852661,0.030000000447034835,0.800000011920929,0.800000011920929,-3.054326295852661,0.030000000447034835,0.0,369
nan,nan,0.2248154580593109,0.12600208818912506,0.2248154580593109,0.12600208818912506,nan,nan,nan,nan,-2.8495559692382812,0.030000000447034835,-2.862339973449707,0.030000000447034835,0.800000011920929,0.800000011920929,-2.862339973449707,0.030000000447034835,0.0,370
nan,nan,0.20821209251880646,0.1588859260082245,0.20821209251880646,0.1588859260082245,nan,nan,nan,nan,-2.6495559215545654,0.030000000447034835,-2.652900457382202,0.030000000447034835,0.800000011920929,0.800000011920929,-2.652900457382202,0.030000000447034835,0.0,371
nan,nan,0.19286608695983887,0.2290850579738617,0.19286608695983887,0.2290850579738617,nan,nan,nan,nan,-2.4495558738708496,0.030000000447034835,-2.460914134979248,0.030000000447034835,0.800000011920929,0.800000011920929,-2.460914134979248,0.030000000447034835,0.0,372
nan,nan,0.20258527994155884,0.27310681343078613,0.20258527994155884,0.27310681343078613,nan,nan,nan,nan,-2.4495558738708496,0.030000000447034835,-2.460914134979248,0.030000000447034835,0.800000011920929,0.800000011920929,-2.460914134979248,0.030000000447034835,0.0,373
nan,nan,0.23008884489536285,0.3654230833053589,0.23008884489536285,0.3654230833053589,nan,nan,nan,nan,-2.4495558738708496,0.030000000447034835,-2.460914134979248,0.030000000447034835,0.800000011920929,0.800000011920929,-2.460914134979248,0.030000000447034835,0.0,374
nan,nan,0.23853634297847748,0.4699225127696991,0.23853634297847748,0.4699225127696991,nan,nan,nan,nan,-2.4495558738708496,0.030000000447034835,-2.460914134979248,0.030000000447034835,0.800000011920929,0.800000011920929,-2.460914134979248,0.030000000447034835,0.0,375
nan,nan,0.24356083571910858,0.5253572463989258,0.24356083571910858,0.5253572463989258,nan,nan,nan,nan,-2.4495558738708496,0.030000000447034835,-2.460914134979248,0.030000000447034835,0.800000011920929,0.800000011920929,-2.460914134979248,0.030000000447034835,0.0,376
nan,nan,0.26264816522598267,0.6405381560325623,0.26264816522598267,0.6405381560325623,nan,nan,nan,nan,-2.4495558738708496,0.030000000447034835,-2.460914134979248,0.030000000447034835,0.800000011920929,0.800000011920929,-2.460914134979248,0.030000000447034835,0.0,377
nan,nan,0.2712740898132324,0.7008541226387024,0.2712740898132324,0.7008541226387024,nan,nan,nan,nan,-2.4495558738708496,0.030000000447034835,-2.460914134979248,0.030000000447034835,0.800000011920929,0.800000011920929,-2.460914134979248,0.030000000447034835,0.0,378
nan,nan,0.28293609619140625,0.8204521536827087,0.28293609619140625,0.8204521536827087,nan,nan,nan,nan,-2.4495558738708496,0.030000000447034835,-2.460914134979248,0.030000000447034835,0.800000011920929,0.800000011920929,-2.460914134979248,0.030000000447034835,0.0,379
nan,nan,0.2988879382610321,0.9385111927986145,0.2988879382610321,0.9385111927986145,nan,nan,nan,nan,-2.4495558738708496,0.030000000447034835,-2.460914134979248,0.030000000447034835,0.800000011920929,0.800000011920929,-2.460914134979248,0.030000000447034835,0.0,380
nan,nan,0.3070208430290222,0.9978355169296265,0.3070208430290222,0.9978355169296265,nan,nan,nan,nan,-2.4495558738708496,0.030000000447034835,-2.460914134979248,0.030000000447034835,0.800000011920929,0.800000011920929,-2.460914134979248,0.030000000447034835,0.0,381
nan,nan,0.31388941407203674,1.055511713027954,0.31388941407203674,1.055511713027954,nan,nan,nan,nan,-2.4495558738708496,0.0,-2.460914134979248,0.0,0.800000011920929,0.800000011920929,-2.460914134979248,0.0,0.0,382
nan,nan,0.32673224806785583,1.1594583988189697,0.32673224806785583,1.1594583988189697,nan,nan,nan,nan,-2.4495558738708496,0.0,-2.460914134979248,0.0,0.800000011920929,0.800000011920929,-2.460914134979248,0.0,0.0,383
nan,nan,0.327079713344574,1.17607843875885,0.327079713344574,1.17607843875885,nan,nan,nan,nan,-2.249555826187134,0.0,-2.251474618911743,0.0,0.800000011920929,0.800000011920929,-2.251474618911743,0.0,0.0,384
nan,nan,0.3278990685939789,1.1753677129745483,0.3278990685939789,1.1753677129745483,nan,nan,nan,nan,-2.049556016921997,0.0,-2.059488534927368,0.0,0.800000011920929,0.800000011920929,-2.059488534927368,0.0,0.0,385
nan,nan,0.3279915153980255,1.1774455308914185,0.3279915153980255,1.1774455308914185,nan,nan,nan,nan,-1.8495559692382812,0.0,-1.8500490188598633,0.0,0.800000011920929,0.800000011920929,-1.8500490188598633,0.0,0.0,386
nan,nan,0.32957249879837036,1.1771646738052368,0.32957249879837036,1.1771646738052368,nan,nan,nan,nan,-1.6495559215545654,0.0,-1.6580628156661987,0.0,0.800000011920929,0.800000011920929,-1.6580628156661987,0.0,0.0,387
nan,nan,0.3289293646812439,1.1780298948287964,0.3289293646812439,1.1780298948287964,nan,nan,nan,nan,-1.4495558738708496,0.0,-1.4660766124725342,0.0,0.800000011920929,0.800000011920929,-1.4660766124725342,0.0,0.0,388
nan,nan,0.329066663980484,1.1787930727005005,0.329066663980484,1.1787930727005005,nan,nan,nan,nan,-1.2495559453964233,0.0,-1.2566370964050293,0.0,0.800000011920929,0.800000011920929,-1.2566370964050293,0.0,0.0,389
nan,nan,0.3290235996246338,1.1773598194122314,0.3290235996246338,1.1773598194122314,nan,nan,nan,nan,-1.2495559453964233,0.030000000447034835,-1.2566370964050293,0.030000000447034835,0.800000011920929,0.800000011920929,-1.2566370964050293,0.030000000447034835,0.0,390
nan,nan,0.32910680770874023,1.1825535297393799,0.32910680770874023,1.1825535297393799,nan,nan,nan,nan,-1.2495559453964233,0.030000000447034835,-1.2566370964050293,0.030000000447034835,0.800000011920929,0.800000011920929,-1.2566370964050293,0.030000000447034835,0.0,391
nan,nan,0.3644258975982666,1.1900091171264648,0.3644258975982666,1.1900091171264648,nan,nan,nan,nan,-1.2495559453964233,0.030000000447034835,-1.2566370964050293,0.030000000447034835,0.800000011920929,0.800000011920929,-1.2566370964050293,0.030000000447034835,0.0,392
nan,nan,0.40215015411376953,1.1942212581634521,0.40215015411376953,1.1942212581634521,nan,nan,nan,nan,-1.4495558738708496,0.0,-1.4660766124725342,0.0,0.800000011920929,0.800000011920929,-1.4660766124725342,0.0,0.0,393
nan,nan,0.4795992374420166,1.2153751850128174,0.4795992374420166,1.2153751850128174,nan,nan,nan,nan,-1.6495559215545654,0.0,-1.6580628156661987,0.0,0.800000011920929,0.800000011920929,-1.6580628156661987,0.0,0.0,394
nan,nan,0.49486157298088074,1.2458268404006958,0.49486157298088074,1.2458268404006958,nan,nan,nan,nan,-1.8495559692382812,0.0,-1.8500490188598633,0.0,0.800000011920929,0.800000011920929,-1.8500490188598633,0.0,0.0,395
nan,nan,0.49393269419670105,1.2487175464630127,0.49393269419670105,1.2487175464630127,nan,nan,nan,nan,-1.8495559692382812,0.0,-1.8500490188598633,0.0,0.800000011920929,0.800000011920929,-1.8500490188598633,0.0,0.0,396
nan,nan,0.49393269419670105,1.2487175464630127,0.49393269419670105,1.2487175464630127,nan,nan,nan,nan,-1.8495559692382812,0.0,-1.8500490188598633,0.0,0.800000011920929,0.800000011920929,-1.8500490188598633,0.0,0.0,397
nan,nan,0.49389857053756714,1.2463127374649048,0.49389857053756714,1.2463127374649048,nan,nan,nan,nan,-2.049556016921997,0.0,-2.059488534927368,0.0,0.800000011920929,0.800000011920929,-2.059488534927368,0.0,0.0,398
nan,nan,0.4928377568721771,1.2421725988388062,0.4928377568721771,1.2421725988388062,nan,nan,nan,nan,-2.249555826187134,0.0,-2.251474618911743,0.0,0.800000011920929,0.800000011920929,-2.251474618911743,0.0,0.0,399
nan,nan,0.4928377568721771,1.2421725988388062,0.4928377568721771,1.2421725988388062,nan,nan,nan,nan,-2.249555826187134,0.0,-2.251474618911743,0.0,0.800000011920929,0.800000011920929,-2.251474618911743,0.0,0.0,400
nan,nan,0.4928377568721771,1.2421725988388062,0.4928377568721771,1.2421725988388062,nan,nan,nan,nan,-2.249555826187134,0.030000000447034835,-2.251474618911743,0.030000000447034835,0.800000011920929,0.800000011920929,-2.251474618911743,0.030000000447034835,0.0,401
nan,nan,0.49596625566482544,1.252420425415039,0.49596625566482544,1.252420425415039,nan,nan,nan,nan,-2.249555826187134,0.030000000447034835,-2.251474618911743,0.030000000447034835,0.800000011920929,0.800000011920929,-2.251474618911743,0.030000000447034835,0.0,402
nan,nan,0.5002177357673645,1.268905520439148,0.5002177357673645,1.268905520439148,nan,nan,nan,nan,-2.4495558738708496,0.030000000447034835,-2.460914134979248,0.030000000447034835,0.800000011920929,0.800000011920929,-2.460914134979248,0.030000000447034835,0.0,403
nan,nan,0.5200388431549072,1.3418759107589722,0.5200388431549072,1.3418759107589722,nan,nan,nan,nan,-2.6495559215545654,0.0,-2.652900457382202,0.0,0.800000011920929,0.800000011920929,-2.652900457382202,0.0,0.0,404
nan,nan,0.5166239738464355,1.41681969165802,0.5166239738464355,1.41681969165802,nan,nan,nan,nan,-2.8495559692382812,0.0,-2.862339973449707,0.0,0.800000011920929,0.800000011920929,-2.862339973449707,0.0,1.0,405
nan,nan,0.5025421977043152,1.4335905313491821,0.5025421977043152,1.4335905313491821,nan,nan,nan,nan,-3.049556016921997,0.0,-3.054326295852661,0.0,0.800000011920929,0.800000011920929,-3.054326295852661,0.0,0.0,406
nan,nan,0.5138708353042603,1.422494888305664,0.5138708353042603,1.422494888305664,nan,nan,nan,nan,3.0336294174194336,0.0,3.0194196701049805,0.0,0.800000011920929,0.800000011920929,3.0194196701049805,0.0,0.0,407
nan,nan,0.5145965814590454,1.4135390520095825,0.5145965814590454,1.4135390520095825,nan,nan,nan,nan,2.8336293697357178,0.0,2.8274333477020264,0.0,0.800000011920929,0.800000011920929,2.8274333477020264,0.0,0.0,408
nan,nan,0.5103934407234192,1.4219985008239746,0.5103934407234192,1.4219985008239746,nan,nan,nan,nan,2.633629322052002,0.0,2.6179938316345215,0.0,0.800000011920929,0.800000011920929,2.6179938316345215,0.0,0.0,409
nan,nan,0.5126980543136597,1.4206619262695312,0.5126980543136597,1.4206619262695312,nan,nan,nan,nan,2.433629274368286,0.0,2.4260077476501465,0.0,0.800000011920929,0.800000011920929,2.4260077476501465,0.0,0.0,410
nan,nan,0.5134237408638,1.420578956604004,0.5134237408638,1.420578956604004,nan,nan,nan,nan,2.2336294651031494,0.0,2.2165682315826416,0.0,0.800000011920929,0.800000011920929,2.2165682315826416,0.0,0.0,411
nan,nan,0.5113419890403748,1.4224952459335327,0.5113419890403748,1.4224952459335327,nan,nan,nan,nan,2.0336294174194336,0.0,2.0245819091796875,0.0,0.800000011920929,0.800000011920929,2.0245819091796875,0.0,0.0,412
nan,nan,0.5113419890403748,1.4224952459335327,0.5113419890403748,1.4224952459335327,nan,nan,nan,nan,2.0336294174194336,0.0,2.0245819091796875,0.0,0.800000011920929,0.800000011920929,2.0245819091796875,0.0,0.0,413
nan,nan,0.5115163922309875,1.4229280948638916,0.5115163922309875,1.4229280948638916,nan,nan,nan,nan,1.8336293697357178,0.0,1.832595705986023,0.0,0.800000011920929,0.800000011920929,1.832595705986023,0.0,0.0,414
nan,nan,0.5137126445770264,1.425926685333252,0.5137126445770264,1.425926685333252,nan,nan,nan,nan,1.6336294412612915,0.0,1.623156189918518,0.0,0.800000011920929,0.800000011920929,1.623156189918518,0.0,0.0,415
nan,nan,0.5145201683044434,1.4240269660949707,0.5145201683044434,1.4240269660949707,nan,nan,nan,nan,1.6336294412612915,0.0,1.623156189918518,0.0,0.800000011920929,0.800000011920929,1.623156189918518,0.0,0.0,416
nan,nan,0.5147611498832703,1.425628900527954,0.5147611498832703,1.425628900527954,nan,nan,nan,nan,1.8336293697357178,0.0,1.832595705986023,0.0,0.800000011920929,0.800000011920929,1.832595705986023,0.0,0.0,417
nan,nan,0.514593780040741,1.425308346748352,0.514593780040741,1.425308346748352,nan,nan,nan,nan,1.8336293697357178,0.0,1.832595705986023,0.0,0.800000011920929,0.800000011920929,1.832595705986023,0.0,0.0,418
nan,nan,0.5136710405349731,1.4223682880401611,0.5136710405349731,1.4223682880401611,nan,nan,nan,nan,2.0336294174194336,0.0,2.0245819091796875,0.0,0.800000011920929,0.800000011920929,2.0245819091796875,0.0,0.0,419
nan,nan,0.5135390758514404,1.42176353931427,0.5135390758514404,1.42176353931427,nan,nan,nan,nan,2.0336294174194336,0.0,2.0245819091796875,0.0,0.800000011920929,0.800000011920929,2.0245819091796875,0.0,0.0,420
nan,nan,0.5135390758514404,1.42176353931427,0.5135390758514404,1.42176353931427,nan,nan,nan,nan,2.0336294174194336,0.0,2.0245819091796875,0.0,0.800000011920929,0.800000011920929,2.0245819091796875,0.0,0.0,421
nan,nan,0.5135390758514404,1.42176353931427,0.5135390758514404,1.42176353931427,nan,nan,nan,nan,2.0336294174194336,0.0,2.0245819091796875,0.0,0.800000011920929,0.800000011920929,2.0245819091796875,0.0,0.0,422
nan,nan,0.5135079026222229,1.4214016199111938,0.5135079026222229,1.4214016199111938,nan,nan,nan,nan,2.0336294174194336,0.0,2.0245819091796875,0.0,0.800000011920929,0.800000011920929,2.0245819091796875,0.0,0.0,423
nan,nan,0.5132326483726501,1.4188735485076904,0.5132326483726501,1.4188735485076904,nan,nan,nan,nan,1.8336293697357178,0.0,1.832595705986023,0.0,0.800000011920929,0.800000011920929,1.832595705986023,0.0,0.0,424
nan,nan,0.5132326483726501,1.4188735485076904,0.5132326483726501,1.4188735485076904,nan,nan,nan,nan,1.8336293697357178,0.030000000447034835,1.832595705986023,0.030000000447034835,0.800000011920929,0.800000011920929,1.832595705986023,0.030000000447034835,0.0,425
nan,nan,0.5139298439025879,1.4187719821929932,0.5139298439025879,1.4187719821929932,nan,nan,nan,nan,1.8336293697357178,0.030000000447034835,1.832595705986023,0.030000000447034835,0.800000011920929,0.800000011920929,1.832595705986023,0.030000000447034835,0.0,426
nan,nan,0.5125449299812317,1.4221271276474,0.5125449299812317,1.4221271276474,nan,nan,nan,nan,1.8336293697357178,0.030000000447034835,1.832595705986023,0.030000000447034835,0.800000011920929,0.800000011920929,1.832595705986023,0.030000000447034835,0.0,427
nan,nan,0.47930893301963806,1.406622052192688,0.47930893301963806,1.406622052192688,nan,nan,nan,nan,1.8336293697357178,0.030000000447034835,1.832595705986023,0.030000000447034835,0.800000011920929,0.800000011920929,1.832595705986023,0.030000000447034835,0.0,428
nan,nan,0.4462880492210388,1.3920719623565674,0.4462880492210388,1.3920719623565674,nan,nan,nan,nan,1.8336293697357178,0.0,1.832595705986023,0.0,0.800000011920929,0.800000011920929,1.832595705986023,0.0,0.0,429
nan,nan,0.3469814658164978,1.3652068376541138,0.3469814658164978,1.3652068376541138,nan,nan,nan,nan,1.8336293697357178,0.0,1.832595705986023,0.0,0.800000011920929,0.800000011920929,1.832595705986023,0.0,0.0,430
nan,nan,0.2979690134525299,1.3556550741195679,0.2979690134525299,1.3556550741195679,nan,nan,nan,nan,1.6336294412612915,0.0,1.623156189918518,0.0,0.800000011920929,0.800000011920929,1.623156189918518,0.0,0.0,431
nan,nan,0.2992967963218689,1.350541114807129,0.2992967963218689,1.350541114807129,nan,nan,nan,nan,1.4336293935775757,0.0,1.4311699867248535,0.0,0.800000011920929,0.800000011920929,1.4311699867248535,0.0,0.0,432
nan,nan,0.29506853222846985,1.3546006679534912,0.29506853222846985,1.3546006679534912,nan,nan,nan,nan,1.2336293458938599,0.0,1.2217304706573486,0.0,0.800000011920929,0.800000011920929,1.2217304706573486,0.0,0.0,433
nan,nan,0.29519525170326233,1.3537408113479614,0.29519525170326233,1.3537408113479614,nan,nan,nan,nan,1.0336294174194336,0.0,1.029744267463684,0.0,0.800000011920929,0.800000011920929,1.029744267463684,0.0,0.0,434
nan,nan,0.29754525423049927,1.355286717414856,0.29754525423049927,1.355286717414856,nan,nan,nan,nan,0.8336293697357178,0.0,0.8203047513961792,0.0,0.800000011920929,0.800000011920929,0.8203047513961792,0.0,0.0,435
nan,nan,0.2949647307395935,1.3548007011413574,0.2949647307395935,1.3548007011413574,nan,nan,nan,nan,0.6336293816566467,0.0,0.6283185482025146,0.0,0.800000011920929,0.800000011920929,0.6283185482025146,0.0,0.0,436
nan,nan,0.29907986521720886,1.3569581508636475,0.29907986521720886,1.3569581508636475,nan,nan,nan,nan,0.4336293935775757,0.0,0.41887903213500977,0.0,0.800000011920929,0.800000011920929,0.41887903213500977,0.0,0.0,437
nan,nan,0.2983448803424835,1.3558486700057983,0.2983448803424835,1.3558486700057983,nan,nan,nan,nan,0.4336293935775757,0.030000000447034835,0.41887903213500977,0.030000000447034835,0.800000011920929,0.800000011920929,0.41887903213500977,0.030000000447034835,0.0,438
nan,nan,0.31000906229019165,1.3554617166519165,0.31000906229019165,1.3554617166519165,nan,nan,nan,nan,0.4336293935775757,0.030000000447034835,0.41887903213500977,0.030000000447034835,0.800000011920929,0.800000011920929,0.41887903213500977,0.030000000447034835,0.0,439
nan,nan,0.3075260519981384,1.3364088535308838,0.3075260519981384,1.3364088535308838,nan,nan,nan,nan,0.4336293935775757,0.030000000447034835,0.41887903213500977,0.030000000447034835,0.800000011920929,0.800000011920929,0.41887903213500977,0.030000000447034835,0.0,440
nan,nan,0.3029971122741699,1.3116415739059448,0.3029971122741699,1.3116415739059448,nan,nan,nan,nan,0.6336293816566467,0.030000000447034835,0.6283185482025146,0.030000000447034835,0.800000011920929,0.800000011920929,0.6283185482025146,0.030000000447034835,0.0,441
nan,nan,0.30737581849098206,1.280663013458252,0.30737581849098206,1.280663013458252,nan,nan,nan,nan,0.6336293816566467,0.030000000447034835,0.6283185482025146,0.030000000447034835,0.800000011920929,0.800000011920929,0.6283185482025146,0.030000000447034835,0.0,442
nan,nan,0.315071702003479,1.1949083805084229,0.315071702003479,1.1949083805084229,nan,nan,nan,nan,0.6336293816566467,0.030000000447034835,0.6283185482025146,0.030000000447034835,0.800000011920929,0.800000011920929,0.6283185482025146,0.030000000447034835,0.0,443
nan,nan,0.2915104627609253,1.084386944770813,0.2915104627609253,1.084386944770813,nan,nan,nan,nan,0.6336293816566467,0.030000000447034835,0.6283185482025146,0.030000000447034835,0.800000011920929,0.800000011920929,0.6283185482025146,0.030000000447034835,0.0,444
nan,nan,0.2858765721321106,1.0233638286590576,0.2858765721321106,1.0233638286590576,nan,nan,nan,nan,0.6336293816566467,0.030000000447034835,0.6283185482025146,0.030000000447034835,0.800000011920929,0.800000011920929,0.6283185482025146,0.030000000447034835,0.0,445
nan,nan,0.28354519605636597,0.8929776549339294,0.28354519605636597,0.8929776549339294,nan,nan,nan,nan,0.6336293816566467,0.030000000447034835,0.6283185482025146,0.030000000447034835,0.800000011920929,0.800000011920929,0.6283185482025146,0.030000000447034835,0.0,446
nan,nan,0.27928465604782104,0.8304421305656433,0.27928465604782104,0.8304421305656433,nan,nan,nan,nan,0.6336293816566467,0.030000000447034835,0.6283185482025146,0.030000000447034835,0.800000011920929,0.800000011920929,0.6283185482025146,0.030000000447034835,0.0,447
nan,nan,0.2646206319332123,0.7022468447685242,0.2646206319332123,0.7022468447685242,nan,nan,nan,nan,0.6336293816566467,0.030000000447034835,0.6283185482025146,0.030000000447034835,0.800000011920929,0.800000011920929,0.6283185482025146,0.030000000447034835,0.0,448
nan,nan,0.26059573888778687,0.640937328338623,0.26059573888778687,0.640937328338623,nan,nan,nan,nan,0.6336293816566467,0.030000000447034835,0.6283185482025146,0.030000000447034835,0.800000011920929,0.800000011920929,0.6283185482025146,0.030000000447034835,0.0,449
nan,nan,0.25338122248649597,0.5200350284576416,0.25338122248649597,0.5200350284576416,nan,nan,nan,nan,0.6336293816566467,0.030000000447034835,0.6283185482025146,0.030000000447034835,0.800000011920929,0.800000011920929,0.6283185482025146,0.030000000447034835,0.0,450
nan,nan,0.24806776642799377,0.45980948209762573,0.24806776642799377,0.45980948209762573,nan,nan,nan,nan,0.6336293816566467,0.030000000447034835,0.6283185482025146,0.030000000447034835,0.800000011920929,0.800000011920929,0.6283185482025146,0.030000000447034835,0.0,451
nan,nan,0.23847715556621552,0.34350067377090454,0.23847715556621552,0.34350067377090454,nan,nan,nan,nan,0.6336293816566467,0.030000000447034835,0.6283185482025146,0.030000000447034835,0.800000011920929,0.800000011920929,0.6283185482025146,0.030000000447034835,0.0,452
nan,nan,0.23367081582546234,0.2847129702568054,0.23367081582546234,0.2847129702568054,nan,nan,nan,nan,0.8336293697357178,0.0,0.8203047513961792,0.0,0.800000011920929,0.800000011920929,0.8203047513961792,0.0,0.0,453
nan,nan,0.20905031263828278,0.146246075630188,0.20905031263828278,0.146246075630188,nan,nan,nan,nan,1.0336294174194336,0.0,1.029744267463684,0.0,0.800000011920929,0.800000011920929,1.029744267463684,0.0,0.0,454
nan,nan,0.20125578343868256,0.1505390703678131,0.20125578343868256,0.1505390703678131,nan,nan,nan,nan,1.2336293458938599,0.0,1.2217304706573486,0.0,0.800000011920929,0.800000011920929,1.2217304706573486,0.0,0.0,455
nan,nan,0.20972105860710144,0.1479492038488388,0.20972105860710144,0.1479492038488388,nan,nan,nan,nan,1.4336293935775757,0.0,1.4311699867248535,0.0,0.800000011920929,0.800000011920929,1.4311699867248535,0.0,0.0,456
nan,nan,0.20882569253444672,0.14701992273330688,0.20882569253444672,0.14701992273330688,nan,nan,nan,nan,1.6336294412612915,0.0,1.623156189918518,0.0,0.800000011920929,0.800000011920929,1.623156189918518,0.0,0.0,457
nan,nan,0.20550793409347534,0.1478712409734726,0.20550793409347534,0.1478712409734726,nan,nan,nan,nan,1.8336293697357178,0.0,1.832595705986023,0.0,0.800000011920929,0.800000011920929,1.832595705986023,0.0,0.0,458
nan,nan,0.20401765406131744,0.1456337869167328,0.20401765406131744,0.1456337869167328,nan,nan,nan,nan,2.0336294174194336,0.0,2.0245819091796875,0.0,0.800000011920929,0.800000011920929,2.0245819091796875,0.0,0.0,459
nan,nan,0.20498225092887878,0.14682231843471527,0.20498225092887878,0.14682231843471527,nan,nan,nan,nan,2.2336294651031494,0.0,2.2165682315826416,0.0,0.800000011920929,0.800000011920929,2.2165682315826416,0.0,0.0,460
nan,nan,0.20253586769104004,0.1484878808259964,0.20253586769104004,0.1484878808259964,nan,nan,nan,nan,2.433629274368286,0.0,2.4260077476501465,0.0,0.800000011920929,0.800000011920929,2.4260077476501465,0.0,0.0,461
nan,nan,0.20213177800178528,0.14624033868312836,0.20213177800178528,0.14624033868312836,nan,nan,nan,nan,2.633629322052002,0.0,2.6179938316345215,0.0,0.800000011920929,0.800000011920929,2.6179938316345215,0.0,0.0,462
nan,nan,0.20065660774707794,0.14666619896888733,0.20065660774707794,0.14666619896888733,nan,nan,nan,nan,2.8336293697357178,0.0,2.8274333477020264,0.0,0.800000011920929,0.800000011920929,2.8274333477020264,0.0,0.0,463
nan,nan,0.1998460739850998,0.14105750620365143,0.1998460739850998,0.14105750620365143,nan,nan,nan,nan,3.0336294174194336,0.0,3.0194196701049805,0.0,0.800000011920929,0.800000011920929,3.0194196701049805,0.0,0.0,464
nan,nan,0.20084236562252045,0.1411704272031784,0.20084236562252045,0.1411704272031784,nan,nan,nan,nan,-3.049556016921997,0.0,-3.054326295852661,0.0,0.800000011920929,0.800000011920929,-3.054326295852661,0.0,0.0,465
nan,nan,0.19927796721458435,0.14155103266239166,0.19927796721458435,0.14155103266239166,nan,nan,nan,nan,-2.8495559692382812,0.0,-2.862339973449707,0.0,0.800000011920929,0.800000011920929,-2.862339973449707,0.0,0.0,466
nan,nan,0.19727221131324768,0.14104075729846954,0.19727221131324768,0.14104075729846954,nan,nan,nan,nan,-2.6495559215545654,0.0,-2.652900457382202,0.0,0.800000011920929,0.800000011920929,-2.652900457382202,0.0,0.0,467
nan,nan,0.19859431684017181,0.1420643925666809,0.19859431684017181,0.1420643925666809,nan,nan,nan,nan,-2.4495558738708496,0.0,-2.460914134979248,0.0,0.800000011920929,0.800000011920929,-2.460914134979248,0.0,0.0,468
nan,nan,0.19620871543884277,0.14274758100509644,0.19620871543884277,0.14274758100509644,nan,nan,nan,nan,-2.249555826187134,0.030000000447034835,-2.251474618911743,0.030000000447034835,0.800000011920929,0.800000011920929,-2.251474618911743,0.030000000447034835,0.0,469
nan,nan,0.1985253393650055,0.1439773440361023,0.1985253393650055,0.1439773440361023,nan,nan,nan,nan,-2.249555826187134,0.030000000447034835,-2.251474618911743,0.030000000447034835,0.800000011920929,0.800000011920929,-2.251474618911743,0.030000000447034835,0.0,470
nan,nan,0.2058233767747879,0.1649385541677475,0.2058233767747879,0.1649385541677475,nan,nan,nan,nan,-2.249555826187134,0.030000000447034835,-2.251474618911743,0.030000000447034835,0.800000011920929,0.800000011920929,-2.251474618911743,0.030000000447034835,0.0,471
nan,nan,0.2121766358613968,0.18588119745254517,0.2121766358613968,0.18588119745254517,nan,nan,nan,nan,-2.249555826187134,0.030000000447034835,-2.251474618911743,0.030000000447034835,0.800000011920929,0.800000011920929,-2.251474618911743,0.030000000447034835,0.0,472
nan,nan,0.24010224640369415,0.2625797688961029,0.24010224640369415,0.2625797688961029,nan,nan,nan,nan,-2.4495558738708496,0.030000000447034835,-2.460914134979248,0.030000000447034835,0.800000011920929,0.800000011920929,-2.460914134979248,0.030000000447034835,0.0,473
nan,nan,0.25598424673080444,0.3124575912952423,0.25598424673080444,0.3124575912952423,nan,nan,nan,nan,-2.4495558738708496,0.030000000447034835,-2.460914134979248,0.030000000447034835,0.800000011920929,0.800000011920929,-2.460914134979248,0.030000000447034835,0.0,474
nan,nan,0.2635537385940552,0.429592490196228,0.2635537385940552,0.429592490196228,nan,nan,nan,nan,-2.6495559215545654,0.030000000447034835,-2.652900457382202,0.030000000447034835,0.800000011920929,0.800000011920929,-2.652900457382202,0.030000000447034835,0.0,475
nan,nan,0.2656278610229492,0.5537701845169067,0.2656278610229492,0.5537701845169067,nan,nan,nan,nan,-2.6495559215545654,0.030000000447034835,-2.652900457382202,0.030000000447034835,0.800000011920929,0.800000011920929,-2.652900457382202,0.030000000447034835,0.0,476
nan,nan,0.2605670392513275,0.6163468956947327,0.2605670392513275,0.6163468956947327,nan,nan,nan,nan,-2.6495559215545654,0.030000000447034835,-2.652900457382202,0.030000000447034835,0.800000011920929,0.800000011920929,-2.652900457382202,0.030000000447034835,0.0,477
nan,nan,0.24389582872390747,0.7397128939628601,0.24389582872390747,0.7397128939628601,nan,nan,nan,nan,-2.6495559215545654,0.030000000447034835,-2.652900457382202,0.030000000447034835,0.800000011920929,0.800000011920929,-2.652900457382202,0.030000000447034835,0.0,478
nan,nan,0.23306001722812653,0.8621344566345215,0.23306001722812653,0.8621344566345215,nan,nan,nan,nan,-2.4495558738708496,0.030000000447034835,-2.460914134979248,0.030000000447034835,0.800000011920929,0.800000011920929,-2.460914134979248,0.030000000447034835,0.0,479
nan,nan,0.23477888107299805,0.9260529279708862,0.23477888107299805,0.9260529279708862,nan,nan,nan,nan,-2.249555826187134,0.030000000447034835,-2.251474618911743,0.030000000447034835,0.800000011920929,0.800000011920929,-2.251474618911743,0.030000000447034835,0.0,480
nan,nan,0.264500230550766,1.0440616607666016,0.264500230550766,1.0440616607666016,nan,nan,nan,nan,-2.249555826187134,0.030000000447034835,-2.251474618911743,0.030000000447034835,0.800000011920929,0.800000011920929,-2.251474618911743,0.030000000447034835,0.0,481
nan,nan,0.2924092710018158,1.0937960147857666,0.2924092710018158,1.0937960147857666,nan,nan,nan,nan,-2.249555826187134,0.030000000447034835,-2.251474618911743,0.030000000447034835,0.800000011920929,0.800000011920929,-2.251474618911743,0.030000000447034835,0.0,482
nan,nan,0.3358076810836792,1.1976604461669922,0.3358076810836792,1.1976604461669922,nan,nan,nan,nan,-2.249555826187134,0.030000000447034835,-2.251474618911743,0.030000000447034835,0.800000011920929,0.800000011920929,-2.251474618911743,0.030000000447034835,0.0,483
nan,nan,0.36518117785453796,1.3084007501602173,0.36518117785453796,1.3084007501602173,nan,nan,nan,nan,-2.249555826187134,0.0,-2.251474618911743,0.0,0.800000011920929,0.800000011920929,-2.251474618911743,0.0,0.0,484
nan,nan,0.4059140980243683,1.388360619544983,0.4059140980243683,1.388360619544983,nan,nan,nan,nan,-2.049556016921997,0.0,-2.059488534927368,0.0,0.800000011920929,0.800000011920929,-2.059488534927368,0.0,0.0,485
nan,nan,0.410931795835495,1.372987985610962,0.410931795835495,1.372987985610962,nan,nan,nan,nan,-1.8495559692382812,0.0,-1.8500490188598633,0.0,0.800000011920929,0.800000011920929,-1.8500490188598633,0.0,0.0,486
nan,nan,0.39791572093963623,1.3679020404815674,0.39791572093963623,1.3679020404815674,nan,nan,nan,nan,-1.6495559215545654,0.0,-1.6580628156661987,0.0,0.800000011920929,0.800000011920929,-1.6580628156661987,0.0,0.0,487
nan,nan,0.39871156215667725,1.376638650894165,0.39871156215667725,1.376638650894165,nan,nan,nan,nan,-1.4495558738708496,0.0,-1.4660766124725342,0.0,0.800000011920929,0.800000011920929,-1.4660766124725342,0.0,0.0,488
nan,nan,0.3982914984226227,1.3752169609069824,0.3982914984226227,1.3752169609069824,nan,nan,nan,nan,-1.2495559453964233,0.0,-1.2566370964050293,0.0,0.800000011920929,0.800000011920929,-1.2566370964050293,0.0,0.0,489
nan,nan,0.3946678042411804,1.378377914428711,0.3946678042411804,1.378377914428711,nan,nan,nan,nan,-1.0495558977127075,0.0,-1.0646508932113647,0.0,0.800000011920929,0.800000011920929,-1.0646508932113647,0.0,0.0,490
nan,nan,0.39559313654899597,1.375518560409546,0.39559313654899597,1.375518560409546,nan,nan,nan,nan,-0.8495559096336365,0.0,-0.8552113175392151,0.0,0.800000011920929,0.800000011920929,-0.8552113175392151,0.0,0.0,491
nan,nan,0.3951795697212219,1.3775954246520996,0.3951795697212219,1.3775954246520996,nan,nan,nan,nan,-0.6495559215545654,0.0,-0.6632251143455505,0.0,0.800000011920929,0.800000011920929,-0.6632251143455505,0.0,0.0,492
nan,nan,0.39205312728881836,1.3777799606323242,0.39205312728881836,1.3777799606323242,nan,nan,nan,nan,-0.4495559334754944,0.0,-0.45378559827804565,0.0,0.800000011920929,0.800000011920929,-0.45378559827804565,0.0,0.0,493
nan,nan,0.39213740825653076,1.3782345056533813,0.39213740825653076,1.3782345056533813,nan,nan,nan,nan,-0.24955591559410095,0.0,-0.2617993950843811,0.0,0.800000011920929,0.800000011920929,-0.2617993950843811,0.0,0.0,494
nan,nan,0.3939582407474518,1.379714846611023,0.3939582407474518,1.379714846611023,nan,nan,nan,nan,-0.04955592006444931,0.0,-0.05235987901687622,0.0,0.800000011920929,0.800000011920929,-0.05235987901687622,0.0,0.0,495
nan,nan,0.3939918875694275,1.378724217414856,0.3939918875694275,1.378724217414856,nan,nan,nan,nan,0.15044407546520233,0.0,0.13962633907794952,0.0,0.800000011920929,0.800000011920929,0.13962633907794952,0.0,0.0,496
nan,nan,0.39410272240638733,1.3785066604614258,0.39410272240638733,1.3785066604614258,nan,nan,nan,nan,0.15044407546520233,0.030000000447034835,0.13962633907794952,0.030000000447034835,0.800000011920929,0.800000011920929,0.13962633907794952,0.030000000447034835,0.0,497
nan,nan,0.3950543701648712,1.3789571523666382,0.3950543701648712,1.3789571523666382,nan,nan,nan,nan,0.15044407546520233,0.030000000447034835,0.13962633907794952,0.030000000447034835,0.800000011920929,0.800000011920929,0.13962633907794952,0.030000000447034835,0.0,498
nan,nan,0.405165433883667,1.3553649187088013,0.405165433883667,1.3553649187088013,nan,nan,nan,nan,0.15044407546520233,0.030000000447034835,0.13962633907794952,0.030000000447034835,0.800000011920929,0.800000011920929,0.13962633907794952,0.030000000447034835,0.0,499
nan,nan,0.4281115233898163,1.2916069030761719,0.4281115233898163,1.2916069030761719,nan,nan,nan,nan,0.15044407546520233,0.030000000447034835,0.13962633907794952,0.030000000447034835,0.800000011920929,0.800000011920929,0.13962633907794952,0.030000000447034835,0.0,500
nan,nan,0.4439798891544342,1.2538429498672485,0.4439798891544342,1.2538429498672485,nan,nan,nan,nan,0.15044407546520233,0.030000000447034835,0.13962633907794952,0.030000000447034835,0.800000011920929,0.800000011920929,0.13962633907794952,0.030000000447034835,0.0,501
nan,nan,0.48405495285987854,1.162872552871704,0.48405495285987854,1.162872552871704,nan,nan,nan,nan,0.35044407844543457,0.0,0.3490658402442932,0.0,0.800000011920929,0.800000011920929,0.3490658402442932,0.0,0.0,502
nan,nan,0.5063219666481018,1.0746104717254639,0.5063219666481018,1.0746104717254639,nan,nan,nan,nan,0.5504440665245056,0.0,0.5410520434379578,0.0,0.800000011920929,0.800000011920929,0.5410520434379578,0.0,0.0,503
nan,nan,0.4922958314418793,1.04878830909729,0.4922958314418793,1.04878830909729,nan,nan,nan,nan,0.7504440546035767,0.0,0.7330383062362671,0.0,0.800000011920929,0.800000011920929,0.7330383062362671,0.0,0.0,504
nan,nan,0.49107611179351807,1.0487091541290283,0.49107611179351807,1.0487091541290283,nan,nan,nan,nan,0.7504440546035767,0.0,0.7330383062362671,0.0,0.800000011920929,0.800000011920929,0.7330383062362671,0.0,0.0,505
nan,nan,0.49107611179351807,1.0487091541290283,0.49107611179351807,1.0487091541290283,nan,nan,nan,nan,0.7504440546035767,0.0,0.7330383062362671,0.0,0.800000011920929,0.800000011920929,0.7330383062362671,0.0,0.0,506
nan,nan,0.49107611179351807,1.0487091541290283,0.49107611179351807,1.0487091541290283,nan,nan,nan,nan,0.7504440546035767,0.0,0.7330383062362671,0.0,0.800000011920929,0.800000011920929,0.7330383062362671,0.0,0.0,507
nan,nan,0.49107611179351807,1.0487091541290283,0.49107611179351807,1.0487091541290283,nan,nan,nan,nan,0.7504440546035767,0.0,0.7330383062362671,0.0,0.800000011920929,0.800000011920929,0.7330383062362671,0.0,0.0,508
