est_x,est_y,odom_x,odom_y,gt_x,gt_y,cov_x,cov_y,cov_xy,cov_yx,heading_cmd,speed_cmd,heading,speed,setpoint_x,setpoint_y,gt_heading,gt_speed,collision,step
nan,nan,0.0,0.0,0.0,0.0,nan,nan,nan,nan,0.0,0.0,0.0,0.0,0.800000011920929,0.800000011920929,0.0,0.0,0.0,1
nan,nan,0.0,0.0,0.0,0.0,nan,nan,nan,nan,0.0,0.0,0.0,0.0,0.800000011920929,0.800000011920929,0.0,0.0,0.0,2
nan,nan,0.0,0.0,0.0,0.0,nan,nan,nan,nan,0.0,0.0,0.0,0.0,0.800000011920929,0.800000011920929,0.0,0.0,0.0,3
nan,nan,0.0,0.0,0.0,0.0,nan,nan,nan,nan,0.0,0.0,0.0,0.0,0.800000011920929,0.800000011920929,0.0,0.0,0.0,4
nan,nan,0.0,0.0,0.0,0.0,nan,nan,nan,nan,0.0,0.0,0.0,0.0,0.800000011920929,0.800000011920929,0.0,0.0,0.0,5
nan,nan,0.0,0.0,0.0,0.0,nan,nan,nan,nan,0.0,0.0,0.0,0.0,0.800000011920929,0.800000011920929,0.0,0.0,0.0,6
nan,nan,0.0,0.0,0.0,0.0,nan,nan,nan,nan,0.0,0.030000000447034835,0.0,0.030000000447034835,0.800000011920929,0.800000011920929,0.0,0.030000000447034835,0.0,7
nan,nan,-2.0311954358476214e-05,0.0021027149632573128,-2.0311954358476214e-05,0.0021027149632573128,nan,nan,nan,nan,0.0,0.030000000447034835,0.0,0.030000000447034835,0.800000011920929,0.800000011920929,0.0,0.030000000447034835,0.0,8
nan,nan,-8.022546535357833e-05,0.022569892928004265,-8.022546535357833e-05,0.022569892928004265,nan,nan,nan,nan,0.0,0.030000000447034835,0.0,0.030000000447034835,0.800000011920929,0.800000011920929,0.0,0.030000000447034835,0.0,9
nan,nan,0.0026621688157320023,0.04469841718673706,0.0026621688157320023,0.04469841718673706,nan,nan,nan,nan,0.0,0.0,0.0,0.0,0.800000011920929,0.800000011920929,0.0,0.0,0.0,10
nan,nan,0.016283376142382622,0.14840584993362427,0.016283376142382622,0.14840584993362427,nan,nan,nan,nan,0.0,0.030000000447034835,0.0,0.030000000447034835,0.800000011920929,0.800000011920929,0.0,0.030000000447034835,0.0,11
nan,nan,0.01502041332423687,0.15950533747673035,0.01502041332423687,0.15950533747673035,nan,nan,nan,nan,0.0,0.030000000447034835,0.0,0.030000000447034835,0.800000011920929,0.800000011920929,0.0,0.030000000447034835,0.0,12
nan,nan,0.017022201791405678,0.2109535187482834,0.017022201791405678,0.2109535187482834,nan,nan,nan,nan,0.0,0.030000000447034835,0.0,0.030000000447034835,0.800000011920929,0.800000011920929,0.0,0.030000000447034835,0.0,13
nan,nan,0.02198389358818531,0.25721171498298645,0.02198389358818531,0.25721171498298645,nan,nan,nan,nan,0.0,0.030000000447034835,0.0,0.030000000447034835,0.800000011920929,0.800000011920929,0.0,0.030000000447034835,0.0,14
nan,nan,0.03172464668750763,0.3633241355419159,0.03172464668750763,0.3633241355419159,nan,nan,nan,nan,0.0,0.0,0.0,0.0,0.800000011920929,0.800000011920929,0.0,0.0,0.0,15
nan,nan,0.03661809861660004,0.446190744638443,0.03661809861660004,0.446190744638443,nan,nan,nan,nan,0.0,0.030000000447034835,0.0,0.030000000447034835,0.800000011920929,0.800000011920929,0.0,0.030000000447034835,0.0,16
nan,nan,0.03797747939825058,0.46046972274780273,0.03797747939825058,0.46046972274780273,nan,nan,nan,nan,0.0,0.030000000447034835,0.0,0.030000000447034835,0.800000011920929,0.800000011920929,0.0,0.030000000447034835,0.0,17
nan,nan,0.03961554914712906,0.48223355412483215,0.03961554914712906,0.48223355412483215,nan,nan,nan,nan,0.0,0.030000000447034835,0.0,0.030000000447034835,0.800000011920929,0.800000011920929,0.0,0.030000000447034835,0.0,18
nan,nan,0.04215577617287636,0.5215880274772644,0.04215577617287636,0.5215880274772644,nan,nan,nan,nan,0.0,0.030000000447034835,0.0,0.030000000447034835,0.800000011920929,0.800000011920929,0.0,0.030000000447034835,0.0,19
nan,nan,0.04935835674405098,0.6138456463813782,0.04935835674405098,0.6138456463813782,nan,nan,nan,nan,0.0,0.030000000447034835,0.0,0.030000000447034835,0.800000011920929,0.800000011920929,0.0,0.030000000447034835,0.0,20
nan,nan,0.057794470340013504,0.7188252210617065,0.057794470340013504,0.7188252210617065,nan,nan,nan,nan,0.0,0.030000000447034835,0.0,0.030000000447034835,0.800000011920929,0.800000011920929,0.0,0.030000000447034835,0.0,21
nan,nan,0.062086071819067,0.7765429019927979,0.062086071819067,0.7765429019927979,nan,nan,nan,nan,0.0,0.030000000447034835,0.0,0.030000000447034835,0.800000011920929,0.800000011920929,0.0,0.030000000447034835,0.0,22
nan,nan,0.07194676250219345,0.8975564241409302,0.07194676250219345,0.8975564241409302,nan,nan,nan,nan,0.0,0.030000000447034835,0.0,0.030000000447034835,0.800000011920929,0.800000011920929,0.0,0.030000000447034835,0.0,23
nan,nan,0.0767195001244545,0.9578015208244324,0.0767195001244545,0.9578015208244324,nan,nan,nan,nan,0.0,0.0,0.0,0.0,0.800000011920929,0.800000011920929,0.0,0.0,0.0,24
nan,nan,0.08630967885255814,1.0648114681243896,0.08630967885255814,1.0648114681243896,nan,nan,nan,nan,0.0,0.0,0.0,0.0,0.800000011920929,0.800000011920929,0.0,0.0,0.0,25
nan,nan,0.0878901332616806,1.071353793144226,0.0878901332616806,1.071353793144226,nan,nan,nan,nan,0.0,0.030000000447034835,0.0,0.030000000447034835,0.800000011920929,0.800000011920929,0.0,0.030000000447034835,0.0,26
nan,nan,0.08657421916723251,1.0603903532028198,0.08657421916723251,1.0603903532028198,nan,nan,nan,nan,0.0,0.030000000447034835,0.0,0.030000000447034835,0.800000011920929,0.800000011920929,0.0,0.030000000447034835,0.0,27
nan,nan,0.0885784849524498,1.0786203145980835,0.0885784849524498,1.0786203145980835,nan,nan,nan,nan,0.0,0.030000000447034835,0.0,0.030000000447034835,0.800000011920929,0.800000011920929,0.0,0.030000000447034835,0.0,28
nan,nan,0.09088440239429474,1.1032320261001587,0.09088440239429474,1.1032320261001587,nan,nan,nan,nan,0.0,0.030000000447034835,0.0,0.030000000447034835,0.800000011920929,0.800000011920929,0.0,0.030000000447034835,0.0,29
nan,nan,0.09221801161766052,1.1413860321044922,0.09221801161766052,1.1413860321044922,nan,nan,nan,nan,0.0,0.030000000447034835,0.0,0.030000000447034835,0.800000011920929,0.800000011920929,0.0,0.030000000447034835,0.0,30
nan,nan,0.09608504176139832,1.2433775663375854,0.09608504176139832,1.2433775663375854,nan,nan,nan,nan,0.0,0.030000000447034835,0.0,0.030000000447034835,0.800000011920929,0.800000011920929,0.0,0.030000000447034835,0.0,31
nan,nan,0.10809370130300522,1.369574785232544,0.10809370130300522,1.369574785232544,nan,nan,nan,nan,0.0,0.0,0.0,0.0,0.800000011920929,0.800000011920929,0.0,0.0,0.0,32
nan,nan,0.11806653439998627,1.4860689640045166,0.11806653439998627,1.4860689640045166,nan,nan,nan,nan,0.20000000298023224,0.0,0.19198621809482574,0.0,0.800000011920929,0.800000011920929,0.19198621809482574,0.0,0.0,33
nan,nan,0.12613961100578308,1.512566089630127,0.12613961100578308,1.512566089630127,nan,nan,nan,nan,0.4000000059604645,0.0,0.3839724361896515,0.0,0.800000011920929,0.800000011920929,0.3839724361896515,0.0,0.0,34
nan,nan,0.130316823720932,1.5048351287841797,0.130316823720932,1.5048351287841797,nan,nan,nan,nan,0.6000000238418579,0.0,0.593411922454834,0.0,0.800000011920929,0.800000011920929,0.593411922454834,0.0,0.0,35
nan,nan,0.12388770282268524,1.5051466226577759,0.12388770282268524,1.5051466226577759,nan,nan,nan,nan,0.800000011920929,0.0,0.7853981852531433,0.0,0.800000011920929,0.800000011920929,0.7853981852531433,0.0,0.0,36
nan,nan,0.12385164946317673,1.5083677768707275,0.12385164946317673,1.5083677768707275,nan,nan,nan,nan,1.0,0.0,0.9948377013206482,0.0,0.800000011920929,0.800000011920929,0.9948377013206482,0.0,0.0,37
nan,nan,0.1255558878183365,1.5085281133651733,0.1255558878183365,1.5085281133651733,nan,nan,nan,nan,1.2000000476837158,0.0,1.186823844909668,0.0,0.800000011920929,0.800000011920929,1.186823844909668,0.0,0.0,38
nan,nan,0.12526458501815796,1.508199691772461,0.12526458501815796,1.508199691772461,nan,nan,nan,nan,1.399999976158142,0.0,1.3962633609771729,0.0,0.800000011920929,0.800000011920929,1.3962633609771729,0.0,0.0,39
nan,nan,0.12229406833648682,1.5095100402832031,0.12229406833648682,1.5095100402832031,nan,nan,nan,nan,1.600000023841858,0.0,1.5882495641708374,0.0,0.800000011920929,0.800000011920929,1.5882495641708374,0.0,0.0,40
nan,nan,0.12405899167060852,1.5105048418045044,0.12405899167060852,1.5105048418045044,nan,nan,nan,nan,1.7999999523162842,0.0,1.7976890802383423,0.0,0.800000011920929,0.800000011920929,1.7976890802383423,0.0,0.0,41
nan,nan,0.12405899167060852,1.5105048418045044,0.12405899167060852,1.5105048418045044,nan,nan,nan,nan,2.0,0.0,1.9896754026412964,0.0,0.800000011920929,0.800000011920929,1.9896754026412964,0.0,0.0,42
nan,nan,0.123662568628788,1.5108718872070312,0.123662568628788,1.5108718872070312,nan,nan,nan,nan,2.200000047683716,0.0,2.1991147994995117,0.0,0.800000011920929,0.800000011920929,2.1991147994995117,0.0,0.0,43
nan,nan,0.123662568628788,1.5108718872070312,0.123662568628788,1.5108718872070312,nan,nan,nan,nan,2.200000047683716,0.0,2.1991147994995117,0.0,0.800000011920929,0.800000011920929,2.1991147994995117,0.0,0.0,44
nan,nan,0.12368107587099075,1.5108983516693115,0.12368107587099075,1.5108983516693115,nan,nan,nan,nan,2.200000047683716,0.030000000447034835,2.1991147994995117,0.030000000447034835,0.800000011920929,0.800000011920929,2.1991147994995117,0.030000000447034835,0.0,45
nan,nan,0.12367891520261765,1.5087555646896362,0.12367891520261765,1.5087555646896362,nan,nan,nan,nan,2.200000047683716,0.030000000447034835,2.1991147994995117,0.030000000447034835,0.800000011920929,0.800000011920929,2.1991147994995117,0.030000000447034835,0.0,46
nan,nan,0.1453629434108734,1.4990015029907227,0.1453629434108734,1.4990015029907227,nan,nan,nan,nan,2.200000047683716,0.030000000447034835,2.1991147994995117,0.030000000447034835,0.800000011920929,0.800000011920929,2.1991147994995117,0.030000000447034835,0.0,47
nan,nan,0.17865341901779175,1.4695104360580444,0.17865341901779175,1.4695104360580444,nan,nan,nan,nan,2.200000047683716,0.030000000447034835,2.1991147994995117,0.030000000447034835,0.800000011920929,0.800000011920929,2.1991147994995117,0.030000000447034835,0.0,48
nan,nan,0.19927628338336945,1.4421699047088623,0.19927628338336945,1.4421699047088623,nan,nan,nan,nan,2.200000047683716,0.030000000447034835,2.1991147994995117,0.030000000447034835,0.800000011920929,0.800000011920929,2.1991147994995117,0.030000000447034835,0.0,49
nan,nan,0.26629555225372314,1.3819364309310913,0.26629555225372314,1.3819364309310913,nan,nan,nan,nan,2.200000047683716,0.030000000447034835,2.1991147994995117,0.030000000447034835,0.800000011920929,0.800000011920929,2.1991147994995117,0.030000000447034835,0.0,50
nan,nan,0.3078509271144867,1.3526967763900757,0.3078509271144867,1.3526967763900757,nan,nan,nan,nan,2.200000047683716,0.0,2.1991147994995117,0.0,0.800000011920929,0.800000011920929,2.1991147994995117,0.0,0.0,51
nan,nan,0.3848086893558502,1.285286784172058,0.3848086893558502,1.285286784172058,nan,nan,nan,nan,2.0,0.0,1.9896754026412964,0.0,0.800000011920929,0.800000011920929,1.9896754026412964,0.0,0.0,52
nan,nan,0.4041309654712677,1.2661404609680176,0.4041309654712677,1.2661404609680176,nan,nan,nan,nan,1.7999999523162842,0.0,1.7976890802383423,0.0,0.800000011920929,0.800000011920929,1.7976890802383423,0.0,0.0,53
nan,nan,0.40938642621040344,1.2744070291519165,0.40938642621040344,1.2744070291519165,nan,nan,nan,nan,1.600000023841858,0.0,1.5882495641708374,0.0,0.800000011920929,0.800000011920929,1.5882495641708374,0.0,0.0,54
nan,nan,0.4023090898990631,1.2752758264541626,0.4023090898990631,1.2752758264541626,nan,nan,nan,nan,1.399999976158142,0.0,1.3962633609771729,0.0,0.800000011920929,0.800000011920929,1.3962633609771729,0.0,0.0,55
nan,nan,0.4006323516368866,1.2703765630722046,0.4006323516368866,1.2703765630722046,nan,nan,nan,nan,1.600000023841858,0.0,1.5882495641708374,0.0,0.800000011920929,0.800000011920929,1.5882495641708374,0.0,0.0,56
nan,nan,0.3996562659740448,1.2710139751434326,0.3996562659740448,1.2710139751434326,nan,nan,nan,nan,1.7999999523162842,0.0,1.7976890802383423,0.0,0.800000011920929,0.800000011920929,1.7976890802383423,0.0,0.0,57
nan,nan,0.40006887912750244,1.2682551145553589,0.40006887912750244,1.2682551145553589,nan,nan,nan,nan,2.0,0.030000000447034835,1.9896754026412964,0.030000000447034835,0.800000011920929,0.800000011920929,1.9896754026412964,0.030000000447034835,0.0,58
nan,nan,0.403736412525177,1.270776629447937,0.403736412525177,1.270776629447937,nan,nan,nan,nan,2.200000047683716,0.030000000447034835,2.1991147994995117,0.030000000447034835,0.800000011920929,0.800000011920929,2.1991147994995117,0.030000000447034835,0.0,59
nan,nan,0.44645702838897705,1.2562423944473267,0.44645702838897705,1.2562423944473267,nan,nan,nan,nan,2.4000000953674316,0.030000000447034835,2.391101121902466,0.030000000447034835,0.800000011920929,0.800000011920929,2.391101121902466,0.030000000447034835,0.0,60
nan,nan,0.4636237919330597,1.2326807975769043,0.4636237919330597,1.2326807975769043,nan,nan,nan,nan,2.5999999046325684,0.030000000447034835,2.583087205886841,0.030000000447034835,0.800000011920929,0.800000011920929,2.583087205886841,0.030000000447034835,0.0,61
nan,nan,0.47833773493766785,1.2019147872924805,0.47833773493766785,1.2019147872924805,nan,nan,nan,nan,2.799999952316284,0.030000000447034835,2.7925267219543457,0.030000000447034835,0.800000011920929,0.800000011920929,2.7925267219543457,0.030000000447034835,0.0,62
nan,nan,0.5080989003181458,1.1138136386871338,0.5080989003181458,1.1138136386871338,nan,nan,nan,nan,3.0,0.030000000447034835,2.9845130443573,0.030000000447034835,0.800000011920929,0.800000011920929,2.9845130443573,0.030000000447034835,0.0,63
nan,nan,0.5171597599983215,1.0034953355789185,0.5171597599983215,1.0034953355789185,nan,nan,nan,nan,-3.0831851959228516,0.030000000447034835,-3.0892326831817627,0.030000000447034835,0.800000011920929,0.800000011920929,-3.0892326831817627,0.030000000447034835,0.0,64
nan,nan,0.510149359703064,0.9409456849098206,0.510149359703064,0.9409456849098206,nan,nan,nan,nan,-2.883185386657715,0.030000000447034835,-2.8972465991973877,0.030000000447034835,0.800000011920929,0.800000011920929,-2.8972465991973877,0.030000000447034835,0.0,65
nan,nan,0.4777757227420807,0.8170569539070129,0.4777757227420807,0.8170569539070129,nan,nan,nan,nan,-2.683185338973999,0.030000000447034835,-2.687807083129883,0.030000000447034835,0.800000011920929,0.800000011920929,-2.687807083129883,0.030000000447034835,0.0,66
nan,nan,0.44915568828582764,0.7643058896064758,0.44915568828582764,0.7643058896064758,nan,nan,nan,nan,-2.683185338973999,0.030000000447034835,-2.687807083129883,0.030000000447034835,0.800000011920929,0.800000011920929,-2.687807083129883,0.030000000447034835,0.0,67
nan,nan,0.371315062046051,0.6692933440208435,0.371315062046051,0.6692933440208435,nan,nan,nan,nan,-2.683185338973999,0.0,-2.687807083129883,0.0,0.800000011920929,0.800000011920929,-2.687807083129883,0.0,0.0,68
nan,nan,0.3124929964542389,0.5709564089775085,0.3124929964542389,0.5709564089775085,nan,nan,nan,nan,-2.683185338973999,0.030000000447034835,-2.687807083129883,0.030000000447034835,0.800000011920929,0.800000011920929,-2.687807083129883,0.030000000447034835,0.0,69
nan,nan,0.31423333287239075,0.543353796005249,0.31423333287239075,0.543353796005249,nan,nan,nan,nan,-2.683185338973999,0.030000000447034835,-2.687807083129883,0.030000000447034835,0.800000011920929,0.800000011920929,-2.687807083129883,0.030000000447034835,0.0,70
nan,nan,0.3137286901473999,0.5530930757522583,0.3137286901473999,0.5530930757522583,nan,nan,nan,nan,-2.683185338973999,0.030000000447034835,-2.687807083129883,0.030000000447034835,0.800000011920929,0.800000011920929,-2.687807083129883,0.030000000447034835,0.0,71
nan,nan,0.2991798222064972,0.5395304560661316,0.2991798222064972,0.5395304560661316,nan,nan,nan,nan,-2.683185338973999,-0.030000000447034835,0.45378559827804565,0.030000000447034835,0.800000011920929,0.800000011920929,0.45378559827804565,0.030000000447034835,0.0,72
nan,nan,0.26223084330558777,0.4771486520767212,0.26223084330558777,0.4771486520767212,nan,nan,nan,nan,-2.683185338973999,-0.030000000447034835,0.45378559827804565,0.030000000447034835,0.800000011920929,0.800000011920929,0.45378559827804565,0.030000000447034835,0.0,73
nan,nan,0.22046735882759094,0.4582327604293823,0.22046735882759094,0.4582327604293823,nan,nan,nan,nan,-2.683185338973999,-0.030000000447034835,0.45378559827804565,0.030000000447034835,0.800000011920929,0.800000011920929,0.45378559827804565,0.030000000447034835,0.0,74
nan,nan,0.15165811777114868,0.5084654092788696,0.15165811777114868,0.5084654092788696,nan,nan,nan,nan,-2.683185338973999,-0.030000000447034835,0.45378559827804565,0.030000000447034835,0.800000011920929,0.800000011920929,0.45378559827804565,0.030000000447034835,0.0,75
nan,nan,0.19668714702129364,0.5610054135322571,0.19668714702129364,0.5610054135322571,nan,nan,nan,nan,-2.683185338973999,-0.030000000447034835,0.45378559827804565,0.030000000447034835,0.800000011920929,0.800000011920929,0.45378559827804565,0.030000000447034835,0.0,76
nan,nan,0.23639121651649475,0.5677576065063477,0.23639121651649475,0.5677576065063477,nan,nan,nan,nan,-2.683185338973999,-0.030000000447034835,0.45378559827804565,0.030000000447034835,0.800000011920929,0.800000011920929,0.45378559827804565,0.030000000447034835,0.0,77
nan,nan,0.2551358938217163,0.5782998204231262,0.2551358938217163,0.5782998204231262,nan,nan,nan,nan,-2.683185338973999,-0.030000000447034835,0.45378559827804565,0.030000000447034835,0.800000011920929,0.800000011920929,0.45378559827804565,0.030000000447034835,0.0,78
nan,nan,0.2541918456554413,0.6396846771240234,0.2541918456554413,0.6396846771240234,nan,nan,nan,nan,-2.683185338973999,-0.030000000447034835,0.45378559827804565,0.030000000447034835,0.800000011920929,0.800000011920929,0.45378559827804565,0.030000000447034835,0.0,79
nan,nan,0.3117997944355011,0.7282956838607788,0.3117997944355011,0.7282956838607788,nan,nan,nan,nan,-2.683185338973999,-0.030000000447034835,0.45378559827804565,0.030000000447034835,0.800000011920929,0.800000011920929,0.45378559827804565,0.030000000447034835,0.0,80
nan,nan,0.36286434531211853,0.7809030413627625,0.36286434531211853,0.7809030413627625,nan,nan,nan,nan,-2.683185338973999,0.0,-2.687807083129883,0.0,0.800000011920929,0.800000011920929,-2.687807083129883,0.0,0.0,81
nan,nan,0.43728500604629517,0.9308438897132874,0.43728500604629517,0.9308438897132874,nan,nan,nan,nan,-2.883185386657715,0.030000000447034835,-2.8972465991973877,0.030000000447034835,0.800000011920929,0.800000011920929,-2.8972465991973877,0.030000000447034835,0.0,82
nan,nan,0.3317325711250305,1.0987725257873535,0.3317325711250305,1.0987725257873535,nan,nan,nan,nan,-2.883185386657715,0.0,-2.8972465991973877,0.0,0.800000011920929,0.800000011920929,-2.8972465991973877,0.0,0.0,83
nan,nan,0.29981768131256104,1.079202651977539,0.29981768131256104,1.079202651977539,nan,nan,nan,nan,-2.883185386657715,0.0,-2.8972465991973877,0.0,0.800000011920929,0.800000011920929,-2.8972465991973877,0.0,0.0,84
nan,nan,0.34750041365623474,1.0693907737731934,0.34750041365623474,1.0693907737731934,nan,nan,nan,nan,-3.0831851959228516,0.0,-3.0892326831817627,0.0,0.800000011920929,0.800000011920929,-3.0892326831817627,0.0,0.0,85
nan,nan,0.3308337330818176,1.0796071290969849,0.3308337330818176,1.0796071290969849,nan,nan,nan,nan,-3.0831851959228516,0.0,-3.0892326831817627,0.0,0.800000011920929,0.800000011920929,-3.0892326831817627,0.0,0.0,86
nan,nan,0.31412920355796814,1.0761175155639648,0.31412920355796814,1.0761175155639648,nan,nan,nan,nan,-3.0831851959228516,0.030000000447034835,-3.0892326831817627,0.030000000447034835,0.800000011920929,0.800000011920929,-3.0892326831817627,0.030000000447034835,0.0,87
nan,nan,0.34507039189338684,1.0634616613388062,0.34507039189338684,1.0634616613388062,nan,nan,nan,nan,-3.0831851959228516,0.030000000447034835,-3.0892326831817627,0.030000000447034835,0.800000011920929,0.800000011920929,-3.0892326831817627,0.030000000447034835,0.0,88
nan,nan,0.3042668104171753,1.064597725868225,0.3042668104171753,1.064597725868225,nan,nan,nan,nan,-3.0831851959228516,0.030000000447034835,-3.0892326831817627,0.030000000447034835,0.800000011920929,0.800000011920929,-3.0892326831817627,0.030000000447034835,0.0,89
nan,nan,0.2942950427532196,1.0589592456817627,0.2942950427532196,1.0589592456817627,nan,nan,nan,nan,-3.0831851959228516,0.030000000447034835,-3.0892326831817627,0.030000000447034835,0.800000011920929,0.800000011920929,-3.0892326831817627,0.030000000447034835,0.0,90
nan,nan,0.30883967876434326,1.0401580333709717,0.30883967876434326,1.0401580333709717,nan,nan,nan,nan,-3.0831851959228516,0.030000000447034835,-3.0892326831817627,0.030000000447034835,0.800000011920929,0.800000011920929,-3.0892326831817627,0.030000000447034835,0.0,91
nan,nan,0.3353857696056366,0.975307285785675,0.3353857696056366,0.975307285785675,nan,nan,nan,nan,-3.0831851959228516,0.030000000447034835,-3.0892326831817627,0.030000000447034835,0.800000011920929,0.800000011920929,-3.0892326831817627,0.030000000447034835,0.0,92
nan,nan,0.29049035906791687,0.8821409940719604,0.29049035906791687,0.8821409940719604,nan,nan,nan,nan,-3.0831851959228516,0.030000000447034835,-3.0892326831817627,0.030000000447034835,0.800000011920929,0.800000011920929,-3.0892326831817627,0.030000000447034835,0.0,93
nan,nan,0.27740219235420227,0.826513409614563,0.27740219235420227,0.826513409614563,nan,nan,nan,nan,-3.0831851959228516,0.030000000447034835,-3.0892326831817627,0.030000000447034835,0.800000011920929,0.800000011920929,-3.0892326831817627,0.030000000447034835,0.0,94
nan,nan,0.2799406051635742,0.6932204961776733,0.2799406051635742,0.6932204961776733,nan,nan,nan,nan,-3.0831851959228516,0.030000000447034835,-3.0892326831817627,0.030000000447034835,0.800000011920929,0.800000011920929,-3.0892326831817627,0.030000000447034835,0.0,95
nan,nan,0.2569883167743683,0.5555316805839539,0.2569883167743683,0.5555316805839539,nan,nan,nan,nan,-3.0831851959228516,0.0,-3.0892326831817627,0.0,0.800000011920929,0.800000011920929,-3.0892326831817627,0.0,0.0,96
nan,nan,0.2390771061182022,0.4463508725166321,0.2390771061182022,0.4463508725166321,nan,nan,nan,nan,-3.0831851959228516,0.0,-3.0892326831817627,0.0,0.800000011920929,0.800000011920929,-3.0892326831817627,0.0,0.0,97
nan,nan,0.24553193151950836,0.44236084818840027,0.24553193151950836,0.44236084818840027,nan,nan,nan,nan,-3.0831851959228516,0.0,-3.0892326831817627,0.0,0.800000011920929,0.800000011920929,-3.0892326831817627,0.0,0.0,98
nan,nan,0.24439622461795807,0.4455644488334656,0.24439622461795807,0.4455644488334656,nan,nan,nan,nan,-3.0831851959228516,0.0,-3.0892326831817627,0.0,0.800000011920929,0.800000011920929,-3.0892326831817627,0.0,0.0,99
nan,nan,0.24299758672714233,0.4363310635089874,0.24299758672714233,0.4363310635089874,nan,nan,nan,nan,3.0,0.0,2.9845130443573,0.0,0.800000011920929,0.800000011920929,2.9845130443573,0.0,0.0,100
nan,nan,0.2434186041355133,0.4403083324432373,0.2434186041355133,0.4403083324432373,nan,nan,nan,nan,2.799999952316284,0.0,2.7925267219543457,0.0,0.800000011920929,0.800000011920929,2.7925267219543457,0.0,0.0,101
nan,nan,0.24218963086605072,0.4415051341056824,0.24218963086605072,0.4415051341056824,nan,nan,nan,nan,2.5999999046325684,0.0,2.583087205886841,0.0,0.800000011920929,0.800000011920929,2.583087205886841,0.0,0.0,102
nan,nan,0.24168525636196136,0.44141685962677,0.24168525636196136,0.44141685962677,nan,nan,nan,nan,2.4000000953674316,0.0,2.391101121902466,0.0,0.800000011920929,0.800000011920929,2.391101121902466,0.0,0.0,103
nan,nan,0.24251991510391235,0.4420851767063141,0.24251991510391235,0.4420851767063141,nan,nan,nan,nan,2.200000047683716,0.0,2.1991147994995117,0.0,0.800000011920929,0.800000011920929,2.1991147994995117,0.0,0.0,104
nan,nan,0.2393389344215393,0.44107046723365784,0.2393389344215393,0.44107046723365784,nan,nan,nan,nan,2.0,0.0,1.9896754026412964,0.0,0.800000011920929,0.800000011920929,1.9896754026412964,0.0,0.0,105
nan,nan,0.23928974568843842,0.44241243600845337,0.23928974568843842,0.44241243600845337,nan,nan,nan,nan,1.7999999523162842,0.0,1.7976890802383423,0.0,0.800000011920929,0.800000011920929,1.7976890802383423,0.0,0.0,106
nan,nan,0.23826275765895844,0.442771852016449,0.23826275765895844,0.442771852016449,nan,nan,nan,nan,1.600000023841858,0.0,1.5882495641708374,0.0,0.800000011920929,0.800000011920929,1.5882495641708374,0.0,0.0,107
nan,nan,0.23688159883022308,0.44250625371932983,0.23688159883022308,0.44250625371932983,nan,nan,nan,nan,1.399999976158142,0.030000000447034835,1.3962633609771729,0.030000000447034835,0.800000011920929,0.800000011920929,1.3962633609771729,0.030000000447034835,0.0,108
nan,nan,0.23668085038661957,0.44253668189048767,0.23668085038661957,0.44253668189048767,nan,nan,nan,nan,1.2000000476837158,0.030000000447034835,1.186823844909668,0.030000000447034835,0.800000011920929,0.800000011920929,1.186823844909668,0.030000000447034835,0.0,109
nan,nan,0.2885340750217438,0.448210209608078,0.2885340750217438,0.448210209608078,nan,nan,nan,nan,1.0,0.030000000447034835,0.9948377013206482,0.030000000447034835,0.800000011920929,0.800000011920929,0.9948377013206482,0.030000000447034835,0.0,110
nan,nan,0.3215522766113281,0.46109986305236816,0.3215522766113281,0.46109986305236816,nan,nan,nan,nan,0.800000011920929,0.030000000447034835,0.7853981852531433,0.030000000447034835,0.800000011920929,0.800000011920929,0.7853981852531433,0.030000000447034835,0.0,111
nan,nan,0.3607206344604492,0.48785048723220825,0.3607206344604492,0.48785048723220825,nan,nan,nan,nan,0.6000000238418579,0.030000000447034835,0.593411922454834,0.030000000447034835,0.800000011920929,0.800000011920929,0.593411922454834,0.030000000447034835,0.0,112
nan,nan,0.42661452293395996,0.5676709413528442,0.42661452293395996,0.5676709413528442,nan,nan,nan,nan,0.4000000059604645,0.030000000447034835,0.3839724361896515,0.030000000447034835,0.800000011920929,0.800000011920929,0.3839724361896515,0.030000000447034835,0.0,113
nan,nan,0.4798370599746704,0.6771801710128784,0.4798370599746704,0.6771801710128784,nan,nan,nan,nan,0.20000000298023224,0.030000000447034835,0.19198621809482574,0.030000000447034835,0.800000011920929,0.800000011920929,0.19198621809482574,0.030000000447034835,0.0,114
nan,nan,0.4996829032897949,0.7349581718444824,0.4996829032897949,0.7349581718444824,nan,nan,nan,nan,0.0,0.030000000447034835,0.0,0.030000000447034835,0.800000011920929,0.800000011920929,0.0,0.030000000447034835,0.0,115
nan,nan,0.5191736817359924,0.8655850887298584,0.5191736817359924,0.8655850887298584,nan,nan,nan,nan,-0.20000000298023224,0.030000000447034835,-0.20943951606750488,0.030000000447034835,0.800000011920929,0.800000011920929,-0.20943951606750488,0.030000000447034835,0.0,116
nan,nan,0.5126844048500061,0.9270851016044617,0.5126844048500061,0.9270851016044617,nan,nan,nan,nan,-0.4000000059604645,0.030000000447034835,-0.40142571926116943,0.030000000447034835,0.800000011920929,0.800000011920929,-0.40142571926116943,0.030000000447034835,0.0,117
nan,nan,0.47159266471862793,1.0449047088623047,0.47159266471862793,1.0449047088623047,nan,nan,nan,nan,-0.6000000238418579,0.030000000447034835,-0.6108652353286743,0.030000000447034835,0.800000011920929,0.800000011920929,-0.6108652353286743,0.030000000447034835,0.0,118
nan,nan,0.41242021322250366,1.1515666246414185,0.41242021322250366,1.1515666246414185,nan,nan,nan,nan,-0.6000000238418579,0.0,-0.6108652353286743,0.0,0.800000011920929,0.800000011920929,-0.6108652353286743,0.0,0.0,119
nan,nan,0.355729877948761,1.2349989414215088,0.355729877948761,1.2349989414215088,nan,nan,nan,nan,-0.6000000238418579,0.0,-0.6108652353286743,0.0,0.800000011920929,0.800000011920929,-0.6108652353286743,0.0,0.0,120
nan,nan,0.34461668133735657,1.2530089616775513,0.34461668133735657,1.2530089616775513,nan,nan,nan,nan,-0.6000000238418579,0.0,-0.6108652353286743,0.0,0.800000011920929,0.800000011920929,-0.6108652353286743,0.0,0.0,121
nan,nan,0.34572431445121765,1.252853274345398,0.34572431445121765,1.252853274345398,nan,nan,nan,nan,-0.800000011920929,0.0,-0.8028514385223389,0.0,0.800000011920929,0.800000011920929,-0.8028514385223389,0.0,0.0,122
nan,nan,0.3458564281463623,1.251649260520935,0.3458564281463623,1.251649260520935,nan,nan,nan,nan,-1.0,0.0,-1.0122909545898438,0.0,0.800000011920929,0.800000011920929,-1.0122909545898438,0.0,0.0,123
nan,nan,0.3449528217315674,1.2538899183273315,0.3449528217315674,1.2538899183273315,nan,nan,nan,nan,-1.2000000476837158,0.0,-1.2042771577835083,0.0,0.800000011920929,0.800000011920929,-1.2042771577835083,0.0,0.0,124
nan,nan,0.3454783260822296,1.2530770301818848,0.3454783260822296,1.2530770301818848,nan,nan,nan,nan,-1.399999976158142,0.0,-1.4137166738510132,0.0,0.800000011920929,0.800000011920929,-1.4137166738510132,0.0,0.0,125
nan,nan,0.3453907072544098,1.2539440393447876,0.3453907072544098,1.2539440393447876,nan,nan,nan,nan,-1.600000023841858,0.0,-1.6057028770446777,0.0,0.800000011920929,0.800000011920929,-1.6057028770446777,0.0,0.0,126
nan,nan,0.3439711928367615,1.2538602352142334,0.3439711928367615,1.2538602352142334,nan,nan,nan,nan,-1.7999999523162842,0.0,-1.8151423931121826,0.0,0.800000011920929,0.800000011920929,-1.8151423931121826,0.0,0.0,127
nan,nan,0.3433624505996704,1.2538399696350098,0.3433624505996704,1.2538399696350098,nan,nan,nan,nan,-2.0,0.0,-2.0071287155151367,0.0,0.800000011920929,0.800000011920929,-2.0071287155151367,0.0,0.0,128
nan,nan,0.3431144058704376,1.2535289525985718,0.3431144058704376,1.2535289525985718,nan,nan,nan,nan,-2.200000047683716,0.0,-2.2165682315826416,0.0,0.800000011920929,0.800000011920929,-2.2165682315826416,0.0,0.0,129
nan,nan,0.34264788031578064,1.2535101175308228,0.34264788031578064,1.2535101175308228,nan,nan,nan,nan,-2.4000000953674316,0.0,-2.4085543155670166,0.0,0.800000011920929,0.800000011920929,-2.4085543155670166,0.0,0.0,130
nan,nan,0.34320130944252014,1.254102349281311,0.34320130944252014,1.254102349281311,nan,nan,nan,nan,-2.5999999046325684,0.0,-2.6005406379699707,0.0,0.800000011920929,0.800000011920929,-2.6005406379699707,0.0,0.0,131
nan,nan,0.3426288068294525,1.2539821863174438,0.3426288068294525,1.2539821863174438,nan,nan,nan,nan,-2.799999952316284,0.0,-2.8099801540374756,0.0,0.800000011920929,0.800000011920929,-2.8099801540374756,0.0,0.0,132
nan,nan,0.34209921956062317,1.2537333965301514,0.34209921956062317,1.2537333965301514,nan,nan,nan,nan,-3.0,0.0,-3.0019662380218506,0.0,0.800000011920929,0.800000011920929,-3.0019662380218506,0.0,0.0,133
nan,nan,0.34225115180015564,1.2534281015396118,0.34225115180015564,1.2534281015396118,nan,nan,nan,nan,3.0831851959228516,0.0,3.071779489517212,0.0,0.800000011920929,0.800000011920929,3.071779489517212,0.0,0.0,134
nan,nan,0.3420356512069702,1.2526662349700928,0.3420356512069702,1.2526662349700928,nan,nan,nan,nan,3.0831851959228516,0.030000000447034835,3.071779489517212,0.030000000447034835,0.800000011920929,0.800000011920929,3.071779489517212,0.030000000447034835,0.0,135
nan,nan,0.3429810702800751,1.249666452407837,0.3429810702800751,1.249666452407837,nan,nan,nan,nan,3.0831851959228516,0.030000000447034835,3.071779489517212,0.030000000447034835,0.800000011920929,0.800000011920929,3.071779489517212,0.030000000447034835,0.0,136
nan,nan,0.3433392345905304,1.221035122871399,0.3433392345905304,1.221035122871399,nan,nan,nan,nan,3.0831851959228516,0.030000000447034835,3.071779489517212,0.030000000447034835,0.800000011920929,0.800000011920929,3.071779489517212,0.030000000447034835,0.0,137
nan,nan,0.34276509284973145,1.1953125,0.34276509284973145,1.1953125,nan,nan,nan,nan,3.0831851959228516,0.030000000447034835,3.071779489517212,0.030000000447034835,0.800000011920929,0.800000011920929,3.071779489517212,0.030000000447034835,0.0,138
nan,nan,0.34275421500205994,1.1095468997955322,0.34275421500205994,1.1095468997955322,nan,nan,nan,nan,3.0831851959228516,0.030000000447034835,3.071779489517212,0.030000000447034835,0.800000011920929,0.800000011920929,3.071779489517212,0.030000000447034835,0.0,139
nan,nan,0.3434770107269287,1.0568842887878418,0.3434770107269287,1.0568842887878418,nan,nan,nan,nan,-3.0,0.030000000447034835,-3.0019662380218506,0.030000000447034835,0.800000011920929,0.800000011920929,-3.0019662380218506,0.030000000447034835,0.0,140
nan,nan,0.33085787296295166,0.949343740940094,0.33085787296295166,0.949343740940094,nan,nan,nan,nan,-2.799999952316284,0.030000000447034835,-2.8099801540374756,0.030000000447034835,0.800000011920929,0.800000011920929,-2.8099801540374756,0.030000000447034835,0.0,141
nan,nan,0.2766789197921753,0.8270645141601562,0.2766789197921753,0.8270645141601562,nan,nan,nan,nan,-2.5999999046325684,0.030000000447034835,-2.6005406379699707,0.030000000447034835,0.800000011920929,0.800000011920929,-2.6005406379699707,0.030000000447034835,0.0,142
nan,nan,0.24137373268604279,0.7722798585891724,0.24137373268604279,0.7722798585891724,nan,nan,nan,nan,-2.5999999046325684,0.0,-2.6005406379699707,0.0,0.800000011920929,0.800000011920929,-2.6005406379699707,0.0,0.0,143
nan,nan,0.15959694981575012,0.6910584568977356,0.15959694981575012,0.6910584568977356,nan,nan,nan,nan,-2.5999999046325684,0.0,-2.6005406379699707,0.0,0.800000011920929,0.800000011920929,-2.6005406379699707,0.0,0.0,144
nan,nan,0.1455969512462616,0.6801161170005798,0.1455969512462616,0.6801161170005798,nan,nan,nan,nan,-2.799999952316284,0.0,-2.8099801540374756,0.0,0.800000011920929,0.800000011920929,-2.8099801540374756,0.0,0.0,145
nan,nan,0.16137775778770447,0.6893837451934814,0.16137775778770447,0.6893837451934814,nan,nan,nan,nan,-3.0,0.0,-3.0019662380218506,0.0,0.800000011920929,0.800000011920929,-3.0019662380218506,0.0,0.0,146
nan,nan,0.15589962899684906,0.6880261301994324,0.15589962899684906,0.6880261301994324,nan,nan,nan,nan,3.0831851959228516,0.0,3.071779489517212,0.0,0.800000011920929,0.800000011920929,3.071779489517212,0.0,0.0,147
nan,nan,0.1536620408296585,0.6834602355957031,0.1536620408296585,0.6834602355957031,nan,nan,nan,nan,2.883185386657715,0.0,2.879793167114258,0.0,0.800000011920929,0.800000011920929,2.879793167114258,0.0,0.0,148
nan,nan,0.15599514544010162,0.6834437847137451,0.15599514544010162,0.6834437847137451,nan,nan,nan,nan,2.683185338973999,0.0,2.670353651046753,0.0,0.800000011920929,0.800000011920929,2.670353651046753,0.0,0.0,149
nan,nan,0.15300695598125458,0.6846394538879395,0.15300695598125458,0.6846394538879395,nan,nan,nan,nan,2.483185291290283,0.0,2.478367567062378,0.0,0.800000011920929,0.800000011920929,2.478367567062378,0.0,0.0,150
nan,nan,0.15358968079090118,0.6854546666145325,0.15358968079090118,0.6854546666145325,nan,nan,nan,nan,2.2831852436065674,0.030000000447034835,2.268928050994873,0.030000000447034835,0.800000011920929,0.800000011920929,2.268928050994873,0.030000000447034835,0.0,151
nan,nan,0.14893540740013123,0.6725059747695923,0.14893540740013123,0.6725059747695923,nan,nan,nan,nan,2.0831851959228516,0.030000000447034835,2.076941728591919,0.030000000447034835,0.800000011920929,0.800000011920929,2.076941728591919,0.030000000447034835,0.0,152
nan,nan,0.16085432469844818,0.6505941152572632,0.16085432469844818,0.6505941152572632,nan,nan,nan,nan,1.8831852674484253,0.030000000447034835,1.8675023317337036,0.030000000447034835,0.800000011920929,0.800000011920929,1.8675023317337036,0.030000000447034835,0.0,153
nan,nan,0.22360774874687195,0.6198111176490784,0.22360774874687195,0.6198111176490784,nan,nan,nan,nan,1.683185338973999,0.030000000447034835,1.675516128540039,0.030000000447034835,0.800000011920929,0.800000011920929,1.675516128540039,0.030000000447034835,0.0,154
nan,nan,0.2605346143245697,0.6193665266036987,0.2605346143245697,0.6193665266036987,nan,nan,nan,nan,1.4831852912902832,0.030000000447034835,1.4660766124725342,0.030000000447034835,0.800000011920929,0.800000011920929,1.4660766124725342,0.030000000447034835,0.0,155
nan,nan,0.3622167706489563,0.6236845254898071,0.3622167706489563,0.6236845254898071,nan,nan,nan,nan,1.283185362815857,0.030000000447034835,1.2740904092788696,0.030000000447034835,0.800000011920929,0.800000011920929,1.2740904092788696,0.030000000447034835,0.0,156
nan,nan,0.47876182198524475,0.6505316495895386,0.47876182198524475,0.6505316495895386,nan,nan,nan,nan,1.0831853151321411,0.0,1.0821040868759155,0.0,0.800000011920929,0.800000011920929,1.0821040868759155,0.0,0.0,157
nan,nan,0.5671288371086121,0.7064631581306458,0.5671288371086121,0.7064631581306458,nan,nan,nan,nan,1.0831853151321411,-0.030000000447034835,-2.059488534927368,0.030000000447034835,0.800000011920929,0.800000011920929,-2.059488534927368,0.030000000447034835,0.0,158
nan,nan,0.5639416575431824,0.7381924986839294,0.5639416575431824,0.7381924986839294,nan,nan,nan,nan,1.0831853151321411,-0.030000000447034835,-2.059488534927368,0.030000000447034835,0.800000011920929,0.800000011920929,-2.059488534927368,0.030000000447034835,0.0,159
nan,nan,0.5119449496269226,0.822041928768158,0.5119449496269226,0.822041928768158,nan,nan,nan,nan,1.0831853151321411,-0.030000000447034835,-2.059488534927368,0.030000000447034835,0.800000011920929,0.800000011920929,-2.059488534927368,0.030000000447034835,0.0,160
nan,nan,0.48705488443374634,0.821533739566803,0.48705488443374634,0.821533739566803,nan,nan,nan,nan,1.0831853151321411,-0.030000000447034835,-2.059488534927368,0.030000000447034835,0.800000011920929,0.800000011920929,-2.059488534927368,0.030000000447034835,0.0,161
nan,nan,0.48936718702316284,0.7692829370498657,0.48936718702316284,0.7692829370498657,nan,nan,nan,nan,1.0831853151321411,0.0,1.0821040868759155,0.0,0.800000011920929,0.800000011920929,1.0821040868759155,0.0,0.0,162
nan,nan,0.4775617718696594,0.766897439956665,0.4775617718696594,0.766897439956665,nan,nan,nan,nan,1.0831853151321411,0.0,1.0821040868759155,0.0,0.800000011920929,0.800000011920929,1.0821040868759155,0.0,0.0,163
nan,nan,0.4466853439807892,0.7787674069404602,0.4466853439807892,0.7787674069404602,nan,nan,nan,nan,1.0831853151321411,0.0,1.0821040868759155,0.0,0.800000011920929,0.800000011920929,1.0821040868759155,0.0,0.0,164
nan,nan,0.45037898421287537,0.7687754034996033,0.45037898421287537,0.7687754034996033,nan,nan,nan,nan,0.8831853270530701,0.0,0.8726646304130554,0.0,0.800000011920929,0.800000011920929,0.8726646304130554,0.0,0.0,165
nan,nan,0.4517230689525604,0.7701671123504639,0.4517230689525604,0.7701671123504639,nan,nan,nan,nan,0.6831852793693542,0.030000000447034835,0.6806784272193909,0.030000000447034835,0.800000011920929,0.800000011920929,0.6806784272193909,0.030000000447034835,0.0,166
nan,nan,0.4547952711582184,0.7727002501487732,0.4547952711582184,0.7727002501487732,nan,nan,nan,nan,0.4831853210926056,0.030000000447034835,0.471238911151886,0.030000000447034835,0.800000011920929,0.800000011920929,0.471238911151886,0.030000000447034835,0.0,167
nan,nan,0.47082245349884033,0.7684894800186157,0.47082245349884033,0.7684894800186157,nan,nan,nan,nan,0.28318530321121216,0.030000000447034835,0.27925267815589905,0.030000000447034835,0.800000011920929,0.800000011920929,0.27925267815589905,0.030000000447034835,0.0,168
nan,nan,0.4918416440486908,0.7780217528343201,0.4918416440486908,0.7780217528343201,nan,nan,nan,nan,0.08318530768156052,0.030000000447034835,0.06981316953897476,0.030000000447034835,0.800000011920929,0.800000011920929,0.06981316953897476,0.030000000447034835,0.0,169
nan,nan,0.5023389458656311,0.8466535210609436,0.5023389458656311,0.8466535210609436,nan,nan,nan,nan,-0.11681469529867172,0.030000000447034835,-0.12217304855585098,0.030000000447034835,0.800000011920929,0.800000011920929,-0.12217304855585098,0.030000000447034835,0.0,170
nan,nan,0.48708248138427734,0.9312845468521118,0.48708248138427734,0.9312845468521118,nan,nan,nan,nan,-0.31681469082832336,0.030000000447034835,-0.33161255717277527,0.030000000447034835,0.800000011920929,0.800000011920929,-0.33161255717277527,0.030000000447034835,0.0,171
nan,nan,0.4828060269355774,0.9841678142547607,0.4828060269355774,0.9841678142547607,nan,nan,nan,nan,-0.31681469082832336,0.030000000447034835,-0.33161255717277527,0.030000000447034835,0.800000011920929,0.800000011920929,-0.33161255717277527,0.030000000447034835,0.0,172
nan,nan,0.44788694381713867,1.1000622510910034,0.44788694381713867,1.1000622510910034,nan,nan,nan,nan,-0.31681469082832336,0.030000000447034835,-0.33161255717277527,0.030000000447034835,0.800000011920929,0.800000011920929,-0.33161255717277527,0.030000000447034835,0.0,173
nan,nan,0.4013766050338745,1.2257453203201294,0.4013766050338745,1.2257453203201294,nan,nan,nan,nan,-0.31681469082832336,0.030000000447034835,-0.33161255717277527,0.030000000447034835,0.800000011920929,0.800000011920929,-0.33161255717277527,0.030000000447034835,0.0,174
nan,nan,0.38742968440055847,1.2935830354690552,0.38742968440055847,1.2935830354690552,nan,nan,nan,nan,-0.31681469082832336,0.0,-0.33161255717277527,0.0,0.800000011920929,0.800000011920929,-0.33161255717277527,0.0,0.0,175
nan,nan,0.36310631036758423,1.4078397750854492,0.36310631036758423,1.4078397750854492,nan,nan,nan,nan,-0.31681469082832336,0.0,-0.33161255717277527,0.0,0.800000011920929,0.800000011920929,-0.33161255717277527,0.0,0.0,176
nan,nan,0.34985414147377014,1.449183702468872,0.34985414147377014,1.449183702468872,nan,nan,nan,nan,-0.31681469082832336,-0.030000000447034835,2.8099801540374756,0.030000000447034835,0.800000011920929,0.800000011920929,2.8099801540374756,0.030000000447034835,1.0,177
nan,nan,0.3427875339984894,1.4505246877670288,0.3427875339984894,1.4505246877670288,nan,nan,nan,nan,-0.31681469082832336,0.0,-0.33161255717277527,0.0,0.800000011920929,0.800000011920929,-0.33161255717277527,0.0,0.0,178
nan,nan,0.3291262090206146,1.4528026580810547,0.3291262090206146,1.4528026580810547,nan,nan,nan,nan,-0.31681469082832336,0.0,-0.33161255717277527,0.0,0.800000011920929,0.800000011920929,-0.33161255717277527,0.0,0.0,179
nan,nan,0.3218640387058258,1.4539549350738525,0.3218640387058258,1.4539549350738525,nan,nan,nan,nan,-0.31681469082832336,0.0,-0.33161255717277527,0.0,0.800000011920929,0.800000011920929,-0.33161255717277527,0.0,0.0,180
nan,nan,0.32367146015167236,1.4537042379379272,0.32367146015167236,1.4537042379379272,nan,nan,nan,nan,-0.5168147087097168,0.0,-0.5235987901687622,0.0,0.800000011920929,0.800000011920929,-0.5235987901687622,0.0,0.0,181
nan,nan,0.3251953721046448,1.454342007637024,0.3251953721046448,1.454342007637024,nan,nan,nan,nan,-0.7168146967887878,0.0,-0.7330383062362671,0.0,0.800000011920929,0.800000011920929,-0.7330383062362671,0.0,0.0,182
nan,nan,0.32604530453681946,1.4552371501922607,0.32604530453681946,1.4552371501922607,nan,nan,nan,nan,-0.9168146848678589,0.0,-0.9250245094299316,0.0,0.800000011920929,0.800000011920929,-0.9250245094299316,0.0,0.0,183
nan,nan,0.327473908662796,1.455968976020813,0.327473908662796,1.455968976020813,nan,nan,nan,nan,-1.1168147325515747,0.0,-1.1170107126235962,0.0,0.800000011920929,0.800000011920929,-1.1170107126235962,0.0,0.0,184
nan,nan,0.3256378173828125,1.4561630487442017,0.3256378173828125,1.4561630487442017,nan,nan,nan,nan,-1.316814661026001,0.0,-1.326450228691101,0.0,0.800000011920929,0.800000011920929,-1.326450228691101,0.0,0.0,185
nan,nan,0.32680776715278625,1.455481767654419,0.32680776715278625,1.455481767654419,nan,nan,nan,nan,-1.5168147087097168,0.0,-1.5184364318847656,0.0,0.800000011920929,0.800000011920929,-1.5184364318847656,0.0,0.0,186
nan,nan,0.3287051022052765,1.4556708335876465,0.3287051022052765,1.4556708335876465,nan,nan,nan,nan,-1.716814637184143,0.0,-1.7278759479522705,0.0,0.800000011920929,0.800000011920929,-1.7278759479522705,0.0,0.0,187
nan,nan,0.3274378478527069,1.455816388130188,0.3274378478527069,1.455816388130188,nan,nan,nan,nan,-1.9168146848678589,0.0,-1.919862151145935,0.0,0.800000011920929,0.800000011920929,-1.919862151145935,0.0,0.0,188
nan,nan,0.327387273311615,1.456314206123352,0.327387273311615,1.456314206123352,nan,nan,nan,nan,-2.116814613342285,0.0,-2.1293017864227295,0.0,0.800000011920929,0.800000011920929,-2.1293017864227295,0.0,0.0,189
nan,nan,0.32545217871665955,1.4560060501098633,0.32545217871665955,1.4560060501098633,nan,nan,nan,nan,-2.316814661026001,0.0,-2.3212878704071045,0.0,0.800000011920929,0.800000011920929,-2.3212878704071045,0.0,0.0,190
nan,nan,0.3274266719818115,1.4565954208374023,0.3274266719818115,1.4565954208374023,nan,nan,nan,nan,-2.516814708709717,0.030000000447034835,-2.5307273864746094,0.030000000447034835,0.800000011920929,0.800000011920929,-2.5307273864746094,0.030000000447034835,0.0,191
nan,nan,0.3271389901638031,1.4561923742294312,0.3271389901638031,1.4561923742294312,nan,nan,nan,nan,-2.7168147563934326,0.030000000447034835,-2.7227137088775635,0.030000000447034835,0.800000011920929,0.800000011920929,-2.7227137088775635,0.030000000447034835,0.0,192
nan,nan,0.2999384105205536,1.4413024187088013,0.2999384105205536,1.4413024187088013,nan,nan,nan,nan,-2.9168148040771484,0.030000000447034835,-2.9321532249450684,0.030000000447034835,0.800000011920929,0.800000011920929,-2.9321532249450684,0.030000000447034835,0.0,193
nan,nan,0.2691754102706909,1.3778704404830933,0.2691754102706909,1.3778704404830933,nan,nan,nan,nan,-2.9168148040771484,0.030000000447034835,-2.9321532249450684,0.030000000447034835,0.800000011920929,0.800000011920929,-2.9321532249450684,0.030000000447034835,0.0,194
nan,nan,0.26683369278907776,1.3343610763549805,0.26683369278907776,1.3343610763549805,nan,nan,nan,nan,-2.9168148040771484,0.030000000447034835,-2.9321532249450684,0.030000000447034835,0.800000011920929,0.800000011920929,-2.9321532249450684,0.030000000447034835,0.0,195
nan,nan,0.2630728483200073,1.2859870195388794,0.2630728483200073,1.2859870195388794,nan,nan,nan,nan,-2.9168148040771484,0.030000000447034835,-2.9321532249450684,0.030000000447034835,0.800000011920929,0.800000011920929,-2.9321532249450684,0.030000000447034835,0.0,196
nan,nan,0.20619229972362518,1.1215747594833374,0.20619229972362518,1.1215747594833374,nan,nan,nan,nan,-2.9168148040771484,0.030000000447034835,-2.9321532249450684,0.030000000447034835,0.800000011920929,0.800000011920929,-2.9321532249450684,0.030000000447034835,0.0,197
nan,nan,0.18867237865924835,1.059964895248413,0.18867237865924835,1.059964895248413,nan,nan,nan,nan,-2.9168148040771484,0.030000000447034835,-2.9321532249450684,0.030000000447034835,0.800000011920929,0.800000011920929,-2.9321532249450684,0.030000000447034835,0.0,198
nan,nan,0.17328698933124542,0.9967305064201355,0.17328698933124542,0.9967305064201355,nan,nan,nan,nan,-2.9168148040771484,0.030000000447034835,-2.9321532249450684,0.030000000447034835,0.800000011920929,0.800000011920929,-2.9321532249450684,0.030000000447034835,0.0,199
nan,nan,0.13753566145896912,0.8744838237762451,0.13753566145896912,0.8744838237762451,nan,nan,nan,nan,-2.9168148040771484,0.030000000447034835,-2.9321532249450684,0.030000000447034835,0.800000011920929,0.800000011920929,-2.9321532249450684,0.030000000447034835,0.0,200
nan,nan,0.09991282969713211,0.7566049695014954,0.09991282969713211,0.7566049695014954,nan,nan,nan,nan,-2.9168148040771484,0.030000000447034835,-2.9321532249450684,0.030000000447034835,0.800000011920929,0.800000011920929,-2.9321532249450684,0.030000000447034835,0.0,201
nan,nan,0.08352828025817871,0.6981684565544128,0.08352828025817871,0.6981684565544128,nan,nan,nan,nan,-2.9168148040771484,0.030000000447034835,-2.9321532249450684,0.030000000447034835,0.800000011920929,0.800000011920929,-2.9321532249450684,0.030000000447034835,0.0,202
nan,nan,0.04885732755064964,0.5806154608726501,0.04885732755064964,0.5806154608726501,nan,nan,nan,nan,-2.9168148040771484,0.030000000447034835,-2.9321532249450684,0.030000000447034835,0.800000011920929,0.800000011920929,-2.9321532249450684,0.030000000447034835,0.0,203
nan,nan,0.030583271756768227,0.5206044316291809,0.030583271756768227,0.5206044316291809,nan,nan,nan,nan,-2.9168148040771484,0.030000000447034835,-2.9321532249450684,0.030000000447034835,0.800000011920929,0.800000011920929,-2.9321532249450684,0.030000000447034835,0.0,204
nan,nan,-0.0043626087717711926,0.4048624038696289,-0.0043626087717711926,0.4048624038696289,nan,nan,nan,nan,-2.9168148040771484,0.030000000447034835,-2.9321532249450684,0.030000000447034835,0.800000011920929,0.800000011920929,-2.9321532249450684,0.030000000447034835,0.0,205
nan,nan,-0.03761725500226021,0.29290318489074707,-0.03761725500226021,0.29290318489074707,nan,nan,nan,nan,-2.9168148040771484,0.0,-2.9321532249450684,0.0,0.800000011920929,0.800000011920929,-2.9321532249450684,0.0,0.0,206
nan,nan,-0.06909652799367905,0.20528730750083923,-0.06909652799367905,0.20528730750083923,nan,nan,nan,nan,-2.9168148040771484,-0.030000000447034835,0.20943951606750488,0.030000000447034835,0.800000011920929,0.800000011920929,0.20943951606750488,0.030000000447034835,1.0,207
nan,nan,-0.13672736287117004,0.181270569562912,-0.13672736287117004,0.181270569562912,nan,nan,nan,nan,-2.9168148040771484,-0.030000000447034835,0.20943951606750488,0.030000000447034835,0.800000011920929,0.800000011920929,0.20943951606750488,0.030000000447034835,0.0,208
nan,nan,-0.1970493048429489,0.19032154977321625,-0.1970493048429489,0.19032154977321625,nan,nan,nan,nan,-2.9168148040771484,0.0,-2.9321532249450684,0.0,0.800000011920929,0.800000011920929,-2.9321532249450684,0.0,0.0,209
nan,nan,-0.21086230874061584,0.20329730212688446,-0.21086230874061584,0.20329730212688446,nan,nan,nan,nan,-2.9168148040771484,0.0,-2.9321532249450684,0.0,0.800000011920929,0.800000011920929,-2.9321532249450684,0.0,0.0,210
nan,nan,-0.15082776546478271,0.2143571376800537,-0.15082776546478271,0.2143571376800537,nan,nan,nan,nan,-2.9168148040771484,0.0,-2.9321532249450684,0.0,0.800000011920929,0.800000011920929,-2.9321532249450684,0.0,0.0,211
nan,nan,-0.18191251158714294,0.1990460455417633,-0.18191251158714294,0.1990460455417633,nan,nan,nan,nan,-2.9168148040771484,0.0,-2.9321532249450684,0.0,0.800000011920929,0.800000011920929,-2.9321532249450684,0.0,0.0,212
nan,nan,-0.1881326287984848,0.19908112287521362,-0.1881326287984848,0.19908112287521362,nan,nan,nan,nan,-2.9168148040771484,0.0,-2.9321532249450684,0.0,0.800000011920929,0.800000011920929,-2.9321532249450684,0.0,0.0,213
nan,nan,-0.1564151793718338,0.2057393342256546,-0.1564151793718338,0.2057393342256546,nan,nan,nan,nan,-2.9168148040771484,0.0,-2.9321532249450684,0.0,0.800000011920929,0.800000011920929,-2.9321532249450684,0.0,0.0,214
nan,nan,-0.17858704924583435,0.20424439013004303,-0.17858704924583435,0.20424439013004303,nan,nan,nan,nan,-2.9168148040771484,0.030000000447034835,-2.9321532249450684,0.030000000447034835,0.800000011920929,0.800000011920929,-2.9321532249450684,0.030000000447034835,0.0,215
nan,nan,-0.16485042870044708,0.20214292407035828,-0.16485042870044708,0.20214292407035828,nan,nan,nan,nan,-2.9168148040771484,0.030000000447034835,-2.9321532249450684,0.030000000447034835,0.800000011920929,0.800000011920929,-2.9321532249450684,0.030000000447034835,0.0,216
nan,nan,-0.14409275352954865,0.18052344024181366,-0.14409275352954865,0.18052344024181366,nan,nan,nan,nan,-2.9168148040771484,0.030000000447034835,-2.9321532249450684,0.030000000447034835,0.800000011920929,0.800000011920929,-2.9321532249450684,0.030000000447034835,0.0,217
nan,nan,-0.16751548647880554,0.15641160309314728,-0.16751548647880554,0.15641160309314728,nan,nan,nan,nan,-2.9168148040771484,0.0,-2.9321532249450684,0.0,0.800000011920929,0.800000011920929,-2.9321532249450684,0.0,0.0,218
nan,nan,-0.20004376769065857,0.11531182378530502,-0.20004376769065857,0.11531182378530502,nan,nan,nan,nan,-2.9168148040771484,0.0,-2.9321532249450684,0.0,0.800000011920929,0.800000011920929,-2.9321532249450684,0.0,0.0,219
nan,nan,-0.1957256942987442,0.11331981420516968,-0.1957256942987442,0.11331981420516968,nan,nan,nan,nan,-2.9168148040771484,-0.030000000447034835,0.20943951606750488,0.030000000447034835,0.800000011920929,0.800000011920929,0.20943951606750488,0.030000000447034835,0.0,220
nan,nan,-0.20421570539474487,0.13063479959964752,-0.20421570539474487,0.13063479959964752,nan,nan,nan,nan,-2.9168148040771484,0.0,-2.9321532249450684,0.0,0.800000011920929,0.800000011920929,-2.9321532249450684,0.0,0.0,221
nan,nan,-0.2113388627767563,0.11886937916278839,-0.2113388627767563,0.11886937916278839,nan,nan,nan,nan,-2.9168148040771484,0.0,-2.9321532249450684,0.0,0.800000011920929,0.800000011920929,-2.9321532249450684,0.0,0.0,222
nan,nan,-0.21258504688739777,0.11730419099330902,-0.21258504688739777,0.11730419099330902,nan,nan,nan,nan,-2.9168148040771484,0.0,-2.9321532249450684,0.0,0.800000011920929,0.800000011920929,-2.9321532249450684,0.0,0.0,223
nan,nan,-0.21258504688739777,0.11730419099330902,-0.21258504688739777,0.11730419099330902,nan,nan,nan,nan,-2.9168148040771484,0.0,-2.9321532249450684,0.0,0.800000011920929,0.800000011920929,-2.9321532249450684,0.0,0.0,224
nan,nan,-0.21334749460220337,0.11720756441354752,-0.21334749460220337,0.11720756441354752,nan,nan,nan,nan,-2.7168147563934326,0.0,-2.7227137088775635,0.0,0.800000011920929,0.800000011920929,-2.7227137088775635,0.0,0.0,225
nan,nan,-0.21460187435150146,0.11673834919929504,-0.21460187435150146,0.11673834919929504,nan,nan,nan,nan,-2.516814708709717,0.0,-2.5307273864746094,0.0,0.800000011920929,0.800000011920929,-2.5307273864746094,0.0,0.0,226
nan,nan,-0.21231070160865784,0.116658516228199,-0.21231070160865784,0.116658516228199,nan,nan,nan,nan,-2.316814661026001,0.0,-2.3212878704071045,0.0,0.800000011920929,0.800000011920929,-2.3212878704071045,0.0,0.0,227
nan,nan,-0.2122146338224411,0.1158311516046524,-0.2122146338224411,0.1158311516046524,nan,nan,nan,nan,-2.116814613342285,0.0,-2.1293017864227295,0.0,0.800000011920929,0.800000011920929,-2.1293017864227295,0.0,0.0,228
nan,nan,-0.21406564116477966,0.11478915810585022,-0.21406564116477966,0.11478915810585022,nan,nan,nan,nan,-1.9168146848678589,0.0,-1.919862151145935,0.0,0.800000011920929,0.800000011920929,-1.919862151145935,0.0,0.0,229
nan,nan,-0.2136462926864624,0.1137898787856102,-0.2136462926864624,0.1137898787856102,nan,nan,nan,nan,-1.716814637184143,0.0,-1.7278759479522705,0.0,0.800000011920929,0.800000011920929,-1.7278759479522705,0.0,0.0,230
nan,nan,-0.21511313319206238,0.11312144249677658,-0.21511313319206238,0.11312144249677658,nan,nan,nan,nan,-1.5168147087097168,0.0,-1.5184364318847656,0.0,0.800000011920929,0.800000011920929,-1.5184364318847656,0.0,0.0,231
nan,nan,-0.2173137664794922,0.11185415089130402,-0.2173137664794922,0.11185415089130402,nan,nan,nan,nan,-1.316814661026001,0.0,-1.326450228691101,0.0,0.800000011920929,0.800000011920929,-1.326450228691101,0.0,0.0,232
nan,nan,-0.218240424990654,0.11255986988544464,-0.218240424990654,0.11255986988544464,nan,nan,nan,nan,-1.1168147325515747,0.0,-1.1170107126235962,0.0,0.800000011920929,0.800000011920929,-1.1170107126235962,0.0,0.0,233
nan,nan,-0.2187986820936203,0.11214394122362137,-0.2187986820936203,0.11214394122362137,nan,nan,nan,nan,-0.9168146848678589,0.0,-0.9250245094299316,0.0,0.800000011920929,0.800000011920929,-0.9250245094299316,0.0,0.0,234
nan,nan,-0.21923023462295532,0.11233966797590256,-0.21923023462295532,0.11233966797590256,nan,nan,nan,nan,-0.7168146967887878,0.0,-0.7330383062362671,0.0,0.800000011920929,0.800000011920929,-0.7330383062362671,0.0,0.0,235
nan,nan,-0.21977056562900543,0.11310246586799622,-0.21977056562900543,0.11310246586799622,nan,nan,nan,nan,-0.5168147087097168,0.0,-0.5235987901687622,0.0,0.800000011920929,0.800000011920929,-0.5235987901687622,0.0,0.0,236
nan,nan,-0.21984022855758667,0.11257052421569824,-0.21984022855758667,0.11257052421569824,nan,nan,nan,nan,-0.31681469082832336,0.0,-0.33161255717277527,0.0,0.800000011920929,0.800000011920929,-0.33161255717277527,0.0,0.0,237
nan,nan,-0.2196843922138214,0.11281745135784149,-0.2196843922138214,0.11281745135784149,nan,nan,nan,nan,-0.11681469529867172,0.0,-0.12217304855585098,0.0,0.800000011920929,0.800000011920929,-0.12217304855585098,0.0,0.0,238
nan,nan,-0.21930213272571564,0.11208971589803696,-0.21930213272571564,0.11208971589803696,nan,nan,nan,nan,0.08318530768156052,0.0,0.06981316953897476,0.0,0.800000011920929,0.800000011920929,0.06981316953897476,0.0,0.0,239
nan,nan,-0.2195950448513031,0.11136192083358765,-0.2195950448513031,0.11136192083358765,nan,nan,nan,nan,0.28318530321121216,0.0,0.27925267815589905,0.0,0.800000011920929,0.800000011920929,0.27925267815589905,0.0,0.0,240
nan,nan,-0.2197457104921341,0.11061938107013702,-0.2197457104921341,0.11061938107013702,nan,nan,nan,nan,0.28318530321121216,0.0,0.27925267815589905,0.0,0.800000011920929,0.800000011920929,0.27925267815589905,0.0,0.0,241
nan,nan,-0.2197457104921341,0.11061938107013702,-0.2197457104921341,0.11061938107013702,nan,nan,nan,nan,0.28318530321121216,0.030000000447034835,0.27925267815589905,0.030000000447034835,0.800000011920929,0.800000011920929,0.27925267815589905,0.030000000447034835,0.0,242
nan,nan,-0.21966327726840973,0.11572647094726562,-0.21966327726840973,0.11572647094726562,nan,nan,nan,nan,0.28318530321121216,0.030000000447034835,0.27925267815589905,0.030000000447034835,0.800000011920929,0.800000011920929,0.27925267815589905,0.030000000447034835,0.0,243
nan,nan,-0.2110545039176941,0.1508646160364151,-0.2110545039176941,0.1508646160364151,nan,nan,nan,nan,0.28318530321121216,0.030000000447034835,0.27925267815589905,0.030000000447034835,0.800000011920929,0.800000011920929,0.27925267815589905,0.030000000447034835,0.0,244
nan,nan,-0.19693931937217712,0.1782611757516861,-0.19693931937217712,0.1782611757516861,nan,nan,nan,nan,0.28318530321121216,0.030000000447034835,0.27925267815589905,0.030000000447034835,0.800000011920929,0.800000011920929,0.27925267815589905,0.030000000447034835,0.0,245
nan,nan,-0.1574222594499588,0.25857916474342346,-0.1574222594499588,0.25857916474342346,nan,nan,nan,nan,0.28318530321121216,0.030000000447034835,0.27925267815589905,0.030000000447034835,0.800000011920929,0.800000011920929,0.27925267815589905,0.030000000447034835,0.0,246
nan,nan,-0.14161112904548645,0.3071058988571167,-0.14161112904548645,0.3071058988571167,nan,nan,nan,nan,0.28318530321121216,0.030000000447034835,0.27925267815589905,0.030000000447034835,0.800000011920929,0.800000011920929,0.27925267815589905,0.030000000447034835,0.0,247
nan,nan,-0.10693014413118362,0.41610172390937805,-0.10693014413118362,0.41610172390937805,nan,nan,nan,nan,0.28318530321121216,0.030000000447034835,0.27925267815589905,0.030000000447034835,0.800000011920929,0.800000011920929,0.27925267815589905,0.030000000447034835,0.0,248
nan,nan,-0.058106929063797,0.5360978245735168,-0.058106929063797,0.5360978245735168,nan,nan,nan,nan,0.08318530768156052,0.030000000447034835,0.06981316953897476,0.030000000447034835,0.800000011920929,0.800000011920929,0.06981316953897476,0.030000000447034835,0.0,249
nan,nan,-0.03963305801153183,0.5956001877784729,-0.03963305801153183,0.5956001877784729,nan,nan,nan,nan,0.08318530768156052,0.030000000447034835,0.06981316953897476,0.030000000447034835,0.800000011920929,0.800000011920929,0.06981316953897476,0.030000000447034835,0.0,250
nan,nan,-0.03421807661652565,0.6572791934013367,-0.03421807661652565,0.6572791934013367,nan,nan,nan,nan,0.08318530768156052,0.030000000447034835,0.06981316953897476,0.030000000447034835,0.800000011920929,0.800000011920929,0.06981316953897476,0.030000000447034835,0.0,251
nan,nan,-0.018957732245326042,0.8426142334938049,-0.018957732245326042,0.8426142334938049,nan,nan,nan,nan,0.08318530768156052,0.030000000447034835,0.06981316953897476,0.030000000447034835,0.800000011920929,0.800000011920929,0.06981316953897476,0.030000000447034835,0.0,252
nan,nan,-0.005234675947576761,0.9052340984344482,-0.005234675947576761,0.9052340984344482,nan,nan,nan,nan,0.08318530768156052,0.0,0.06981316953897476,0.0,0.800000011920929,0.800000011920929,0.06981316953897476,0.0,0.0,253
nan,nan,0.011351564899086952,1.0189670324325562,0.011351564899086952,1.0189670324325562,nan,nan,nan,nan,0.08318530768156052,0.030000000447034835,0.06981316953897476,0.030000000447034835,0.800000011920929,0.800000011920929,0.06981316953897476,0.030000000447034835,0.0,254
nan,nan,0.00841299258172512,1.0464760065078735,0.00841299258172512,1.0464760065078735,nan,nan,nan,nan,0.08318530768156052,0.030000000447034835,0.06981316953897476,0.030000000447034835,0.800000011920929,0.800000011920929,0.06981316953897476,0.030000000447034835,0.0,255
nan,nan,0.016599714756011963,1.0779911279678345,0.016599714756011963,1.0779911279678345,nan,nan,nan,nan,0.08318530768156052,0.030000000447034835,0.06981316953897476,0.030000000447034835,0.800000011920929,0.800000011920929,0.06981316953897476,0.030000000447034835,0.0,256
nan,nan,0.02257096953690052,1.1084223985671997,0.02257096953690052,1.1084223985671997,nan,nan,nan,nan,0.08318530768156052,0.030000000447034835,0.06981316953897476,0.030000000447034835,0.800000011920929,0.800000011920929,0.06981316953897476,0.030000000447034835,0.0,257
nan,nan,0.027255171909928322,1.1518054008483887,0.027255171909928322,1.1518054008483887,nan,nan,nan,nan,0.08318530768156052,0.030000000447034835,0.06981316953897476,0.030000000447034835,0.800000011920929,0.800000011920929,0.06981316953897476,0.030000000447034835,0.0,258
nan,nan,0.049830250442028046,1.3251585960388184,0.049830250442028046,1.3251585960388184,nan,nan,nan,nan,0.08318530768156052,0.030000000447034835,0.06981316953897476,0.030000000447034835,0.800000011920929,0.800000011920929,0.06981316953897476,0.030000000447034835,0.0,259
nan,nan,0.06059766560792923,1.3877934217453003,0.06059766560792923,1.3877934217453003,nan,nan,nan,nan,0.08318530768156052,0.0,0.06981316953897476,0.0,0.800000011920929,0.800000011920929,0.06981316953897476,0.0,0.0,260
nan,nan,0.07911546528339386,1.503983974456787,0.07911546528339386,1.503983974456787,nan,nan,nan,nan,0.28318530321121216,0.0,0.27925267815589905,0.0,0.800000011920929,0.800000011920929,0.27925267815589905,0.0,0.0,261
nan,nan,0.08321303129196167,1.5247557163238525,0.08321303129196167,1.5247557163238525,nan,nan,nan,nan,0.28318530321121216,0.0,0.27925267815589905,0.0,0.800000011920929,0.800000011920929,0.27925267815589905,0.0,0.0,262
nan,nan,0.08265873044729233,1.523986577987671,0.08265873044729233,1.523986577987671,nan,nan,nan,nan,0.4831853210926056,0.0,0.471238911151886,0.0,0.800000011920929,0.800000011920929,0.471238911151886,0.0,0.0,263
nan,nan,0.07928033918142319,1.5261350870132446,0.07928033918142319,1.5261350870132446,nan,nan,nan,nan,0.6831852793693542,0.0,0.6806784272193909,0.0,0.800000011920929,0.800000011920929,0.6806784272193909,0.0,0.0,264
nan,nan,0.07957908511161804,1.5279457569122314,0.07957908511161804,1.5279457569122314,nan,nan,nan,nan,0.8831853270530701,0.0,0.8726646304130554,0.0,0.800000011920929,0.800000011920929,0.8726646304130554,0.0,0.0,265
nan,nan,0.08012586832046509,1.5265071392059326,0.08012586832046509,1.5265071392059326,nan,nan,nan,nan,1.0831853151321411,0.0,1.0821040868759155,0.0,0.800000011920929,0.800000011920929,1.0821040868759155,0.0,0.0,266
nan,nan,0.07630471140146255,1.5259004831314087,0.07630471140146255,1.5259004831314087,nan,nan,nan,nan,1.283185362815857,0.0,1.2740904092788696,0.0,0.800000011920929,0.800000011920929,1.2740904092788696,0.0,0.0,267
nan,nan,0.0757698118686676,1.5260756015777588,0.0757698118686676,1.5260756015777588,nan,nan,nan,nan,1.4831852912902832,0.0,1.4660766124725342,0.0,0.800000011920929,0.800000011920929,1.4660766124725342,0.0,0.0,268
nan,nan,0.07689344137907028,1.5254006385803223,0.07689344137907028,1.5254006385803223,nan,nan,nan,nan,1.683185338973999,0.0,1.675516128540039,0.0,0.800000011920929,0.800000011920929,1.675516128540039,0.0,0.0,269
nan,nan,0.07586798816919327,1.5268127918243408,0.07586798816919327,1.5268127918243408,nan,nan,nan,nan,1.8831852674484253,0.0,1.8675023317337036,0.0,0.800000011920929,0.800000011920929,1.8675023317337036,0.0,0.0,270
nan,nan,0.07278843969106674,1.5274584293365479,0.07278843969106674,1.5274584293365479,nan,nan,nan,nan,2.0831851959228516,0.0,2.076941728591919,0.0,0.800000011920929,0.800000011920929,2.076941728591919,0.0,0.0,271
nan,nan,0.07259804010391235,1.5286736488342285,0.07259804010391235,1.5286736488342285,nan,nan,nan,nan,2.2831852436065674,0.0,2.268928050994873,0.0,0.800000011920929,0.800000011920929,2.268928050994873,0.0,0.0,272
nan,nan,0.07199376076459885,1.5290135145187378,0.07199376076459885,1.5290135145187378,nan,nan,nan,nan,2.483185291290283,0.0,2.478367567062378,0.0,0.800000011920929,0.800000011920929,2.478367567062378,0.0,0.0,273
nan,nan,0.0714738517999649,1.5298669338226318,0.0714738517999649,1.5298669338226318,nan,nan,nan,nan,2.683185338973999,0.0,2.670353651046753,0.0,0.800000011920929,0.800000011920929,2.670353651046753,0.0,0.0,274
nan,nan,0.0710955485701561,1.530555248260498,0.0710955485701561,1.530555248260498,nan,nan,nan,nan,2.883185386657715,0.0,2.879793167114258,0.0,0.800000011920929,0.800000011920929,2.879793167114258,0.0,0.0,275
nan,nan,0.07147455960512161,1.5314260721206665,0.07147455960512161,1.5314260721206665,nan,nan,nan,nan,3.0831851959228516,0.030000000447034835,3.071779489517212,0.030000000447034835,0.800000011920929,0.800000011920929,3.071779489517212,0.030000000447034835,0.0,276
nan,nan,0.07220566272735596,1.5321698188781738,0.07220566272735596,1.5321698188781738,nan,nan,nan,nan,3.0831851959228516,0.030000000447034835,3.071779489517212,0.030000000447034835,0.800000011920929,0.800000011920929,3.071779489517212,0.030000000447034835,0.0,277
nan,nan,0.07491083443164825,1.4866948127746582,0.07491083443164825,1.4866948127746582,nan,nan,nan,nan,3.0831851959228516,0.030000000447034835,3.071779489517212,0.030000000447034835,0.800000011920929,0.800000011920929,3.071779489517212,0.030000000447034835,0.0,278
nan,nan,0.07157665491104126,1.4562244415283203,0.07157665491104126,1.4562244415283203,nan,nan,nan,nan,3.0831851959228516,0.030000000447034835,3.071779489517212,0.030000000447034835,0.800000011920929,0.800000011920929,3.071779489517212,0.030000000447034835,0.0,279
nan,nan,0.06731652468442917,1.415018916130066,0.06731652468442917,1.415018916130066,nan,nan,nan,nan,2.883185386657715,0.030000000447034835,2.879793167114258,0.030000000447034835,0.800000011920929,0.800000011920929,2.879793167114258,0.030000000447034835,0.0,280
nan,nan,0.07010528445243835,1.3149183988571167,0.07010528445243835,1.3149183988571167,nan,nan,nan,nan,2.883185386657715,0.030000000447034835,2.879793167114258,0.030000000447034835,0.800000011920929,0.800000011920929,2.879793167114258,0.030000000447034835,0.0,281
nan,nan,0.10001130402088165,1.2074453830718994,0.10001130402088165,1.2074453830718994,nan,nan,nan,nan,2.883185386657715,0.030000000447034835,2.879793167114258,0.030000000447034835,0.800000011920929,0.800000011920929,2.879793167114258,0.030000000447034835,0.0,282
nan,nan,0.1141887679696083,1.1472059488296509,0.1141887679696083,1.1472059488296509,nan,nan,nan,nan,3.0831851959228516,0.030000000447034835,3.071779489517212,0.030000000447034835,0.800000011920929,0.800000011920929,3.071779489517212,0.030000000447034835,0.0,283
nan,nan,0.12415672093629837,1.0234650373458862,0.12415672093629837,1.0234650373458862,nan,nan,nan,nan,3.0831851959228516,0.030000000447034835,3.071779489517212,0.030000000447034835,0.800000011920929,0.800000011920929,3.071779489517212,0.030000000447034835,0.0,284
nan,nan,0.11626853048801422,0.9637722969055176,0.11626853048801422,0.9637722969055176,nan,nan,nan,nan,3.0831851959228516,0.030000000447034835,3.071779489517212,0.030000000447034835,0.800000011920929,0.800000011920929,3.071779489517212,0.030000000447034835,0.0,285
nan,nan,0.10781662911176682,0.8440855145454407,0.10781662911176682,0.8440855145454407,nan,nan,nan,nan,3.0831851959228516,0.030000000447034835,3.071779489517212,0.030000000447034835,0.800000011920929,0.800000011920929,3.071779489517212,0.030000000447034835,0.0,286
nan,nan,0.11289438605308533,0.7232201099395752,0.11289438605308533,0.7232201099395752,nan,nan,nan,nan,3.0831851959228516,0.030000000447034835,3.071779489517212,0.030000000447034835,0.800000011920929,0.800000011920929,3.071779489517212,0.030000000447034835,0.0,287
nan,nan,0.11127235740423203,0.6642753481864929,0.11127235740423203,0.6642753481864929,nan,nan,nan,nan,3.0831851959228516,0.030000000447034835,3.071779489517212,0.030000000447034835,0.800000011920929,0.800000011920929,3.071779489517212,0.030000000447034835,0.0,288
nan,nan,0.10690762102603912,0.5463444590568542,0.10690762102603912,0.5463444590568542,nan,nan,nan,nan,3.0831851959228516,0.030000000447034835,3.071779489517212,0.030000000447034835,0.800000011920929,0.800000011920929,3.071779489517212,0.030000000447034835,0.0,289
nan,nan,0.10698866099119186,0.4278787076473236,0.10698866099119186,0.4278787076473236,nan,nan,nan,nan,3.0831851959228516,0.0,3.071779489517212,0.0,0.800000011920929,0.800000011920929,3.071779489517212,0.0,0.0,290
nan,nan,0.11053255200386047,0.3315873146057129,0.11053255200386047,0.3315873146057129,nan,nan,nan,nan,3.0831851959228516,-0.030000000447034835,-0.06981316953897476,0.030000000447034835,0.800000011920929,0.800000011920929,-0.06981316953897476,0.030000000447034835,0.0,291
nan,nan,0.12488269060850143,0.3168388903141022,0.12488269060850143,0.3168388903141022,nan,nan,nan,nan,3.0831851959228516,-0.030000000447034835,-0.06981316953897476,0.030000000447034835,0.800000011920929,0.800000011920929,-0.06981316953897476,0.030000000447034835,1.0,292
nan,nan,0.21412718296051025,0.31843745708465576,0.21412718296051025,0.31843745708465576,nan,nan,nan,nan,3.0831851959228516,-0.030000000447034835,-0.06981316953897476,0.030000000447034835,0.800000011920929,0.800000011920929,-0.06981316953897476,0.030000000447034835,0.0,293
nan,nan,0.2490977942943573,0.37731048464775085,0.2490977942943573,0.37731048464775085,nan,nan,nan,nan,3.0831851959228516,0.0,3.071779489517212,0.0,0.800000011920929,0.800000011920929,3.071779489517212,0.0,0.0,294
nan,nan,0.20151595771312714,0.4252285361289978,0.20151595771312714,0.4252285361289978,nan,nan,nan,nan,3.0831851959228516,0.0,3.071779489517212,0.0,0.800000011920929,0.800000011920929,3.071779489517212,0.0,0.0,295
nan,nan,0.22067555785179138,0.4447510242462158,0.22067555785179138,0.4447510242462158,nan,nan,nan,nan,3.0831851959228516,0.0,3.071779489517212,0.0,0.800000011920929,0.800000011920929,3.071779489517212,0.0,0.0,296
nan,nan,0.24320924282073975,0.44528719782829285,0.24320924282073975,0.44528719782829285,nan,nan,nan,nan,3.0831851959228516,0.0,3.071779489517212,0.0,0.800000011920929,0.800000011920929,3.071779489517212,0.0,0.0,297
nan,nan,0.24290740489959717,0.4452580511569977,0.24290740489959717,0.4452580511569977,nan,nan,nan,nan,3.0831851959228516,0.0,3.071779489517212,0.0,0.800000011920929,0.800000011920929,3.071779489517212,0.0,0.0,298
nan,nan,0.24321670830249786,0.4453452229499817,0.24321670830249786,0.4453452229499817,nan,nan,nan,nan,3.0831851959228516,0.0,3.071779489517212,0.0,0.800000011920929,0.800000011920929,3.071779489517212,0.0,0.0,299
nan,nan,0.23549678921699524,0.4444199502468109,0.23549678921699524,0.4444199502468109,nan,nan,nan,nan,2.883185386657715,0.0,2.879793167114258,0.0,0.800000011920929,0.800000011920929,2.879793167114258,0.0,0.0,300
nan,nan,0.2425960749387741,0.4470581114292145,0.2425960749387741,0.4470581114292145,nan,nan,nan,nan,2.683185338973999,0.0,2.670353651046753,0.0,0.800000011920929,0.800000011920929,2.670353651046753,0.0,0.0,301
nan,nan,0.24790391325950623,0.44974273443222046,0.24790391325950623,0.44974273443222046,nan,nan,nan,nan,2.483185291290283,0.0,2.478367567062378,0.0,0.800000011920929,0.800000011920929,2.478367567062378,0.0,0.0,302
nan,nan,0.23525671660900116,0.44741928577423096,0.23525671660900116,0.44741928577423096,nan,nan,nan,nan,2.2831852436065674,0.0,2.268928050994873,0.0,0.800000011920929,0.800000011920929,2.268928050994873,0.0,0.0,303
nan,nan,0.2365385890007019,0.446745365858078,0.2365385890007019,0.446745365858078,nan,nan,nan,nan,2.0831851959228516,0.015000000223517418,2.076941728591919,0.014705882593989372,0.800000011920929,0.800000011920929,2.076941728591919,0.014705882593989372,0.0,304
nan,nan,0.23333147168159485,0.4419272243976593,0.23333147168159485,0.4419272243976593,nan,nan,nan,nan,1.8831852674484253,0.015000000223517418,1.8675023317337036,0.014705882593989372,0.800000011920929,0.800000011920929,1.8675023317337036,0.014705882593989372,0.0,305
nan,nan,0.22779005765914917,0.42459920048713684,0.22779005765914917,0.42459920048713684,nan,nan,nan,nan,1.683185338973999,0.015000000223517418,1.675516128540039,0.014705882593989372,0.800000011920929,0.800000011920929,1.675516128540039,0.014705882593989372,0.0,306
nan,nan,0.2367737740278244,0.41295093297958374,0.2367737740278244,0.41295093297958374,nan,nan,nan,nan,1.4831852912902832,0.015000000223517418,1.4660766124725342,0.014705882593989372,0.800000011920929,0.800000011920929,1.4660766124725342,0.014705882593989372,0.0,307
nan,nan,0.27653437852859497,0.4365648329257965,0.27653437852859497,0.4365648329257965,nan,nan,nan,nan,1.283185362815857,0.015000000223517418,1.2740904092788696,0.014705882593989372,0.800000011920929,0.800000011920929,1.2740904092788696,0.014705882593989372,0.0,308
nan,nan,0.2909826934337616,0.43076783418655396,0.2909826934337616,0.43076783418655396,nan,nan,nan,nan,1.0831853151321411,0.015000000223517418,1.0821040868759155,0.014705882593989372,0.800000011920929,0.800000011920929,1.0821040868759155,0.014705882593989372,0.0,309
nan,nan,0.3128540515899658,0.42602041363716125,0.3128540515899658,0.42602041363716125,nan,nan,nan,nan,0.8831853270530701,0.015000000223517418,0.8726646304130554,0.014705882593989372,0.800000011920929,0.800000011920929,0.8726646304130554,0.014705882593989372,0.0,310
nan,nan,0.36127057671546936,0.45709338784217834,0.36127057671546936,0.45709338784217834,nan,nan,nan,nan,0.8831853270530701,-0.015000000223517418,-2.268928050994873,0.014705882593989372,0.800000011920929,0.800000011920929,-2.268928050994873,0.014705882593989372,0.0,311
nan,nan,0.38350850343704224,0.5379435420036316,0.38350850343704224,0.5379435420036316,nan,nan,nan,nan,0.8831853270530701,-0.015000000223517418,-2.268928050994873,0.014705882593989372,0.800000011920929,0.800000011920929,-2.268928050994873,0.014705882593989372,0.0,312
nan,nan,0.36899900436401367,0.5813677906990051,0.36899900436401367,0.5813677906990051,nan,nan,nan,nan,0.8831853270530701,-0.015000000223517418,-2.268928050994873,0.014705882593989372,0.800000011920929,0.800000011920929,-2.268928050994873,0.014705882593989372,0.0,313
nan,nan,0.359557181596756,0.5856269598007202,0.359557181596756,0.5856269598007202,nan,nan,nan,nan,0.8831853270530701,0.0,0.8726646304130554,0.0,0.800000011920929,0.800000011920929,0.8726646304130554,0.0,0.0,314
nan,nan,0.41415053606033325,0.5581489205360413,0.41415053606033325,0.5581489205360413,nan,nan,nan,nan,0.8831853270530701,0.0,0.8726646304130554,0.0,0.800000011920929,0.800000011920929,0.8726646304130554,0.0,0.0,315
nan,nan,0.41717883944511414,0.5408880710601807,0.41717883944511414,0.5408880710601807,nan,nan,nan,nan,0.8831853270530701,0.0,0.8726646304130554,0.0,0.800000011920929,0.800000011920929,0.8726646304130554,0.0,0.0,316
nan,nan,0.41717883944511414,0.5408880710601807,0.41717883944511414,0.5408880710601807,nan,nan,nan,nan,0.8831853270530701,0.0,0.8726646304130554,0.0,0.800000011920929,0.800000011920929,0.8726646304130554,0.0,0.0,317
nan,nan,0.41752395033836365,0.5406694412231445,0.41752395033836365,0.5406694412231445,nan,nan,nan,nan,0.6831852793693542,0.0,0.6806784272193909,0.0,0.800000011920929,0.800000011920929,0.6806784272193909,0.0,0.0,318
nan,nan,0.4185373783111572,0.5393587946891785,0.4185373783111572,0.5393587946891785,nan,nan,nan,nan,0.4831853210926056,0.0,0.471238911151886,0.0,0.800000011920929,0.800000011920929,0.471238911151886,0.0,0.0,319
nan,nan,0.4116898775100708,0.5432655215263367,0.4116898775100708,0.5432655215263367,nan,nan,nan,nan,0.28318530321121216,0.0,0.27925267815589905,0.0,0.800000011920929,0.800000011920929,0.27925267815589905,0.0,0.0,320
nan,nan,0.42195725440979004,0.5371349453926086,0.42195725440979004,0.5371349453926086,nan,nan,nan,nan,0.08318530768156052,0.0,0.06981316953897476,0.0,0.800000011920929,0.800000011920929,0.06981316953897476,0.0,0.0,321
nan,nan,0.41678303480148315,0.5382157564163208,0.41678303480148315,0.5382157564163208,nan,nan,nan,nan,-0.11681469529867172,0.0,-0.12217304855585098,0.0,0.800000011920929,0.800000011920929,-0.12217304855585098,0.0,0.0,322
nan,nan,0.42927443981170654,0.5354224443435669,0.42927443981170654,0.5354224443435669,nan,nan,nan,nan,-0.31681469082832336,0.015000000223517418,-0.33161255717277527,0.014705882593989372,0.800000011920929,0.800000011920929,-0.33161255717277527,0.014705882593989372,0.0,323
nan,nan,0.43246302008628845,0.5347504019737244,0.43246302008628845,0.5347504019737244,nan,nan,nan,nan,-0.5168147087097168,0.015000000223517418,-0.5235987901687622,0.014705882593989372,0.800000011920929,0.800000011920929,-0.5235987901687622,0.014705882593989372,0.0,324
nan,nan,0.4111267030239105,0.5491756200790405,0.4111267030239105,0.5491756200790405,nan,nan,nan,nan,-0.7168146967887878,0.015000000223517418,-0.7330383062362671,0.014705882593989372,0.800000011920929,0.800000011920929,-0.7330383062362671,0.014705882593989372,0.0,325
nan,nan,0.4096952974796295,0.5698617696762085,0.4096952974796295,0.5698617696762085,nan,nan,nan,nan,-0.7168146967887878,0.015000000223517418,-0.7330383062362671,0.014705882593989372,0.800000011920929,0.800000011920929,-0.7330383062362671,0.014705882593989372,0.0,326
nan,nan,0.4103591740131378,0.5710457563400269,0.4103591740131378,0.5710457563400269,nan,nan,nan,nan,-0.7168146967887878,0.015000000223517418,-0.7330383062362671,0.014705882593989372,0.800000011920929,0.800000011920929,-0.7330383062362671,0.014705882593989372,0.0,327
nan,nan,0.4047795236110687,0.5666924118995667,0.4047795236110687,0.5666924118995667,nan,nan,nan,nan,-0.7168146967887878,0.015000000223517418,-0.7330383062362671,0.014705882593989372,0.800000011920929,0.800000011920929,-0.7330383062362671,0.014705882593989372,0.0,328
nan,nan,0.3951779305934906,0.5692381262779236,0.3951779305934906,0.5692381262779236,nan,nan,nan,nan,-0.7168146967887878,0.015000000223517418,-0.7330383062362671,0.014705882593989372,0.800000011920929,0.800000011920929,-0.7330383062362671,0.014705882593989372,0.0,329
nan,nan,0.383748859167099,0.6049918532371521,0.383748859167099,0.6049918532371521,nan,nan,nan,nan,-0.7168146967887878,0.015000000223517418,-0.7330383062362671,0.014705882593989372,0.800000011920929,0.800000011920929,-0.7330383062362671,0.014705882593989372,0.0,330
nan,nan,0.36819177865982056,0.6247498989105225,0.36819177865982056,0.6247498989105225,nan,nan,nan,nan,-0.7168146967887878,0.015000000223517418,-0.7330383062362671,0.014705882593989372,0.800000011920929,0.800000011920929,-0.7330383062362671,0.014705882593989372,0.0,331
nan,nan,0.32041501998901367,0.6733149290084839,0.32041501998901367,0.6733149290084839,nan,nan,nan,nan,-0.7168146967887878,0.015000000223517418,-0.7330383062362671,0.014705882593989372,0.800000011920929,0.800000011920929,-0.7330383062362671,0.014705882593989372,0.0,332
nan,nan,0.2979779541492462,0.7069849967956543,0.2979779541492462,0.7069849967956543,nan,nan,nan,nan,-0.7168146967887878,0.015000000223517418,-0.7330383062362671,0.014705882593989372,0.800000011920929,0.800000011920929,-0.7330383062362671,0.014705882593989372,0.0,333
nan,nan,0.24612794816493988,0.7869523763656616,0.24612794816493988,0.7869523763656616,nan,nan,nan,nan,-0.5168147087097168,0.015000000223517418,-0.5235987901687622,0.014705882593989372,0.800000011920929,0.800000011920929,-0.5235987901687622,0.014705882593989372,0.0,334
nan,nan,0.21843354403972626,0.8290742635726929,0.21843354403972626,0.8290742635726929,nan,nan,nan,nan,-0.5168147087097168,0.015000000223517418,-0.5235987901687622,0.014705882593989372,0.800000011920929,0.800000011920929,-0.5235987901687622,0.014705882593989372,0.0,335
nan,nan,0.18818236887454987,0.914140522480011,0.18818236887454987,0.914140522480011,nan,nan,nan,nan,-0.5168147087097168,0.015000000223517418,-0.5235987901687622,0.014705882593989372,0.800000011920929,0.800000011920929,-0.5235987901687622,0.014705882593989372,0.0,336
nan,nan,0.17151285707950592,0.9561240673065186,0.17151285707950592,0.9561240673065186,nan,nan,nan,nan,-0.31681469082832336,0.015000000223517418,-0.33161255717277527,0.014705882593989372,0.800000011920929,0.800000011920929,-0.33161255717277527,0.014705882593989372,0.0,337
nan,nan,0.13396237790584564,1.0375837087631226,0.13396237790584564,1.0375837087631226,nan,nan,nan,nan,-0.11681469529867172,0.015000000223517418,-0.12217304855585098,0.014705882593989372,0.800000011920929,0.800000011920929,-0.12217304855585098,0.014705882593989372,0.0,338
nan,nan,0.13762004673480988,1.1215453147888184,0.13762004673480988,1.1215453147888184,nan,nan,nan,nan,0.08318530768156052,0.015000000223517418,0.06981316953897476,0.014705882593989372,0.800000011920929,0.800000011920929,0.06981316953897476,0.014705882593989372,0.0,339
nan,nan,0.14792384207248688,1.1577461957931519,0.14792384207248688,1.1577461957931519,nan,nan,nan,nan,0.28318530321121216,0.015000000223517418,0.27925267815589905,0.014705882593989372,0.800000011920929,0.800000011920929,0.27925267815589905,0.014705882593989372,0.0,340
nan,nan,0.15706656873226166,1.1944375038146973,0.15706656873226166,1.1944375038146973,nan,nan,nan,nan,0.4831853210926056,0.015000000223517418,0.471238911151886,0.014705882593989372,0.800000011920929,0.800000011920929,0.471238911151886,0.014705882593989372,0.0,341
nan,nan,0.20946858823299408,1.2791193723678589,0.20946858823299408,1.2791193723678589,nan,nan,nan,nan,0.4831853210926056,0.015000000223517418,0.471238911151886,0.014705882593989372,0.800000011920929,0.800000011920929,0.471238911151886,0.014705882593989372,0.0,342
nan,nan,0.22979788482189178,1.3008137941360474,0.22979788482189178,1.3008137941360474,nan,nan,nan,nan,0.4831853210926056,0.015000000223517418,0.471238911151886,0.014705882593989372,0.800000011920929,0.800000011920929,0.471238911151886,0.014705882593989372,0.0,343
nan,nan,0.2560335695743561,1.357003927230835,0.2560335695743561,1.357003927230835,nan,nan,nan,nan,0.4831853210926056,0.015000000223517418,0.471238911151886,0.014705882593989372,0.800000011920929,0.800000011920929,0.471238911151886,0.014705882593989372,0.0,344
nan,nan,0.27106815576553345,1.3857892751693726,0.27106815576553345,1.3857892751693726,nan,nan,nan,nan,0.4831853210926056,0.015000000223517418,0.471238911151886,0.014705882593989372,0.800000011920929,0.800000011920929,0.471238911151886,0.014705882593989372,0.0,345
nan,nan,0.3105102777481079,1.434003472328186,0.3105102777481079,1.434003472328186,nan,nan,nan,nan,0.4831853210926056,0.0,0.471238911151886,0.0,0.800000011920929,0.800000011920929,0.471238911151886,0.0,0.0,346
nan,nan,0.3374773859977722,1.4829503297805786,0.3374773859977722,1.4829503297805786,nan,nan,nan,nan,0.4831853210926056,-0.015000000223517418,-2.670353651046753,0.014705882593989372,0.800000011920929,0.800000011920929,-2.670353651046753,0.014705882593989372,0.0,347
nan,nan,0.3409741222858429,1.4967703819274902,0.3409741222858429,1.4967703819274902,nan,nan,nan,nan,0.4831853210926056,-0.015000000223517418,-2.670353651046753,0.014705882593989372,0.800000011920929,0.800000011920929,-2.670353651046753,0.014705882593989372,0.0,348
nan,nan,0.3870270252227783,1.5399404764175415,0.3870270252227783,1.5399404764175415,nan,nan,nan,nan,0.4831853210926056,-0.015000000223517418,-2.670353651046753,0.014705882593989372,0.800000011920929,0.800000011920929,-2.670353651046753,0.014705882593989372,0.0,349
nan,nan,0.3799568712711334,1.5375028848648071,0.3799568712711334,1.5375028848648071,nan,nan,nan,nan,0.4831853210926056,-0.015000000223517418,-2.670353651046753,0.014705882593989372,0.800000011920929,0.800000011920929,-2.670353651046753,0.014705882593989372,0.0,350
nan,nan,0.36047181487083435,1.5281883478164673,0.36047181487083435,1.5281883478164673,nan,nan,nan,nan,0.4831853210926056,-0.015000000223517418,-2.670353651046753,0.014705882593989372,0.800000011920929,0.800000011920929,-2.670353651046753,0.014705882593989372,0.0,351
nan,nan,0.3697931468486786,1.5267053842544556,0.3697931468486786,1.5267053842544556,nan,nan,nan,nan,0.4831853210926056,-0.015000000223517418,-2.670353651046753,0.014705882593989372,0.800000011920929,0.800000011920929,-2.670353651046753,0.014705882593989372,0.0,352
nan,nan,0.3833000361919403,1.5314055681228638,0.3833000361919403,1.5314055681228638,nan,nan,nan,nan,0.4831853210926056,-0.015000000223517418,-2.670353651046753,0.014705882593989372,0.800000011920929,0.800000011920929,-2.670353651046753,0.014705882593989372,0.0,353
nan,nan,0.3498181104660034,1.513594150543213,0.3498181104660034,1.513594150543213,nan,nan,nan,nan,0.4831853210926056,-0.015000000223517418,-2.670353651046753,0.014705882593989372,0.800000011920929,0.800000011920929,-2.670353651046753,0.014705882593989372,0.0,354
nan,nan,0.3433068096637726,1.4923253059387207,0.3433068096637726,1.4923253059387207,nan,nan,nan,nan,0.4831853210926056,-0.015000000223517418,-2.670353651046753,0.014705882593989372,0.800000011920929,0.800000011920929,-2.670353651046753,0.014705882593989372,0.0,355
nan,nan,0.33623644709587097,1.4619171619415283,0.33623644709587097,1.4619171619415283,nan,nan,nan,nan,0.4831853210926056,-0.015000000223517418,-2.670353651046753,0.014705882593989372,0.800000011920929,0.800000011920929,-2.670353651046753,0.014705882593989372,0.0,356
nan,nan,0.28830891847610474,1.389032244682312,0.28830891847610474,1.389032244682312,nan,nan,nan,nan,0.28318530321121216,-0.015000000223517418,-2.862339973449707,0.014705882593989372,0.800000011920929,0.800000011920929,-2.862339973449707,0.014705882593989372,0.0,357
nan,nan,0.23880453407764435,1.3030500411987305,0.23880453407764435,1.3030500411987305,nan,nan,nan,nan,0.08318530768156052,-0.015000000223517418,-3.071779489517212,0.014705882593989372,0.800000011920929,0.800000011920929,-3.071779489517212,0.014705882593989372,0.0,358
nan,nan,0.23142634332180023,1.2522947788238525,0.23142634332180023,1.2522947788238525,nan,nan,nan,nan,-0.11681469529867172,-0.015000000223517418,3.0194196701049805,0.014705882593989372,0.800000011920929,0.800000011920929,3.0194196701049805,0.014705882593989372,0.0,359
nan,nan,0.23361200094223022,1.1414896249771118,0.23361200094223022,1.1414896249771118,nan,nan,nan,nan,-0.11681469529867172,-0.015000000223517418,3.0194196701049805,0.014705882593989372,0.800000011920929,0.800000011920929,3.0194196701049805,0.014705882593989372,0.0,360
nan,nan,0.24298958480358124,1.09444260597229,0.24298958480358124,1.09444260597229,nan,nan,nan,nan,-0.11681469529867172,-0.015000000223517418,3.0194196701049805,0.014705882593989372,0.800000011920929,0.800000011920929,3.0194196701049805,0.014705882593989372,0.0,361
nan,nan,0.2504759728908539,1.0076342821121216,0.2504759728908539,1.0076342821121216,nan,nan,nan,nan,-0.11681469529867172,-0.015000000223517418,3.0194196701049805,0.014705882593989372,0.800000011920929,0.800000011920929,3.0194196701049805,0.014705882593989372,0.0,362
nan,nan,0.2480028122663498,0.9682957530021667,0.2480028122663498,0.9682957530021667,nan,nan,nan,nan,0.08318530768156052,-0.015000000223517418,-3.071779489517212,0.014705882593989372,0.800000011920929,0.800000011920929,-3.071779489517212,0.014705882593989372,0.0,363
nan,nan,0.24731256067752838,0.8884325623512268,0.24731256067752838,0.8884325623512268,nan,nan,nan,nan,0.08318530768156052,-0.015000000223517418,-3.071779489517212,0.014705882593989372,0.800000011920929,0.800000011920929,-3.071779489517212,0.014705882593989372,0.0,364
nan,nan,0.2404772788286209,0.8524340391159058,0.2404772788286209,0.8524340391159058,nan,nan,nan,nan,0.08318530768156052,-0.015000000223517418,-3.071779489517212,0.014705882593989372,0.800000011920929,0.800000011920929,-3.071779489517212,0.014705882593989372,0.0,365
nan,nan,0.22081387042999268,0.7841500043869019,0.22081387042999268,0.7841500043869019,nan,nan,nan,nan,0.08318530768156052,-0.015000000223517418,-3.071779489517212,0.014705882593989372,0.800000011920929,0.800000011920929,-3.071779489517212,0.014705882593989372,0.0,366
nan,nan,0.21529829502105713,0.7143132090568542,0.21529829502105713,0.7143132090568542,nan,nan,nan,nan,0.08318530768156052,-0.015000000223517418,-3.071779489517212,0.014705882593989372,0.800000011920929,0.800000011920929,-3.071779489517212,0.014705882593989372,0.0,367
nan,nan,0.21087607741355896,0.6797778606414795,0.21087607741355896,0.6797778606414795,nan,nan,nan,nan,0.08318530768156052,-0.015000000223517418,-3.071779489517212,0.014705882593989372,0.800000011920929,0.800000011920929,-3.071779489517212,0.014705882593989372,0.0,368
nan,nan,0.19685743749141693,0.614982545375824,0.19685743749141693,0.614982545375824,nan,nan,nan,nan,0.08318530768156052,-0.015000000223517418,-3.071779489517212,0.014705882593989372,0.800000011920929,0.800000011920929,-3.071779489517212,0.014705882593989372,0.0,369
nan,nan,0.18934252858161926,0.549787700176239,0.18934252858161926,0.549787700176239,nan,nan,nan,nan,0.08318530768156052,-0.015000000223517418,-3.071779489517212,0.014705882593989372,0.800000011920929,0.800000011920929,-3.071779489517212,0.014705882593989372,0.0,370
nan,nan,0.1853945106267929,0.5180051922798157,0.1853945106267929,0.5180051922798157,nan,nan,nan,nan,0.08318530768156052,-0.015000000223517418,-3.071779489517212,0.014705882593989372,0.800000011920929,0.800000011920929,-3.071779489517212,0.014705882593989372,0.0,371
nan,nan,0.17930558323860168,0.4867680072784424,0.17930558323860168,0.4867680072784424,nan,nan,nan,nan,0.08318530768156052,-0.015000000223517418,-3.071779489517212,0.014705882593989372,0.800000011920929,0.800000011920929,-3.071779489517212,0.014705882593989372,0.0,372
nan,nan,0.16850242018699646,0.4252161681652069,0.16850242018699646,0.4252161681652069,nan,nan,nan,nan,0.08318530768156052,-0.015000000223517418,-3.071779489517212,0.014705882593989372,0.800000011920929,0.800000011920929,-3.071779489517212,0.014705882593989372,0.0,373
nan,nan,0.1615714132785797,0.3612689673900604,0.1615714132785797,0.3612689673900604,nan,nan,nan,nan,0.08318530768156052,-0.015000000223517418,-3.071779489517212,0.014705882593989372,0.800000011920929,0.800000011920929,-3.071779489517212,0.014705882593989372,0.0,374
nan,nan,0.15635810792446136,0.3304050862789154,0.15635810792446136,0.3304050862789154,nan,nan,nan,nan,0.08318530768156052,-0.015000000223517418,-3.071779489517212,0.014705882593989372,0.800000011920929,0.800000011920929,-3.071779489517212,0.014705882593989372,0.0,375
nan,nan,0.14465883374214172,0.266426682472229,0.14465883374214172,0.266426682472229,nan,nan,nan,nan,0.08318530768156052,-0.015000000223517418,-3.071779489517212,0.014705882593989372,0.800000011920929,0.800000011920929,-3.071779489517212,0.014705882593989372,0.0,376
nan,nan,0.1402316838502884,0.2341863363981247,0.1402316838502884,0.2341863363981247,nan,nan,nan,nan,0.08318530768156052,0.0,0.06981316953897476,0.0,0.800000011920929,0.800000011920929,0.06981316953897476,0.0,0.0,377
nan,nan,0.11097337305545807,0.15997326374053955,0.11097337305545807,0.15997326374053955,nan,nan,nan,nan,0.08318530768156052,0.0,0.06981316953897476,0.0,0.800000011920929,0.800000011920929,0.06981316953897476,0.0,1.0,378
nan,nan,-0.014008676633238792,0.15280435979366302,-0.014008676633238792,0.15280435979366302,nan,nan,nan,nan,0.08318530768156052,0.0,0.06981316953897476,0.0,0.800000011920929,0.800000011920929,0.06981316953897476,0.0,0.0,379
nan,nan,-0.06591439247131348,0.20575185120105743,-0.06591439247131348,0.20575185120105743,nan,nan,nan,nan,0.08318530768156052,0.0,0.06981316953897476,0.0,0.800000011920929,0.800000011920929,0.06981316953897476,0.0,0.0,380
nan,nan,-0.000518140266649425,0.19792897999286652,-0.000518140266649425,0.19792897999286652,nan,nan,nan,nan,0.08318530768156052,0.0,0.06981316953897476,0.0,0.800000011920929,0.800000011920929,0.06981316953897476,0.0,0.0,381
nan,nan,-0.005289129912853241,0.17096711695194244,-0.005289129912853241,0.17096711695194244,nan,nan,nan,nan,0.08318530768156052,0.0,0.06981316953897476,0.0,0.800000011920929,0.800000011920929,0.06981316953897476,0.0,0.0,382
nan,nan,-0.06829831004142761,0.15611585974693298,-0.06829831004142761,0.15611585974693298,nan,nan,nan,nan,0.08318530768156052,0.0,0.06981316953897476,0.0,0.800000011920929,0.800000011920929,0.06981316953897476,0.0,0.0,383
nan,nan,-0.010265815071761608,0.14736156165599823,-0.010265815071761608,0.14736156165599823,nan,nan,nan,nan,0.08318530768156052,0.0,0.06981316953897476,0.0,0.800000011920929,0.800000011920929,0.06981316953897476,0.0,0.0,384
nan,nan,-0.027135808020830154,0.15469196438789368,-0.027135808020830154,0.15469196438789368,nan,nan,nan,nan,0.08318530768156052,0.015000000223517418,0.06981316953897476,0.014705882593989372,0.800000011920929,0.800000011920929,0.06981316953897476,0.014705882593989372,0.0,385
nan,nan,-0.048065222799777985,0.1526867300271988,-0.048065222799777985,0.1526867300271988,nan,nan,nan,nan,0.08318530768156052,0.015000000223517418,0.06981316953897476,0.014705882593989372,0.800000011920929,0.800000011920929,0.06981316953897476,0.014705882593989372,0.0,386
nan,nan,-0.035662658512592316,0.14849285781383514,-0.035662658512592316,0.14849285781383514,nan,nan,nan,nan,0.08318530768156052,0.015000000223517418,0.06981316953897476,0.014705882593989372,0.800000011920929,0.800000011920929,0.06981316953897476,0.014705882593989372,0.0,387
nan,nan,0.011539721861481667,0.13775989413261414,0.011539721861481667,0.13775989413261414,nan,nan,nan,nan,0.08318530768156052,0.015000000223517418,0.06981316953897476,0.014705882593989372,0.800000011920929,0.800000011920929,0.06981316953897476,0.014705882593989372,0.0,388
nan,nan,-0.03212808072566986,0.13996626436710358,-0.03212808072566986,0.13996626436710358,nan,nan,nan,nan,0.08318530768156052,0.015000000223517418,0.06981316953897476,0.014705882593989372,0.800000011920929,0.800000011920929,0.06981316953897476,0.014705882593989372,0.0,389
nan,nan,-0.04597087949514389,0.15289252996444702,-0.04597087949514389,0.15289252996444702,nan,nan,nan,nan,0.08318530768156052,0.0,0.06981316953897476,0.0,0.800000011920929,0.800000011920929,0.06981316953897476,0.0,0.0,390
nan,nan,-0.008304527029395103,0.17083130776882172,-0.008304527029395103,0.17083130776882172,nan,nan,nan,nan,0.08318530768156052,0.0,0.06981316953897476,0.0,0.800000011920929,0.800000011920929,0.06981316953897476,0.0,0.0,391
nan,nan,0.0025335706304758787,0.16743983328342438,0.0025335706304758787,0.16743983328342438,nan,nan,nan,nan,0.08318530768156052,0.015000000223517418,0.06981316953897476,0.014705882593989372,0.800000011920929,0.800000011920929,0.06981316953897476,0.014705882593989372,0.0,392
nan,nan,-0.01148515846580267,0.17237071692943573,-0.01148515846580267,0.17237071692943573,nan,nan,nan,nan,0.08318530768156052,0.015000000223517418,0.06981316953897476,0.014705882593989372,0.800000011920929,0.800000011920929,0.06981316953897476,0.014705882593989372,0.0,393
nan,nan,0.006026480812579393,0.17873989045619965,0.006026480812579393,0.17873989045619965,nan,nan,nan,nan,0.08318530768156052,0.015000000223517418,0.06981316953897476,0.014705882593989372,0.800000011920929,0.800000011920929,0.06981316953897476,0.014705882593989372,0.0,394
nan,nan,0.02654351107776165,0.18502941727638245,0.02654351107776165,0.18502941727638245,nan,nan,nan,nan,0.08318530768156052,0.015000000223517418,0.06981316953897476,0.014705882593989372,0.800000011920929,0.800000011920929,0.06981316953897476,0.014705882593989372,0.0,395
nan,nan,-0.0033986172638833523,0.20945419371128082,-0.0033986172638833523,0.20945419371128082,nan,nan,nan,nan,0.08318530768156052,0.015000000223517418,0.06981316953897476,0.014705882593989372,0.800000011920929,0.800000011920929,0.06981316953897476,0.014705882593989372,0.0,396
nan,nan,0.004479567054659128,0.21668687462806702,0.004479567054659128,0.21668687462806702,nan,nan,nan,nan,0.08318530768156052,0.015000000223517418,0.06981316953897476,0.014705882593989372,0.800000011920929,0.800000011920929,0.06981316953897476,0.014705882593989372,0.0,397
nan,nan,0.025413954630494118,0.22310693562030792,0.025413954630494118,0.22310693562030792,nan,nan,nan,nan,0.08318530768156052,0.015000000223517418,0.06981316953897476,0.014705882593989372,0.800000011920929,0.800000011920929,0.06981316953897476,0.014705882593989372,0.0,398
nan,nan,0.02802579663693905,0.2503163814544678,0.02802579663693905,0.2503163814544678,nan,nan,nan,nan,0.08318530768156052,0.015000000223517418,0.06981316953897476,0.014705882593989372,0.800000011920929,0.800000011920929,0.06981316953897476,0.014705882593989372,0.0,399
nan,nan,0.012228633277118206,0.2965276539325714,0.012228633277118206,0.2965276539325714,nan,nan,nan,nan,0.08318530768156052,0.015000000223517418,0.06981316953897476,0.014705882593989372,0.800000011920929,0.800000011920929,0.06981316953897476,0.014705882593989372,0.0,400
nan,nan,0.02750322036445141,0.31983309984207153,0.02750322036445141,0.31983309984207153,nan,nan,nan,nan,0.08318530768156052,0.015000000223517418,0.06981316953897476,0.014705882593989372,0.800000011920929,0.800000011920929,0.06981316953897476,0.014705882593989372,0.0,401
nan,nan,0.04947327822446823,0.3773020803928375,0.04947327822446823,0.3773020803928375,nan,nan,nan,nan,0.08318530768156052,0.015000000223517418,0.06981316953897476,0.014705882593989372,0.800000011920929,0.800000011920929,0.06981316953897476,0.014705882593989372,0.0,402
nan,nan,0.04458918049931526,0.4141637980937958,0.04458918049931526,0.4141637980937958,nan,nan,nan,nan,0.08318530768156052,0.015000000223517418,0.06981316953897476,0.014705882593989372,0.800000011920929,0.800000011920929,0.06981316953897476,0.014705882593989372,0.0,403
nan,nan,0.050633009523153305,0.4898820221424103,0.050633009523153305,0.4898820221424103,nan,nan,nan,nan,-0.11681469529867172,0.015000000223517418,-0.12217304855585098,0.014705882593989372,0.800000011920929,0.800000011920929,-0.12217304855585098,0.014705882593989372,0.0,404
nan,nan,0.06211842969059944,0.5673925280570984,0.06211842969059944,0.5673925280570984,nan,nan,nan,nan,-0.11681469529867172,0.015000000223517418,-0.12217304855585098,0.014705882593989372,0.800000011920929,0.800000011920929,-0.12217304855585098,0.014705882593989372,0.0,405
nan,nan,0.051047924906015396,0.6061201691627502,0.051047924906015396,0.6061201691627502,nan,nan,nan,nan,-0.11681469529867172,0.015000000223517418,-0.12217304855585098,0.014705882593989372,0.800000011920929,0.800000011920929,-0.12217304855585098,0.014705882593989372,0.0,406
nan,nan,0.04146556183695793,0.6831372976303101,0.04146556183695793,0.6831372976303101,nan,nan,nan,nan,-0.11681469529867172,0.015000000223517418,-0.12217304855585098,0.014705882593989372,0.800000011920929,0.800000011920929,-0.12217304855585098,0.014705882593989372,0.0,407
nan,nan,0.05150642618536949,0.7604478001594543,0.05150642618536949,0.7604478001594543,nan,nan,nan,nan,0.08318530768156052,0.015000000223517418,0.06981316953897476,0.014705882593989372,0.800000011920929,0.800000011920929,0.06981316953897476,0.014705882593989372,0.0,408
nan,nan,0.05352940782904625,0.7947682738304138,0.05352940782904625,0.7947682738304138,nan,nan,nan,nan,0.08318530768156052,0.015000000223517418,0.06981316953897476,0.014705882593989372,0.800000011920929,0.800000011920929,0.06981316953897476,0.014705882593989372,0.0,409
nan,nan,0.05927140265703201,0.8281918168067932,0.05927140265703201,0.8281918168067932,nan,nan,nan,nan,0.08318530768156052,0.015000000223517418,0.06981316953897476,0.014705882593989372,0.800000011920929,0.800000011920929,0.06981316953897476,0.014705882593989372,0.0,410
nan,nan,0.0741211399435997,0.8928104043006897,0.0741211399435997,0.8928104043006897,nan,nan,nan,nan,0.08318530768156052,0.015000000223517418,0.06981316953897476,0.014705882593989372,0.800000011920929,0.800000011920929,0.06981316953897476,0.014705882593989372,0.0,411
nan,nan,0.08087481558322906,0.9587323069572449,0.08087481558322906,0.9587323069572449,nan,nan,nan,nan,0.08318530768156052,0.015000000223517418,0.06981316953897476,0.014705882593989372,0.800000011920929,0.800000011920929,0.06981316953897476,0.014705882593989372,0.0,412
nan,nan,0.08533913642168045,0.9915745854377747,0.08533913642168045,0.9915745854377747,nan,nan,nan,nan,0.08318530768156052,0.015000000223517418,0.06981316953897476,0.014705882593989372,0.800000011920929,0.800000011920929,0.06981316953897476,0.014705882593989372,0.0,413
nan,nan,0.09211858361959457,1.024482250213623,0.09211858361959457,1.024482250213623,nan,nan,nan,nan,0.08318530768156052,0.015000000223517418,0.06981316953897476,0.014705882593989372,0.800000011920929,0.800000011920929,0.06981316953897476,0.014705882593989372,0.0,414
nan,nan,0.10299663990736008,1.090112328529358,0.10299663990736008,1.090112328529358,nan,nan,nan,nan,0.08318530768156052,0.015000000223517418,0.06981316953897476,0.014705882593989372,0.800000011920929,0.800000011920929,0.06981316953897476,0.014705882593989372,0.0,415
nan,nan,0.11045186966657639,1.1538387537002563,0.11045186966657639,1.1538387537002563,nan,nan,nan,nan,0.08318530768156052,0.015000000223517418,0.06981316953897476,0.014705882593989372,0.800000011920929,0.800000011920929,0.06981316953897476,0.014705882593989372,0.0,416
nan,nan,0.11647886037826538,1.1865060329437256,0.11647886037826538,1.1865060329437256,nan,nan,nan,nan,0.08318530768156052,0.015000000223517418,0.06981316953897476,0.014705882593989372,0.800000011920929,0.800000011920929,0.06981316953897476,0.014705882593989372,0.0,417
nan,nan,0.12664030492305756,1.2489553689956665,0.12664030492305756,1.2489553689956665,nan,nan,nan,nan,0.08318530768156052,0.015000000223517418,0.06981316953897476,0.014705882593989372,0.800000011920929,0.800000011920929,0.06981316953897476,0.014705882593989372,0.0,418
nan,nan,0.1303553730249405,1.2803947925567627,0.1303553730249405,1.2803947925567627,nan,nan,nan,nan,0.08318530768156052,0.015000000223517418,0.06981316953897476,0.014705882593989372,0.800000011920929,0.800000011920929,0.06981316953897476,0.014705882593989372,0.0,419
nan,nan,0.14080820977687836,1.347351312637329,0.14080820977687836,1.347351312637329,nan,nan,nan,nan,0.28318530321121216,0.015000000223517418,0.27925267815589905,0.014705882593989372,0.800000011920929,0.800000011920929,0.27925267815589905,0.014705882593989372,0.0,420
nan,nan,0.15740182995796204,1.4101271629333496,0.15740182995796204,1.4101271629333496,nan,nan,nan,nan,0.4831853210926056,0.015000000223517418,0.471238911151886,0.014705882593989372,0.800000011920929,0.800000011920929,0.471238911151886,0.014705882593989372,0.0,421
nan,nan,0.17327214777469635,1.4358786344528198,0.17327214777469635,1.4358786344528198,nan,nan,nan,nan,0.4831853210926056,0.0,0.471238911151886,0.0,0.800000011920929,0.800000011920929,0.471238911151886,0.0,0.0,422
nan,nan,0.2144891619682312,1.489087700843811,0.2144891619682312,1.489087700843811,nan,nan,nan,nan,0.4831853210926056,0.0,0.471238911151886,0.0,0.800000011920929,0.800000011920929,0.471238911151886,0.0,0.0,423
nan,nan,0.21065358817577362,1.4893149137496948,0.21065358817577362,1.4893149137496948,nan,nan,nan,nan,0.4831853210926056,0.0,0.471238911151886,0.0,0.800000011920929,0.800000011920929,0.471238911151886,0.0,0.0,424
nan,nan,0.2150571197271347,1.488532543182373,0.2150571197271347,1.488532543182373,nan,nan,nan,nan,0.4831853210926056,0.0,0.471238911151886,0.0,0.800000011920929,0.800000011920929,0.471238911151886,0.0,0.0,425
nan,nan,0.21490222215652466,1.4889904260635376,0.21490222215652466,1.4889904260635376,nan,nan,nan,nan,0.4831853210926056,-0.015000000223517418,-2.670353651046753,0.014705882593989372,0.800000011920929,0.800000011920929,-2.670353651046753,0.014705882593989372,0.0,426
nan,nan,0.2098599672317505,1.487025260925293,0.2098599672317505,1.487025260925293,nan,nan,nan,nan,0.4831853210926056,-0.015000000223517418,-2.670353651046753,0.014705882593989372,0.800000011920929,0.800000011920929,-2.670353651046753,0.014705882593989372,0.0,427
nan,nan,0.20362645387649536,1.5005109310150146,0.20362645387649536,1.5005109310150146,nan,nan,nan,nan,0.4831853210926056,-0.015000000223517418,-2.670353651046753,0.014705882593989372,0.800000011920929,0.800000011920929,-2.670353651046753,0.014705882593989372,0.0,428
nan,nan,0.20224320888519287,1.5038014650344849,0.20224320888519287,1.5038014650344849,nan,nan,nan,nan,0.4831853210926056,-0.015000000223517418,-2.670353651046753,0.014705882593989372,0.800000011920929,0.800000011920929,-2.670353651046753,0.014705882593989372,0.0,429
nan,nan,0.1956913322210312,1.4818588495254517,0.1956913322210312,1.4818588495254517,nan,nan,nan,nan,0.4831853210926056,-0.015000000223517418,-2.670353651046753,0.014705882593989372,0.800000011920929,0.800000011920929,-2.670353651046753,0.014705882593989372,0.0,430
nan,nan,0.18169860541820526,1.4703094959259033,0.18169860541820526,1.4703094959259033,nan,nan,nan,nan,0.4831853210926056,-0.015000000223517418,-2.670353651046753,0.014705882593989372,0.800000011920929,0.800000011920929,-2.670353651046753,0.014705882593989372,0.0,431
nan,nan,0.17458876967430115,1.4633125066757202,0.17458876967430115,1.4633125066757202,nan,nan,nan,nan,0.4831853210926056,-0.015000000223517418,-2.670353651046753,0.014705882593989372,0.800000011920929,0.800000011920929,-2.670353651046753,0.014705882593989372,0.0,432
nan,nan,0.16177880764007568,1.4278602600097656,0.16177880764007568,1.4278602600097656,nan,nan,nan,nan,0.4831853210926056,-0.015000000223517418,-2.670353651046753,0.014705882593989372,0.800000011920929,0.800000011920929,-2.670353651046753,0.014705882593989372,0.0,433
nan,nan,0.12936219573020935,1.3765283823013306,0.12936219573020935,1.3765283823013306,nan,nan,nan,nan,0.4831853210926056,-0.015000000223517418,-2.670353651046753,0.014705882593989372,0.800000011920929,0.800000011920929,-2.670353651046753,0.014705882593989372,0.0,434
nan,nan,0.10734457522630692,1.3486064672470093,0.10734457522630692,1.3486064672470093,nan,nan,nan,nan,0.28318530321121216,-0.015000000223517418,-2.862339973449707,0.014705882593989372,0.800000011920929,0.800000011920929,-2.862339973449707,0.014705882593989372,0.0,435
nan,nan,0.06774348020553589,1.2699165344238281,0.06774348020553589,1.2699165344238281,nan,nan,nan,nan,0.08318530768156052,-0.015000000223517418,-3.071779489517212,0.014705882593989372,0.800000011920929,0.800000011920929,-3.071779489517212,0.014705882593989372,0.0,436
nan,nan,0.06239040568470955,1.1831778287887573,0.06239040568470955,1.1831778287887573,nan,nan,nan,nan,-0.11681469529867172,-0.015000000223517418,3.0194196701049805,0.014705882593989372,0.800000011920929,0.800000011920929,3.0194196701049805,0.014705882593989372,0.0,437
nan,nan,0.07750225067138672,1.1041573286056519,0.07750225067138672,1.1041573286056519,nan,nan,nan,nan,-0.31681469082832336,-0.015000000223517418,2.8099801540374756,0.014705882593989372,0.800000011920929,0.800000011920929,2.8099801540374756,0.014705882593989372,0.0,438
nan,nan,0.0819125846028328,1.0667030811309814,0.0819125846028328,1.0667030811309814,nan,nan,nan,nan,-0.31681469082832336,-0.015000000223517418,2.8099801540374756,0.014705882593989372,0.800000011920929,0.800000011920929,2.8099801540374756,0.014705882593989372,0.0,439
nan,nan,0.08924104273319244,1.0317869186401367,0.08924104273319244,1.0317869186401367,nan,nan,nan,nan,-0.31681469082832336,-0.015000000223517418,2.8099801540374756,0.014705882593989372,0.800000011920929,0.800000011920929,2.8099801540374756,0.014705882593989372,0.0,440
nan,nan,0.11568243056535721,0.9647500514984131,0.11568243056535721,0.9647500514984131,nan,nan,nan,nan,-0.11681469529867172,-0.015000000223517418,3.0194196701049805,0.014705882593989372,0.800000011920929,0.800000011920929,3.0194196701049805,0.014705882593989372,0.0,441
nan,nan,0.1242930218577385,0.893950343132019,0.1242930218577385,0.893950343132019,nan,nan,nan,nan,-0.11681469529867172,-0.015000000223517418,3.0194196701049805,0.014705882593989372,0.800000011920929,0.800000011920929,3.0194196701049805,0.014705882593989372,0.0,442
nan,nan,0.11701534688472748,0.8615028858184814,0.11701534688472748,0.8615028858184814,nan,nan,nan,nan,-0.11681469529867172,-0.015000000223517418,3.0194196701049805,0.014705882593989372,0.800000011920929,0.800000011920929,3.0194196701049805,0.014705882593989372,0.0,443
nan,nan,0.1175767332315445,0.7975155115127563,0.1175767332315445,0.7975155115127563,nan,nan,nan,nan,-0.11681469529867172,-0.015000000223517418,3.0194196701049805,0.014705882593989372,0.800000011920929,0.800000011920929,3.0194196701049805,0.014705882593989372,0.0,444
nan,nan,0.12511830031871796,0.7663357853889465,0.12511830031871796,0.7663357853889465,nan,nan,nan,nan,-0.11681469529867172,-0.015000000223517418,3.0194196701049805,0.014705882593989372,0.800000011920929,0.800000011920929,3.0194196701049805,0.014705882593989372,0.0,445
nan,nan,0.12477723509073257,0.703185498714447,0.12477723509073257,0.703185498714447,nan,nan,nan,nan,0.08318530768156052,-0.015000000223517418,-3.071779489517212,0.014705882593989372,0.800000011920929,0.800000011920929,-3.071779489517212,0.014705882593989372,0.0,446
nan,nan,0.12048204243183136,0.6377249956130981,0.12048204243183136,0.6377249956130981,nan,nan,nan,nan,0.08318530768156052,-0.015000000223517418,-3.071779489517212,0.014705882593989372,0.800000011920929,0.800000011920929,-3.071779489517212,0.014705882593989372,0.0,447
nan,nan,0.11738922446966171,0.6098955869674683,0.11738922446966171,0.6098955869674683,nan,nan,nan,nan,0.08318530768156052,0.0,0.06981316953897476,0.0,0.800000011920929,0.800000011920929,0.06981316953897476,0.0,0.0,448
nan,nan,0.08726515620946884,0.5425041913986206,0.08726515620946884,0.5425041913986206,nan,nan,nan,nan,0.08318530768156052,0.0,0.06981316953897476,0.0,0.800000011920929,0.800000011920929,0.06981316953897476,0.0,1.0,449
nan,nan,-0.025815719738602638,0.513094961643219,-0.025815719738602638,0.513094961643219,nan,nan,nan,nan,0.08318530768156052,0.0,0.06981316953897476,0.0,0.800000011920929,0.800000011920929,0.06981316953897476,0.0,0.0,450
nan,nan,-0.014467867091298103,0.5035501718521118,-0.014467867091298103,0.5035501718521118,nan,nan,nan,nan,0.08318530768156052,0.0,0.06981316953897476,0.0,0.800000011920929,0.800000011920929,0.06981316953897476,0.0,0.0,451
nan,nan,-0.02434496022760868,0.4838356673717499,-0.02434496022760868,0.4838356673717499,nan,nan,nan,nan,0.08318530768156052,0.0,0.06981316953897476,0.0,0.800000011920929,0.800000011920929,0.06981316953897476,0.0,0.0,452
nan,nan,-0.0685315877199173,0.49241846799850464,-0.0685315877199173,0.49241846799850464,nan,nan,nan,nan,0.08318530768156052,0.0,0.06981316953897476,0.0,0.800000011920929,0.800000011920929,0.06981316953897476,0.0,0.0,453
nan,nan,-0.03830031678080559,0.49410930275917053,-0.03830031678080559,0.49410930275917053,nan,nan,nan,nan,0.08318530768156052,0.0,0.06981316953897476,0.0,0.800000011920929,0.800000011920929,0.06981316953897476,0.0,0.0,454
nan,nan,-0.03872264176607132,0.49234437942504883,-0.03872264176607132,0.49234437942504883,nan,nan,nan,nan,0.08318530768156052,0.015000000223517418,0.06981316953897476,0.014705882593989372,0.800000011920929,0.800000011920929,0.06981316953897476,0.014705882593989372,0.0,455
nan,nan,-0.07145332545042038,0.4990951120853424,-0.07145332545042038,0.4990951120853424,nan,nan,nan,nan,0.08318530768156052,0.015000000223517418,0.06981316953897476,0.014705882593989372,0.800000011920929,0.800000011920929,0.06981316953897476,0.014705882593989372,0.0,456
nan,nan,-0.026368584483861923,0.49983546137809753,-0.026368584483861923,0.49983546137809753,nan,nan,nan,nan,0.08318530768156052,0.015000000223517418,0.06981316953897476,0.014705882593989372,0.800000011920929,0.800000011920929,0.06981316953897476,0.014705882593989372,0.0,457
nan,nan,-0.025783894583582878,0.49817126989364624,-0.025783894583582878,0.49817126989364624,nan,nan,nan,nan,0.08318530768156052,0.015000000223517418,0.06981316953897476,0.014705882593989372,0.800000011920929,0.800000011920929,0.06981316953897476,0.014705882593989372,0.0,458
nan,nan,-0.07027523964643478,0.5070210099220276,-0.07027523964643478,0.5070210099220276,nan,nan,nan,nan,0.08318530768156052,0.015000000223517418,0.06981316953897476,0.014705882593989372,0.800000011920929,0.800000011920929,0.06981316953897476,0.014705882593989372,0.0,459
nan,nan,-0.06785359978675842,0.5254890322685242,-0.06785359978675842,0.5254890322685242,nan,nan,nan,nan,0.08318530768156052,0.015000000223517418,0.06981316953897476,0.014705882593989372,0.800000011920929,0.800000011920929,0.06981316953897476,0.014705882593989372,0.0,460
nan,nan,-0.023728128522634506,0.5541724562644958,-0.023728128522634506,0.5541724562644958,nan,nan,nan,nan,0.08318530768156052,0.015000000223517418,0.06981316953897476,0.014705882593989372,0.800000011920929,0.800000011920929,0.06981316953897476,0.014705882593989372,0.0,461
nan,nan,-0.02655915357172489,0.5688643455505371,-0.02655915357172489,0.5688643455505371,nan,nan,nan,nan,0.08318530768156052,0.015000000223517418,0.06981316953897476,0.014705882593989372,0.800000011920929,0.800000011920929,0.06981316953897476,0.014705882593989372,0.0,462
nan,nan,-0.046692438423633575,0.6198441982269287,-0.046692438423633575,0.6198441982269287,nan,nan,nan,nan,0.08318530768156052,0.015000000223517418,0.06981316953897476,0.014705882593989372,0.800000011920929,0.800000011920929,0.06981316953897476,0.014705882593989372,0.0,463
nan,nan,-0.03312172368168831,0.648737370967865,-0.03312172368168831,0.648737370967865,nan,nan,nan,nan,0.08318530768156052,0.015000000223517418,0.06981316953897476,0.014705882593989372,0.800000011920929,0.800000011920929,0.06981316953897476,0.014705882593989372,0.0,464
nan,nan,-0.0013737414265051484,0.718777596950531,-0.0013737414265051484,0.718777596950531,nan,nan,nan,nan,0.08318530768156052,0.015000000223517418,0.06981316953897476,0.014705882593989372,0.800000011920929,0.800000011920929,0.06981316953897476,0.014705882593989372,0.0,465
nan,nan,-0.0071580419316887856,0.8047521114349365,-0.0071580419316887856,0.8047521114349365,nan,nan,nan,nan,0.08318530768156052,0.015000000223517418,0.06981316953897476,0.014705882593989372,0.800000011920929,0.800000011920929,0.06981316953897476,0.014705882593989372,0.0,466
nan,nan,-0.000944939034525305,0.8444809317588806,-0.000944939034525305,0.8444809317588806,nan,nan,nan,nan,0.08318530768156052,0.015000000223517418,0.06981316953897476,0.014705882593989372,0.800000011920929,0.800000011920929,0.06981316953897476,0.014705882593989372,0.0,467
nan,nan,0.022796286270022392,0.9244495630264282,0.022796286270022392,0.9244495630264282,nan,nan,nan,nan,0.08318530768156052,0.015000000223517418,0.06981316953897476,0.014705882593989372,0.800000011920929,0.800000011920929,0.06981316953897476,0.014705882593989372,0.0,468
nan,nan,0.026599816977977753,1.004228115081787,0.026599816977977753,1.004228115081787,nan,nan,nan,nan,0.08318530768156052,0.015000000223517418,0.06981316953897476,0.014705882593989372,0.800000011920929,0.800000011920929,0.06981316953897476,0.014705882593989372,0.0,469
nan,nan,0.030515553429722786,1.0420418977737427,0.030515553429722786,1.0420418977737427,nan,nan,nan,nan,0.08318530768156052,0.015000000223517418,0.06981316953897476,0.014705882593989372,0.800000011920929,0.800000011920929,0.06981316953897476,0.014705882593989372,0.0,470
nan,nan,0.047751981765031815,1.11111319065094,0.047751981765031815,1.11111319065094,nan,nan,nan,nan,0.08318530768156052,0.015000000223517418,0.06981316953897476,0.014705882593989372,0.800000011920929,0.800000011920929,0.06981316953897476,0.014705882593989372,0.0,471
nan,nan,0.05242340266704559,1.1463127136230469,0.05242340266704559,1.1463127136230469,nan,nan,nan,nan,0.08318530768156052,0.015000000223517418,0.06981316953897476,0.014705882593989372,0.800000011920929,0.800000011920929,0.06981316953897476,0.014705882593989372,0.0,472
nan,nan,0.05707242339849472,1.2158441543579102,0.05707242339849472,1.2158441543579102,nan,nan,nan,nan,0.08318530768156052,0.015000000223517418,0.06981316953897476,0.014705882593989372,0.800000011920929,0.800000011920929,0.06981316953897476,0.014705882593989372,0.0,473
nan,nan,0.07068992406129837,1.279354453086853,0.07068992406129837,1.279354453086853,nan,nan,nan,nan,0.08318530768156052,0.015000000223517418,0.06981316953897476,0.014705882593989372,0.800000011920929,0.800000011920929,0.06981316953897476,0.014705882593989372,0.0,474
nan,nan,0.07698862254619598,1.3116540908813477,0.07698862254619598,1.3116540908813477,nan,nan,nan,nan,0.08318530768156052,0.015000000223517418,0.06981316953897476,0.014705882593989372,0.800000011920929,0.800000011920929,0.06981316953897476,0.014705882593989372,0.0,475
nan,nan,0.08269382268190384,1.3767080307006836,0.08269382268190384,1.3767080307006836,nan,nan,nan,nan,0.08318530768156052,0.015000000223517418,0.06981316953897476,0.014705882593989372,0.800000011920929,0.800000011920929,0.06981316953897476,0.014705882593989372,0.0,476
nan,nan,0.09233187139034271,1.4367350339889526,0.09233187139034271,1.4367350339889526,nan,nan,nan,nan,0.08318530768156052,0.0,0.06981316953897476,0.0,0.800000011920929,0.800000011920929,0.06981316953897476,0.0,0.0,477
nan,nan,0.10140674561262131,1.4824984073638916,0.10140674561262131,1.4824984073638916,nan,nan,nan,nan,0.28318530321121216,0.0,0.27925267815589905,0.0,0.800000011920929,0.800000011920929,0.27925267815589905,0.0,0.0,478
nan,nan,0.10168517380952835,1.4837486743927002,0.10168517380952835,1.4837486743927002,nan,nan,nan,nan,0.4831853210926056,0.0,0.471238911151886,0.0,0.800000011920929,0.800000011920929,0.471238911151886,0.0,0.0,479
nan,nan,0.10172191262245178,1.4829908609390259,0.10172191262245178,1.4829908609390259,nan,nan,nan,nan,0.6831852793693542,0.0,0.6806784272193909,0.0,0.800000011920929,0.800000011920929,0.6806784272193909,0.0,0.0,480
nan,nan,0.1030786857008934,1.4870048761367798,0.1030786857008934,1.4870048761367798,nan,nan,nan,nan,0.8831853270530701,0.0,0.8726646304130554,0.0,0.800000011920929,0.800000011920929,0.8726646304130554,0.0,0.0,481
nan,nan,0.10372498631477356,1.487244725227356,0.10372498631477356,1.487244725227356,nan,nan,nan,nan,1.0831853151321411,0.0,1.0821040868759155,0.0,0.800000011920929,0.800000011920929,1.0821040868759155,0.0,0.0,482
nan,nan,0.10183403640985489,1.4870518445968628,0.10183403640985489,1.4870518445968628,nan,nan,nan,nan,1.283185362815857,0.0,1.2740904092788696,0.0,0.800000011920929,0.800000011920929,1.2740904092788696,0.0,0.0,483
nan,nan,0.10162176936864853,1.4862618446350098,0.10162176936864853,1.4862618446350098,nan,nan,nan,nan,1.4831852912902832,0.0,1.4660766124725342,0.0,0.800000011920929,0.800000011920929,1.4660766124725342,0.0,0.0,484
nan,nan,0.10126030445098877,1.487138032913208,0.10126030445098877,1.487138032913208,nan,nan,nan,nan,1.683185338973999,0.0,1.675516128540039,0.0,0.800000011920929,0.800000011920929,1.675516128540039,0.0,0.0,485
nan,nan,0.10054591298103333,1.4872106313705444,0.10054591298103333,1.4872106313705444,nan,nan,nan,nan,1.8831852674484253,0.0,1.8675023317337036,0.0,0.800000011920929,0.800000011920929,1.8675023317337036,0.0,0.0,486
nan,nan,0.10061565041542053,1.4871090650558472,0.10061565041542053,1.4871090650558472,nan,nan,nan,nan,2.0831851959228516,0.0,2.076941728591919,0.0,0.800000011920929,0.800000011920929,2.076941728591919,0.0,0.0,487
nan,nan,0.0991632491350174,1.4879416227340698,0.0991632491350174,1.4879416227340698,nan,nan,nan,nan,2.2831852436065674,0.0,2.268928050994873,0.0,0.800000011920929,0.800000011920929,2.268928050994873,0.0,0.0,488
nan,nan,0.09891628473997116,1.4889987707138062,0.09891628473997116,1.4889987707138062,nan,nan,nan,nan,2.483185291290283,0.0,2.478367567062378,0.0,0.800000011920929,0.800000011920929,2.478367567062378,0.0,0.0,489
nan,nan,0.09753172844648361,1.4912607669830322,0.09753172844648361,1.4912607669830322,nan,nan,nan,nan,2.683185338973999,0.0,2.670353651046753,0.0,0.800000011920929,0.800000011920929,2.670353651046753,0.0,0.0,490
nan,nan,0.0964251235127449,1.4921908378601074,0.0964251235127449,1.4921908378601074,nan,nan,nan,nan,2.883185386657715,0.0,2.879793167114258,0.0,0.800000011920929,0.800000011920929,2.879793167114258,0.0,0.0,491
nan,nan,0.09674356132745743,1.4937340021133423,0.09674356132745743,1.4937340021133423,nan,nan,nan,nan,3.0831851959228516,0.0,3.071779489517212,0.0,0.800000011920929,0.800000011920929,3.071779489517212,0.0,0.0,492
nan,nan,0.09652334451675415,1.4938020706176758,0.09652334451675415,1.4938020706176758,nan,nan,nan,nan,-3.0,0.0,-3.0019662380218506,0.0,0.800000011920929,0.800000011920929,-3.0019662380218506,0.0,0.0,493
nan,nan,0.0963309034705162,1.4952800273895264,0.0963309034705162,1.4952800273895264,nan,nan,nan,nan,-2.799999952316284,0.0,-2.8099801540374756,0.0,0.800000011920929,0.800000011920929,-2.8099801540374756,0.0,0.0,494
nan,nan,0.09664765745401382,1.4960269927978516,0.09664765745401382,1.4960269927978516,nan,nan,nan,nan,-2.799999952316284,0.015000000223517418,-2.8099801540374756,0.014705882593989372,0.800000011920929,0.800000011920929,-2.8099801540374756,0.014705882593989372,0.0,495
nan,nan,0.09412276744842529,1.4912666082382202,0.09412276744842529,1.4912666082382202,nan,nan,nan,nan,-2.799999952316284,0.015000000223517418,-2.8099801540374756,0.014705882593989372,0.800000011920929,0.800000011920929,-2.8099801540374756,0.014705882593989372,0.0,496
nan,nan,0.09117770195007324,1.4798583984375,0.09117770195007324,1.4798583984375,nan,nan,nan,nan,-2.799999952316284,0.015000000223517418,-2.8099801540374756,0.014705882593989372,0.800000011920929,0.800000011920929,-2.8099801540374756,0.014705882593989372,0.0,497
nan,nan,0.08426018804311752,1.460716962814331,0.08426018804311752,1.460716962814331,nan,nan,nan,nan,-3.0,0.015000000223517418,-3.0019662380218506,0.014705882593989372,0.800000011920929,0.800000011920929,-3.0019662380218506,0.014705882593989372,0.0,498
nan,nan,0.06281588226556778,1.424412727355957,0.06281588226556778,1.424412727355957,nan,nan,nan,nan,-3.0,0.015000000223517418,-3.0019662380218506,0.014705882593989372,0.800000011920929,0.800000011920929,-3.0019662380218506,0.014705882593989372,0.0,499
nan,nan,0.05566030740737915,1.3999019861221313,0.05566030740737915,1.3999019861221313,nan,nan,nan,nan,-3.0,0.015000000223517418,-3.0019662380218506,0.014705882593989372,0.800000011920929,0.800000011920929,-3.0019662380218506,0.014705882593989372,0.0,500
nan,nan,0.055807895958423615,1.3446495532989502,0.055807895958423615,1.3446495532989502,nan,nan,nan,nan,-3.0,0.015000000223517418,-3.0019662380218506,0.014705882593989372,0.800000011920929,0.800000011920929,-3.0019662380218506,0.014705882593989372,0.0,501
nan,nan,0.037061821669340134,1.286356806755066,0.037061821669340134,1.286356806755066,nan,nan,nan,nan,-3.0,0.015000000223517418,-3.0019662380218506,0.014705882593989372,0.800000011920929,0.800000011920929,-3.0019662380218506,0.014705882593989372,0.0,502
nan,nan,0.026869356632232666,1.2535111904144287,0.026869356632232666,1.2535111904144287,nan,nan,nan,nan,-3.0,0.015000000223517418,-3.0019662380218506,0.014705882593989372,0.800000011920929,0.800000011920929,-3.0019662380218506,0.014705882593989372,0.0,503
nan,nan,0.017126640304923058,1.1852869987487793,0.017126640304923058,1.1852869987487793,nan,nan,nan,nan,-3.0,0.015000000223517418,-3.0019662380218506,0.014705882593989372,0.800000011920929,0.800000011920929,-3.0019662380218506,0.014705882593989372,0.0,504
nan,nan,0.010109061375260353,1.1507388353347778,0.010109061375260353,1.1507388353347778,nan,nan,nan,nan,-3.0,0.015000000223517418,-3.0019662380218506,0.014705882593989372,0.800000011920929,0.800000011920929,-3.0019662380218506,0.014705882593989372,0.0,505
nan,nan,-0.010050802491605282,1.0801254510879517,-0.010050802491605282,1.0801254510879517,nan,nan,nan,nan,-3.0,0.015000000223517418,-3.0019662380218506,0.014705882593989372,0.800000011920929,0.800000011920929,-3.0019662380218506,0.014705882593989372,0.0,506
nan,nan,-0.023994354531168938,1.005921483039856,-0.023994354531168938,1.005921483039856,nan,nan,nan,nan,-3.0,0.015000000223517418,-3.0019662380218506,0.014705882593989372,0.800000011920929,0.800000011920929,-3.0019662380218506,0.014705882593989372,0.0,507
nan,nan,-0.03104187548160553,0.9703474640846252,-0.03104187548160553,0.9703474640846252,nan,nan,nan,nan,3.0831851959228516,0.015000000223517418,3.071779489517212,0.014705882593989372,0.800000011920929,0.800000011920929,3.071779489517212,0.014705882593989372,0.0,508
nan,nan,-0.03851974010467529,0.9366867542266846,-0.03851974010467529,0.9366867542266846,nan,nan,nan,nan,2.883185386657715,0.015000000223517418,2.879793167114258,0.014705882593989372,0.800000011920929,0.800000011920929,2.879793167114258,0.014705882593989372,0.0,509
nan,nan,-0.032549310475587845,0.8641695976257324,-0.032549310475587845,0.8641695976257324,nan,nan,nan,nan,2.683185338973999,0.015000000223517418,2.670353651046753,0.014705882593989372,0.800000011920929,0.800000011920929,2.670353651046753,0.014705882593989372,0.0,510
nan,nan,-0.0032277873251587152,0.8030133843421936,-0.0032277873251587152,0.8030133843421936,nan,nan,nan,nan,2.683185338973999,0.015000000223517418,2.670353651046753,0.014705882593989372,0.800000011920929,0.800000011920929,2.670353651046753,0.014705882593989372,0.0,511
nan,nan,0.00461680768057704,0.7760471105575562,0.00461680768057704,0.7760471105575562,nan,nan,nan,nan,2.883185386657715,0.015000000223517418,2.879793167114258,0.014705882593989372,0.800000011920929,0.800000011920929,2.879793167114258,0.014705882593989372,0.0,512
nan,nan,0.02491140179336071,0.7196180820465088,0.02491140179336071,0.7196180820465088,nan,nan,nan,nan,3.0831851959228516,0.015000000223517418,3.071779489517212,0.014705882593989372,0.800000011920929,0.800000011920929,3.071779489517212,0.014705882593989372,0.0,513
nan,nan,0.027253130450844765,0.6647384762763977,0.027253130450844765,0.6647384762763977,nan,nan,nan,nan,3.0831851959228516,0.015000000223517418,3.071779489517212,0.014705882593989372,0.800000011920929,0.800000011920929,3.071779489517212,0.014705882593989372,0.0,514
nan,nan,0.017475534230470657,0.6375138759613037,0.017475534230470657,0.6375138759613037,nan,nan,nan,nan,3.0831851959228516,0.015000000223517418,3.071779489517212,0.014705882593989372,0.800000011920929,0.800000011920929,3.071779489517212,0.014705882593989372,0.0,515
nan,nan,0.016132960096001625,0.5807850360870361,0.016132960096001625,0.5807850360870361,nan,nan,nan,nan,3.0831851959228516,0.015000000223517418,3.071779489517212,0.014705882593989372,0.800000011920929,0.800000011920929,3.071779489517212,0.014705882593989372,0.0,516
nan,nan,0.02246193028986454,0.552444338798523,0.02246193028986454,0.552444338798523,nan,nan,nan,nan,3.0831851959228516,0.015000000223517418,3.071779489517212,0.014705882593989372,0.800000011920929,0.800000011920929,3.071779489517212,0.014705882593989372,0.0,517
nan,nan,0.01783107779920101,0.4931661784648895,0.01783107779920101,0.4931661784648895,nan,nan,nan,nan,3.0831851959228516,0.015000000223517418,3.071779489517212,0.014705882593989372,0.800000011920929,0.800000011920929,3.071779489517212,0.014705882593989372,0.0,518
nan,nan,0.014252535998821259,0.42414361238479614,0.014252535998821259,0.42414361238479614,nan,nan,nan,nan,2.883185386657715,0.015000000223517418,2.879793167114258,0.014705882593989372,0.800000011920929,0.800000011920929,2.879793167114258,0.014705882593989372,0.0,519
nan,nan,0.019344443455338478,0.38832128047943115,0.019344443455338478,0.38832128047943115,nan,nan,nan,nan,2.883185386657715,0.0,2.879793167114258,0.0,0.800000011920929,0.800000011920929,2.879793167114258,0.0,0.0,520
nan,nan,0.036382321268320084,0.3303161561489105,0.036382321268320084,0.3303161561489105,nan,nan,nan,nan,2.883185386657715,-0.015000000223517418,-0.2617993950843811,0.014705882593989372,0.800000011920929,0.800000011920929,-0.2617993950843811,0.014705882593989372,0.0,521
nan,nan,0.06448379904031754,0.29093754291534424,0.06448379904031754,0.29093754291534424,nan,nan,nan,nan,2.883185386657715,-0.015000000223517418,-0.2617993950843811,0.014705882593989372,0.800000011920929,0.800000011920929,-0.2617993950843811,0.014705882593989372,1.0,522
nan,nan,0.10736071318387985,0.27335125207901,0.10736071318387985,0.27335125207901,nan,nan,nan,nan,2.883185386657715,-0.015000000223517418,-0.2617993950843811,0.014705882593989372,0.800000011920929,0.800000011920929,-0.2617993950843811,0.014705882593989372,0.0,523
nan,nan,0.1417108178138733,0.27014079689979553,0.1417108178138733,0.27014079689979553,nan,nan,nan,nan,2.883185386657715,-0.015000000223517418,-0.2617993950843811,0.014705882593989372,0.800000011920929,0.800000011920929,-0.2617993950843811,0.014705882593989372,0.0,524
nan,nan,0.10389457643032074,0.2670642137527466,0.10389457643032074,0.2670642137527466,nan,nan,nan,nan,2.883185386657715,0.0,2.879793167114258,0.0,0.800000011920929,0.800000011920929,2.879793167114258,0.0,0.0,525
nan,nan,0.10537052154541016,0.26430103182792664,0.10537052154541016,0.26430103182792664,nan,nan,nan,nan,2.883185386657715,0.0,2.879793167114258,0.0,0.800000011920929,0.800000011920929,2.879793167114258,0.0,0.0,526
nan,nan,0.11197076737880707,0.26713430881500244,0.11197076737880707,0.26713430881500244,nan,nan,nan,nan,2.883185386657715,0.0,2.879793167114258,0.0,0.800000011920929,0.800000011920929,2.879793167114258,0.0,0.0,527
nan,nan,0.11197076737880707,0.26713430881500244,0.11197076737880707,0.26713430881500244,nan,nan,nan,nan,2.883185386657715,0.0,2.879793167114258,0.0,0.800000011920929,0.800000011920929,2.879793167114258,0.0,0.0,528
nan,nan,0.11291451752185822,0.2673191726207733,0.11291451752185822,0.2673191726207733,nan,nan,nan,nan,2.683185338973999,0.015000000223517418,2.670353651046753,0.014705882593989372,0.800000011920929,0.800000011920929,2.670353651046753,0.014705882593989372,0.0,529
nan,nan,0.11057603359222412,0.2644196152687073,0.11057603359222412,0.2644196152687073,nan,nan,nan,nan,2.483185291290283,0.015000000223517418,2.478367567062378,0.014705882593989372,0.800000011920929,0.800000011920929,2.478367567062378,0.014705882593989372,0.0,530
nan,nan,0.10549546778202057,0.23692049086093903,0.10549546778202057,0.23692049086093903,nan,nan,nan,nan,2.2831852436065674,0.015000000223517418,2.268928050994873,0.014705882593989372,0.800000011920929,0.800000011920929,2.268928050994873,0.014705882593989372,0.0,531
nan,nan,0.11560843139886856,0.234115868806839,0.11560843139886856,0.234115868806839,nan,nan,nan,nan,2.2831852436065674,0.0,2.268928050994873,0.0,0.800000011920929,0.800000011920929,2.268928050994873,0.0,0.0,532
nan,nan,0.13237331807613373,0.23536045849323273,0.13237331807613373,0.23536045849323273,nan,nan,nan,nan,2.0831851959228516,0.0,2.076941728591919,0.0,0.800000011920929,0.800000011920929,2.076941728591919,0.0,0.0,533
nan,nan,0.1306205540895462,0.23446914553642273,0.1306205540895462,0.23446914553642273,nan,nan,nan,nan,1.8831852674484253,0.0,1.8675023317337036,0.0,0.800000011920929,0.800000011920929,1.8675023317337036,0.0,0.0,534
nan,nan,0.12765435874462128,0.2355228066444397,0.12765435874462128,0.2355228066444397,nan,nan,nan,nan,1.683185338973999,0.0,1.675516128540039,0.0,0.800000011920929,0.800000011920929,1.675516128540039,0.0,0.0,535
nan,nan,0.1281614899635315,0.2358769327402115,0.1281614899635315,0.2358769327402115,nan,nan,nan,nan,1.4831852912902832,0.0,1.4660766124725342,0.0,0.800000011920929,0.800000011920929,1.4660766124725342,0.0,0.0,536
nan,nan,0.1269732117652893,0.23208211362361908,0.1269732117652893,0.23208211362361908,nan,nan,nan,nan,1.283185362815857,0.015000000223517418,1.2740904092788696,0.014705882593989372,0.800000011920929,0.800000011920929,1.2740904092788696,0.014705882593989372,0.0,537
nan,nan,0.12879061698913574,0.2400023639202118,0.12879061698913574,0.2400023639202118,nan,nan,nan,nan,1.0831853151321411,0.015000000223517418,1.0821040868759155,0.014705882593989372,0.800000011920929,0.800000011920929,1.0821040868759155,0.014705882593989372,0.0,538
nan,nan,0.1567440778017044,0.23455756902694702,0.1567440778017044,0.23455756902694702,nan,nan,nan,nan,0.8831853270530701,0.015000000223517418,0.8726646304130554,0.014705882593989372,0.800000011920929,0.800000011920929,0.8726646304130554,0.014705882593989372,0.0,539
nan,nan,0.17247317731380463,0.24750536680221558,0.17247317731380463,0.24750536680221558,nan,nan,nan,nan,0.6831852793693542,0.015000000223517418,0.6806784272193909,0.014705882593989372,0.800000011920929,0.800000011920929,0.6806784272193909,0.014705882593989372,0.0,540
nan,nan,0.17357005178928375,0.26375672221183777,0.17357005178928375,0.26375672221183777,nan,nan,nan,nan,0.4831853210926056,0.015000000223517418,0.471238911151886,0.014705882593989372,0.800000011920929,0.800000011920929,0.471238911151886,0.014705882593989372,0.0,541
nan,nan,0.18304990231990814,0.2798738479614258,0.18304990231990814,0.2798738479614258,nan,nan,nan,nan,0.28318530321121216,0.015000000223517418,0.27925267815589905,0.014705882593989372,0.800000011920929,0.800000011920929,0.27925267815589905,0.014705882593989372,0.0,542
nan,nan,0.2099338173866272,0.30096235871315,0.2099338173866272,0.30096235871315,nan,nan,nan,nan,0.08318530768156052,0.015000000223517418,0.06981316953897476,0.014705882593989372,0.800000011920929,0.800000011920929,0.06981316953897476,0.014705882593989372,0.0,543
nan,nan,0.20692116022109985,0.34641698002815247,0.20692116022109985,0.34641698002815247,nan,nan,nan,nan,-0.11681469529867172,0.015000000223517418,-0.12217304855585098,0.014705882593989372,0.800000011920929,0.800000011920929,-0.12217304855585098,0.014705882593989372,0.0,544
nan,nan,0.20166809856891632,0.3763071596622467,0.20166809856891632,0.3763071596622467,nan,nan,nan,nan,-0.11681469529867172,0.015000000223517418,-0.12217304855585098,0.014705882593989372,0.800000011920929,0.800000011920929,-0.12217304855585098,0.014705882593989372,0.0,545
nan,nan,0.20509831607341766,0.4422680139541626,0.20509831607341766,0.4422680139541626,nan,nan,nan,nan,-0.11681469529867172,0.015000000223517418,-0.12217304855585098,0.014705882593989372,0.800000011920929,0.800000011920929,-0.12217304855585098,0.014705882593989372,0.0,546
nan,nan,0.19900132715702057,0.5198584794998169,0.19900132715702057,0.5198584794998169,nan,nan,nan,nan,0.08318530768156052,0.015000000223517418,0.06981316953897476,0.014705882593989372,0.800000011920929,0.800000011920929,0.06981316953897476,0.014705882593989372,0.0,547
nan,nan,0.2067912369966507,0.6024048924446106,0.2067912369966507,0.6024048924446106,nan,nan,nan,nan,0.28318530321121216,0.015000000223517418,0.27925267815589905,0.014705882593989372,0.800000011920929,0.800000011920929,0.27925267815589905,0.014705882593989372,0.0,548
nan,nan,0.22264748811721802,0.6435921788215637,0.22264748811721802,0.6435921788215637,nan,nan,nan,nan,0.4831853210926056,0.015000000223517418,0.471238911151886,0.014705882593989372,0.800000011920929,0.800000011920929,0.471238911151886,0.014705882593989372,0.0,549
nan,nan,0.2434798628091812,0.6845898628234863,0.2434798628091812,0.6845898628234863,nan,nan,nan,nan,0.6831852793693542,0.015000000223517418,0.6806784272193909,0.014705882593989372,0.800000011920929,0.800000011920929,0.6806784272193909,0.014705882593989372,0.0,550
nan,nan,0.3276652693748474,0.7659718990325928,0.3276652693748474,0.7659718990325928,nan,nan,nan,nan,0.8831853270530701,0.015000000223517418,0.8726646304130554,0.014705882593989372,0.800000011920929,0.800000011920929,0.8726646304130554,0.014705882593989372,0.0,551
nan,nan,0.36145156621932983,0.7851470112800598,0.36145156621932983,0.7851470112800598,nan,nan,nan,nan,0.6831852793693542,0.015000000223517418,0.6806784272193909,0.014705882593989372,0.800000011920929,0.800000011920929,0.6806784272193909,0.014705882593989372,0.0,552
nan,nan,0.4194326400756836,0.8293386697769165,0.4194326400756836,0.8293386697769165,nan,nan,nan,nan,0.4831853210926056,0.015000000223517418,0.471238911151886,0.014705882593989372,0.800000011920929,0.800000011920929,0.471238911151886,0.014705882593989372,0.0,553
nan,nan,0.4403461217880249,0.8628287315368652,0.4403461217880249,0.8628287315368652,nan,nan,nan,nan,0.28318530321121216,0.015000000223517418,0.27925267815589905,0.014705882593989372,0.800000011920929,0.800000011920929,0.27925267815589905,0.014705882593989372,0.0,554
nan,nan,0.4593196511268616,0.938122570514679,0.4593196511268616,0.938122570514679,nan,nan,nan,nan,0.08318530768156052,0.015000000223517418,0.06981316953897476,0.014705882593989372,0.800000011920929,0.800000011920929,0.06981316953897476,0.014705882593989372,0.0,555
nan,nan,0.46157389879226685,0.972078800201416,0.46157389879226685,0.972078800201416,nan,nan,nan,nan,-0.11681469529867172,0.015000000223517418,-0.12217304855585098,0.014705882593989372,0.800000011920929,0.800000011920929,-0.12217304855585098,0.014705882593989372,0.0,556
nan,nan,0.45991507172584534,1.0366495847702026,0.45991507172584534,1.0366495847702026,nan,nan,nan,nan,-0.31681469082832336,0.015000000223517418,-0.33161255717277527,0.014705882593989372,0.800000011920929,0.800000011920929,-0.33161255717277527,0.014705882593989372,0.0,557
nan,nan,0.45657312870025635,1.0692503452301025,0.45657312870025635,1.0692503452301025,nan,nan,nan,nan,-0.5168147087097168,0.015000000223517418,-0.5235987901687622,0.014705882593989372,0.800000011920929,0.800000011920929,-0.5235987901687622,0.014705882593989372,0.0,558
nan,nan,0.4277762174606323,1.1258344650268555,0.4277762174606323,1.1258344650268555,nan,nan,nan,nan,-0.5168147087097168,0.0,-0.5235987901687622,0.0,0.800000011920929,0.800000011920929,-0.5235987901687622,0.0,0.0,559
nan,nan,0.397469699382782,1.169459581375122,0.397469699382782,1.169459581375122,nan,nan,nan,nan,-0.5168147087097168,0.0,-0.5235987901687622,0.0,0.800000011920929,0.800000011920929,-0.5235987901687622,0.0,0.0,560
nan,nan,0.40494462847709656,1.1810932159423828,0.40494462847709656,1.1810932159423828,nan,nan,nan,nan,-0.5168147087097168,0.0,-0.5235987901687622,0.0,0.800000011920929,0.800000011920929,-0.5235987901687622,0.0,0.0,561
nan,nan,0.40505146980285645,1.1809734106063843,0.40505146980285645,1.1809734106063843,nan,nan,nan,nan,-0.5168147087097168,0.0,-0.5235987901687622,0.0,0.800000011920929,0.800000011920929,-0.5235987901687622,0.0,0.0,562
nan,nan,0.40536636114120483,1.1817538738250732,0.40536636114120483,1.1817538738250732,nan,nan,nan,nan,-0.5168147087097168,0.0,-0.5235987901687622,0.0,0.800000011920929,0.800000011920929,-0.5235987901687622,0.0,0.0,563
nan,nan,0.4052332937717438,1.1794921159744263,0.4052332937717438,1.1794921159744263,nan,nan,nan,nan,-0.5168147087097168,0.0,-0.5235987901687622,0.0,0.800000011920929,0.800000011920929,-0.5235987901687622,0.0,0.0,564
