est_x,est_y,odom_x,odom_y,gt_x,gt_y,cov_x,cov_y,cov_xy,cov_yx,heading_cmd,speed_cmd,heading,speed,setpoint_x,setpoint_y,gt_heading,gt_speed,collision,step
nan,nan,-0.003790454939007759,-0.0006687386776320636,-0.003790454939007759,-0.0006687386776320636,nan,nan,nan,nan,0.0,0.0,0.0,0.0,0.800000011920929,0.800000011920929,0.0,0.0,0.0,1
nan,nan,-0.004261039663106203,-0.00010964698594762012,-0.004261039663106203,-0.00010964698594762012,nan,nan,nan,nan,0.0,0.0,0.0,0.0,0.800000011920929,0.800000011920929,0.0,0.0,0.0,2
nan,nan,-0.004261039663106203,-0.00010964698594762012,-0.004261039663106203,-0.00010964698594762012,nan,nan,nan,nan,0.0,0.0,0.0,0.0,0.800000011920929,0.800000011920929,0.0,0.0,0.0,3
nan,nan,-0.004017905332148075,-0.00024002195277716964,-0.004017905332148075,-0.00024002195277716964,nan,nan,nan,nan,-0.20000000298023224,0.0,-0.20943951606750488,0.0,0.800000011920929,0.800000011920929,-0.20943951606750488,0.0,0.0,4
nan,nan,-0.002762321149930358,-0.000963566533755511,-0.002762321149930358,-0.000963566533755511,nan,nan,nan,nan,-0.4000000059604645,0.0,-0.40142571926116943,0.0,0.800000011920929,0.800000011920929,-0.40142571926116943,0.0,0.0,5
nan,nan,-0.002762321149930358,-0.000963566533755511,-0.002762321149930358,-0.000963566533755511,nan,nan,nan,nan,-0.6000000238418579,0.0,-0.6108652353286743,0.0,0.800000011920929,0.800000011920929,-0.6108652353286743,0.0,0.0,6
nan,nan,-0.006022030487656593,-0.0024593081325292587,-0.006022030487656593,-0.0024593081325292587,nan,nan,nan,nan,-0.800000011920929,0.0,-0.8028514385223389,0.0,0.800000011920929,0.800000011920929,-0.8028514385223389,0.0,0.0,7
nan,nan,-0.006518248934298754,-0.002733248984441161,-0.006518248934298754,-0.002733248984441161,nan,nan,nan,nan,-1.0,0.0,-1.0122909545898438,0.0,0.800000011920929,0.800000011920929,-1.0122909545898438,0.0,0.0,8
nan,nan,-0.008579985238611698,-0.003464169567450881,-0.008579985238611698,-0.003464169567450881,nan,nan,nan,nan,-1.2000000476837158,0.0,-1.2042771577835083,0.0,0.800000011920929,0.800000011920929,-1.2042771577835083,0.0,0.0,9
nan,nan,-0.008234769105911255,-0.006857380270957947,-0.008234769105911255,-0.006857380270957947,nan,nan,nan,nan,-1.399999976158142,0.0,-1.4137166738510132,0.0,0.800000011920929,0.800000011920929,-1.4137166738510132,0.0,0.0,10
nan,nan,-0.00901839416474104,-0.008072779513895512,-0.00901839416474104,-0.008072779513895512,nan,nan,nan,nan,-1.600000023841858,0.0,-1.6057028770446777,0.0,0.800000011920929,0.800000011920929,-1.6057028770446777,0.0,0.0,11
nan,nan,-0.008821452967822552,-0.00846001598984003,-0.008821452967822552,-0.00846001598984003,nan,nan,nan,nan,-1.7999999523162842,0.0,-1.8151423931121826,0.0,0.800000011920929,0.800000011920929,-1.8151423931121826,0.0,0.0,12
nan,nan,-0.00824464950710535,-0.008588798344135284,-0.00824464950710535,-0.008588798344135284,nan,nan,nan,nan,-2.0,0.0,-2.0071287155151367,0.0,0.800000011920929,0.800000011920929,-2.0071287155151367,0.0,0.0,13
nan,nan,-0.008203806355595589,-0.00884656235575676,-0.008203806355595589,-0.00884656235575676,nan,nan,nan,nan,-2.0,0.0,-2.0071287155151367,0.0,0.800000011920929,0.800000011920929,-2.0071287155151367,0.0,0.0,14
nan,nan,-0.008203806355595589,-0.00884656235575676,-0.008203806355595589,-0.00884656235575676,nan,nan,nan,nan,-2.0,0.0,-2.0071287155151367,0.0,0.800000011920929,0.800000011920929,-2.0071287155151367,0.0,0.0,15
nan,nan,-0.008203806355595589,-0.00884656235575676,-0.008203806355595589,-0.00884656235575676,nan,nan,nan,nan,-1.7999999523162842,0.0,-1.8151423931121826,0.0,0.800000011920929,0.800000011920929,-1.8151423931121826,0.0,0.0,16
nan,nan,-0.008451479487121105,-0.009688880294561386,-0.008451479487121105,-0.009688880294561386,nan,nan,nan,nan,-1.600000023841858,0.0,-1.6057028770446777,0.0,0.800000011920929,0.800000011920929,-1.6057028770446777,0.0,0.0,17
nan,nan,-0.008152015507221222,-0.00874263234436512,-0.008152015507221222,-0.00874263234436512,nan,nan,nan,nan,-1.600000023841858,0.0,-1.6057028770446777,0.0,0.800000011920929,0.800000011920929,-1.6057028770446777,0.0,0.0,18
nan,nan,-0.007904828526079655,-0.010052025318145752,-0.007904828526079655,-0.010052025318145752,nan,nan,nan,nan,-1.399999976158142,0.0,-1.4137166738510132,0.0,0.800000011920929,0.800000011920929,-1.4137166738510132,0.0,0.0,19
nan,nan,-0.009147755801677704,-0.009339610114693642,-0.009147755801677704,-0.009339610114693642,nan,nan,nan,nan,-1.399999976158142,0.0,-1.4137166738510132,0.0,0.800000011920929,0.800000011920929,-1.4137166738510132,0.0,0.0,20
nan,nan,-0.009147755801677704,-0.009339610114693642,-0.009147755801677704,-0.009339610114693642,nan,nan,nan,nan,-1.399999976158142,0.0,-1.4137166738510132,0.0,0.800000011920929,0.800000011920929,-1.4137166738510132,0.0,0.0,21
nan,nan,-0.009147755801677704,-0.009339610114693642,-0.009147755801677704,-0.009339610114693642,nan,nan,nan,nan,-1.399999976158142,0.029999999329447746,-1.4137166738510132,0.029411764815449715,0.800000011920929,0.800000011920929,-1.4137166738510132,0.029411764815449715,0.0,22
nan,nan,-0.010896491818130016,-0.007312301080673933,-0.010896491818130016,-0.007312301080673933,nan,nan,nan,nan,-1.399999976158142,0.029999999329447746,-1.4137166738510132,0.029411764815449715,0.800000011920929,0.800000011920929,-1.4137166738510132,0.029411764815449715,0.0,23
nan,nan,-0.0005147109040990472,0.026632390916347504,-0.0005147109040990472,0.026632390916347504,nan,nan,nan,nan,-1.399999976158142,0.029999999329447746,-1.4137166738510132,0.029411764815449715,0.800000011920929,0.800000011920929,-1.4137166738510132,0.029411764815449715,0.0,24
nan,nan,0.020805608481168747,0.09275556355714798,0.020805608481168747,0.09275556355714798,nan,nan,nan,nan,-1.399999976158142,0.029999999329447746,-1.4137166738510132,0.029411764815449715,0.800000011920929,0.800000011920929,-1.4137166738510132,0.029411764815449715,0.0,25
nan,nan,0.04449180141091347,0.18877576291561127,0.04449180141091347,0.18877576291561127,nan,nan,nan,nan,-1.399999976158142,0.029999999329447746,-1.4137166738510132,0.029411764815449715,0.800000011920929,0.800000011920929,-1.4137166738510132,0.029411764815449715,0.0,26
nan,nan,0.074057437479496,0.3014518916606903,0.074057437479496,0.3014518916606903,nan,nan,nan,nan,-1.399999976158142,0.029999999329447746,-1.4137166738510132,0.029411764815449715,0.800000011920929,0.800000011920929,-1.4137166738510132,0.029411764815449715,0.0,27
nan,nan,0.10825982689857483,0.4223850667476654,0.10825982689857483,0.4223850667476654,nan,nan,nan,nan,-1.399999976158142,0.029999999329447746,-1.4137166738510132,0.029411764815449715,0.800000011920929,0.800000011920929,-1.4137166738510132,0.029411764815449715,0.0,28
nan,nan,0.13992410898208618,0.548966646194458,0.13992410898208618,0.548966646194458,nan,nan,nan,nan,-1.600000023841858,0.029999999329447746,-1.6057028770446777,0.029411764815449715,0.800000011920929,0.800000011920929,-1.6057028770446777,0.029411764815449715,1.0,29
nan,nan,0.15680354833602905,0.6757608652114868,0.15680354833602905,0.6757608652114868,nan,nan,nan,nan,-1.600000023841858,0.029999999329447746,-1.6057028770446777,0.029411764815449715,0.800000011920929,0.800000011920929,-1.6057028770446777,0.029411764815449715,0.0,30
nan,nan,0.15103180706501007,0.798237681388855,0.15103180706501007,0.798237681388855,nan,nan,nan,nan,-1.600000023841858,0.029999999329447746,-1.6057028770446777,0.029411764815449715,0.800000011920929,0.800000011920929,-1.6057028770446777,0.029411764815449715,0.0,31
nan,nan,0.16382372379302979,0.9194150567054749,0.16382372379302979,0.9194150567054749,nan,nan,nan,nan,-1.600000023841858,0.029999999329447746,-1.6057028770446777,0.029411764815449715,0.800000011920929,0.800000011920929,-1.6057028770446777,0.029411764815449715,0.0,32
nan,nan,0.17193949222564697,1.0384372472763062,0.17193949222564697,1.0384372472763062,nan,nan,nan,nan,-1.600000023841858,0.029999999329447746,-1.6057028770446777,0.029411764815449715,0.800000011920929,0.800000011920929,-1.6057028770446777,0.029411764815449715,0.0,33
nan,nan,0.17588087916374207,1.1551270484924316,0.17588087916374207,1.1551270484924316,nan,nan,nan,nan,-1.600000023841858,0.029999999329447746,-1.6057028770446777,0.029411764815449715,0.800000011920929,0.800000011920929,-1.6057028770446777,0.029411764815449715,0.0,34
nan,nan,0.17780490219593048,1.2658554315567017,0.17780490219593048,1.2658554315567017,nan,nan,nan,nan,-1.600000023841858,0.029999999329447746,-1.6057028770446777,0.029411764815449715,0.800000011920929,0.800000011920929,-1.6057028770446777,0.029411764815449715,0.0,35
nan,nan,0.18075917661190033,1.3756502866744995,0.18075917661190033,1.3756502866744995,nan,nan,nan,nan,-1.600000023841858,0.0,-1.6057028770446777,0.0,0.800000011920929,0.800000011920929,-1.6057028770446777,0.0,0.0,36
nan,nan,0.1875469982624054,1.474265217781067,0.1875469982624054,1.474265217781067,nan,nan,nan,nan,-1.600000023841858,0.0,-1.6057028770446777,0.0,0.800000011920929,0.800000011920929,-1.6057028770446777,0.0,0.0,37
nan,nan,0.19888836145401,1.4965451955795288,0.19888836145401,1.4965451955795288,nan,nan,nan,nan,-1.600000023841858,0.0,-1.6057028770446777,0.0,0.800000011920929,0.800000011920929,-1.6057028770446777,0.0,0.0,38
nan,nan,0.1932755708694458,1.4950659275054932,0.1932755708694458,1.4950659275054932,nan,nan,nan,nan,-1.600000023841858,0.0,-1.6057028770446777,0.0,0.800000011920929,0.800000011920929,-1.6057028770446777,0.0,0.0,39
nan,nan,0.20432409644126892,1.4934444427490234,0.20432409644126892,1.4934444427490234,nan,nan,nan,nan,-1.7999999523162842,0.0,-1.8151423931121826,0.0,0.800000011920929,0.800000011920929,-1.8151423931121826,0.0,0.0,40
nan,nan,0.20803773403167725,1.4998844861984253,0.20803773403167725,1.4998844861984253,nan,nan,nan,nan,-2.0,0.0,-2.0071287155151367,0.0,0.800000011920929,0.800000011920929,-2.0071287155151367,0.0,0.0,41
nan,nan,0.2030724138021469,1.4976054430007935,0.2030724138021469,1.4976054430007935,nan,nan,nan,nan,-2.200000047683716,0.0,-2.2165682315826416,0.0,0.800000011920929,0.800000011920929,-2.2165682315826416,0.0,0.0,42
nan,nan,0.20778921246528625,1.496297001838684,0.20778921246528625,1.496297001838684,nan,nan,nan,nan,-2.4000000953674316,0.029999999329447746,-2.4085543155670166,0.029411764815449715,0.800000011920929,0.800000011920929,-2.4085543155670166,0.029411764815449715,0.0,43
nan,nan,0.20184753835201263,1.4975844621658325,0.20184753835201263,1.4975844621658325,nan,nan,nan,nan,-2.5999999046325684,0.0,-2.6005406379699707,0.0,0.800000011920929,0.800000011920929,-2.6005406379699707,0.0,0.0,44
nan,nan,0.18183693289756775,1.5121251344680786,0.18183693289756775,1.5121251344680786,nan,nan,nan,nan,-2.799999952316284,0.0,-2.8099801540374756,0.0,0.800000011920929,0.800000011920929,-2.8099801540374756,0.0,0.0,45
nan,nan,0.18068736791610718,1.514727234840393,0.18068736791610718,1.514727234840393,nan,nan,nan,nan,-3.0,0.0,-3.0019662380218506,0.0,0.800000011920929,0.800000011920929,-3.0019662380218506,0.0,0.0,46
nan,nan,0.18045343458652496,1.512940526008606,0.18045343458652496,1.512940526008606,nan,nan,nan,nan,-3.0,0.029999999329447746,-3.0019662380218506,0.029411764815449715,0.800000011920929,0.800000011920929,-3.0019662380218506,0.029411764815449715,0.0,47
nan,nan,0.18202854692935944,1.5281118154525757,0.18202854692935944,1.5281118154525757,nan,nan,nan,nan,-3.0,0.029999999329447746,-3.0019662380218506,0.029411764815449715,0.800000011920929,0.800000011920929,-3.0019662380218506,0.029411764815449715,0.0,48
nan,nan,0.1708330363035202,1.5229847431182861,0.1708330363035202,1.5229847431182861,nan,nan,nan,nan,-3.0,0.029999999329447746,-3.0019662380218506,0.029411764815449715,0.800000011920929,0.800000011920929,-3.0019662380218506,0.029411764815449715,0.0,49
nan,nan,0.1263291835784912,1.5238890647888184,0.1263291835784912,1.5238890647888184,nan,nan,nan,nan,-3.0,0.029999999329447746,-3.0019662380218506,0.029411764815449715,0.800000011920929,0.800000011920929,-3.0019662380218506,0.029411764815449715,0.0,50
nan,nan,0.046622954308986664,1.5644452571868896,0.046622954308986664,1.5644452571868896,nan,nan,nan,nan,-3.0,0.0,-3.0019662380218506,0.0,0.800000011920929,0.800000011920929,-3.0019662380218506,0.0,0.0,51
nan,nan,-0.05918675661087036,1.5799932479858398,-0.05918675661087036,1.5799932479858398,nan,nan,nan,nan,3.0831851959228516,0.0,3.071779489517212,0.0,0.800000011920929,0.800000011920929,3.071779489517212,0.0,0.0,52
nan,nan,-0.08427645266056061,1.569216251373291,-0.08427645266056061,1.569216251373291,nan,nan,nan,nan,2.883185386657715,0.0,2.879793167114258,0.0,0.800000011920929,0.800000011920929,2.879793167114258,0.0,0.0,53
nan,nan,-0.066543810069561,1.570935606956482,-0.066543810069561,1.570935606956482,nan,nan,nan,nan,2.683185338973999,0.0,2.670353651046753,0.0,0.800000011920929,0.800000011920929,2.670353651046753,0.0,0.0,54
nan,nan,-0.0660656988620758,1.5840119123458862,-0.0660656988620758,1.5840119123458862,nan,nan,nan,nan,2.483185291290283,0.0,2.478367567062378,0.0,0.800000011920929,0.800000011920929,2.478367567062378,0.0,0.0,55
nan,nan,-0.06830870360136032,1.5842018127441406,-0.06830870360136032,1.5842018127441406,nan,nan,nan,nan,2.2831852436065674,0.0,2.268928050994873,0.0,0.800000011920929,0.800000011920929,2.268928050994873,0.0,0.0,56
nan,nan,-0.06839358061552048,1.5823755264282227,-0.06839358061552048,1.5823755264282227,nan,nan,nan,nan,2.0831851959228516,0.0,2.076941728591919,0.0,0.800000011920929,0.800000011920929,2.076941728591919,0.0,0.0,57
nan,nan,-0.06705015152692795,1.584833025932312,-0.06705015152692795,1.584833025932312,nan,nan,nan,nan,1.8831852674484253,0.0,1.8675023317337036,0.0,0.800000011920929,0.800000011920929,1.8675023317337036,0.0,0.0,58
nan,nan,-0.06747513264417648,1.5864428281784058,-0.06747513264417648,1.5864428281784058,nan,nan,nan,nan,1.683185338973999,0.0,1.675516128540039,0.0,0.800000011920929,0.800000011920929,1.675516128540039,0.0,0.0,59
nan,nan,-0.06678687781095505,1.5853753089904785,-0.06678687781095505,1.5853753089904785,nan,nan,nan,nan,1.4831852912902832,0.0,1.4660766124725342,0.0,0.800000011920929,0.800000011920929,1.4660766124725342,0.0,0.0,60
nan,nan,-0.06888262182474136,1.586021900177002,-0.06888262182474136,1.586021900177002,nan,nan,nan,nan,1.4831852912902832,0.0,1.4660766124725342,0.0,0.800000011920929,0.800000011920929,1.4660766124725342,0.0,0.0,61
nan,nan,-0.06888262182474136,1.586021900177002,-0.06888262182474136,1.586021900177002,nan,nan,nan,nan,1.4831852912902832,0.0,1.4660766124725342,0.0,0.800000011920929,0.800000011920929,1.4660766124725342,0.0,0.0,62
nan,nan,-0.06888262182474136,1.586021900177002,-0.06888262182474136,1.586021900177002,nan,nan,nan,nan,1.4831852912902832,0.0,1.4660766124725342,0.0,0.800000011920929,0.800000011920929,1.4660766124725342,0.0,0.0,63
nan,nan,-0.06888262182474136,1.586021900177002,-0.06888262182474136,1.586021900177002,nan,nan,nan,nan,1.4831852912902832,0.0,1.4660766124725342,0.0,0.800000011920929,0.800000011920929,1.4660766124725342,0.0,0.0,64
nan,nan,-0.06888262182474136,1.586021900177002,-0.06888262182474136,1.586021900177002,nan,nan,nan,nan,1.4831852912902832,0.0,1.4660766124725342,0.0,0.800000011920929,0.800000011920929,1.4660766124725342,0.0,0.0,65
nan,nan,-0.06888262182474136,1.586021900177002,-0.06888262182474136,1.586021900177002,nan,nan,nan,nan,1.4831852912902832,0.0,1.4660766124725342,0.0,0.800000011920929,0.800000011920929,1.4660766124725342,0.0,0.0,66
nan,nan,-0.06888262182474136,1.586021900177002,-0.06888262182474136,1.586021900177002,nan,nan,nan,nan,1.4831852912902832,0.04500000178813934,1.4660766124725342,0.04470588266849518,0.800000011920929,0.800000011920929,1.4660766124725342,0.04470588266849518,0.0,67
nan,nan,-0.07357274740934372,1.58025062084198,-0.07357274740934372,1.58025062084198,nan,nan,nan,nan,1.4831852912902832,0.04500000178813934,1.4660766124725342,0.04470588266849518,0.800000011920929,0.800000011920929,1.4660766124725342,0.04470588266849518,0.0,68
nan,nan,-0.07860016822814941,1.5299848318099976,-0.07860016822814941,1.5299848318099976,nan,nan,nan,nan,1.4831852912902832,0.04500000178813934,1.4660766124725342,0.04470588266849518,0.800000011920929,0.800000011920929,1.4660766124725342,0.04470588266849518,0.0,69
nan,nan,-0.06400806456804276,1.4138052463531494,-0.06400806456804276,1.4138052463531494,nan,nan,nan,nan,1.4831852912902832,0.0,1.4660766124725342,0.0,0.800000011920929,0.800000011920929,1.4660766124725342,0.0,0.0,70
nan,nan,-0.05944130942225456,1.2851758003234863,-0.05944130942225456,1.2851758003234863,nan,nan,nan,nan,1.4831852912902832,0.04500000178813934,1.4660766124725342,0.04470588266849518,0.800000011920929,0.800000011920929,1.4660766124725342,0.04470588266849518,0.0,71
nan,nan,-0.08371194452047348,1.2760944366455078,-0.08371194452047348,1.2760944366455078,nan,nan,nan,nan,1.4831852912902832,0.04500000178813934,1.4660766124725342,0.04470588266849518,0.800000011920929,0.800000011920929,1.4660766124725342,0.04470588266849518,0.0,72
nan,nan,-0.07528563588857651,1.290351390838623,-0.07528563588857651,1.290351390838623,nan,nan,nan,nan,1.4831852912902832,0.04500000178813934,1.4660766124725342,0.04470588266849518,0.800000011920929,0.800000011920929,1.4660766124725342,0.04470588266849518,0.0,73
nan,nan,-0.05502624809741974,1.2232261896133423,-0.05502624809741974,1.2232261896133423,nan,nan,nan,nan,1.4831852912902832,0.04500000178813934,1.4660766124725342,0.04470588266849518,0.800000011920929,0.800000011920929,1.4660766124725342,0.04470588266849518,0.0,74
nan,nan,-0.07979700714349747,1.0654492378234863,-0.07979700714349747,1.0654492378234863,nan,nan,nan,nan,1.4831852912902832,0.0,1.4660766124725342,0.0,0.800000011920929,0.800000011920929,1.4660766124725342,0.0,0.0,75
nan,nan,-0.09132871776819229,0.887381911277771,-0.09132871776819229,0.887381911277771,nan,nan,nan,nan,1.4831852912902832,0.0,1.4660766124725342,0.0,0.800000011920929,0.800000011920929,1.4660766124725342,0.0,0.0,76
nan,nan,-0.06433006376028061,0.8113985061645508,-0.06433006376028061,0.8113985061645508,nan,nan,nan,nan,1.4831852912902832,0.04500000178813934,1.4660766124725342,0.04470588266849518,0.800000011920929,0.800000011920929,1.4660766124725342,0.04470588266849518,0.0,77
nan,nan,-0.06411752849817276,0.787932813167572,-0.06411752849817276,0.787932813167572,nan,nan,nan,nan,1.4831852912902832,0.04500000178813934,1.4660766124725342,0.04470588266849518,0.800000011920929,0.800000011920929,1.4660766124725342,0.04470588266849518,0.0,78
nan,nan,-0.0823725163936615,0.6988791823387146,-0.0823725163936615,0.6988791823387146,nan,nan,nan,nan,1.4831852912902832,0.04500000178813934,1.4660766124725342,0.04470588266849518,0.800000011920929,0.800000011920929,1.4660766124725342,0.04470588266849518,0.0,79
nan,nan,-0.06791575998067856,0.5448358058929443,-0.06791575998067856,0.5448358058929443,nan,nan,nan,nan,1.4831852912902832,0.0,1.4660766124725342,0.0,0.800000011920929,0.800000011920929,1.4660766124725342,0.0,0.0,80
nan,nan,-0.06441393494606018,0.4187104403972626,-0.06441393494606018,0.4187104403972626,nan,nan,nan,nan,1.4831852912902832,0.0,1.4660766124725342,0.0,0.800000011920929,0.800000011920929,1.4660766124725342,0.0,0.0,81
nan,nan,-0.08716800063848495,0.40770313143730164,-0.08716800063848495,0.40770313143730164,nan,nan,nan,nan,1.4831852912902832,0.04500000178813934,1.4660766124725342,0.04470588266849518,0.800000011920929,0.800000011920929,1.4660766124725342,0.04470588266849518,0.0,82
nan,nan,-0.07529207319021225,0.4260638952255249,-0.07529207319021225,0.4260638952255249,nan,nan,nan,nan,1.4831852912902832,0.04500000178813934,1.4660766124725342,0.04470588266849518,0.800000011920929,0.800000011920929,1.4660766124725342,0.04470588266849518,0.0,83
nan,nan,-0.0656382218003273,0.4098692834377289,-0.0656382218003273,0.4098692834377289,nan,nan,nan,nan,1.4831852912902832,0.04500000178813934,1.4660766124725342,0.04470588266849518,0.800000011920929,0.800000011920929,1.4660766124725342,0.04470588266849518,0.0,84
nan,nan,-0.07069314271211624,0.3193305730819702,-0.07069314271211624,0.3193305730819702,nan,nan,nan,nan,1.4831852912902832,0.0,1.4660766124725342,0.0,0.800000011920929,0.800000011920929,1.4660766124725342,0.0,0.0,85
nan,nan,-0.08247900754213333,0.12839385867118835,-0.08247900754213333,0.12839385867118835,nan,nan,nan,nan,1.4831852912902832,0.0,1.4660766124725342,0.0,0.800000011920929,0.800000011920929,1.4660766124725342,0.0,0.0,86
nan,nan,-0.06695281714200974,0.09885258227586746,-0.06695281714200974,0.09885258227586746,nan,nan,nan,nan,1.4831852912902832,0.0,1.4660766124725342,0.0,0.800000011920929,0.800000011920929,1.4660766124725342,0.0,0.0,87
nan,nan,-0.06695281714200974,0.09885258227586746,-0.06695281714200974,0.09885258227586746,nan,nan,nan,nan,1.4831852912902832,0.04500000178813934,1.4660766124725342,0.04470588266849518,0.800000011920929,0.800000011920929,1.4660766124725342,0.04470588266849518,0.0,88
nan,nan,-0.06335175782442093,0.09322167187929153,-0.06335175782442093,0.09322167187929153,nan,nan,nan,nan,1.4831852912902832,0.0,1.4660766124725342,0.0,0.800000011920929,0.800000011920929,1.4660766124725342,0.0,0.0,89
nan,nan,-0.05649004131555557,0.07596553862094879,-0.05649004131555557,0.07596553862094879,nan,nan,nan,nan,1.4831852912902832,0.0,1.4660766124725342,0.0,0.800000011920929,0.800000011920929,1.4660766124725342,0.0,0.0,90
nan,nan,-0.062320709228515625,0.07955720275640488,-0.062320709228515625,0.07955720275640488,nan,nan,nan,nan,1.4831852912902832,0.04500000178813934,1.4660766124725342,0.04470588266849518,0.800000011920929,0.800000011920929,1.4660766124725342,0.04470588266849518,0.0,91
nan,nan,-0.048365525901317596,0.07246807217597961,-0.048365525901317596,0.07246807217597961,nan,nan,nan,nan,1.4831852912902832,0.04500000178813934,1.4660766124725342,0.04470588266849518,0.800000011920929,0.800000011920929,1.4660766124725342,0.04470588266849518,0.0,92
nan,nan,-0.03776855394244194,-0.0021655065938830376,-0.03776855394244194,-0.0021655065938830376,nan,nan,nan,nan,1.4831852912902832,0.0,1.4660766124725342,0.0,0.800000011920929,0.800000011920929,1.4660766124725342,0.0,0.0,93
nan,nan,-0.03755809739232063,-0.12495643645524979,-0.03755809739232063,-0.12495643645524979,nan,nan,nan,nan,1.4831852912902832,-0.04500000178813934,-1.675516128540039,0.04470588266849518,0.800000011920929,0.800000011920929,-1.675516128540039,0.04470588266849518,0.0,94
nan,nan,0.02407548576593399,-0.1586693674325943,0.02407548576593399,-0.1586693674325943,nan,nan,nan,nan,1.4831852912902832,0.0,1.4660766124725342,0.0,0.800000011920929,0.800000011920929,1.4660766124725342,0.0,0.0,95
nan,nan,0.07174921035766602,-0.14153338968753815,0.07174921035766602,-0.14153338968753815,nan,nan,nan,nan,1.4831852912902832,0.0,1.4660766124725342,0.0,0.800000011920929,0.800000011920929,1.4660766124725342,0.0,1.0,96
nan,nan,0.0766507014632225,-0.1453981101512909,0.0766507014632225,-0.1453981101512909,nan,nan,nan,nan,1.4831852912902832,0.0,1.4660766124725342,0.0,0.800000011920929,0.800000011920929,1.4660766124725342,0.0,0.0,97
nan,nan,0.0766507014632225,-0.1453981101512909,0.0766507014632225,-0.1453981101512909,nan,nan,nan,nan,1.4831852912902832,0.0,1.4660766124725342,0.0,0.800000011920929,0.800000011920929,1.4660766124725342,0.0,0.0,98
nan,nan,0.08150321245193481,-0.14451003074645996,0.08150321245193481,-0.14451003074645996,nan,nan,nan,nan,1.4831852912902832,0.0,1.4660766124725342,0.0,0.800000011920929,0.800000011920929,1.4660766124725342,0.0,0.0,99
nan,nan,0.0838790088891983,-0.14834420382976532,0.0838790088891983,-0.14834420382976532,nan,nan,nan,nan,1.4831852912902832,0.0,1.4660766124725342,0.0,0.800000011920929,0.800000011920929,1.4660766124725342,0.0,0.0,100
nan,nan,0.08438988775014877,-0.1467532366514206,0.08438988775014877,-0.1467532366514206,nan,nan,nan,nan,1.283185362815857,0.0,1.2740904092788696,0.0,0.800000011920929,0.800000011920929,1.2740904092788696,0.0,0.0,101
nan,nan,0.08395377546548843,-0.14802123606204987,0.08395377546548843,-0.14802123606204987,nan,nan,nan,nan,1.0831853151321411,0.0,1.0821040868759155,0.0,0.800000011920929,0.800000011920929,1.0821040868759155,0.0,0.0,102
nan,nan,0.08328036963939667,-0.14690780639648438,0.08328036963939667,-0.14690780639648438,nan,nan,nan,nan,0.8831853270530701,0.0,0.8726646304130554,0.0,0.800000011920929,0.800000011920929,0.8726646304130554,0.0,0.0,103
nan,nan,0.08599892258644104,-0.14436960220336914,0.08599892258644104,-0.14436960220336914,nan,nan,nan,nan,0.6831852793693542,0.0,0.6806784272193909,0.0,0.800000011920929,0.800000011920929,0.6806784272193909,0.0,0.0,104
nan,nan,0.08612450212240219,-0.14405861496925354,0.08612450212240219,-0.14405861496925354,nan,nan,nan,nan,0.4831853210926056,0.0,0.471238911151886,0.0,0.800000011920929,0.800000011920929,0.471238911151886,0.0,0.0,105
nan,nan,0.08300203830003738,-0.14402168989181519,0.08300203830003738,-0.14402168989181519,nan,nan,nan,nan,0.28318530321121216,0.0,0.27925267815589905,0.0,0.800000011920929,0.800000011920929,0.27925267815589905,0.0,0.0,106
nan,nan,0.08441460132598877,-0.14210090041160583,0.08441460132598877,-0.14210090041160583,nan,nan,nan,nan,0.08318530768156052,0.0,0.06981316953897476,0.0,0.800000011920929,0.800000011920929,0.06981316953897476,0.0,0.0,107
nan,nan,0.08230069279670715,-0.1428377479314804,0.08230069279670715,-0.1428377479314804,nan,nan,nan,nan,-0.11681469529867172,0.0,-0.12217304855585098,0.0,0.800000011920929,0.800000011920929,-0.12217304855585098,0.0,0.0,108
nan,nan,0.08149708062410355,-0.14392954111099243,0.08149708062410355,-0.14392954111099243,nan,nan,nan,nan,-0.31681469082832336,0.0,-0.33161255717277527,0.0,0.800000011920929,0.800000011920929,-0.33161255717277527,0.0,0.0,109
nan,nan,0.08105622977018356,-0.141990527510643,0.08105622977018356,-0.141990527510643,nan,nan,nan,nan,-0.5168147087097168,0.0,-0.5235987901687622,0.0,0.800000011920929,0.800000011920929,-0.5235987901687622,0.0,0.0,110
nan,nan,0.07717365771532059,-0.14409585297107697,0.07717365771532059,-0.14409585297107697,nan,nan,nan,nan,-0.7168146967887878,0.0,-0.7330383062362671,0.0,0.800000011920929,0.800000011920929,-0.7330383062362671,0.0,0.0,111
nan,nan,0.07689220458269119,-0.14373093843460083,0.07689220458269119,-0.14373093843460083,nan,nan,nan,nan,-0.9168146848678589,0.0,-0.9250245094299316,0.0,0.800000011920929,0.800000011920929,-0.9250245094299316,0.0,0.0,112
nan,nan,0.07793314009904861,-0.14560756087303162,0.07793314009904861,-0.14560756087303162,nan,nan,nan,nan,-1.1168147325515747,0.0,-1.1170107126235962,0.0,0.800000011920929,0.800000011920929,-1.1170107126235962,0.0,0.0,113
nan,nan,0.07660292834043503,-0.1456661820411682,0.07660292834043503,-0.1456661820411682,nan,nan,nan,nan,-1.316814661026001,0.0,-1.326450228691101,0.0,0.800000011920929,0.800000011920929,-1.326450228691101,0.0,0.0,114
nan,nan,0.07681965082883835,-0.14730580151081085,0.07681965082883835,-0.14730580151081085,nan,nan,nan,nan,-1.5168147087097168,0.0,-1.5184364318847656,0.0,0.800000011920929,0.800000011920929,-1.5184364318847656,0.0,0.0,115
nan,nan,0.07737436145544052,-0.15112988650798798,0.07737436145544052,-0.15112988650798798,nan,nan,nan,nan,-1.716814637184143,0.0,-1.7278759479522705,0.0,0.800000011920929,0.800000011920929,-1.7278759479522705,0.0,0.0,116
nan,nan,0.07728003710508347,-0.15037208795547485,0.07728003710508347,-0.15037208795547485,nan,nan,nan,nan,-1.9168146848678589,0.0,-1.919862151145935,0.0,0.800000011920929,0.800000011920929,-1.919862151145935,0.0,0.0,117
nan,nan,0.07854603230953217,-0.1505049467086792,0.07854603230953217,-0.1505049467086792,nan,nan,nan,nan,-1.9168146848678589,0.0,-1.919862151145935,0.0,0.800000011920929,0.800000011920929,-1.919862151145935,0.0,0.0,118
nan,nan,0.07852288335561752,-0.1504696011543274,0.07852288335561752,-0.1504696011543274,nan,nan,nan,nan,-1.9168146848678589,0.05999999865889549,-1.919862151145935,0.05941176414489746,0.800000011920929,0.800000011920929,-1.919862151145935,0.05941176414489746,0.0,119
nan,nan,0.07629336416721344,-0.1456906646490097,0.07629336416721344,-0.1456906646490097,nan,nan,nan,nan,-1.9168146848678589,0.05999999865889549,-1.919862151145935,0.05941176414489746,0.800000011920929,0.800000011920929,-1.919862151145935,0.05941176414489746,0.0,120
nan,nan,0.07496087998151779,-0.11758001893758774,0.07496087998151779,-0.11758001893758774,nan,nan,nan,nan,-1.9168146848678589,0.05999999865889549,-1.919862151145935,0.05941176414489746,0.800000011920929,0.800000011920929,-1.919862151145935,0.05941176414489746,0.0,121
nan,nan,0.038012996315956116,-0.004363808315247297,0.038012996315956116,-0.004363808315247297,nan,nan,nan,nan,-1.716814637184143,0.05999999865889549,-1.7278759479522705,0.05941176414489746,0.800000011920929,0.800000011920929,-1.7278759479522705,0.05941176414489746,0.0,122
nan,nan,-0.004395374096930027,0.16682609915733337,-0.004395374096930027,0.16682609915733337,nan,nan,nan,nan,-1.716814637184143,0.0,-1.7278759479522705,0.0,0.800000011920929,0.800000011920929,-1.7278759479522705,0.0,0.0,123
nan,nan,-0.0004048636765219271,0.36043569445610046,-0.0004048636765219271,0.36043569445610046,nan,nan,nan,nan,-1.716814637184143,0.0,-1.7278759479522705,0.0,0.800000011920929,0.800000011920929,-1.7278759479522705,0.0,0.0,124
nan,nan,0.008027670904994011,0.45142993330955505,0.008027670904994011,0.45142993330955505,nan,nan,nan,nan,-1.716814637184143,0.0,-1.7278759479522705,0.0,0.800000011920929,0.800000011920929,-1.7278759479522705,0.0,0.0,125
nan,nan,0.012893562205135822,0.45008420944213867,0.012893562205135822,0.45008420944213867,nan,nan,nan,nan,-1.716814637184143,0.05999999865889549,-1.7278759479522705,0.05941176414489746,0.800000011920929,0.800000011920929,-1.7278759479522705,0.05941176414489746,0.0,126
nan,nan,0.006166903302073479,0.45909416675567627,0.006166903302073479,0.45909416675567627,nan,nan,nan,nan,-1.716814637184143,0.05999999865889549,-1.7278759479522705,0.05941176414489746,0.800000011920929,0.800000011920929,-1.7278759479522705,0.05941176414489746,0.0,127
nan,nan,0.018280433490872383,0.4917552173137665,0.018280433490872383,0.4917552173137665,nan,nan,nan,nan,-1.716814637184143,0.05999999865889549,-1.7278759479522705,0.05941176414489746,0.800000011920929,0.800000011920929,-1.7278759479522705,0.05941176414489746,0.0,128
nan,nan,0.006760661024600267,0.5912775993347168,0.006760661024600267,0.5912775993347168,nan,nan,nan,nan,-1.716814637184143,0.05999999865889549,-1.7278759479522705,0.05941176414489746,0.800000011920929,0.800000011920929,-1.7278759479522705,0.05941176414489746,0.0,129
nan,nan,-0.02059991843998432,0.7829596996307373,-0.02059991843998432,0.7829596996307373,nan,nan,nan,nan,-1.716814637184143,0.0,-1.7278759479522705,0.0,0.800000011920929,0.800000011920929,-1.7278759479522705,0.0,0.0,130
nan,nan,-0.026985948905348778,0.9936521649360657,-0.026985948905348778,0.9936521649360657,nan,nan,nan,nan,-1.716814637184143,0.0,-1.7278759479522705,0.0,0.800000011920929,0.800000011920929,-1.7278759479522705,0.0,0.0,131
nan,nan,-0.1286102533340454,1.2203692197799683,-0.1286102533340454,1.2203692197799683,nan,nan,nan,nan,-1.716814637184143,0.05999999865889549,-1.7278759479522705,0.05941176414489746,0.800000011920929,0.800000011920929,-1.7278759479522705,0.05941176414489746,0.0,132
nan,nan,-0.12017122656106949,1.1776776313781738,-0.12017122656106949,1.1776776313781738,nan,nan,nan,nan,-1.716814637184143,0.05999999865889549,-1.7278759479522705,0.05941176414489746,0.800000011920929,0.800000011920929,-1.7278759479522705,0.05941176414489746,0.0,133
nan,nan,-0.13205544650554657,1.172290325164795,-0.13205544650554657,1.172290325164795,nan,nan,nan,nan,-1.716814637184143,0.05999999865889549,-1.7278759479522705,0.05941176414489746,0.800000011920929,0.800000011920929,-1.7278759479522705,0.05941176414489746,0.0,134
nan,nan,-0.14582347869873047,1.2946913242340088,-0.14582347869873047,1.2946913242340088,nan,nan,nan,nan,-1.716814637184143,0.0,-1.7278759479522705,0.0,0.800000011920929,0.800000011920929,-1.7278759479522705,0.0,0.0,135
nan,nan,-0.14051055908203125,1.4820516109466553,-0.14051055908203125,1.4820516109466553,nan,nan,nan,nan,-1.716814637184143,0.0,-1.7278759479522705,0.0,0.800000011920929,0.800000011920929,-1.7278759479522705,0.0,1.0,136
nan,nan,-0.14226621389389038,1.5742478370666504,-0.14226621389389038,1.5742478370666504,nan,nan,nan,nan,-1.716814637184143,0.0,-1.7278759479522705,0.0,0.800000011920929,0.800000011920929,-1.7278759479522705,0.0,0.0,137
nan,nan,-0.14567650854587555,1.5831289291381836,-0.14567650854587555,1.5831289291381836,nan,nan,nan,nan,-1.716814637184143,0.05999999865889549,-1.7278759479522705,0.05941176414489746,0.800000011920929,0.800000011920929,-1.7278759479522705,0.05941176414489746,0.0,138
nan,nan,-0.1424921452999115,1.5769459009170532,-0.1424921452999115,1.5769459009170532,nan,nan,nan,nan,-1.716814637184143,0.0,-1.7278759479522705,0.0,0.800000011920929,0.800000011920929,-1.7278759479522705,0.0,0.0,139
nan,nan,-0.14238005876541138,1.5931888818740845,-0.14238005876541138,1.5931888818740845,nan,nan,nan,nan,-1.716814637184143,0.0,-1.7278759479522705,0.0,0.800000011920929,0.800000011920929,-1.7278759479522705,0.0,0.0,140
nan,nan,-0.14345186948776245,1.5889861583709717,-0.14345186948776245,1.5889861583709717,nan,nan,nan,nan,-1.716814637184143,0.05999999865889549,-1.7278759479522705,0.05941176414489746,0.800000011920929,0.800000011920929,-1.7278759479522705,0.05941176414489746,0.0,141
nan,nan,-0.14230278134346008,1.5826961994171143,-0.14230278134346008,1.5826961994171143,nan,nan,nan,nan,-1.716814637184143,0.0,-1.7278759479522705,0.0,0.800000011920929,0.800000011920929,-1.7278759479522705,0.0,0.0,142
nan,nan,-0.14572302997112274,1.622553825378418,-0.14572302997112274,1.622553825378418,nan,nan,nan,nan,-1.716814637184143,0.0,-1.7278759479522705,0.0,0.800000011920929,0.800000011920929,-1.7278759479522705,0.0,0.0,143
nan,nan,-0.14572037756443024,1.6207932233810425,-0.14572037756443024,1.6207932233810425,nan,nan,nan,nan,-1.716814637184143,0.05999999865889549,-1.7278759479522705,0.05941176414489746,0.800000011920929,0.800000011920929,-1.7278759479522705,0.05941176414489746,0.0,144
nan,nan,-0.1458289921283722,1.6181557178497314,-0.1458289921283722,1.6181557178497314,nan,nan,nan,nan,-1.716814637184143,0.05999999865889549,-1.7278759479522705,0.05941176414489746,0.800000011920929,0.800000011920929,-1.7278759479522705,0.05941176414489746,0.0,145
nan,nan,-0.1484561413526535,1.6570111513137817,-0.1484561413526535,1.6570111513137817,nan,nan,nan,nan,-1.716814637184143,0.0,-1.7278759479522705,0.0,0.800000011920929,0.800000011920929,-1.7278759479522705,0.0,0.0,146
nan,nan,-0.15446583926677704,1.7746385335922241,-0.15446583926677704,1.7746385335922241,nan,nan,nan,nan,-1.716814637184143,0.0,-1.7278759479522705,0.0,0.800000011920929,0.800000011920929,-1.7278759479522705,0.0,0.0,147
nan,nan,-0.16120827198028564,1.8542736768722534,-0.16120827198028564,1.8542736768722534,nan,nan,nan,nan,-1.716814637184143,0.0,-1.7278759479522705,0.0,0.800000011920929,0.800000011920929,-1.7278759479522705,0.0,0.0,148
nan,nan,-0.16095010936260223,1.8680150508880615,-0.16095010936260223,1.8680150508880615,nan,nan,nan,nan,-1.9168146848678589,0.0,-1.919862151145935,0.0,0.800000011920929,0.800000011920929,-1.919862151145935,0.0,0.0,149
nan,nan,-0.15817491710186005,1.842331051826477,-0.15817491710186005,1.842331051826477,nan,nan,nan,nan,-2.116814613342285,0.0,-2.1293017864227295,0.0,0.800000011920929,0.800000011920929,-2.1293017864227295,0.0,0.0,150
nan,nan,-0.1591169387102127,1.8499585390090942,-0.1591169387102127,1.8499585390090942,nan,nan,nan,nan,-2.316814661026001,0.0,-2.3212878704071045,0.0,0.800000011920929,0.800000011920929,-2.3212878704071045,0.0,0.0,151
nan,nan,-0.16141952574253082,1.8527930974960327,-0.16141952574253082,1.8527930974960327,nan,nan,nan,nan,-2.516814708709717,0.0,-2.5307273864746094,0.0,0.800000011920929,0.800000011920929,-2.5307273864746094,0.0,0.0,152
nan,nan,-0.1601804792881012,1.854613184928894,-0.1601804792881012,1.854613184928894,nan,nan,nan,nan,-2.7168147563934326,0.0,-2.7227137088775635,0.0,0.800000011920929,0.800000011920929,-2.7227137088775635,0.0,0.0,153
nan,nan,-0.16033382713794708,1.8535603284835815,-0.16033382713794708,1.8535603284835815,nan,nan,nan,nan,-2.9168148040771484,0.0,-2.9321532249450684,0.0,0.800000011920929,0.800000011920929,-2.9321532249450684,0.0,0.0,154
nan,nan,-0.16192418336868286,1.8533977270126343,-0.16192418336868286,1.8533977270126343,nan,nan,nan,nan,-3.116814613342285,0.0,-3.1241393089294434,0.0,0.800000011920929,0.800000011920929,-3.1241393089294434,0.0,0.0,155
nan,nan,-0.16179631650447845,1.8536491394042969,-0.16179631650447845,1.8536491394042969,nan,nan,nan,nan,2.9663705825805664,0.0,2.949606418609619,0.0,0.800000011920929,0.800000011920929,2.949606418609619,0.0,0.0,156
nan,nan,-0.15959160029888153,1.854101300239563,-0.15959160029888153,1.854101300239563,nan,nan,nan,nan,2.7663705348968506,0.0,2.757620334625244,0.0,0.800000011920929,0.800000011920929,2.757620334625244,0.0,0.0,157
nan,nan,-0.15836532413959503,1.8523809909820557,-0.15836532413959503,1.8523809909820557,nan,nan,nan,nan,2.566370725631714,0.0,2.56563401222229,0.0,0.800000011920929,0.800000011920929,2.56563401222229,0.0,0.0,158
nan,nan,-0.1596371829509735,1.8543004989624023,-0.1596371829509735,1.8543004989624023,nan,nan,nan,nan,2.366370677947998,0.0,2.356194496154785,0.0,0.800000011920929,0.800000011920929,2.356194496154785,0.0,0.0,159
nan,nan,-0.15796709060668945,1.8534746170043945,-0.15796709060668945,1.8534746170043945,nan,nan,nan,nan,2.1663706302642822,0.0,2.164208173751831,0.0,0.800000011920929,0.800000011920929,2.164208173751831,0.0,0.0,160
nan,nan,-0.1598755419254303,1.8544132709503174,-0.1598755419254303,1.8544132709503174,nan,nan,nan,nan,1.9663705825805664,0.0,1.9547687768936157,0.0,0.800000011920929,0.800000011920929,1.9547687768936157,0.0,0.0,161
nan,nan,-0.15975773334503174,1.855648159980774,-0.15975773334503174,1.855648159980774,nan,nan,nan,nan,1.7663706541061401,0.0,1.7627825736999512,0.0,0.800000011920929,0.800000011920929,1.7627825736999512,0.0,0.0,162
nan,nan,-0.15830205380916595,1.8554534912109375,-0.15830205380916595,1.8554534912109375,nan,nan,nan,nan,1.5663706064224243,0.0,1.5533430576324463,0.0,0.800000011920929,0.800000011920929,1.5533430576324463,0.0,0.0,163
nan,nan,-0.16057898104190826,1.8558303117752075,-0.16057898104190826,1.8558303117752075,nan,nan,nan,nan,1.5663706064224243,0.0,1.5533430576324463,0.0,0.800000011920929,0.800000011920929,1.5533430576324463,0.0,0.0,164
nan,nan,-0.16057898104190826,1.8558303117752075,-0.16057898104190826,1.8558303117752075,nan,nan,nan,nan,1.5663706064224243,0.0,1.5533430576324463,0.0,0.800000011920929,0.800000011920929,1.5533430576324463,0.0,0.0,165
nan,nan,-0.16057898104190826,1.8558303117752075,-0.16057898104190826,1.8558303117752075,nan,nan,nan,nan,1.5663706064224243,0.0,1.5533430576324463,0.0,0.800000011920929,0.800000011920929,1.5533430576324463,0.0,0.0,166
nan,nan,-0.16057898104190826,1.8558303117752075,-0.16057898104190826,1.8558303117752075,nan,nan,nan,nan,1.5663706064224243,0.07500000298023224,1.5533430576324463,0.07470588386058807,0.800000011920929,0.800000011920929,1.5533430576324463,0.07470588386058807,0.0,167
nan,nan,-0.1597498208284378,1.8539245128631592,-0.1597498208284378,1.8539245128631592,nan,nan,nan,nan,1.5663706064224243,0.07500000298023224,1.5533430576324463,0.07470588386058807,0.800000011920929,0.800000011920929,1.5533430576324463,0.07470588386058807,0.0,168
nan,nan,-0.1733364313840866,1.8054345846176147,-0.1733364313840866,1.8054345846176147,nan,nan,nan,nan,1.5663706064224243,0.0,1.5533430576324463,0.0,0.800000011920929,0.800000011920929,1.5533430576324463,0.0,0.0,169
nan,nan,-0.16695135831832886,1.6961127519607544,-0.16695135831832886,1.6961127519607544,nan,nan,nan,nan,1.5663706064224243,0.0,1.5533430576324463,0.0,0.800000011920929,0.800000011920929,1.5533430576324463,0.0,0.0,170
nan,nan,-0.17227871716022491,1.6388763189315796,-0.17227871716022491,1.6388763189315796,nan,nan,nan,nan,1.5663706064224243,0.07500000298023224,1.5533430576324463,0.07470588386058807,0.800000011920929,0.800000011920929,1.5533430576324463,0.07470588386058807,0.0,171
nan,nan,-0.17882508039474487,1.63364839553833,-0.17882508039474487,1.63364839553833,nan,nan,nan,nan,1.5663706064224243,0.07500000298023224,1.5533430576324463,0.07470588386058807,0.800000011920929,0.800000011920929,1.5533430576324463,0.07470588386058807,0.0,172
nan,nan,-0.1743352711200714,1.627625584602356,-0.1743352711200714,1.627625584602356,nan,nan,nan,nan,1.5663706064224243,0.07500000298023224,1.5533430576324463,0.07470588386058807,0.800000011920929,0.800000011920929,1.5533430576324463,0.07470588386058807,0.0,173
nan,nan,-0.17721576988697052,1.5229095220565796,-0.17721576988697052,1.5229095220565796,nan,nan,nan,nan,1.5663706064224243,0.0,1.5533430576324463,0.0,0.800000011920929,0.800000011920929,1.5533430576324463,0.0,0.0,174
nan,nan,-0.20315155386924744,1.2950443029403687,-0.20315155386924744,1.2950443029403687,nan,nan,nan,nan,1.5663706064224243,0.0,1.5533430576324463,0.0,0.800000011920929,0.800000011920929,1.5533430576324463,0.0,0.0,175
nan,nan,-0.20262186229228973,1.0252786874771118,-0.20262186229228973,1.0252786874771118,nan,nan,nan,nan,1.5663706064224243,0.0,1.5533430576324463,0.0,0.800000011920929,0.800000011920929,1.5533430576324463,0.0,0.0,176
nan,nan,-0.20136675238609314,1.0179461240768433,-0.20136675238609314,1.0179461240768433,nan,nan,nan,nan,1.5663706064224243,0.07500000298023224,1.5533430576324463,0.07470588386058807,0.800000011920929,0.800000011920929,1.5533430576324463,0.07470588386058807,0.0,177
nan,nan,-0.19983205199241638,1.0382905006408691,-0.19983205199241638,1.0382905006408691,nan,nan,nan,nan,1.5663706064224243,0.07500000298023224,1.5533430576324463,0.07470588386058807,0.800000011920929,0.800000011920929,1.5533430576324463,0.07470588386058807,0.0,178
nan,nan,-0.20351839065551758,1.0240095853805542,-0.20351839065551758,1.0240095853805542,nan,nan,nan,nan,1.5663706064224243,0.0,1.5533430576324463,0.0,0.800000011920929,0.800000011920929,1.5533430576324463,0.0,0.0,179
nan,nan,-0.2113809585571289,0.9258249402046204,-0.2113809585571289,0.9258249402046204,nan,nan,nan,nan,1.5663706064224243,0.0,1.5533430576324463,0.0,0.800000011920929,0.800000011920929,1.5533430576324463,0.0,0.0,180
nan,nan,-0.21471388638019562,0.8172571063041687,-0.21471388638019562,0.8172571063041687,nan,nan,nan,nan,1.5663706064224243,0.07500000298023224,1.5533430576324463,0.07470588386058807,0.800000011920929,0.800000011920929,1.5533430576324463,0.07470588386058807,0.0,181
nan,nan,-0.21855789422988892,0.8103781938552856,-0.21855789422988892,0.8103781938552856,nan,nan,nan,nan,1.5663706064224243,0.07500000298023224,1.5533430576324463,0.07470588386058807,0.800000011920929,0.800000011920929,1.5533430576324463,0.07470588386058807,0.0,182
nan,nan,-0.21722294390201569,0.8315014839172363,-0.21722294390201569,0.8315014839172363,nan,nan,nan,nan,1.5663706064224243,0.07500000298023224,1.5533430576324463,0.07470588386058807,0.800000011920929,0.800000011920929,1.5533430576324463,0.07470588386058807,0.0,183
nan,nan,-0.2144322395324707,0.7929412126541138,-0.2144322395324707,0.7929412126541138,nan,nan,nan,nan,1.5663706064224243,0.0,1.5533430576324463,0.0,0.800000011920929,0.800000011920929,1.5533430576324463,0.0,0.0,184
nan,nan,-0.2378658652305603,0.6173461079597473,-0.2378658652305603,0.6173461079597473,nan,nan,nan,nan,1.5663706064224243,0.0,1.5533430576324463,0.0,0.800000011920929,0.800000011920929,1.5533430576324463,0.0,0.0,185
nan,nan,-0.2653235197067261,0.3824765980243683,-0.2653235197067261,0.3824765980243683,nan,nan,nan,nan,1.5663706064224243,0.0,1.5533430576324463,0.0,0.800000011920929,0.800000011920929,1.5533430576324463,0.0,0.0,186
nan,nan,-0.2639503479003906,0.34766554832458496,-0.2639503479003906,0.34766554832458496,nan,nan,nan,nan,1.5663706064224243,0.0,1.5533430576324463,0.0,0.800000011920929,0.800000011920929,1.5533430576324463,0.0,0.0,187
nan,nan,-0.26539579033851624,0.35766416788101196,-0.26539579033851624,0.35766416788101196,nan,nan,nan,nan,1.3663705587387085,0.0,1.3613568544387817,0.0,0.800000011920929,0.800000011920929,1.3613568544387817,0.0,0.0,188
nan,nan,-0.2639729678630829,0.36362114548683167,-0.2639729678630829,0.36362114548683167,nan,nan,nan,nan,1.1663706302642822,0.0,1.1519173383712769,0.0,0.800000011920929,0.800000011920929,1.1519173383712769,0.0,0.0,189
nan,nan,-0.264138787984848,0.3596576452255249,-0.264138787984848,0.3596576452255249,nan,nan,nan,nan,0.9663706421852112,0.0,0.9599310755729675,0.0,0.800000011920929,0.800000011920929,0.9599310755729675,0.0,0.0,190
nan,nan,-0.26373645663261414,0.3606557846069336,-0.26373645663261414,0.3606557846069336,nan,nan,nan,nan,0.7663705945014954,0.0,0.7504915595054626,0.0,0.800000011920929,0.800000011920929,0.7504915595054626,0.0,0.0,191
nan,nan,-0.2645820081233978,0.362316757440567,-0.2645820081233978,0.362316757440567,nan,nan,nan,nan,0.5663706064224243,0.0,0.5585053563117981,0.0,0.800000011920929,0.800000011920929,0.5585053563117981,0.0,0.0,192
nan,nan,-0.26536595821380615,0.3616192936897278,-0.26536595821380615,0.3616192936897278,nan,nan,nan,nan,0.36637061834335327,0.0,0.3490658402442932,0.0,0.800000011920929,0.800000011920929,0.3490658402442932,0.0,0.0,193
nan,nan,-0.2661026418209076,0.3629550039768219,-0.2661026418209076,0.3629550039768219,nan,nan,nan,nan,0.16637061536312103,0.0,0.15707963705062866,0.0,0.800000011920929,0.800000011920929,0.15707963705062866,0.0,0.0,194
nan,nan,-0.266905277967453,0.3630349040031433,-0.266905277967453,0.3630349040031433,nan,nan,nan,nan,-0.03362938389182091,0.0,-0.03490658476948738,0.0,0.800000011920929,0.800000011920929,-0.03490658476948738,0.0,0.0,195
nan,nan,-0.26781734824180603,0.36169153451919556,-0.26781734824180603,0.36169153451919556,nan,nan,nan,nan,-0.23362939059734344,0.0,-0.24434609711170197,0.0,0.800000011920929,0.800000011920929,-0.24434609711170197,0.0,0.0,196
nan,nan,-0.26913073658943176,0.3639068603515625,-0.26913073658943176,0.3639068603515625,nan,nan,nan,nan,-0.4336293935775757,0.0,-0.4363323152065277,0.0,0.800000011920929,0.800000011920929,-0.4363323152065277,0.0,0.0,197
nan,nan,-0.27106615900993347,0.3627004623413086,-0.27106615900993347,0.3627004623413086,nan,nan,nan,nan,-0.6336293816566467,0.0,-0.6457718014717102,0.0,0.800000011920929,0.800000011920929,-0.6457718014717102,0.0,0.0,198
nan,nan,-0.2736611068248749,0.36116886138916016,-0.2736611068248749,0.36116886138916016,nan,nan,nan,nan,-0.8336293697357178,0.0,-0.8377580642700195,0.0,0.800000011920929,0.800000011920929,-0.8377580642700195,0.0,0.0,199
nan,nan,-0.2735896110534668,0.3610405921936035,-0.2735896110534668,0.3610405921936035,nan,nan,nan,nan,-1.0336294174194336,0.0,-1.0471975803375244,0.0,0.800000011920929,0.800000011920929,-1.0471975803375244,0.0,0.0,200
nan,nan,-0.2735278308391571,0.3586602509021759,-0.2735278308391571,0.3586602509021759,nan,nan,nan,nan,-1.2336293458938599,0.0,-1.239183783531189,0.0,0.800000011920929,0.800000011920929,-1.239183783531189,0.0,0.0,201
nan,nan,-0.27458900213241577,0.3575933873653412,-0.27458900213241577,0.3575933873653412,nan,nan,nan,nan,-1.4336293935775757,0.0,-1.4486232995986938,0.0,0.800000011920929,0.800000011920929,-1.4486232995986938,0.0,0.0,202
nan,nan,-0.2740006744861603,0.35612866282463074,-0.2740006744861603,0.35612866282463074,nan,nan,nan,nan,-1.6336294412612915,0.0,-1.6406095027923584,0.0,0.800000011920929,0.800000011920929,-1.6406095027923584,0.0,0.0,203
nan,nan,-0.2740006744861603,0.35612866282463074,-0.2740006744861603,0.35612866282463074,nan,nan,nan,nan,-1.6336294412612915,0.0,-1.6406095027923584,0.0,0.800000011920929,0.800000011920929,-1.6406095027923584,0.0,0.0,204
nan,nan,-0.2740006744861603,0.35612866282463074,-0.2740006744861603,0.35612866282463074,nan,nan,nan,nan,-1.6336294412612915,0.09000000357627869,-1.6406095027923584,0.09000000357627869,0.800000011920929,0.800000011920929,-1.6406095027923584,0.09000000357627869,0.0,205
nan,nan,-0.27399224042892456,0.3581199645996094,-0.27399224042892456,0.3581199645996094,nan,nan,nan,nan,-1.6336294412612915,0.09000000357627869,-1.6406095027923584,0.09000000357627869,0.800000011920929,0.800000011920929,-1.6406095027923584,0.09000000357627869,0.0,206
nan,nan,-0.2692320942878723,0.3871239125728607,-0.2692320942878723,0.3871239125728607,nan,nan,nan,nan,-1.6336294412612915,0.0,-1.6406095027923584,0.0,0.800000011920929,0.800000011920929,-1.6406095027923584,0.0,0.0,207
nan,nan,-0.27261897921562195,0.4760645925998688,-0.27261897921562195,0.4760645925998688,nan,nan,nan,nan,-1.6336294412612915,0.0,-1.6406095027923584,0.0,0.800000011920929,0.800000011920929,-1.6406095027923584,0.0,0.0,208
nan,nan,-0.27462857961654663,0.5395187139511108,-0.27462857961654663,0.5395187139511108,nan,nan,nan,nan,-1.6336294412612915,0.09000000357627869,-1.6406095027923584,0.09000000357627869,0.800000011920929,0.800000011920929,-1.6406095027923584,0.09000000357627869,0.0,209
nan,nan,-0.2697933614253998,0.5365334153175354,-0.2697933614253998,0.5365334153175354,nan,nan,nan,nan,-1.6336294412612915,0.09000000357627869,-1.6406095027923584,0.09000000357627869,0.800000011920929,0.800000011920929,-1.6406095027923584,0.09000000357627869,0.0,210
nan,nan,-0.27339065074920654,0.5394570827484131,-0.27339065074920654,0.5394570827484131,nan,nan,nan,nan,-1.6336294412612915,0.09000000357627869,-1.6406095027923584,0.09000000357627869,0.800000011920929,0.800000011920929,-1.6406095027923584,0.09000000357627869,0.0,211
nan,nan,-0.2687176764011383,0.6226683259010315,-0.2687176764011383,0.6226683259010315,nan,nan,nan,nan,-1.6336294412612915,0.0,-1.6406095027923584,0.0,0.800000011920929,0.800000011920929,-1.6406095027923584,0.0,0.0,212
nan,nan,-0.24541620910167694,0.8500341176986694,-0.24541620910167694,0.8500341176986694,nan,nan,nan,nan,-1.6336294412612915,0.0,-1.6406095027923584,0.0,0.800000011920929,0.800000011920929,-1.6406095027923584,0.0,0.0,213
nan,nan,-0.23430192470550537,1.07687246799469,-0.23430192470550537,1.07687246799469,nan,nan,nan,nan,-1.6336294412612915,0.0,-1.6406095027923584,0.0,0.800000011920929,0.800000011920929,-1.6406095027923584,0.0,0.0,214
nan,nan,-0.24132737517356873,1.1759376525878906,-0.24132737517356873,1.1759376525878906,nan,nan,nan,nan,-1.6336294412612915,0.0,-1.6406095027923584,0.0,0.800000011920929,0.800000011920929,-1.6406095027923584,0.0,0.0,215
nan,nan,-0.24043229222297668,1.1982849836349487,-0.24043229222297668,1.1982849836349487,nan,nan,nan,nan,-1.6336294412612915,0.09000000357627869,-1.6406095027923584,0.09000000357627869,0.800000011920929,0.800000011920929,-1.6406095027923584,0.09000000357627869,0.0,216
nan,nan,-0.23710758984088898,1.1754227876663208,-0.23710758984088898,1.1754227876663208,nan,nan,nan,nan,-1.6336294412612915,0.0,-1.6406095027923584,0.0,0.800000011920929,0.800000011920929,-1.6406095027923584,0.0,0.0,217
nan,nan,-0.24407492578029633,1.186957836151123,-0.24407492578029633,1.186957836151123,nan,nan,nan,nan,-1.6336294412612915,0.0,-1.6406095027923584,0.0,0.800000011920929,0.800000011920929,-1.6406095027923584,0.0,0.0,218
nan,nan,-0.23940497636795044,1.195085048675537,-0.23940497636795044,1.195085048675537,nan,nan,nan,nan,-1.6336294412612915,0.09000000357627869,-1.6406095027923584,0.09000000357627869,0.800000011920929,0.800000011920929,-1.6406095027923584,0.09000000357627869,0.0,219
nan,nan,-0.23906345665454865,1.1768627166748047,-0.23906345665454865,1.1768627166748047,nan,nan,nan,nan,-1.6336294412612915,0.09000000357627869,-1.6406095027923584,0.09000000357627869,0.800000011920929,0.800000011920929,-1.6406095027923584,0.09000000357627869,0.0,220
nan,nan,-0.2496773600578308,1.213965892791748,-0.2496773600578308,1.213965892791748,nan,nan,nan,nan,-1.6336294412612915,0.0,-1.6406095027923584,0.0,0.800000011920929,0.800000011920929,-1.6406095027923584,0.0,0.0,221
nan,nan,-0.2385491579771042,1.3498671054840088,-0.2385491579771042,1.3498671054840088,nan,nan,nan,nan,-1.6336294412612915,0.0,-1.6406095027923584,0.0,0.800000011920929,0.800000011920929,-1.6406095027923584,0.0,0.0,222
nan,nan,-0.2238648533821106,1.4619516134262085,-0.2238648533821106,1.4619516134262085,nan,nan,nan,nan,-1.6336294412612915,0.0,-1.6406095027923584,0.0,0.800000011920929,0.800000011920929,-1.6406095027923584,0.0,0.0,223
nan,nan,-0.22845537960529327,1.497090458869934,-0.22845537960529327,1.497090458869934,nan,nan,nan,nan,-1.6336294412612915,0.0,-1.6406095027923584,0.0,0.800000011920929,0.800000011920929,-1.6406095027923584,0.0,0.0,224
nan,nan,-0.22879818081855774,1.4959861040115356,-0.22879818081855774,1.4959861040115356,nan,nan,nan,nan,-1.6336294412612915,0.0,-1.6406095027923584,0.0,0.800000011920929,0.800000011920929,-1.6406095027923584,0.0,0.0,225
nan,nan,-0.23117457330226898,1.5023208856582642,-0.23117457330226898,1.5023208856582642,nan,nan,nan,nan,-1.4336293935775757,0.0,-1.4486232995986938,0.0,0.800000011920929,0.800000011920929,-1.4486232995986938,0.0,0.0,226
nan,nan,-0.22984524071216583,1.5016257762908936,-0.22984524071216583,1.5016257762908936,nan,nan,nan,nan,-1.2336293458938599,0.0,-1.239183783531189,0.0,0.800000011920929,0.800000011920929,-1.239183783531189,0.0,0.0,227
nan,nan,-0.22921274602413177,1.498492956161499,-0.22921274602413177,1.498492956161499,nan,nan,nan,nan,-1.0336294174194336,0.0,-1.0471975803375244,0.0,0.800000011920929,0.800000011920929,-1.0471975803375244,0.0,0.0,228
nan,nan,-0.23240025341510773,1.5016121864318848,-0.23240025341510773,1.5016121864318848,nan,nan,nan,nan,-0.8336293697357178,0.0,-0.8377580642700195,0.0,0.800000011920929,0.800000011920929,-0.8377580642700195,0.0,0.0,229
nan,nan,-0.23271514475345612,1.503231406211853,-0.23271514475345612,1.503231406211853,nan,nan,nan,nan,-0.6336293816566467,0.0,-0.6457718014717102,0.0,0.800000011920929,0.800000011920929,-0.6457718014717102,0.0,0.0,230
nan,nan,-0.23068353533744812,1.5032283067703247,-0.23068353533744812,1.5032283067703247,nan,nan,nan,nan,-0.4336293935775757,0.0,-0.4363323152065277,0.0,0.800000011920929,0.800000011920929,-0.4363323152065277,0.0,0.0,231
nan,nan,-0.23362381756305695,1.5039814710617065,-0.23362381756305695,1.5039814710617065,nan,nan,nan,nan,-0.23362939059734344,0.0,-0.24434609711170197,0.0,0.800000011920929,0.800000011920929,-0.24434609711170197,0.0,0.0,232
nan,nan,-0.23435622453689575,1.5034677982330322,-0.23435622453689575,1.5034677982330322,nan,nan,nan,nan,-0.03362938389182091,0.0,-0.03490658476948738,0.0,0.800000011920929,0.800000011920929,-0.03490658476948738,0.0,0.0,233
nan,nan,-0.2356516420841217,1.5055179595947266,-0.2356516420841217,1.5055179595947266,nan,nan,nan,nan,0.16637061536312103,0.0,0.15707963705062866,0.0,0.800000011920929,0.800000011920929,0.15707963705062866,0.0,0.0,234
nan,nan,-0.23477257788181305,1.5046099424362183,-0.23477257788181305,1.5046099424362183,nan,nan,nan,nan,0.36637061834335327,0.0,0.3490658402442932,0.0,0.800000011920929,0.800000011920929,0.3490658402442932,0.0,0.0,235
nan,nan,-0.23494203388690948,1.5055310726165771,-0.23494203388690948,1.5055310726165771,nan,nan,nan,nan,0.5663706064224243,0.0,0.5585053563117981,0.0,0.800000011920929,0.800000011920929,0.5585053563117981,0.0,0.0,236
nan,nan,-0.2344103902578354,1.505773663520813,-0.2344103902578354,1.505773663520813,nan,nan,nan,nan,0.7663705945014954,0.0,0.7504915595054626,0.0,0.800000011920929,0.800000011920929,0.7504915595054626,0.0,0.0,237
nan,nan,-0.23467080295085907,1.5056623220443726,-0.23467080295085907,1.5056623220443726,nan,nan,nan,nan,0.9663706421852112,0.0,0.9599310755729675,0.0,0.800000011920929,0.800000011920929,0.9599310755729675,0.0,0.0,238
nan,nan,-0.23524262011051178,1.5070706605911255,-0.23524262011051178,1.5070706605911255,nan,nan,nan,nan,1.1663706302642822,0.0,1.1519173383712769,0.0,0.800000011920929,0.800000011920929,1.1519173383712769,0.0,0.0,239
nan,nan,-0.23389457166194916,1.5068391561508179,-0.23389457166194916,1.5068391561508179,nan,nan,nan,nan,1.3663705587387085,0.0,1.3613568544387817,0.0,0.800000011920929,0.800000011920929,1.3613568544387817,0.0,0.0,240
nan,nan,-0.2340591847896576,1.5060328245162964,-0.2340591847896576,1.5060328245162964,nan,nan,nan,nan,1.5663706064224243,0.0,1.5533430576324463,0.0,0.800000011920929,0.800000011920929,1.5533430576324463,0.0,0.0,241
nan,nan,-0.23301291465759277,1.5071007013320923,-0.23301291465759277,1.5071007013320923,nan,nan,nan,nan,1.7663706541061401,0.0,1.7627825736999512,0.0,0.800000011920929,0.800000011920929,1.7627825736999512,0.0,0.0,242
nan,nan,-0.23301291465759277,1.5071007013320923,-0.23301291465759277,1.5071007013320923,nan,nan,nan,nan,1.7663706541061401,0.0,1.7627825736999512,0.0,0.800000011920929,0.800000011920929,1.7627825736999512,0.0,0.0,243
nan,nan,-0.23301291465759277,1.5071007013320923,-0.23301291465759277,1.5071007013320923,nan,nan,nan,nan,1.7663706541061401,0.0,1.7627825736999512,0.0,0.800000011920929,0.800000011920929,1.7627825736999512,0.0,0.0,244
nan,nan,-0.23247982561588287,1.5072851181030273,-0.23247982561588287,1.5072851181030273,nan,nan,nan,nan,1.5663706064224243,0.0,1.5533430576324463,0.0,0.800000011920929,0.800000011920929,1.5533430576324463,0.0,0.0,245
nan,nan,-0.23247982561588287,1.5072851181030273,-0.23247982561588287,1.5072851181030273,nan,nan,nan,nan,1.5663706064224243,0.0,1.5533430576324463,0.0,0.800000011920929,0.800000011920929,1.5533430576324463,0.0,0.0,246
nan,nan,-0.23247982561588287,1.5072851181030273,-0.23247982561588287,1.5072851181030273,nan,nan,nan,nan,1.5663706064224243,0.10499999672174454,1.5533430576324463,0.10470588505268097,0.800000011920929,0.800000011920929,1.5533430576324463,0.10470588505268097,0.0,247
nan,nan,-0.2310624122619629,1.5058101415634155,-0.2310624122619629,1.5058101415634155,nan,nan,nan,nan,1.5663706064224243,0.10499999672174454,1.5533430576324463,0.10470588505268097,0.800000011920929,0.800000011920929,1.5533430576324463,0.10470588505268097,0.0,248
nan,nan,-0.23553800582885742,1.4820476770401,-0.23553800582885742,1.4820476770401,nan,nan,nan,nan,1.5663706064224243,0.0,1.5533430576324463,0.0,0.800000011920929,0.800000011920929,1.5533430576324463,0.0,0.0,249
nan,nan,-0.24024257063865662,1.3973884582519531,-0.24024257063865662,1.3973884582519531,nan,nan,nan,nan,1.5663706064224243,0.0,1.5533430576324463,0.0,0.800000011920929,0.800000011920929,1.5533430576324463,0.0,0.0,250
nan,nan,-0.24206621944904327,1.364546298980713,-0.24206621944904327,1.364546298980713,nan,nan,nan,nan,1.5663706064224243,0.10499999672174454,1.5533430576324463,0.10470588505268097,0.800000011920929,0.800000011920929,1.5533430576324463,0.10470588505268097,0.0,251
nan,nan,-0.24318107962608337,1.3710757493972778,-0.24318107962608337,1.3710757493972778,nan,nan,nan,nan,1.5663706064224243,0.10499999672174454,1.5533430576324463,0.10470588505268097,0.800000011920929,0.800000011920929,1.5533430576324463,0.10470588505268097,0.0,252
nan,nan,-0.23967121541500092,1.3722041845321655,-0.23967121541500092,1.3722041845321655,nan,nan,nan,nan,1.5663706064224243,0.0,1.5533430576324463,0.0,0.800000011920929,0.800000011920929,1.5533430576324463,0.0,0.0,253
nan,nan,-0.24766576290130615,1.3049381971359253,-0.24766576290130615,1.3049381971359253,nan,nan,nan,nan,1.5663706064224243,0.0,1.5533430576324463,0.0,0.800000011920929,0.800000011920929,1.5533430576324463,0.0,0.0,254
nan,nan,-0.24981699883937836,1.3064402341842651,-0.24981699883937836,1.3064402341842651,nan,nan,nan,nan,1.5663706064224243,0.10499999672174454,1.5533430576324463,0.10470588505268097,0.800000011920929,0.800000011920929,1.5533430576324463,0.10470588505268097,0.0,255
nan,nan,-0.24315044283866882,1.3524855375289917,-0.24315044283866882,1.3524855375289917,nan,nan,nan,nan,1.5663706064224243,0.10499999672174454,1.5533430576324463,0.10470588505268097,0.800000011920929,0.800000011920929,1.5533430576324463,0.10470588505268097,0.0,256
nan,nan,-0.24460475146770477,1.3355597257614136,-0.24460475146770477,1.3355597257614136,nan,nan,nan,nan,1.5663706064224243,0.10499999672174454,1.5533430576324463,0.10470588505268097,0.800000011920929,0.800000011920929,1.5533430576324463,0.10470588505268097,0.0,257
nan,nan,-0.2710808217525482,1.0943233966827393,-0.2710808217525482,1.0943233966827393,nan,nan,nan,nan,1.5663706064224243,0.0,1.5533430576324463,0.0,0.800000011920929,0.800000011920929,1.5533430576324463,0.0,0.0,258
nan,nan,-0.30379176139831543,0.8067031502723694,-0.30379176139831543,0.8067031502723694,nan,nan,nan,nan,1.5663706064224243,0.0,1.5533430576324463,0.0,0.800000011920929,0.800000011920929,1.5533430576324463,0.0,0.0,259
nan,nan,-0.29114818572998047,0.5256791114807129,-0.29114818572998047,0.5256791114807129,nan,nan,nan,nan,1.5663706064224243,0.0,1.5533430576324463,0.0,0.800000011920929,0.800000011920929,1.5533430576324463,0.0,0.0,260
nan,nan,-0.2927124500274658,0.452693372964859,-0.2927124500274658,0.452693372964859,nan,nan,nan,nan,1.5663706064224243,0.0,1.5533430576324463,0.0,0.800000011920929,0.800000011920929,1.5533430576324463,0.0,0.0,261
nan,nan,-0.28335994482040405,0.5133993625640869,-0.28335994482040405,0.5133993625640869,nan,nan,nan,nan,1.3663705587387085,0.0,1.3613568544387817,0.0,0.800000011920929,0.800000011920929,1.3613568544387817,0.0,0.0,262
nan,nan,-0.2940661609172821,0.5260918736457825,-0.2940661609172821,0.5260918736457825,nan,nan,nan,nan,1.1663706302642822,0.0,1.1519173383712769,0.0,0.800000011920929,0.800000011920929,1.1519173383712769,0.0,0.0,263
nan,nan,-0.298361212015152,0.5142906904220581,-0.298361212015152,0.5142906904220581,nan,nan,nan,nan,1.1663706302642822,0.0,1.1519173383712769,0.0,0.800000011920929,0.800000011920929,1.1519173383712769,0.0,0.0,264
nan,nan,-0.294301837682724,0.5205949544906616,-0.294301837682724,0.5205949544906616,nan,nan,nan,nan,1.1663706302642822,0.0,1.1519173383712769,0.0,0.800000011920929,0.800000011920929,1.1519173383712769,0.0,0.0,265
nan,nan,-0.3012944459915161,0.5163608193397522,-0.3012944459915161,0.5163608193397522,nan,nan,nan,nan,1.1663706302642822,0.0,1.1519173383712769,0.0,0.800000011920929,0.800000011920929,1.1519173383712769,0.0,0.0,266
nan,nan,-0.29847124218940735,0.5169820785522461,-0.29847124218940735,0.5169820785522461,nan,nan,nan,nan,1.1663706302642822,0.0,1.1519173383712769,0.0,0.800000011920929,0.800000011920929,1.1519173383712769,0.0,0.0,267
nan,nan,-0.29464080929756165,0.5257230401039124,-0.29464080929756165,0.5257230401039124,nan,nan,nan,nan,1.1663706302642822,0.0,1.1519173383712769,0.0,0.800000011920929,0.800000011920929,1.1519173383712769,0.0,0.0,268
nan,nan,-0.30314865708351135,0.5197732448577881,-0.30314865708351135,0.5197732448577881,nan,nan,nan,nan,1.1663706302642822,0.0,1.1519173383712769,0.0,0.800000011920929,0.800000011920929,1.1519173383712769,0.0,0.0,269
nan,nan,-0.3018178343772888,0.5186231732368469,-0.3018178343772888,0.5186231732368469,nan,nan,nan,nan,0.9663706421852112,0.0,0.9599310755729675,0.0,0.800000011920929,0.800000011920929,0.9599310755729675,0.0,0.0,270
nan,nan,-0.2979815900325775,0.523809015750885,-0.2979815900325775,0.523809015750885,nan,nan,nan,nan,0.7663705945014954,0.0,0.7504915595054626,0.0,0.800000011920929,0.800000011920929,0.7504915595054626,0.0,0.0,271
nan,nan,-0.3001633584499359,0.5218378305435181,-0.3001633584499359,0.5218378305435181,nan,nan,nan,nan,0.5663706064224243,0.0,0.5585053563117981,0.0,0.800000011920929,0.800000011920929,0.5585053563117981,0.0,0.0,272
nan,nan,-0.29919788241386414,0.5230433344841003,-0.29919788241386414,0.5230433344841003,nan,nan,nan,nan,0.36637061834335327,0.0,0.3490658402442932,0.0,0.800000011920929,0.800000011920929,0.3490658402442932,0.0,0.0,273
nan,nan,-0.305286169052124,0.5199024081230164,-0.305286169052124,0.5199024081230164,nan,nan,nan,nan,0.16637061536312103,0.0,0.15707963705062866,0.0,0.800000011920929,0.800000011920929,0.15707963705062866,0.0,0.0,274
nan,nan,-0.30584943294525146,0.5213713645935059,-0.30584943294525146,0.5213713645935059,nan,nan,nan,nan,-0.03362938389182091,0.0,-0.03490658476948738,0.0,0.800000011920929,0.800000011920929,-0.03490658476948738,0.0,0.0,275
nan,nan,-0.3047100007534027,0.5233818888664246,-0.3047100007534027,0.5233818888664246,nan,nan,nan,nan,-0.23362939059734344,0.0,-0.24434609711170197,0.0,0.800000011920929,0.800000011920929,-0.24434609711170197,0.0,0.0,276
nan,nan,-0.30708929896354675,0.520391583442688,-0.30708929896354675,0.520391583442688,nan,nan,nan,nan,-0.4336293935775757,0.0,-0.4363323152065277,0.0,0.800000011920929,0.800000011920929,-0.4363323152065277,0.0,0.0,277
nan,nan,-0.3075386583805084,0.5215464234352112,-0.3075386583805084,0.5215464234352112,nan,nan,nan,nan,-0.6336293816566467,0.0,-0.6457718014717102,0.0,0.800000011920929,0.800000011920929,-0.6457718014717102,0.0,0.0,278
nan,nan,-0.30741140246391296,0.5204285979270935,-0.30741140246391296,0.5204285979270935,nan,nan,nan,nan,-0.8336293697357178,0.0,-0.8377580642700195,0.0,0.800000011920929,0.800000011920929,-0.8377580642700195,0.0,0.0,279
nan,nan,-0.30747973918914795,0.5183796882629395,-0.30747973918914795,0.5183796882629395,nan,nan,nan,nan,-1.0336294174194336,0.0,-1.0471975803375244,0.0,0.800000011920929,0.800000011920929,-1.0471975803375244,0.0,0.0,280
nan,nan,-0.3082239031791687,0.5179256200790405,-0.3082239031791687,0.5179256200790405,nan,nan,nan,nan,-1.2336293458938599,0.0,-1.239183783531189,0.0,0.800000011920929,0.800000011920929,-1.239183783531189,0.0,0.0,281
nan,nan,-0.30785390734672546,0.5160598158836365,-0.30785390734672546,0.5160598158836365,nan,nan,nan,nan,-1.4336293935775757,0.0,-1.4486232995986938,0.0,0.800000011920929,0.800000011920929,-1.4486232995986938,0.0,0.0,282
nan,nan,-0.30783429741859436,0.5148557424545288,-0.30783429741859436,0.5148557424545288,nan,nan,nan,nan,-1.6336294412612915,0.0,-1.6406095027923584,0.0,0.800000011920929,0.800000011920929,-1.6406095027923584,0.0,0.0,283
nan,nan,-0.30791178345680237,0.5146765112876892,-0.30791178345680237,0.5146765112876892,nan,nan,nan,nan,-1.6336294412612915,0.0,-1.6406095027923584,0.0,0.800000011920929,0.800000011920929,-1.6406095027923584,0.0,0.0,284
nan,nan,-0.30791178345680237,0.5146765112876892,-0.30791178345680237,0.5146765112876892,nan,nan,nan,nan,-1.6336294412612915,0.11999999731779099,-1.6406095027923584,0.11941176652908325,0.800000011920929,0.800000011920929,-1.6406095027923584,0.11941176652908325,0.0,285
nan,nan,-0.3071945011615753,0.5234696269035339,-0.3071945011615753,0.5234696269035339,nan,nan,nan,nan,-1.6336294412612915,0.11999999731779099,-1.6406095027923584,0.11941176652908325,0.800000011920929,0.800000011920929,-1.6406095027923584,0.11941176652908325,0.0,286
nan,nan,-0.30329933762550354,0.5684729814529419,-0.30329933762550354,0.5684729814529419,nan,nan,nan,nan,-1.6336294412612915,0.0,-1.6406095027923584,0.0,0.800000011920929,0.800000011920929,-1.6406095027923584,0.0,0.0,287
nan,nan,-0.30597367882728577,0.6771320104598999,-0.30597367882728577,0.6771320104598999,nan,nan,nan,nan,-1.6336294412612915,0.0,-1.6406095027923584,0.0,0.800000011920929,0.800000011920929,-1.6406095027923584,0.0,0.0,288
nan,nan,-0.30626338720321655,0.7343295812606812,-0.30626338720321655,0.7343295812606812,nan,nan,nan,nan,-1.6336294412612915,0.0,-1.6406095027923584,0.0,0.800000011920929,0.800000011920929,-1.6406095027923584,0.0,0.0,289
nan,nan,-0.30303090810775757,0.7335057258605957,-0.30303090810775757,0.7335057258605957,nan,nan,nan,nan,-1.6336294412612915,0.11999999731779099,-1.6406095027923584,0.11941176652908325,0.800000011920929,0.800000011920929,-1.6406095027923584,0.11941176652908325,0.0,290
nan,nan,-0.3060648441314697,0.7186791300773621,-0.3060648441314697,0.7186791300773621,nan,nan,nan,nan,-1.6336294412612915,0.0,-1.6406095027923584,0.0,0.800000011920929,0.800000011920929,-1.6406095027923584,0.0,0.0,291
nan,nan,-0.30896928906440735,0.7620874643325806,-0.30896928906440735,0.7620874643325806,nan,nan,nan,nan,-1.6336294412612915,0.0,-1.6406095027923584,0.0,0.800000011920929,0.800000011920929,-1.6406095027923584,0.0,0.0,292
nan,nan,-0.3039303123950958,0.7583458423614502,-0.3039303123950958,0.7583458423614502,nan,nan,nan,nan,-1.6336294412612915,0.11999999731779099,-1.6406095027923584,0.11941176652908325,0.800000011920929,0.800000011920929,-1.6406095027923584,0.11941176652908325,0.0,293
nan,nan,-0.30841267108917236,0.7339460253715515,-0.30841267108917236,0.7339460253715515,nan,nan,nan,nan,-1.6336294412612915,0.11999999731779099,-1.6406095027923584,0.11941176652908325,0.800000011920929,0.800000011920929,-1.6406095027923584,0.11941176652908325,0.0,294
nan,nan,-0.3145003914833069,0.8190295696258545,-0.3145003914833069,0.8190295696258545,nan,nan,nan,nan,-1.6336294412612915,0.0,-1.6406095027923584,0.0,0.800000011920929,0.800000011920929,-1.6406095027923584,0.0,0.0,295
nan,nan,-0.3007434904575348,1.01077401638031,-0.3007434904575348,1.01077401638031,nan,nan,nan,nan,-1.6336294412612915,0.0,-1.6406095027923584,0.0,0.800000011920929,0.800000011920929,-1.6406095027923584,0.0,0.0,296
nan,nan,-0.288367360830307,1.1500120162963867,-0.288367360830307,1.1500120162963867,nan,nan,nan,nan,-1.6336294412612915,0.0,-1.6406095027923584,0.0,0.800000011920929,0.800000011920929,-1.6406095027923584,0.0,0.0,297
nan,nan,-0.29059872031211853,1.195163369178772,-0.29059872031211853,1.195163369178772,nan,nan,nan,nan,-1.6336294412612915,0.0,-1.6406095027923584,0.0,0.800000011920929,0.800000011920929,-1.6406095027923584,0.0,0.0,298
nan,nan,-0.29083043336868286,1.1942152976989746,-0.29083043336868286,1.1942152976989746,nan,nan,nan,nan,-1.6336294412612915,0.0,-1.6406095027923584,0.0,0.800000011920929,0.800000011920929,-1.6406095027923584,0.0,0.0,299
nan,nan,-0.29055535793304443,1.1877671480178833,-0.29055535793304443,1.1877671480178833,nan,nan,nan,nan,-1.6336294412612915,0.11999999731779099,-1.6406095027923584,0.11941176652908325,0.800000011920929,0.800000011920929,-1.6406095027923584,0.11941176652908325,0.0,300
nan,nan,-0.29450932145118713,1.2124441862106323,-0.29450932145118713,1.2124441862106323,nan,nan,nan,nan,-1.6336294412612915,0.11999999731779099,-1.6406095027923584,0.11941176652908325,0.800000011920929,0.800000011920929,-1.6406095027923584,0.11941176652908325,0.0,301
nan,nan,-0.29052630066871643,1.2429925203323364,-0.29052630066871643,1.2429925203323364,nan,nan,nan,nan,-1.6336294412612915,0.0,-1.6406095027923584,0.0,0.800000011920929,0.800000011920929,-1.6406095027923584,0.0,0.0,302
nan,nan,-0.2870640754699707,1.3157508373260498,-0.2870640754699707,1.3157508373260498,nan,nan,nan,nan,-1.6336294412612915,0.0,-1.6406095027923584,0.0,0.800000011920929,0.800000011920929,-1.6406095027923584,0.0,0.0,303
nan,nan,-0.28827768564224243,1.3338559865951538,-0.28827768564224243,1.3338559865951538,nan,nan,nan,nan,-1.6336294412612915,0.0,-1.6406095027923584,0.0,0.800000011920929,0.800000011920929,-1.6406095027923584,0.0,0.0,304
nan,nan,-0.2877807915210724,1.331493854522705,-0.2877807915210724,1.331493854522705,nan,nan,nan,nan,-1.6336294412612915,0.11999999731779099,-1.6406095027923584,0.11941176652908325,0.800000011920929,0.800000011920929,-1.6406095027923584,0.11941176652908325,0.0,305
nan,nan,-0.28939294815063477,1.3375083208084106,-0.28939294815063477,1.3375083208084106,nan,nan,nan,nan,-1.6336294412612915,0.0,-1.6406095027923584,0.0,0.800000011920929,0.800000011920929,-1.6406095027923584,0.0,0.0,306
nan,nan,-0.2901047170162201,1.3589472770690918,-0.2901047170162201,1.3589472770690918,nan,nan,nan,nan,-1.6336294412612915,0.0,-1.6406095027923584,0.0,0.800000011920929,0.800000011920929,-1.6406095027923584,0.0,0.0,307
nan,nan,-0.28885969519615173,1.3520572185516357,-0.28885969519615173,1.3520572185516357,nan,nan,nan,nan,-1.6336294412612915,0.11999999731779099,-1.6406095027923584,0.11941176652908325,0.800000011920929,0.800000011920929,-1.6406095027923584,0.11941176652908325,0.0,308
nan,nan,-0.29037776589393616,1.355220913887024,-0.29037776589393616,1.355220913887024,nan,nan,nan,nan,-1.6336294412612915,0.0,-1.6406095027923584,0.0,0.800000011920929,0.800000011920929,-1.6406095027923584,0.0,0.0,309
nan,nan,-0.28957879543304443,1.3898324966430664,-0.28957879543304443,1.3898324966430664,nan,nan,nan,nan,-1.6336294412612915,0.0,-1.6406095027923584,0.0,0.800000011920929,0.800000011920929,-1.6406095027923584,0.0,0.0,310
nan,nan,-0.2884760797023773,1.3899686336517334,-0.2884760797023773,1.3899686336517334,nan,nan,nan,nan,-1.6336294412612915,0.0,-1.6406095027923584,0.0,0.800000011920929,0.800000011920929,-1.6406095027923584,0.0,0.0,311
nan,nan,-0.2887607216835022,1.3914155960083008,-0.2887607216835022,1.3914155960083008,nan,nan,nan,nan,-1.6336294412612915,0.11999999731779099,-1.6406095027923584,0.11941176652908325,0.800000011920929,0.800000011920929,-1.6406095027923584,0.11941176652908325,0.0,312
nan,nan,-0.2876713275909424,1.4003701210021973,-0.2876713275909424,1.4003701210021973,nan,nan,nan,nan,-1.6336294412612915,0.0,-1.6406095027923584,0.0,0.800000011920929,0.800000011920929,-1.6406095027923584,0.0,0.0,313
nan,nan,-0.2881773114204407,1.4005510807037354,-0.2881773114204407,1.4005510807037354,nan,nan,nan,nan,-1.6336294412612915,0.11999999731779099,-1.6406095027923584,0.11941176652908325,0.800000011920929,0.800000011920929,-1.6406095027923584,0.11941176652908325,0.0,314
nan,nan,-0.2879334092140198,1.4005625247955322,-0.2879334092140198,1.4005625247955322,nan,nan,nan,nan,-1.6336294412612915,0.11999999731779099,-1.6406095027923584,0.11941176652908325,0.800000011920929,0.800000011920929,-1.6406095027923584,0.11941176652908325,0.0,315
nan,nan,-0.2868340313434601,1.418961524963379,-0.2868340313434601,1.418961524963379,nan,nan,nan,nan,-1.6336294412612915,0.0,-1.6406095027923584,0.0,0.800000011920929,0.800000011920929,-1.6406095027923584,0.0,0.0,316
nan,nan,-0.2853087782859802,1.5111031532287598,-0.2853087782859802,1.5111031532287598,nan,nan,nan,nan,-1.6336294412612915,0.0,-1.6406095027923584,0.0,0.800000011920929,0.800000011920929,-1.6406095027923584,0.0,0.0,317
nan,nan,-0.2829228639602661,1.6005364656448364,-0.2829228639602661,1.6005364656448364,nan,nan,nan,nan,-1.6336294412612915,0.0,-1.6406095027923584,0.0,0.800000011920929,0.800000011920929,-1.6406095027923584,0.0,0.0,318
nan,nan,-0.2821934223175049,1.6106879711151123,-0.2821934223175049,1.6106879711151123,nan,nan,nan,nan,-1.4336293935775757,0.0,-1.4486232995986938,0.0,0.800000011920929,0.800000011920929,-1.4486232995986938,0.0,0.0,319
nan,nan,-0.2835564613342285,1.5950725078582764,-0.2835564613342285,1.5950725078582764,nan,nan,nan,nan,-1.2336293458938599,0.0,-1.239183783531189,0.0,0.800000011920929,0.800000011920929,-1.239183783531189,0.0,0.0,320
nan,nan,-0.28487691283226013,1.5957577228546143,-0.28487691283226013,1.5957577228546143,nan,nan,nan,nan,-1.0336294174194336,0.0,-1.0471975803375244,0.0,0.800000011920929,0.800000011920929,-1.0471975803375244,0.0,0.0,321
nan,nan,-0.2853245437145233,1.5985218286514282,-0.2853245437145233,1.5985218286514282,nan,nan,nan,nan,-0.8336293697357178,0.0,-0.8377580642700195,0.0,0.800000011920929,0.800000011920929,-0.8377580642700195,0.0,0.0,322
nan,nan,-0.2828255593776703,1.598832130432129,-0.2828255593776703,1.598832130432129,nan,nan,nan,nan,-0.6336293816566467,0.0,-0.6457718014717102,0.0,0.800000011920929,0.800000011920929,-0.6457718014717102,0.0,0.0,323
nan,nan,-0.28343021869659424,1.6001355648040771,-0.28343021869659424,1.6001355648040771,nan,nan,nan,nan,-0.4336293935775757,0.0,-0.4363323152065277,0.0,0.800000011920929,0.800000011920929,-0.4363323152065277,0.0,0.0,324
nan,nan,-0.2847902178764343,1.5991673469543457,-0.2847902178764343,1.5991673469543457,nan,nan,nan,nan,-0.23362939059734344,0.0,-0.24434609711170197,0.0,0.800000011920929,0.800000011920929,-0.24434609711170197,0.0,0.0,325
nan,nan,-0.28693631291389465,1.6018222570419312,-0.28693631291389465,1.6018222570419312,nan,nan,nan,nan,-0.03362938389182091,0.0,-0.03490658476948738,0.0,0.800000011920929,0.800000011920929,-0.03490658476948738,0.0,0.0,326
nan,nan,-0.286073237657547,1.6006035804748535,-0.286073237657547,1.6006035804748535,nan,nan,nan,nan,0.16637061536312103,0.0,0.15707963705062866,0.0,0.800000011920929,0.800000011920929,0.15707963705062866,0.0,0.0,327
nan,nan,-0.28694096207618713,1.601195216178894,-0.28694096207618713,1.601195216178894,nan,nan,nan,nan,0.36637061834335327,0.0,0.3490658402442932,0.0,0.800000011920929,0.800000011920929,0.3490658402442932,0.0,0.0,328
nan,nan,-0.2870142459869385,1.6016560792922974,-0.2870142459869385,1.6016560792922974,nan,nan,nan,nan,0.5663706064224243,0.0,0.5585053563117981,0.0,0.800000011920929,0.800000011920929,0.5585053563117981,0.0,0.0,329
nan,nan,-0.28707462549209595,1.6024898290634155,-0.28707462549209595,1.6024898290634155,nan,nan,nan,nan,0.7663705945014954,0.0,0.7504915595054626,0.0,0.800000011920929,0.800000011920929,0.7504915595054626,0.0,0.0,330
nan,nan,-0.2878044545650482,1.6026960611343384,-0.2878044545650482,1.6026960611343384,nan,nan,nan,nan,0.9663706421852112,0.0,0.9599310755729675,0.0,0.800000011920929,0.800000011920929,0.9599310755729675,0.0,0.0,331
nan,nan,-0.28758931159973145,1.6036673784255981,-0.28758931159973145,1.6036673784255981,nan,nan,nan,nan,1.1663706302642822,0.0,1.1519173383712769,0.0,0.800000011920929,0.800000011920929,1.1519173383712769,0.0,0.0,332
nan,nan,-0.28750482201576233,1.6035057306289673,-0.28750482201576233,1.6035057306289673,nan,nan,nan,nan,1.3663705587387085,0.0,1.3613568544387817,0.0,0.800000011920929,0.800000011920929,1.3613568544387817,0.0,0.0,333
nan,nan,-0.2884567975997925,1.6049079895019531,-0.2884567975997925,1.6049079895019531,nan,nan,nan,nan,1.5663706064224243,0.0,1.5533430576324463,0.0,0.800000011920929,0.800000011920929,1.5533430576324463,0.0,0.0,334
nan,nan,-0.2872872054576874,1.6040271520614624,-0.2872872054576874,1.6040271520614624,nan,nan,nan,nan,1.7663706541061401,0.0,1.7627825736999512,0.0,0.800000011920929,0.800000011920929,1.7627825736999512,0.0,0.0,335
nan,nan,-0.2872872054576874,1.6040271520614624,-0.2872872054576874,1.6040271520614624,nan,nan,nan,nan,1.7663706541061401,0.0,1.7627825736999512,0.0,0.800000011920929,0.800000011920929,1.7627825736999512,0.0,0.0,336
nan,nan,-0.2872872054576874,1.6040271520614624,-0.2872872054576874,1.6040271520614624,nan,nan,nan,nan,1.7663706541061401,0.13500000536441803,1.7627825736999512,0.13470588624477386,0.800000011920929,0.800000011920929,1.7627825736999512,0.13470588624477386,0.0,337
nan,nan,-0.2879345118999481,1.6019634008407593,-0.2879345118999481,1.6019634008407593,nan,nan,nan,nan,1.7663706541061401,0.13500000536441803,1.7627825736999512,0.13470588624477386,0.800000011920929,0.800000011920929,1.7627825736999512,0.13470588624477386,0.0,338
nan,nan,-0.29427778720855713,1.5722581148147583,-0.29427778720855713,1.5722581148147583,nan,nan,nan,nan,1.7663706541061401,0.0,1.7627825736999512,0.0,0.800000011920929,0.800000011920929,1.7627825736999512,0.0,0.0,339
nan,nan,-0.32106074690818787,1.4918043613433838,-0.32106074690818787,1.4918043613433838,nan,nan,nan,nan,1.5663706064224243,0.0,1.5533430576324463,0.0,0.800000011920929,0.800000011920929,1.5533430576324463,0.0,0.0,340
nan,nan,-0.3352991044521332,1.4316990375518799,-0.3352991044521332,1.4316990375518799,nan,nan,nan,nan,1.3663705587387085,0.0,1.3613568544387817,0.0,0.800000011920929,0.800000011920929,1.3613568544387817,0.0,0.0,341
nan,nan,-0.33024778962135315,1.420369267463684,-0.33024778962135315,1.420369267463684,nan,nan,nan,nan,1.3663705587387085,0.0,1.3613568544387817,0.0,0.800000011920929,0.800000011920929,1.3613568544387817,0.0,0.0,342
nan,nan,-0.3331358730792999,1.4302458763122559,-0.3331358730792999,1.4302458763122559,nan,nan,nan,nan,1.3663705587387085,0.13500000536441803,1.3613568544387817,0.13470588624477386,0.800000011920929,0.800000011920929,1.3613568544387817,0.13470588624477386,0.0,343
nan,nan,-0.3356911242008209,1.4257960319519043,-0.3356911242008209,1.4257960319519043,nan,nan,nan,nan,1.3663705587387085,0.13500000536441803,1.3613568544387817,0.13470588624477386,0.800000011920929,0.800000011920929,1.3613568544387817,0.13470588624477386,0.0,344
nan,nan,-0.32470300793647766,1.346862554550171,-0.32470300793647766,1.346862554550171,nan,nan,nan,nan,1.3663705587387085,0.0,1.3613568544387817,0.0,0.800000011920929,0.800000011920929,1.3613568544387817,0.0,0.0,345
nan,nan,-0.3075074553489685,1.2175886631011963,-0.3075074553489685,1.2175886631011963,nan,nan,nan,nan,1.3663705587387085,0.0,1.3613568544387817,0.0,0.800000011920929,0.800000011920929,1.3613568544387817,0.0,0.0,346
nan,nan,-0.2967487871646881,1.1356489658355713,-0.2967487871646881,1.1356489658355713,nan,nan,nan,nan,1.3663705587387085,0.13500000536441803,1.3613568544387817,0.13470588624477386,0.800000011920929,0.800000011920929,1.3613568544387817,0.13470588624477386,0.0,347
nan,nan,-0.29541638493537903,1.1038237810134888,-0.29541638493537903,1.1038237810134888,nan,nan,nan,nan,1.3663705587387085,0.13500000536441803,1.3613568544387817,0.13470588624477386,0.800000011920929,0.800000011920929,1.3613568544387817,0.13470588624477386,0.0,348
nan,nan,-0.2815649211406708,1.0075623989105225,-0.2815649211406708,1.0075623989105225,nan,nan,nan,nan,1.3663705587387085,0.0,1.3613568544387817,0.0,0.800000011920929,0.800000011920929,1.3613568544387817,0.0,0.0,349
nan,nan,-0.2559957802295685,0.7871337532997131,-0.2559957802295685,0.7871337532997131,nan,nan,nan,nan,1.3663705587387085,0.0,1.3613568544387817,0.0,0.800000011920929,0.800000011920929,1.3613568544387817,0.0,1.0,350
nan,nan,-0.2419234663248062,0.6227462887763977,-0.2419234663248062,0.6227462887763977,nan,nan,nan,nan,1.3663705587387085,0.0,1.3613568544387817,0.0,0.800000011920929,0.800000011920929,1.3613568544387817,0.0,0.0,351
nan,nan,-0.23699907958507538,0.5684162974357605,-0.23699907958507538,0.5684162974357605,nan,nan,nan,nan,1.3663705587387085,0.13500000536441803,1.3613568544387817,0.13470588624477386,0.800000011920929,0.800000011920929,1.3613568544387817,0.13470588624477386,0.0,352
nan,nan,-0.2348935455083847,0.5758386850357056,-0.2348935455083847,0.5758386850357056,nan,nan,nan,nan,1.3663705587387085,0.0,1.3613568544387817,0.0,0.800000011920929,0.800000011920929,1.3613568544387817,0.0,0.0,353
nan,nan,-0.2376095950603485,0.5790711045265198,-0.2376095950603485,0.5790711045265198,nan,nan,nan,nan,1.3663705587387085,0.13500000536441803,1.3613568544387817,0.13470588624477386,0.800000011920929,0.800000011920929,1.3613568544387817,0.13470588624477386,0.0,354
nan,nan,-0.233689546585083,0.5465609431266785,-0.233689546585083,0.5465609431266785,nan,nan,nan,nan,1.3663705587387085,0.0,1.3613568544387817,0.0,0.800000011920929,0.800000011920929,1.3613568544387817,0.0,0.0,355
nan,nan,-0.2252461314201355,0.49891871213912964,-0.2252461314201355,0.49891871213912964,nan,nan,nan,nan,1.3663705587387085,0.0,1.3613568544387817,0.0,0.800000011920929,0.800000011920929,1.3613568544387817,0.0,0.0,356
nan,nan,-0.22525005042552948,0.49595245718955994,-0.22525005042552948,0.49595245718955994,nan,nan,nan,nan,1.3663705587387085,0.13500000536441803,1.3613568544387817,0.13470588624477386,0.800000011920929,0.800000011920929,1.3613568544387817,0.13470588624477386,0.0,357
nan,nan,-0.22587506473064423,0.5027745962142944,-0.22587506473064423,0.5027745962142944,nan,nan,nan,nan,1.3663705587387085,0.0,1.3613568544387817,0.0,0.800000011920929,0.800000011920929,1.3613568544387817,0.0,0.0,358
nan,nan,-0.2215479016304016,0.5001886487007141,-0.2215479016304016,0.5001886487007141,nan,nan,nan,nan,1.3663705587387085,0.0,1.3613568544387817,0.0,0.800000011920929,0.800000011920929,1.3613568544387817,0.0,0.0,359
nan,nan,-0.2215479016304016,0.5001886487007141,-0.2215479016304016,0.5001886487007141,nan,nan,nan,nan,1.3663705587387085,0.0,1.3613568544387817,0.0,0.800000011920929,0.800000011920929,1.3613568544387817,0.0,0.0,360
nan,nan,-0.2176118940114975,0.4994964599609375,-0.2176118940114975,0.4994964599609375,nan,nan,nan,nan,1.1663706302642822,0.0,1.1519173383712769,0.0,0.800000011920929,0.800000011920929,1.1519173383712769,0.0,0.0,361
nan,nan,-0.21839088201522827,0.4978550672531128,-0.21839088201522827,0.4978550672531128,nan,nan,nan,nan,0.9663706421852112,0.0,0.9599310755729675,0.0,0.800000011920929,0.800000011920929,0.9599310755729675,0.0,0.0,362
nan,nan,-0.21830856800079346,0.4997527599334717,-0.21830856800079346,0.4997527599334717,nan,nan,nan,nan,0.7663705945014954,0.0,0.7504915595054626,0.0,0.800000011920929,0.800000011920929,0.7504915595054626,0.0,0.0,363
nan,nan,-0.21885880827903748,0.49892643094062805,-0.21885880827903748,0.49892643094062805,nan,nan,nan,nan,0.5663706064224243,0.0,0.5585053563117981,0.0,0.800000011920929,0.800000011920929,0.5585053563117981,0.0,0.0,364
nan,nan,-0.22122879326343536,0.49970701336860657,-0.22122879326343536,0.49970701336860657,nan,nan,nan,nan,0.36637061834335327,0.0,0.3490658402442932,0.0,0.800000011920929,0.800000011920929,0.3490658402442932,0.0,0.0,365
nan,nan,-0.22129866480827332,0.4994886517524719,-0.22129866480827332,0.4994886517524719,nan,nan,nan,nan,0.16637061536312103,0.0,0.15707963705062866,0.0,0.800000011920929,0.800000011920929,0.15707963705062866,0.0,0.0,366
nan,nan,-0.2219027429819107,0.4981241226196289,-0.2219027429819107,0.4981241226196289,nan,nan,nan,nan,-0.03362938389182091,0.0,-0.03490658476948738,0.0,0.800000011920929,0.800000011920929,-0.03490658476948738,0.0,0.0,367
nan,nan,-0.2220810055732727,0.49759790301322937,-0.2220810055732727,0.49759790301322937,nan,nan,nan,nan,-0.23362939059734344,0.0,-0.24434609711170197,0.0,0.800000011920929,0.800000011920929,-0.24434609711170197,0.0,0.0,368
nan,nan,-0.22310972213745117,0.49810612201690674,-0.22310972213745117,0.49810612201690674,nan,nan,nan,nan,-0.4336293935775757,0.0,-0.4363323152065277,0.0,0.800000011920929,0.800000011920929,-0.4363323152065277,0.0,0.0,369
nan,nan,-0.2246900498867035,0.4969184398651123,-0.2246900498867035,0.4969184398651123,nan,nan,nan,nan,-0.6336293816566467,0.0,-0.6457718014717102,0.0,0.800000011920929,0.800000011920929,-0.6457718014717102,0.0,0.0,370
nan,nan,-0.22382482886314392,0.49751347303390503,-0.22382482886314392,0.49751347303390503,nan,nan,nan,nan,-0.8336293697357178,0.0,-0.8377580642700195,0.0,0.800000011920929,0.800000011920929,-0.8377580642700195,0.0,0.0,371
nan,nan,-0.2233930379152298,0.49720701575279236,-0.2233930379152298,0.49720701575279236,nan,nan,nan,nan,-1.0336294174194336,0.0,-1.0471975803375244,0.0,0.800000011920929,0.800000011920929,-1.0471975803375244,0.0,0.0,372
nan,nan,-0.2237028181552887,0.4962416887283325,-0.2237028181552887,0.4962416887283325,nan,nan,nan,nan,-1.2336293458938599,0.0,-1.239183783531189,0.0,0.800000011920929,0.800000011920929,-1.239183783531189,0.0,0.0,373
nan,nan,-0.22327592968940735,0.4961644113063812,-0.22327592968940735,0.4961644113063812,nan,nan,nan,nan,-1.4336293935775757,0.0,-1.4486232995986938,0.0,0.800000011920929,0.800000011920929,-1.4486232995986938,0.0,0.0,374
nan,nan,-0.22382517158985138,0.494792103767395,-0.22382517158985138,0.494792103767395,nan,nan,nan,nan,-1.6336294412612915,0.0,-1.6406095027923584,0.0,0.800000011920929,0.800000011920929,-1.6406095027923584,0.0,0.0,375
nan,nan,-0.22377188503742218,0.4942665100097656,-0.22377188503742218,0.4942665100097656,nan,nan,nan,nan,-1.8336293697357178,0.0,-1.8500490188598633,0.0,0.800000011920929,0.800000011920929,-1.8500490188598633,0.0,0.0,376
nan,nan,-0.22377188503742218,0.4942665100097656,-0.22377188503742218,0.4942665100097656,nan,nan,nan,nan,-1.8336293697357178,0.0,-1.8500490188598633,0.0,0.800000011920929,0.800000011920929,-1.8500490188598633,0.0,0.0,377
nan,nan,-0.22377188503742218,0.4942665100097656,-0.22377188503742218,0.4942665100097656,nan,nan,nan,nan,-1.8336293697357178,0.0,-1.8500490188598633,0.0,0.800000011920929,0.800000011920929,-1.8500490188598633,0.0,0.0,378
nan,nan,-0.22377188503742218,0.4942665100097656,-0.22377188503742218,0.4942665100097656,nan,nan,nan,nan,-1.8336293697357178,0.0,-1.8500490188598633,0.0,0.800000011920929,0.800000011920929,-1.8500490188598633,0.0,0.0,379
nan,nan,-0.22377188503742218,0.4942665100097656,-0.22377188503742218,0.4942665100097656,nan,nan,nan,nan,-1.8336293697357178,0.014999999664723873,-1.8500490188598633,0.014705882407724857,0.800000011920929,0.800000011920929,-1.8500490188598633,0.014705882407724857,0.0,380
nan,nan,-0.22594571113586426,0.49848687648773193,-0.22594571113586426,0.49848687648773193,nan,nan,nan,nan,-1.8336293697357178,0.014999999664723873,-1.8500490188598633,0.014705882407724857,0.800000011920929,0.800000011920929,-1.8500490188598633,0.014705882407724857,0.0,381
nan,nan,-0.2251897156238556,0.5162004232406616,-0.2251897156238556,0.5162004232406616,nan,nan,nan,nan,-1.8336293697357178,0.014999999664723873,-1.8500490188598633,0.014705882407724857,0.800000011920929,0.800000011920929,-1.8500490188598633,0.014705882407724857,0.0,382
nan,nan,-0.22849462926387787,0.5298012495040894,-0.22849462926387787,0.5298012495040894,nan,nan,nan,nan,-1.6336294412612915,0.014999999664723873,-1.6406095027923584,0.014705882407724857,0.800000011920929,0.800000011920929,-1.6406095027923584,0.014705882407724857,0.0,383
nan,nan,-0.2423744648694992,0.5719805955886841,-0.2423744648694992,0.5719805955886841,nan,nan,nan,nan,-1.6336294412612915,0.014999999664723873,-1.6406095027923584,0.014705882407724857,0.800000011920929,0.800000011920929,-1.6406095027923584,0.014705882407724857,0.0,384
nan,nan,-0.230491504073143,0.6219449043273926,-0.230491504073143,0.6219449043273926,nan,nan,nan,nan,-1.6336294412612915,0.014999999664723873,-1.6406095027923584,0.014705882407724857,0.800000011920929,0.800000011920929,-1.6406095027923584,0.014705882407724857,0.0,385
nan,nan,-0.225852832198143,0.6931472420692444,-0.225852832198143,0.6931472420692444,nan,nan,nan,nan,-1.6336294412612915,0.014999999664723873,-1.6406095027923584,0.014705882407724857,0.800000011920929,0.800000011920929,-1.6406095027923584,0.014705882407724857,0.0,386
nan,nan,-0.2309480756521225,0.7715330123901367,-0.2309480756521225,0.7715330123901367,nan,nan,nan,nan,-1.6336294412612915,0.014999999664723873,-1.6406095027923584,0.014705882407724857,0.800000011920929,0.800000011920929,-1.6406095027923584,0.014705882407724857,0.0,387
nan,nan,-0.2223152369260788,0.8516895771026611,-0.2223152369260788,0.8516895771026611,nan,nan,nan,nan,-1.6336294412612915,0.014999999664723873,-1.6406095027923584,0.014705882407724857,0.800000011920929,0.800000011920929,-1.6406095027923584,0.014705882407724857,0.0,388
nan,nan,-0.22199472784996033,0.9273395538330078,-0.22199472784996033,0.9273395538330078,nan,nan,nan,nan,-1.6336294412612915,0.029999999329447746,-1.6406095027923584,0.029411764815449715,0.800000011920929,0.800000011920929,-1.6406095027923584,0.029411764815449715,0.0,389
nan,nan,-0.22156386077404022,1.00873863697052,-0.22156386077404022,1.00873863697052,nan,nan,nan,nan,-1.6336294412612915,0.029999999329447746,-1.6406095027923584,0.029411764815449715,0.800000011920929,0.800000011920929,-1.6406095027923584,0.029411764815449715,0.0,390
nan,nan,-0.21463128924369812,1.1258214712142944,-0.21463128924369812,1.1258214712142944,nan,nan,nan,nan,-1.6336294412612915,0.029999999329447746,-1.6406095027923584,0.029411764815449715,0.800000011920929,0.800000011920929,-1.6406095027923584,0.029411764815449715,0.0,391
nan,nan,-0.21304748952388763,1.2453546524047852,-0.21304748952388763,1.2453546524047852,nan,nan,nan,nan,-1.6336294412612915,0.029999999329447746,-1.6406095027923584,0.029411764815449715,0.800000011920929,0.800000011920929,-1.6406095027923584,0.029411764815449715,0.0,392
nan,nan,-0.20886950194835663,1.3662676811218262,-0.20886950194835663,1.3662676811218262,nan,nan,nan,nan,-1.6336294412612915,0.0,-1.6406095027923584,0.0,0.800000011920929,0.800000011920929,-1.6406095027923584,0.0,0.0,393
nan,nan,-0.20667321979999542,1.499185562133789,-0.20667321979999542,1.499185562133789,nan,nan,nan,nan,-1.6336294412612915,-0.029999999329447746,1.5009831190109253,0.029411764815449715,0.800000011920929,0.800000011920929,1.5009831190109253,0.029411764815449715,0.0,394
nan,nan,-0.1669279783964157,1.524388313293457,-0.1669279783964157,1.524388313293457,nan,nan,nan,nan,-1.6336294412612915,0.0,-1.6406095027923584,0.0,0.800000011920929,0.800000011920929,-1.6406095027923584,0.0,0.0,395
nan,nan,-0.10077729821205139,1.521819829940796,-0.10077729821205139,1.521819829940796,nan,nan,nan,nan,-1.6336294412612915,0.0,-1.6406095027923584,0.0,0.800000011920929,0.800000011920929,-1.6406095027923584,0.0,0.0,396
nan,nan,-0.09436579793691635,1.5335395336151123,-0.09436579793691635,1.5335395336151123,nan,nan,nan,nan,-1.6336294412612915,0.0,-1.6406095027923584,0.0,0.800000011920929,0.800000011920929,-1.6406095027923584,0.0,0.0,397
nan,nan,-0.09669288992881775,1.5280765295028687,-0.09669288992881775,1.5280765295028687,nan,nan,nan,nan,-1.4336293935775757,0.029999999329447746,-1.4486232995986938,0.029411764815449715,0.800000011920929,0.800000011920929,-1.4486232995986938,0.029411764815449715,0.0,398
nan,nan,-0.053752999752759933,1.5252004861831665,-0.053752999752759933,1.5252004861831665,nan,nan,nan,nan,-1.2336293458938599,0.0,-1.239183783531189,0.0,0.800000011920929,0.800000011920929,-1.239183783531189,0.0,0.0,399
nan,nan,-0.056884441524744034,1.576560139656067,-0.056884441524744034,1.576560139656067,nan,nan,nan,nan,-1.0336294174194336,0.0,-1.0471975803375244,0.0,0.800000011920929,0.800000011920929,-1.0471975803375244,0.0,0.0,400
nan,nan,-0.061782460659742355,1.5815911293029785,-0.061782460659742355,1.5815911293029785,nan,nan,nan,nan,-1.2336293458938599,0.0,-1.239183783531189,0.0,0.800000011920929,0.800000011920929,-1.239183783531189,0.0,0.0,401
nan,nan,-0.04853459447622299,1.5655372142791748,-0.04853459447622299,1.5655372142791748,nan,nan,nan,nan,-1.4336293935775757,0.0,-1.4486232995986938,0.0,0.800000011920929,0.800000011920929,-1.4486232995986938,0.0,0.0,402
nan,nan,-0.05195210874080658,1.5676581859588623,-0.05195210874080658,1.5676581859588623,nan,nan,nan,nan,-1.6336294412612915,0.0,-1.6406095027923584,0.0,0.800000011920929,0.800000011920929,-1.6406095027923584,0.0,0.0,403
nan,nan,-0.05140118673443794,1.5685064792633057,-0.05140118673443794,1.5685064792633057,nan,nan,nan,nan,-1.8336293697357178,0.0,-1.8500490188598633,0.0,0.800000011920929,0.800000011920929,-1.8500490188598633,0.0,0.0,404
nan,nan,-0.04341941699385643,1.5662288665771484,-0.04341941699385643,1.5662288665771484,nan,nan,nan,nan,-2.0336294174194336,0.0,-2.0420353412628174,0.0,0.800000011920929,0.800000011920929,-2.0420353412628174,0.0,0.0,405
nan,nan,-0.04761276766657829,1.5672328472137451,-0.04761276766657829,1.5672328472137451,nan,nan,nan,nan,-2.2336294651031494,0.0,-2.2340214252471924,0.0,0.800000011920929,0.800000011920929,-2.2340214252471924,0.0,0.0,406
nan,nan,-0.037344325333833694,1.570191502571106,-0.037344325333833694,1.570191502571106,nan,nan,nan,nan,-2.433629274368286,0.0,-2.4434609413146973,0.0,0.800000011920929,0.800000011920929,-2.4434609413146973,0.0,0.0,407
nan,nan,-0.04095751792192459,1.5692617893218994,-0.04095751792192459,1.5692617893218994,nan,nan,nan,nan,-2.633629322052002,0.0,-2.6354472637176514,0.0,0.800000011920929,0.800000011920929,-2.6354472637176514,0.0,0.0,408
nan,nan,-0.03947802260518074,1.568935513496399,-0.03947802260518074,1.568935513496399,nan,nan,nan,nan,-2.8336293697357178,0.0,-2.8448867797851562,0.0,0.800000011920929,0.800000011920929,-2.8448867797851562,0.0,0.0,409
nan,nan,-0.03726371005177498,1.5675936937332153,-0.03726371005177498,1.5675936937332153,nan,nan,nan,nan,-3.0336294174194336,0.0,-3.0368728637695312,0.0,0.800000011920929,0.800000011920929,-3.0368728637695312,0.0,0.0,410
nan,nan,-0.036551423370838165,1.5669280290603638,-0.036551423370838165,1.5669280290603638,nan,nan,nan,nan,3.049556016921997,0.0,3.0368728637695312,0.0,0.800000011920929,0.800000011920929,3.0368728637695312,0.0,0.0,411
nan,nan,-0.036402538418769836,1.5686101913452148,-0.036402538418769836,1.5686101913452148,nan,nan,nan,nan,2.8495559692382812,0.0,2.8448867797851562,0.0,0.800000011920929,0.800000011920929,2.8448867797851562,0.0,0.0,412
nan,nan,-0.034234873950481415,1.5704599618911743,-0.034234873950481415,1.5704599618911743,nan,nan,nan,nan,2.6495559215545654,0.0,2.6354472637176514,0.0,0.800000011920929,0.800000011920929,2.6354472637176514,0.0,0.0,413
nan,nan,-0.03382599353790283,1.5688592195510864,-0.03382599353790283,1.5688592195510864,nan,nan,nan,nan,2.4495558738708496,0.0,2.4434609413146973,0.0,0.800000011920929,0.800000011920929,2.4434609413146973,0.0,0.0,414
nan,nan,-0.0317438542842865,1.5706809759140015,-0.0317438542842865,1.5706809759140015,nan,nan,nan,nan,2.249555826187134,0.0,2.2340214252471924,0.0,0.800000011920929,0.800000011920929,2.2340214252471924,0.0,0.0,415
nan,nan,-0.031539443880319595,1.5704641342163086,-0.031539443880319595,1.5704641342163086,nan,nan,nan,nan,2.049556016921997,0.0,2.0420353412628174,0.0,0.800000011920929,0.800000011920929,2.0420353412628174,0.0,0.0,416
nan,nan,-0.030658384785056114,1.5727988481521606,-0.030658384785056114,1.5727988481521606,nan,nan,nan,nan,1.8495559692382812,0.0,1.832595705986023,0.0,0.800000011920929,0.800000011920929,1.832595705986023,0.0,0.0,417
nan,nan,-0.030817992985248566,1.5734436511993408,-0.030817992985248566,1.5734436511993408,nan,nan,nan,nan,1.6495559215545654,0.0,1.6406095027923584,0.0,0.800000011920929,0.800000011920929,1.6406095027923584,0.0,0.0,418
nan,nan,-0.030397353693842888,1.5748354196548462,-0.030397353693842888,1.5748354196548462,nan,nan,nan,nan,1.4495558738708496,0.0,1.4486232995986938,0.0,0.800000011920929,0.800000011920929,1.4486232995986938,0.0,0.0,419
nan,nan,-0.03073962591588497,1.5750404596328735,-0.03073962591588497,1.5750404596328735,nan,nan,nan,nan,1.4495558738708496,0.0,1.4486232995986938,0.0,0.800000011920929,0.800000011920929,1.4486232995986938,0.0,0.0,420
nan,nan,-0.03073962591588497,1.5750404596328735,-0.03073962591588497,1.5750404596328735,nan,nan,nan,nan,1.4495558738708496,0.04500000178813934,1.4486232995986938,0.04470588266849518,0.800000011920929,0.800000011920929,1.4486232995986938,0.04470588266849518,0.0,421
nan,nan,-0.02916068769991398,1.5729113817214966,-0.02916068769991398,1.5729113817214966,nan,nan,nan,nan,1.4495558738708496,0.04500000178813934,1.4486232995986938,0.04470588266849518,0.800000011920929,0.800000011920929,1.4486232995986938,0.04470588266849518,0.0,422
nan,nan,-0.030976606532931328,1.5401989221572876,-0.030976606532931328,1.5401989221572876,nan,nan,nan,nan,1.4495558738708496,0.04500000178813934,1.4486232995986938,0.04470588266849518,0.800000011920929,0.800000011920929,1.4486232995986938,0.04470588266849518,0.0,423
nan,nan,-0.027730658650398254,1.4220211505889893,-0.027730658650398254,1.4220211505889893,nan,nan,nan,nan,1.4495558738708496,0.0,1.4486232995986938,0.0,0.800000011920929,0.800000011920929,1.4486232995986938,0.0,0.0,424
nan,nan,-0.014175010845065117,1.2960562705993652,-0.014175010845065117,1.2960562705993652,nan,nan,nan,nan,1.4495558738708496,0.0,1.4486232995986938,0.0,0.800000011920929,0.800000011920929,1.4486232995986938,0.0,0.0,425
nan,nan,-0.02890084683895111,1.2947810888290405,-0.02890084683895111,1.2947810888290405,nan,nan,nan,nan,1.4495558738708496,0.04500000178813934,1.4486232995986938,0.04470588266849518,0.800000011920929,0.800000011920929,1.4486232995986938,0.04470588266849518,0.0,426
nan,nan,-0.02353505976498127,1.3295481204986572,-0.02353505976498127,1.3295481204986572,nan,nan,nan,nan,1.6495559215545654,0.04500000178813934,1.6406095027923584,0.04470588266849518,0.800000011920929,0.800000011920929,1.6406095027923584,0.04470588266849518,0.0,427
nan,nan,0.005605076905339956,1.2718791961669922,0.005605076905339956,1.2718791961669922,nan,nan,nan,nan,1.6495559215545654,0.04500000178813934,1.6406095027923584,0.04470588266849518,0.800000011920929,0.800000011920929,1.6406095027923584,0.04470588266849518,0.0,428
nan,nan,0.0021729879081249237,1.2147862911224365,0.0021729879081249237,1.2147862911224365,nan,nan,nan,nan,1.6495559215545654,0.04500000178813934,1.6406095027923584,0.04470588266849518,0.800000011920929,0.800000011920929,1.6406095027923584,0.04470588266849518,0.0,429
nan,nan,-0.0455700047314167,1.1081010103225708,-0.0455700047314167,1.1081010103225708,nan,nan,nan,nan,1.4495558738708496,0.0,1.4486232995986938,0.0,0.800000011920929,0.800000011920929,1.4486232995986938,0.0,0.0,430
nan,nan,-0.07090265303850174,0.905419647693634,-0.07090265303850174,0.905419647693634,nan,nan,nan,nan,1.4495558738708496,0.0,1.4486232995986938,0.0,0.800000011920929,0.800000011920929,1.4486232995986938,0.0,0.0,431
nan,nan,-0.027541853487491608,0.8656781315803528,-0.027541853487491608,0.8656781315803528,nan,nan,nan,nan,1.6495559215545654,0.0,1.6406095027923584,0.0,0.800000011920929,0.800000011920929,1.6406095027923584,0.0,0.0,432
nan,nan,-0.03573921322822571,0.8548582196235657,-0.03573921322822571,0.8548582196235657,nan,nan,nan,nan,1.8495559692382812,0.04500000178813934,1.832595705986023,0.04470588266849518,0.800000011920929,0.800000011920929,1.832595705986023,0.04470588266849518,0.0,433
nan,nan,-0.045423153787851334,0.851601779460907,-0.045423153787851334,0.851601779460907,nan,nan,nan,nan,1.8495559692382812,0.04500000178813934,1.832595705986023,0.04470588266849518,0.800000011920929,0.800000011920929,1.832595705986023,0.04470588266849518,0.0,434
nan,nan,-0.025320768356323242,0.8432210683822632,-0.025320768356323242,0.8432210683822632,nan,nan,nan,nan,1.6495559215545654,0.04500000178813934,1.6406095027923584,0.04470588266849518,0.800000011920929,0.800000011920929,1.6406095027923584,0.04470588266849518,0.0,435
nan,nan,-0.07696905732154846,0.7734198570251465,-0.07696905732154846,0.7734198570251465,nan,nan,nan,nan,1.6495559215545654,0.0,1.6406095027923584,0.0,0.800000011920929,0.800000011920929,1.6406095027923584,0.0,0.0,436
nan,nan,-0.10293664038181305,0.6574971675872803,-0.10293664038181305,0.6574971675872803,nan,nan,nan,nan,1.6495559215545654,0.0,1.6406095027923584,0.0,0.800000011920929,0.800000011920929,1.6406095027923584,0.0,0.0,437
nan,nan,-0.0793343186378479,0.5966960787773132,-0.0793343186378479,0.5966960787773132,nan,nan,nan,nan,1.6495559215545654,0.0,1.6406095027923584,0.0,0.800000011920929,0.800000011920929,1.6406095027923584,0.0,0.0,438
nan,nan,-0.09959237277507782,0.6047713756561279,-0.09959237277507782,0.6047713756561279,nan,nan,nan,nan,1.6495559215545654,0.0,1.6406095027923584,0.0,0.800000011920929,0.800000011920929,1.6406095027923584,0.0,0.0,439
nan,nan,-0.09278418868780136,0.6154969334602356,-0.09278418868780136,0.6154969334602356,nan,nan,nan,nan,1.6495559215545654,0.0,1.6406095027923584,0.0,0.800000011920929,0.800000011920929,1.6406095027923584,0.0,0.0,440
nan,nan,-0.07979820668697357,0.6084772348403931,-0.07979820668697357,0.6084772348403931,nan,nan,nan,nan,1.6495559215545654,0.0,1.6406095027923584,0.0,0.800000011920929,0.800000011920929,1.6406095027923584,0.0,0.0,441
nan,nan,-0.08019708096981049,0.6086351871490479,-0.08019708096981049,0.6086351871490479,nan,nan,nan,nan,1.6495559215545654,0.0,1.6406095027923584,0.0,0.800000011920929,0.800000011920929,1.6406095027923584,0.0,0.0,442
nan,nan,-0.07540299743413925,0.6079689860343933,-0.07540299743413925,0.6079689860343933,nan,nan,nan,nan,1.6495559215545654,0.04500000178813934,1.6406095027923584,0.04470588266849518,0.800000011920929,0.800000011920929,1.6406095027923584,0.04470588266849518,0.0,443
nan,nan,-0.07342775911092758,0.5988026857376099,-0.07342775911092758,0.5988026857376099,nan,nan,nan,nan,1.6495559215545654,0.0,1.6406095027923584,0.0,0.800000011920929,0.800000011920929,1.6406095027923584,0.0,0.0,444
nan,nan,-0.10171965509653091,0.5471075773239136,-0.10171965509653091,0.5471075773239136,nan,nan,nan,nan,1.6495559215545654,0.04500000178813934,1.6406095027923584,0.04470588266849518,0.800000011920929,0.800000011920929,1.6406095027923584,0.04470588266849518,0.0,445
nan,nan,-0.08860921859741211,0.5413522720336914,-0.08860921859741211,0.5413522720336914,nan,nan,nan,nan,1.6495559215545654,0.04500000178813934,1.6406095027923584,0.04470588266849518,0.800000011920929,0.800000011920929,1.6406095027923584,0.04470588266849518,0.0,446
nan,nan,-0.09411817789077759,0.5164884328842163,-0.09411817789077759,0.5164884328842163,nan,nan,nan,nan,1.6495559215545654,0.0,1.6406095027923584,0.0,0.800000011920929,0.800000011920929,1.6406095027923584,0.0,0.0,447
nan,nan,-0.1336100548505783,0.4196498692035675,-0.1336100548505783,0.4196498692035675,nan,nan,nan,nan,1.6495559215545654,0.0,1.6406095027923584,0.0,0.800000011920929,0.800000011920929,1.6406095027923584,0.0,0.0,448
nan,nan,-0.1298789232969284,0.35052579641342163,-0.1298789232969284,0.35052579641342163,nan,nan,nan,nan,1.6495559215545654,0.0,1.6406095027923584,0.0,0.800000011920929,0.800000011920929,1.6406095027923584,0.0,0.0,449
nan,nan,-0.1323114037513733,0.32761111855506897,-0.1323114037513733,0.32761111855506897,nan,nan,nan,nan,1.4495558738708496,0.0,1.4486232995986938,0.0,0.800000011920929,0.800000011920929,1.4486232995986938,0.0,0.0,450
nan,nan,-0.13293656706809998,0.33194053173065186,-0.13293656706809998,0.33194053173065186,nan,nan,nan,nan,1.2495559453964233,0.0,1.239183783531189,0.0,0.800000011920929,0.800000011920929,1.239183783531189,0.0,0.0,451
nan,nan,-0.13527557253837585,0.3281230926513672,-0.13527557253837585,0.3281230926513672,nan,nan,nan,nan,1.0495558977127075,0.0,1.0471975803375244,0.0,0.800000011920929,0.800000011920929,1.0471975803375244,0.0,0.0,452
nan,nan,-0.13558165729045868,0.32792797684669495,-0.13558165729045868,0.32792797684669495,nan,nan,nan,nan,0.8495559096336365,0.0,0.8377580642700195,0.0,0.800000011920929,0.800000011920929,0.8377580642700195,0.0,0.0,453
nan,nan,-0.13258086144924164,0.32946962118148804,-0.13258086144924164,0.32946962118148804,nan,nan,nan,nan,0.6495559215545654,0.0,0.6457718014717102,0.0,0.800000011920929,0.800000011920929,0.6457718014717102,0.0,0.0,454
nan,nan,-0.1365208923816681,0.32499435544013977,-0.1365208923816681,0.32499435544013977,nan,nan,nan,nan,0.4495559334754944,0.0,0.4363323152065277,0.0,0.800000011920929,0.800000011920929,0.4363323152065277,0.0,0.0,455
nan,nan,-0.13604988157749176,0.3254075348377228,-0.13604988157749176,0.3254075348377228,nan,nan,nan,nan,0.24955591559410095,0.0,0.24434609711170197,0.0,0.800000011920929,0.800000011920929,0.24434609711170197,0.0,0.0,456
nan,nan,-0.1352197229862213,0.3255554735660553,-0.1352197229862213,0.3255554735660553,nan,nan,nan,nan,0.04955592006444931,0.0,0.03490658476948738,0.0,0.800000011920929,0.800000011920929,0.03490658476948738,0.0,0.0,457
nan,nan,-0.13670367002487183,0.3244624435901642,-0.13670367002487183,0.3244624435901642,nan,nan,nan,nan,-0.15044407546520233,0.0,-0.15707963705062866,0.0,0.800000011920929,0.800000011920929,-0.15707963705062866,0.0,0.0,458
nan,nan,-0.1381775140762329,0.3239746689796448,-0.1381775140762329,0.3239746689796448,nan,nan,nan,nan,-0.35044407844543457,0.0,-0.36651915311813354,0.0,0.800000011920929,0.800000011920929,-0.36651915311813354,0.0,0.0,459
nan,nan,-0.13989096879959106,0.32432690262794495,-0.13989096879959106,0.32432690262794495,nan,nan,nan,nan,-0.5504440665245056,0.0,-0.5585053563117981,0.0,0.800000011920929,0.800000011920929,-0.5585053563117981,0.0,0.0,460
nan,nan,-0.1395231932401657,0.3207741677761078,-0.1395231932401657,0.3207741677761078,nan,nan,nan,nan,-0.7504440546035767,0.0,-0.7504915595054626,0.0,0.800000011920929,0.800000011920929,-0.7504915595054626,0.0,0.0,461
nan,nan,-0.1400211751461029,0.32159462571144104,-0.1400211751461029,0.32159462571144104,nan,nan,nan,nan,-0.9504441022872925,0.0,-0.9599310755729675,0.0,0.800000011920929,0.800000011920929,-0.9599310755729675,0.0,0.0,462
nan,nan,-0.13888752460479736,0.3206605613231659,-0.13888752460479736,0.3206605613231659,nan,nan,nan,nan,-1.1504440307617188,0.0,-1.1519173383712769,0.0,0.800000011920929,0.800000011920929,-1.1519173383712769,0.0,0.0,463
nan,nan,-0.13948778808116913,0.3215784430503845,-0.13948778808116913,0.3215784430503845,nan,nan,nan,nan,-1.3504440784454346,0.0,-1.3613568544387817,0.0,0.800000011920929,0.800000011920929,-1.3613568544387817,0.0,0.0,464
nan,nan,-0.13834577798843384,0.32154884934425354,-0.13834577798843384,0.32154884934425354,nan,nan,nan,nan,-1.5504441261291504,0.0,-1.5533430576324463,0.0,0.800000011920929,0.800000011920929,-1.5533430576324463,0.0,0.0,465
nan,nan,-0.13899222016334534,0.3215852677822113,-0.13899222016334534,0.3215852677822113,nan,nan,nan,nan,-1.7504440546035767,0.0,-1.7627825736999512,0.0,0.800000011920929,0.800000011920929,-1.7627825736999512,0.0,0.0,466
nan,nan,-0.13959182798862457,0.32167038321495056,-0.13959182798862457,0.32167038321495056,nan,nan,nan,nan,-1.9504441022872925,0.0,-1.9547687768936157,0.0,0.800000011920929,0.800000011920929,-1.9547687768936157,0.0,0.0,467
nan,nan,-0.13854703307151794,0.3208296597003937,-0.13854703307151794,0.3208296597003937,nan,nan,nan,nan,-2.1504440307617188,0.0,-2.164208173751831,0.0,0.800000011920929,0.800000011920929,-2.164208173751831,0.0,0.0,468
nan,nan,-0.1387321650981903,0.3205174505710602,-0.1387321650981903,0.3205174505710602,nan,nan,nan,nan,-2.1504440307617188,0.04500000178813934,-2.164208173751831,0.04470588266849518,0.800000011920929,0.800000011920929,-2.164208173751831,0.04470588266849518,0.0,469
nan,nan,-0.13784274458885193,0.32534343004226685,-0.13784274458885193,0.32534343004226685,nan,nan,nan,nan,-1.9504441022872925,0.04500000178813934,-1.9547687768936157,0.04470588266849518,0.800000011920929,0.800000011920929,-1.9547687768936157,0.04470588266849518,0.0,470
nan,nan,-0.16188518702983856,0.3740482032299042,-0.16188518702983856,0.3740482032299042,nan,nan,nan,nan,-1.7504440546035767,0.0,-1.7627825736999512,0.0,0.800000011920929,0.800000011920929,-1.7627825736999512,0.0,0.0,471
nan,nan,-0.20003150403499603,0.46631157398223877,-0.20003150403499603,0.46631157398223877,nan,nan,nan,nan,-1.5504441261291504,0.0,-1.5533430576324463,0.0,0.800000011920929,0.800000011920929,-1.5533430576324463,0.0,0.0,472
nan,nan,-0.17030327022075653,0.5256398916244507,-0.17030327022075653,0.5256398916244507,nan,nan,nan,nan,-1.5504441261291504,0.0,-1.5533430576324463,0.0,0.800000011920929,0.800000011920929,-1.5533430576324463,0.0,0.0,473
nan,nan,-0.16167882084846497,0.5467565655708313,-0.16167882084846497,0.5467565655708313,nan,nan,nan,nan,-1.5504441261291504,0.04500000178813934,-1.5533430576324463,0.04470588266849518,0.800000011920929,0.800000011920929,-1.5533430576324463,0.04470588266849518,0.0,474
nan,nan,-0.168718159198761,0.5430139899253845,-0.168718159198761,0.5430139899253845,nan,nan,nan,nan,-1.5504441261291504,0.04500000178813934,-1.5533430576324463,0.04470588266849518,0.800000011920929,0.800000011920929,-1.5533430576324463,0.04470588266849518,0.0,475
nan,nan,-0.14330913126468658,0.5672079920768738,-0.14330913126468658,0.5672079920768738,nan,nan,nan,nan,-1.5504441261291504,0.04500000178813934,-1.5533430576324463,0.04470588266849518,0.800000011920929,0.800000011920929,-1.5533430576324463,0.04470588266849518,0.0,476
nan,nan,-0.14573884010314941,0.6687332987785339,-0.14573884010314941,0.6687332987785339,nan,nan,nan,nan,-1.5504441261291504,0.04500000178813934,-1.5533430576324463,0.04470588266849518,0.800000011920929,0.800000011920929,-1.5533430576324463,0.04470588266849518,0.0,477
nan,nan,-0.14746637642383575,0.823057234287262,-0.14746637642383575,0.823057234287262,nan,nan,nan,nan,-1.5504441261291504,0.0,-1.5533430576324463,0.0,0.800000011920929,0.800000011920929,-1.5533430576324463,0.0,0.0,478
nan,nan,-0.1199454814195633,0.9811741709709167,-0.1199454814195633,0.9811741709709167,nan,nan,nan,nan,-1.5504441261291504,0.04500000178813934,-1.5533430576324463,0.04470588266849518,0.800000011920929,0.800000011920929,-1.5533430576324463,0.04470588266849518,0.0,479
nan,nan,-0.22498899698257446,1.2683671712875366,-0.22498899698257446,1.2683671712875366,nan,nan,nan,nan,-1.5504441261291504,0.04500000178813934,-1.5533430576324463,0.04470588266849518,0.800000011920929,0.800000011920929,-1.5533430576324463,0.04470588266849518,0.0,480
nan,nan,-0.22677485644817352,1.2801830768585205,-0.22677485644817352,1.2801830768585205,nan,nan,nan,nan,-1.5504441261291504,0.04500000178813934,-1.5533430576324463,0.04470588266849518,0.800000011920929,0.800000011920929,-1.5533430576324463,0.04470588266849518,0.0,481
nan,nan,-0.21479958295822144,1.4013251066207886,-0.21479958295822144,1.4013251066207886,nan,nan,nan,nan,-1.5504441261291504,0.04500000178813934,-1.5533430576324463,0.04470588266849518,0.800000011920929,0.800000011920929,-1.5533430576324463,0.04470588266849518,0.0,482
nan,nan,-0.19041042029857635,1.5485316514968872,-0.19041042029857635,1.5485316514968872,nan,nan,nan,nan,-1.5504441261291504,0.0,-1.5533430576324463,0.0,0.800000011920929,0.800000011920929,-1.5533430576324463,0.0,0.0,483
nan,nan,-0.1691724807024002,1.7130603790283203,-0.1691724807024002,1.7130603790283203,nan,nan,nan,nan,-1.5504441261291504,0.0,-1.5533430576324463,0.0,0.800000011920929,0.800000011920929,-1.5533430576324463,0.0,0.0,484
nan,nan,-0.18215523660182953,1.78276526927948,-0.18215523660182953,1.78276526927948,nan,nan,nan,nan,-1.5504441261291504,0.0,-1.5533430576324463,0.0,0.800000011920929,0.800000011920929,-1.5533430576324463,0.0,0.0,485
nan,nan,-0.1857871562242508,1.7445062398910522,-0.1857871562242508,1.7445062398910522,nan,nan,nan,nan,-1.5504441261291504,0.0,-1.5533430576324463,0.0,0.800000011920929,0.800000011920929,-1.5533430576324463,0.0,0.0,486
nan,nan,-0.18234539031982422,1.7565745115280151,-0.18234539031982422,1.7565745115280151,nan,nan,nan,nan,-1.5504441261291504,0.0,-1.5533430576324463,0.0,0.800000011920929,0.800000011920929,-1.5533430576324463,0.0,0.0,487
nan,nan,-0.18774646520614624,1.7551668882369995,-0.18774646520614624,1.7551668882369995,nan,nan,nan,nan,-1.5504441261291504,0.0,-1.5533430576324463,0.0,0.800000011920929,0.800000011920929,-1.5533430576324463,0.0,0.0,488
nan,nan,-0.17754007875919342,1.7502566576004028,-0.17754007875919342,1.7502566576004028,nan,nan,nan,nan,-1.5504441261291504,0.0,-1.5533430576324463,0.0,0.800000011920929,0.800000011920929,-1.5533430576324463,0.0,0.0,489
nan,nan,-0.1770964115858078,1.7537156343460083,-0.1770964115858078,1.7537156343460083,nan,nan,nan,nan,-1.5504441261291504,0.0,-1.5533430576324463,0.0,0.800000011920929,0.800000011920929,-1.5533430576324463,0.0,0.0,490
nan,nan,-0.17704825103282928,1.7536795139312744,-0.17704825103282928,1.7536795139312744,nan,nan,nan,nan,-1.5504441261291504,0.0,-1.5533430576324463,0.0,0.800000011920929,0.800000011920929,-1.5533430576324463,0.0,0.0,491
nan,nan,-0.17483483254909515,1.7535576820373535,-0.17483483254909515,1.7535576820373535,nan,nan,nan,nan,-1.5504441261291504,0.0,-1.5533430576324463,0.0,0.800000011920929,0.800000011920929,-1.5533430576324463,0.0,0.0,492
nan,nan,-0.17483483254909515,1.7535576820373535,-0.17483483254909515,1.7535576820373535,nan,nan,nan,nan,-1.5504441261291504,0.0,-1.5533430576324463,0.0,0.800000011920929,0.800000011920929,-1.5533430576324463,0.0,0.0,493
nan,nan,-0.17483483254909515,1.7535576820373535,-0.17483483254909515,1.7535576820373535,nan,nan,nan,nan,-1.5504441261291504,0.0,-1.5533430576324463,0.0,0.800000011920929,0.800000011920929,-1.5533430576324463,0.0,0.0,494
nan,nan,-0.1761016994714737,1.756529688835144,-0.1761016994714737,1.756529688835144,nan,nan,nan,nan,-1.5504441261291504,0.0,-1.5533430576324463,0.0,0.800000011920929,0.800000011920929,-1.5533430576324463,0.0,0.0,495
